diseaseName,country,state,lga,year,epiWeek,suspectedCases,confirmedCases,deaths,rainfall,temperature,humidity
Lassa Fever,Nigeria,Oyo,Oyo LGA1,2019,40,88,7,1,76.2,25.2,76.5
Lassa Fever,Nigeria,Rivers,Rivers LGA2,2019,40,88,7,1,68.9,28.8,75.6
Lassa Fever,Nigeria,Lagos,Lagos LGA2,2019,40,88,7,1,176.9,32.7,59.5
CSM,Nigeria,Ogun,Ogun LGA1,2019,40,15,0,0,144.5,31.7,75.2
CSM,Nigeria,Ogun,Ogun LGA2,2019,40,15,0,0,127.5,26.5,45.3
CSM,Nigeria,Kano,Kano LGA1,2019,40,15,0,0,87.9,37.6,55.8
Yellow Fever,Nigeria,Lagos,Lagos LGA2,2019,40,126,0,1,165.8,35.3,80.7
Yellow Fever,Nigeria,Enugu,Enugu LGA2,2019,40,126,0,1,41.1,31.1,33.1
Yellow Fever,Nigeria,Ogun,Ogun LGA2,2019,40,126,0,1,63.2,27.4,60.7
Cholera,Nigeria,Kano,Kano LGA2,2019,40,24,0,0,170.3,29.7,84.0
Cholera,Nigeria,FCT,FCT LGA1,2019,40,24,0,0,209.7,29.5,85.7
Cholera,Nigeria,Ogun,Ogun LGA1,2019,40,24,0,0,121.6,27.9,80.8
Measles,Nigeria,Lagos,Lagos LGA1,2019,40,270,0,0,125.0,28.5,63.1
Measles,Nigeria,FCT,FCT LGA2,2019,40,270,0,0,131.9,32.8,76.5
Measles,Nigeria,Kano,Kano LGA1,2019,40,270,0,0,43.4,32.8,56.5
Mpox,Nigeria,Oyo,Oyo LGA1,2019,40,2,1,0,116.3,27.1,56.0
Mpox,Nigeria,Lagos,Lagos LGA1,2019,40,2,1,0,114.7,29.4,27.4
Mpox,Nigeria,FCT,FCT LGA1,2019,40,2,1,0,124.8,26.8,67.9
AFP,Nigeria,FCT,FCT LGA2,2019,40,110,0,0,164.4,29.4,61.6
AFP,Nigeria,Kano,Kano LGA1,2019,40,110,0,0,25.5,32.3,47.1
AFP,Nigeria,Oyo,Oyo LGA1,2019,40,110,0,0,91.5,33.4,71.8
Lassa Fever,Nigeria,Rivers,Rivers LGA1,2019,41,87,5,0,51.7,37.9,27.2
Lassa Fever,Nigeria,FCT,FCT LGA1,2019,41,87,5,0,12.8,32.7,73.4
Lassa Fever,Nigeria,Oyo,Oyo LGA2,2019,41,87,5,0,163.9,28.4,43.4
CSM,Nigeria,Kano,Kano LGA1,2019,41,26,0,0,131.7,27.1,73.2
CSM,Nigeria,Lagos,Lagos LGA1,2019,41,26,0,0,149.0,33.7,56.4
CSM,Nigeria,FCT,FCT LGA2,2019,41,26,0,0,179.3,35.3,74.6
Yellow Fever,Nigeria,Lagos,Lagos LGA2,2019,41,98,10,2,134.4,30.2,60.7
Yellow Fever,Nigeria,Ogun,Ogun LGA2,2019,41,98,10,2,150.5,35.8,50.0
Yellow Fever,Nigeria,Rivers,Rivers LGA2,2019,41,98,10,2,113.8,36.9,36.5
Cholera,Nigeria,Kaduna,Kaduna LGA1,2019,41,15,7,0,236.7,27.8,86.0
Cholera,Nigeria,Lagos,Lagos LGA1,2019,41,15,7,0,127.6,28.2,94.2
Cholera,Nigeria,Kaduna,Kaduna LGA2,2019,41,15,7,0,246.0,29.2,89.7
Measles,Nigeria,Ogun,Ogun LGA2,2019,41,272,0,0,139.9,31.3,20.7
Measles,Nigeria,Oyo,Oyo LGA2,2019,41,272,0,0,120.6,28.2,46.6
Measles,Nigeria,Kano,Kano LGA1,2019,41,272,0,0,16.6,28.3,53.1
Mpox,Nigeria,Oyo,Oyo LGA1,2019,41,13,3,0,115.3,31.7,50.8
Mpox,Nigeria,Rivers,Rivers LGA1,2019,41,13,3,0,78.2,26.7,80.0
Mpox,Nigeria,Kano,Kano LGA1,2019,41,13,3,0,165.4,29.5,25.6
AFP,Nigeria,Ogun,Ogun LGA1,2019,41,110,0,0,23.8,37.6,53.4
AFP,Nigeria,Ogun,Ogun LGA2,2019,41,110,0,0,55.8,32.6,87.5
AFP,Nigeria,Enugu,Enugu LGA2,2019,41,110,0,0,99.2,27.7,63.1
Lassa Fever,Nigeria,Rivers,Rivers LGA2,2019,42,113,13,2,57.6,32.9,72.2
Lassa Fever,Nigeria,Ogun,Ogun LGA2,2019,42,113,13,2,163.2,26.7,60.8
Lassa Fever,Nigeria,Oyo,Oyo LGA1,2019,42,113,13,2,37.4,34.2,31.8
CSM,Nigeria,Kano,Kano LGA2,2019,42,43,0,0,15.1,33.5,72.3
CSM,Nigeria,Enugu,Enugu LGA2,2019,42,43,0,0,49.7,29.1,63.3
CSM,Nigeria,FCT,FCT LGA1,2019,42,43,0,0,151.6,29.8,71.0
Yellow Fever,Nigeria,Enugu,Enugu LGA1,2019,42,118,5,0,51.7,29.0,35.4
Yellow Fever,Nigeria,Kaduna,Kaduna LGA1,2019,42,118,5,0,158.1,28.8,74.2
Yellow Fever,Nigeria,Lagos,Lagos LGA1,2019,42,118,5,0,141.4,27.3,56.0
Cholera,Nigeria,Kaduna,Kaduna LGA1,2019,42,23,10,0,161.0,27.8,75.9
Cholera,Nigeria,Rivers,Rivers LGA1,2019,42,23,10,0,169.0,28.5,86.1
Cholera,Nigeria,Oyo,Oyo LGA2,2019,42,23,10,0,159.9,29.5,82.3
Measles,Nigeria,Kaduna,Kaduna LGA2,2019,42,378,0,0,29.5,35.4,33.1
Measles,Nigeria,Oyo,Oyo LGA2,2019,42,378,0,0,129.4,24.4,67.9
Measles,Nigeria,Lagos,Lagos LGA2,2019,42,378,0,0,87.4,37.6,56.3
Mpox,Nigeria,Lagos,Lagos LGA1,2019,42,3,1,0,16.8,32.1,63.2
Mpox,Nigeria,Oyo,Oyo LGA1,2019,42,3,1,0,79.1,35.7,23.1
Mpox,Nigeria,Lagos,Lagos LGA1,2019,42,3,1,0,160.6,36.7,80.7
AFP,Nigeria,FCT,FCT LGA2,2019,42,113,0,0,169.8,31.2,31.0
AFP,Nigeria,FCT,FCT LGA1,2019,42,113,0,0,32.9,28.1,68.4
AFP,Nigeria,Oyo,Oyo LGA2,2019,42,113,0,0,116.8,31.8,78.9
Lassa Fever,Nigeria,Oyo,Oyo LGA1,2019,43,92,4,1,63.6,28.8,86.0
Lassa Fever,Nigeria,Kaduna,Kaduna LGA2,2019,43,92,4,1,48.4,26.2,47.9
Lassa Fever,Nigeria,Lagos,Lagos LGA1,2019,43,92,4,1,140.8,26.1,56.4
CSM,Nigeria,Kano,Kano LGA1,2019,43,19,0,0,37.0,24.6,62.3
CSM,Nigeria,Kaduna,Kaduna LGA2,2019,43,19,0,0,6.1,34.0,25.7
CSM,Nigeria,Lagos,Lagos LGA2,2019,43,19,0,0,63.8,26.6,73.8
Yellow Fever,Nigeria,Kano,Kano LGA2,2019,43,106,0,0,34.1,24.9,79.3
Yellow Fever,Nigeria,Kano,Kano LGA2,2019,43,106,0,0,9.2,28.0,78.0
Yellow Fever,Nigeria,Enugu,Enugu LGA1,2019,43,106,0,0,93.8,26.8,55.3
Cholera,Nigeria,Oyo,Oyo LGA1,2019,43,25,7,0,139.4,29.2,94.4
Cholera,Nigeria,FCT,FCT LGA2,2019,43,25,7,0,197.1,27.3,75.1
Cholera,Nigeria,Enugu,Enugu LGA2,2019,43,25,7,0,237.0,29.1,81.2
Measles,Nigeria,Kaduna,Kaduna LGA1,2019,43,384,0,0,7.4,26.5,80.0
Measles,Nigeria,Kano,Kano LGA2,2019,43,384,0,0,153.5,27.9,75.7
Measles,Nigeria,Kano,Kano LGA1,2019,43,384,0,0,35.4,28.6,53.5
Mpox,Nigeria,FCT,FCT LGA2,2019,43,3,1,0,148.7,31.6,80.5
Mpox,Nigeria,Oyo,Oyo LGA2,2019,43,3,1,0,174.5,32.0,37.6
Mpox,Nigeria,Kano,Kano LGA2,2019,43,3,1,0,37.7,30.8,65.8
AFP,Nigeria,Enugu,Enugu LGA1,2019,43,127,0,0,116.9,25.6,65.5
AFP,Nigeria,Oyo,Oyo LGA1,2019,43,127,0,0,69.6,36.5,70.1
AFP,Nigeria,Ogun,Ogun LGA1,2019,43,127,0,0,151.6,34.3,88.9
Lassa Fever,Nigeria,Enugu,Enugu LGA2,2019,44,101,11,1,9.7,30.1,40.8
Lassa Fever,Nigeria,Enugu,Enugu LGA2,2019,44,101,11,1,43.3,24.5,32.3
Lassa Fever,Nigeria,Oyo,Oyo LGA1,2019,44,101,11,1,130.3,32.5,54.1
CSM,Nigeria,Ogun,Ogun LGA2,2019,44,17,0,1,73.8,26.7,75.6
CSM,Nigeria,Oyo,Oyo LGA2,2019,44,17,0,1,39.1,32.5,67.3
CSM,Nigeria,Oyo,Oyo LGA1,2019,44,17,0,1,41.9,35.4,83.6
Yellow Fever,Nigeria,Kano,Kano LGA1,2019,44,110,0,1,130.2,24.2,53.7
Yellow Fever,Nigeria,Enugu,Enugu LGA1,2019,44,110,0,1,58.8,25.7,37.5
Yellow Fever,Nigeria,Kano,Kano LGA2,2019,44,110,0,1,113.3,28.5,27.4
Cholera,Nigeria,Enugu,Enugu LGA2,2019,44,5,3,0,190.2,28.0,90.4
Cholera,Nigeria,Rivers,Rivers LGA2,2019,44,5,3,0,208.9,30.3,92.5
Cholera,Nigeria,Oyo,Oyo LGA2,2019,44,5,3,0,212.4,27.2,77.7
Measles,Nigeria,FCT,FCT LGA2,2019,44,403,0,2,93.8,32.6,88.2
Measles,Nigeria,Lagos,Lagos LGA2,2019,44,403,0,2,33.9,37.4,63.5
Measles,Nigeria,Oyo,Oyo LGA1,2019,44,403,0,2,174.7,34.4,50.6
Mpox,Nigeria,Kano,Kano LGA1,2019,44,1,0,0,82.7,28.3,44.4
Mpox,Nigeria,Oyo,Oyo LGA2,2019,44,1,0,0,148.1,25.5,89.6
Mpox,Nigeria,Oyo,Oyo LGA1,2019,44,1,0,0,113.8,28.7,32.3
AFP,Nigeria,Kaduna,Kaduna LGA2,2019,44,104,0,0,178.1,24.3,39.1
AFP,Nigeria,Oyo,Oyo LGA2,2019,44,104,0,0,156.2,30.2,29.3
AFP,Nigeria,Oyo,Oyo LGA2,2019,44,104,0,0,45.2,33.5,49.7
Lassa Fever,Nigeria,Rivers,Rivers LGA1,2019,45,107,10,2,9.8,35.0,80.8
Lassa Fever,Nigeria,Enugu,Enugu LGA1,2019,45,107,10,2,161.1,36.9,68.0
Lassa Fever,Nigeria,Kaduna,Kaduna LGA1,2019,45,107,10,2,67.4,33.3,55.7
CSM,Nigeria,Enugu,Enugu LGA2,2019,45,15,0,0,86.6,26.3,37.3
CSM,Nigeria,Oyo,Oyo LGA1,2019,45,15,0,0,174.5,34.1,57.7
CSM,Nigeria,Kano,Kano LGA2,2019,45,15,0,0,37.2,27.6,31.6
Yellow Fever,Nigeria,Rivers,Rivers LGA1,2019,45,97,0,3,50.9,33.4,28.8
Yellow Fever,Nigeria,Kano,Kano LGA1,2019,45,97,0,3,46.1,35.9,83.7
Yellow Fever,Nigeria,Rivers,Rivers LGA1,2019,45,97,0,3,61.0,34.8,20.2
Cholera,Nigeria,Oyo,Oyo LGA2,2019,45,33,11,0,230.0,28.3,86.1
Cholera,Nigeria,FCT,FCT LGA2,2019,45,33,11,0,147.4,28.6,79.0
Cholera,Nigeria,Lagos,Lagos LGA2,2019,45,33,11,0,174.8,30.3,89.0
Measles,Nigeria,Enugu,Enugu LGA2,2019,45,452,0,10,26.5,38.0,30.7
Measles,Nigeria,Kano,Kano LGA2,2019,45,452,0,10,79.0,34.0,21.1
Measles,Nigeria,Oyo,Oyo LGA1,2019,45,452,0,10,81.8,26.2,57.0
Mpox,Nigeria,FCT,FCT LGA1,2019,45,0,0,0,134.8,29.9,25.8
Mpox,Nigeria,Oyo,Oyo LGA1,2019,45,0,0,0,68.4,32.6,45.0
Mpox,Nigeria,Kaduna,Kaduna LGA1,2019,45,0,0,0,17.4,26.0,46.1
AFP,Nigeria,Kano,Kano LGA2,2019,45,141,0,0,111.9,24.5,80.6
AFP,Nigeria,Kaduna,Kaduna LGA1,2019,45,141,0,0,108.1,29.4,38.1
AFP,Nigeria,Enugu,Enugu LGA1,2019,45,141,0,0,46.5,29.9,59.3
Lassa Fever,Nigeria,Enugu,Enugu LGA1,2019,46,101,13,0,72.2,25.6,42.3
Lassa Fever,Nigeria,Enugu,Enugu LGA2,2019,46,101,13,0,139.5,31.3,39.3
Lassa Fever,Nigeria,FCT,FCT LGA2,2019,46,101,13,0,117.2,26.5,89.0
CSM,Nigeria,Ogun,Ogun LGA1,2019,46,18,0,0,153.6,24.1,77.8
CSM,Nigeria,FCT,FCT LGA1,2019,46,18,0,0,86.1,27.7,63.5
CSM,Nigeria,Kano,Kano LGA1,2019,46,18,0,0,49.1,30.7,40.7
Yellow Fever,Nigeria,Rivers,Rivers LGA1,2019,46,71,0,1,133.4,34.3,32.8
Yellow Fever,Nigeria,Rivers,Rivers LGA2,2019,46,71,0,1,58.4,27.0,52.6
Yellow Fever,Nigeria,Rivers,Rivers LGA2,2019,46,71,0,1,6.1,35.1,70.7
Cholera,Nigeria,Oyo,Oyo LGA2,2019,46,34,8,0,136.2,29.1,81.8
Cholera,Nigeria,Oyo,Oyo LGA1,2019,46,34,8,0,123.3,30.3,78.9
Cholera,Nigeria,Kaduna,Kaduna LGA1,2019,46,34,8,0,174.1,30.5,88.1
Measles,Nigeria,Kaduna,Kaduna LGA2,2019,46,427,0,0,135.9,31.5,46.0
Measles,Nigeria,Lagos,Lagos LGA2,2019,46,427,0,0,31.5,29.8,33.8
Measles,Nigeria,Enugu,Enugu LGA1,2019,46,427,0,0,88.7,33.6,43.3
Mpox,Nigeria,Oyo,Oyo LGA1,2019,46,0,0,0,117.0,31.0,48.4
Mpox,Nigeria,Kaduna,Kaduna LGA2,2019,46,0,0,0,68.6,34.9,26.4
Mpox,Nigeria,Kano,Kano LGA1,2019,46,0,0,0,60.6,24.5,46.7
AFP,Nigeria,Enugu,Enugu LGA1,2019,46,119,0,0,33.4,37.3,31.0
AFP,Nigeria,Oyo,Oyo LGA2,2019,46,119,0,0,127.6,27.2,62.0
AFP,Nigeria,Ogun,Ogun LGA1,2019,46,119,0,0,173.2,31.5,82.0
Lassa Fever,Nigeria,Rivers,Rivers LGA1,2019,47,89,8,0,67.0,29.0,72.4
Lassa Fever,Nigeria,Oyo,Oyo LGA1,2019,47,89,8,0,144.9,29.6,40.8
Lassa Fever,Nigeria,Lagos,Lagos LGA2,2019,47,89,8,0,138.5,34.3,30.1
CSM,Nigeria,Lagos,Lagos LGA2,2019,47,18,0,0,40.4,30.0,69.9
CSM,Nigeria,Oyo,Oyo LGA1,2019,47,18,0,0,8.8,26.3,86.5
CSM,Nigeria,Ogun,Ogun LGA1,2019,47,18,0,0,10.6,25.2,88.2
Yellow Fever,Nigeria,Oyo,Oyo LGA2,2019,47,83,0,0,29.3,33.2,57.4
Yellow Fever,Nigeria,Oyo,Oyo LGA1,2019,47,83,0,0,52.1,28.5,84.0
Yellow Fever,Nigeria,Kaduna,Kaduna LGA2,2019,47,83,0,0,124.5,25.1,68.5
Cholera,Nigeria,Lagos,Lagos LGA2,2019,47,4,2,0,233.9,27.1,92.1
Cholera,Nigeria,Lagos,Lagos LGA2,2019,47,4,2,0,226.1,30.0,83.3
Cholera,Nigeria,FCT,FCT LGA1,2019,47,4,2,0,196.0,28.3,94.9
Measles,Nigeria,Ogun,Ogun LGA1,2019,47,446,0,1,16.5,34.3,80.9
Measles,Nigeria,Kaduna,Kaduna LGA1,2019,47,446,0,1,119.1,36.6,84.4
Measles,Nigeria,Rivers,Rivers LGA1,2019,47,446,0,1,175.4,33.6,42.5
Mpox,Nigeria,Lagos,Lagos LGA1,2019,47,1,0,0,52.7,35.3,21.9
Mpox,Nigeria,FCT,FCT LGA1,2019,47,1,0,0,11.0,29.1,87.1
Mpox,Nigeria,Enugu,Enugu LGA1,2019,47,1,0,0,126.0,29.3,38.5
AFP,Nigeria,Lagos,Lagos LGA2,2019,47,100,0,0,124.5,33.8,51.8
AFP,Nigeria,Kaduna,Kaduna LGA2,2019,47,100,0,0,105.6,29.5,61.0
AFP,Nigeria,Kano,Kano LGA1,2019,47,100,0,0,48.8,28.1,74.0
Lassa Fever,Nigeria,FCT,FCT LGA1,2019,48,90,8,2,21.9,30.6,28.0
Lassa Fever,Nigeria,Ogun,Ogun LGA2,2019,48,90,8,2,159.4,35.2,54.9
Lassa Fever,Nigeria,Enugu,Enugu LGA2,2019,48,90,8,2,11.4,29.7,21.9
CSM,Nigeria,Kaduna,Kaduna LGA2,2019,48,15,0,0,7.3,33.8,83.2
CSM,Nigeria,Oyo,Oyo LGA1,2019,48,15,0,0,125.2,33.4,55.4
CSM,Nigeria,Lagos,Lagos LGA2,2019,48,15,0,0,27.6,25.5,43.0
Yellow Fever,Nigeria,Ogun,Ogun LGA2,2019,48,61,0,3,103.6,30.9,39.7
Yellow Fever,Nigeria,Kaduna,Kaduna LGA2,2019,48,61,0,3,23.2,32.3,56.1
Yellow Fever,Nigeria,Rivers,Rivers LGA1,2019,48,61,0,3,5.6,28.9,50.2
Cholera,Nigeria,FCT,FCT LGA1,2019,48,14,5,1,167.9,28.3,89.6
Cholera,Nigeria,Enugu,Enugu LGA2,2019,48,14,5,1,223.2,29.9,79.0
Cholera,Nigeria,Kano,Kano LGA1,2019,48,14,5,1,171.6,29.8,86.1
Measles,Nigeria,FCT,FCT LGA2,2019,48,346,0,1,137.3,31.1,21.4
Measles,Nigeria,Rivers,Rivers LGA1,2019,48,346,0,1,92.9,25.4,80.5
Measles,Nigeria,Enugu,Enugu LGA1,2019,48,346,0,1,122.9,37.4,36.3
Mpox,Nigeria,Oyo,Oyo LGA1,2019,48,3,1,0,101.3,32.9,85.6
Mpox,Nigeria,Ogun,Ogun LGA1,2019,48,3,1,0,73.4,35.2,54.3
Mpox,Nigeria,Enugu,Enugu LGA2,2019,48,3,1,0,58.5,29.1,73.0
AFP,Nigeria,Kaduna,Kaduna LGA1,2019,48,116,0,0,104.7,32.7,50.3
AFP,Nigeria,Kano,Kano LGA1,2019,48,116,0,0,32.4,27.4,88.8
AFP,Nigeria,Kano,Kano LGA1,2019,48,116,0,0,138.3,34.6,45.6
Lassa Fever,Nigeria,Kano,Kano LGA2,2019,49,51,13,4,84.4,25.3,44.5
Lassa Fever,Nigeria,Kaduna,Kaduna LGA2,2019,49,51,13,4,14.1,27.8,55.4
Lassa Fever,Nigeria,FCT,FCT LGA1,2019,49,51,13,4,151.3,37.8,72.6
CSM,Nigeria,FCT,FCT LGA1,2019,49,9,0,0,18.5,30.3,47.3
CSM,Nigeria,Enugu,Enugu LGA1,2019,49,9,0,0,75.1,26.5,84.3
CSM,Nigeria,Rivers,Rivers LGA1,2019,49,9,0,0,72.6,27.7,31.1
Yellow Fever,Nigeria,Ogun,Ogun LGA2,2019,49,44,0,0,157.9,37.7,30.5
Yellow Fever,Nigeria,Ogun,Ogun LGA2,2019,49,44,0,0,126.8,31.2,79.0
Yellow Fever,Nigeria,Kaduna,Kaduna LGA2,2019,49,44,0,0,126.0,35.6,51.2
Cholera,Nigeria,Kaduna,Kaduna LGA1,2019,49,60,2,11,213.0,31.0,79.9
Cholera,Nigeria,Ogun,Ogun LGA2,2019,49,60,2,11,234.9,27.5,85.6
Cholera,Nigeria,Rivers,Rivers LGA2,2019,49,60,2,11,127.4,29.3,93.3
Measles,Nigeria,Lagos,Lagos LGA2,2019,49,0,0,0,77.0,32.2,69.8
Measles,Nigeria,Kano,Kano LGA1,2019,49,0,0,0,148.2,35.0,85.6
Measles,Nigeria,Lagos,Lagos LGA2,2019,49,0,0,0,80.7,31.9,64.9
Mpox,Nigeria,Ogun,Ogun LGA1,2019,49,2,0,0,45.7,25.0,25.5
Mpox,Nigeria,Kaduna,Kaduna LGA2,2019,49,2,0,0,136.9,33.5,46.7
Mpox,Nigeria,Enugu,Enugu LGA2,2019,49,2,0,0,18.0,29.9,37.9
AFP,Nigeria,Kano,Kano LGA1,2019,49,0,0,0,70.5,29.5,62.0
AFP,Nigeria,Rivers,Rivers LGA2,2019,49,0,0,0,100.4,33.6,64.5
AFP,Nigeria,Ogun,Ogun LGA2,2019,49,0,0,0,95.3,35.8,36.1
Lassa Fever,Nigeria,Ogun,Ogun LGA1,2019,50,79,4,1,178.9,27.6,64.6
Lassa Fever,Nigeria,FCT,FCT LGA1,2019,50,79,4,1,118.1,27.2,21.5
Lassa Fever,Nigeria,Kaduna,Kaduna LGA1,2019,50,79,4,1,123.8,27.8,71.8
CSM,Nigeria,FCT,FCT LGA2,2019,50,10,0,0,123.5,27.7,72.5
CSM,Nigeria,Lagos,Lagos LGA1,2019,50,10,0,0,120.4,37.2,55.8
CSM,Nigeria,Kano,Kano LGA2,2019,50,10,0,0,145.1,30.6,66.7
Yellow Fever,Nigeria,Enugu,Enugu LGA2,2019,50,46,1,0,118.3,37.6,24.4
Yellow Fever,Nigeria,Ogun,Ogun LGA2,2019,50,46,1,0,40.4,31.4,87.7
Yellow Fever,Nigeria,Rivers,Rivers LGA2,2019,50,46,1,0,145.9,31.9,78.8
Cholera,Nigeria,Ogun,Ogun LGA2,2019,50,5,0,0,163.6,29.2,81.9
Cholera,Nigeria,Ogun,Ogun LGA1,2019,50,5,0,0,134.6,27.2,77.1
Cholera,Nigeria,Rivers,Rivers LGA1,2019,50,5,0,0,248.3,27.2,85.6
Measles,Nigeria,Lagos,Lagos LGA1,2019,50,265,0,0,23.0,32.2,73.2
Measles,Nigeria,Lagos,Lagos LGA2,2019,50,265,0,0,165.3,24.4,65.4
Measles,Nigeria,Ogun,Ogun LGA1,2019,50,265,0,0,137.1,35.0,50.7
Mpox,Nigeria,Kaduna,Kaduna LGA2,2019,50,0,0,0,159.1,32.2,86.9
Mpox,Nigeria,Rivers,Rivers LGA1,2019,50,0,0,0,127.2,32.1,26.0
Mpox,Nigeria,Rivers,Rivers LGA2,2019,50,0,0,0,166.9,29.0,81.4
AFP,Nigeria,Ogun,Ogun LGA2,2019,50,79,0,0,103.2,35.2,35.4
AFP,Nigeria,Ogun,Ogun LGA1,2019,50,79,0,0,63.1,26.5,39.8
AFP,Nigeria,Ogun,Ogun LGA2,2019,50,79,0,0,15.2,35.8,28.6
Lassa Fever,Nigeria,Oyo,Oyo LGA1,2019,51,75,7,3,37.1,36.2,56.3
Lassa Fever,Nigeria,Oyo,Oyo LGA1,2019,51,75,7,3,62.8,25.7,33.3
Lassa Fever,Nigeria,Oyo,Oyo LGA2,2019,51,75,7,3,66.8,32.2,85.3
CSM,Nigeria,Ogun,Ogun LGA2,2019,51,8,0,0,158.2,26.0,30.9
CSM,Nigeria,Oyo,Oyo LGA2,2019,51,8,0,0,179.8,27.1,51.1
CSM,Nigeria,Kano,Kano LGA2,2019,51,8,0,0,117.5,37.9,34.2
Yellow Fever,Nigeria,Kano,Kano LGA2,2019,51,42,0,0,97.1,25.9,68.8
Yellow Fever,Nigeria,Oyo,Oyo LGA1,2019,51,42,0,0,157.6,32.2,50.3
Yellow Fever,Nigeria,Kaduna,Kaduna LGA1,2019,51,42,0,0,11.2,31.3,77.4
Cholera,Nigeria,Enugu,Enugu LGA2,2019,51,0,0,0,123.8,30.7,89.8
Cholera,Nigeria,Enugu,Enugu LGA2,2019,51,0,0,0,203.6,29.2,86.0
Cholera,Nigeria,Lagos,Lagos LGA2,2019,51,0,0,0,141.5,29.1,79.1
Measles,Nigeria,Kano,Kano LGA1,2019,51,222,0,0,22.6,32.7,75.8
Measles,Nigeria,Ogun,Ogun LGA2,2019,51,222,0,0,155.7,31.7,29.8
Measles,Nigeria,Rivers,Rivers LGA1,2019,51,222,0,0,171.6,27.7,33.5
Mpox,Nigeria,Enugu,Enugu LGA2,2019,51,0,0,0,161.1,36.8,88.5
Mpox,Nigeria,Ogun,Ogun LGA1,2019,51,0,0,0,40.3,37.3,39.2
Mpox,Nigeria,FCT,FCT LGA1,2019,51,0,0,0,117.8,32.7,86.3
AFP,Nigeria,Kano,Kano LGA2,2019,51,97,0,0,48.7,26.4,42.9
AFP,Nigeria,Enugu,Enugu LGA2,2019,51,97,0,0,39.8,34.7,84.9
AFP,Nigeria,FCT,FCT LGA1,2019,51,97,0,0,34.9,25.4,89.8
Lassa Fever,Nigeria,Kaduna,Kaduna LGA1,2019,52,93,16,4,13.2,36.0,42.6
Lassa Fever,Nigeria,Enugu,Enugu LGA2,2019,52,93,16,4,129.8,24.5,41.3
Lassa Fever,Nigeria,Kaduna,Kaduna LGA1,2019,52,93,16,4,169.0,37.1,53.8
CSM,Nigeria,FCT,FCT LGA2,2019,52,7,0,0,5.6,31.4,72.7
CSM,Nigeria,Kaduna,Kaduna LGA2,2019,52,7,0,0,20.1,29.1,48.6
CSM,Nigeria,Lagos,Lagos LGA2,2019,52,7,0,0,138.7,31.1,29.9
Yellow Fever,Nigeria,FCT,FCT LGA2,2019,52,33,0,0,169.7,33.9,55.8
Yellow Fever,Nigeria,Oyo,Oyo LGA2,2019,52,33,0,0,151.7,34.8,73.1
Yellow Fever,Nigeria,FCT,FCT LGA2,2019,52,33,0,0,81.9,37.5,25.7
Cholera,Nigeria,Ogun,Ogun LGA1,2019,52,9,0,0,157.8,30.3,93.7
Cholera,Nigeria,Kaduna,Kaduna LGA2,2019,52,9,0,0,221.3,27.5,77.8
Cholera,Nigeria,Kano,Kano LGA1,2019,52,9,0,0,150.3,28.2,85.4
Measles,Nigeria,Enugu,Enugu LGA1,2019,52,209,0,3,34.3,28.5,84.0
Measles,Nigeria,Kano,Kano LGA1,2019,52,209,0,3,96.2,32.6,32.2
Measles,Nigeria,Rivers,Rivers LGA2,2019,52,209,0,3,72.5,36.6,40.4
Mpox,Nigeria,Ogun,Ogun LGA1,2019,52,0,0,0,48.7,33.9,58.1
Mpox,Nigeria,Rivers,Rivers LGA1,2019,52,0,0,0,101.1,37.1,31.8
Mpox,Nigeria,FCT,FCT LGA2,2019,52,0,0,0,167.9,29.1,82.9
AFP,Nigeria,Lagos,Lagos LGA2,2019,52,55,0,0,69.4,33.3,88.0
AFP,Nigeria,Rivers,Rivers LGA1,2019,52,55,0,0,63.2,29.4,84.1
AFP,Nigeria,FCT,FCT LGA2,2019,52,55,0,0,7.8,25.2,82.8
Lassa Fever,Nigeria,Rivers,Rivers LGA2,2019,14,63,11,1,118.5,26.1,33.2
Lassa Fever,Nigeria,Ogun,Ogun LGA1,2019,14,63,11,1,117.3,28.2,27.6
Lassa Fever,Nigeria,Rivers,Rivers LGA2,2019,14,63,11,1,5.5,28.8,38.5
CSM,Nigeria,FCT,FCT LGA2,2019,14,66,0,1,77.0,36.9,40.0
CSM,Nigeria,FCT,FCT LGA1,2019,14,66,0,1,126.3,25.3,62.5
CSM,Nigeria,Oyo,Oyo LGA2,2019,14,66,0,1,35.0,34.2,82.6
Yellow Fever,Nigeria,Rivers,Rivers LGA2,2019,14,53,0,0,46.2,28.4,79.3
Yellow Fever,Nigeria,Oyo,Oyo LGA2,2019,14,53,0,0,151.4,32.9,51.7
Yellow Fever,Nigeria,Enugu,Enugu LGA2,2019,14,53,0,0,52.4,25.2,38.5
Cholera,Nigeria,FCT,FCT LGA2,2019,14,12,0,0,135.0,28.9,89.2
Cholera,Nigeria,FCT,FCT LGA1,2019,14,12,0,0,145.1,30.5,79.9
Cholera,Nigeria,Kaduna,Kaduna LGA1,2019,14,12,0,0,141.9,30.1,79.4
Measles,Nigeria,Ogun,Ogun LGA1,2019,14,2051,0,8,59.2,32.7,51.7
Measles,Nigeria,Oyo,Oyo LGA1,2019,14,2051,0,8,50.1,25.0,62.3
Measles,Nigeria,Kano,Kano LGA2,2019,14,2051,0,8,139.0,35.4,67.0
AFP,Nigeria,Kaduna,Kaduna LGA1,2019,14,137,0,0,84.5,32.6,53.0
AFP,Nigeria,Enugu,Enugu LGA1,2019,14,137,0,0,86.4,32.0,47.3
AFP,Nigeria,Ogun,Ogun LGA2,2019,14,137,0,0,145.5,27.6,46.7
Lassa Fever,Nigeria,Lagos,Lagos LGA2,2019,15,48,3,0,128.6,36.7,30.7
Lassa Fever,Nigeria,Kano,Kano LGA1,2019,15,48,3,0,157.5,28.7,32.7
Lassa Fever,Nigeria,Enugu,Enugu LGA1,2019,15,48,3,0,124.3,26.7,86.0
CSM,Nigeria,Kaduna,Kaduna LGA1,2019,15,44,0,1,177.9,24.7,41.9
CSM,Nigeria,Enugu,Enugu LGA1,2019,15,44,0,1,35.5,29.0,28.7
CSM,Nigeria,Rivers,Rivers LGA1,2019,15,44,0,1,80.7,36.6,34.1
Yellow Fever,Nigeria,Ogun,Ogun LGA1,2019,15,54,0,1,165.6,29.7,54.2
Yellow Fever,Nigeria,Rivers,Rivers LGA2,2019,15,54,0,1,173.8,27.3,23.2
Yellow Fever,Nigeria,Rivers,Rivers LGA2,2019,15,54,0,1,152.3,26.6,28.2
Cholera,Nigeria,Lagos,Lagos LGA2,2019,15,91,0,4,216.8,30.8,91.7
Cholera,Nigeria,Oyo,Oyo LGA2,2019,15,91,0,4,155.8,29.8,93.8
Cholera,Nigeria,FCT,FCT LGA2,2019,15,91,0,4,223.7,28.2,76.1
Measles,Nigeria,Enugu,Enugu LGA2,2019,15,1925,8,5,110.9,24.9,54.4
Measles,Nigeria,Oyo,Oyo LGA1,2019,15,1925,8,5,26.4,27.4,82.7
Measles,Nigeria,Kaduna,Kaduna LGA1,2019,15,1925,8,5,69.9,30.8,84.2
AFP,Nigeria,Oyo,Oyo LGA1,2019,15,138,0,0,71.8,29.4,75.0
AFP,Nigeria,Enugu,Enugu LGA1,2019,15,138,0,0,18.4,36.2,38.5
AFP,Nigeria,Rivers,Rivers LGA1,2019,15,138,0,0,152.2,28.5,22.7
Lassa Fever,Nigeria,Lagos,Lagos LGA2,2019,16,71,6,0,98.3,35.6,83.9
Lassa Fever,Nigeria,Lagos,Lagos LGA1,2019,16,71,6,0,77.0,29.7,33.0
Lassa Fever,Nigeria,Rivers,Rivers LGA1,2019,16,71,6,0,90.7,30.8,25.9
CSM,Nigeria,FCT,FCT LGA1,2019,16,59,0,2,169.5,26.2,36.9
CSM,Nigeria,Kano,Kano LGA1,2019,16,59,0,2,133.9,28.9,59.9
CSM,Nigeria,Rivers,Rivers LGA2,2019,16,59,0,2,79.8,30.2,79.0
Yellow Fever,Nigeria,FCT,FCT LGA1,2019,16,45,1,0,101.4,34.1,53.7
Yellow Fever,Nigeria,Lagos,Lagos LGA1,2019,16,45,1,0,121.1,32.7,74.9
Yellow Fever,Nigeria,Lagos,Lagos LGA2,2019,16,45,1,0,53.9,32.1,54.5
Cholera,Nigeria,Kano,Kano LGA1,2019,16,96,0,0,231.3,29.7,88.9
Cholera,Nigeria,Oyo,Oyo LGA2,2019,16,96,0,0,136.3,27.3,83.3
Cholera,Nigeria,Lagos,Lagos LGA2,2019,16,96,0,0,157.6,28.8,80.1
Measles,Nigeria,Kaduna,Kaduna LGA1,2019,16,1977,0,9,124.0,27.7,62.0
Measles,Nigeria,Kano,Kano LGA1,2019,16,1977,0,9,33.2,24.7,42.9
Measles,Nigeria,Ogun,Ogun LGA2,2019,16,1977,0,9,131.5,36.7,55.3
AFP,Nigeria,FCT,FCT LGA1,2019,16,182,0,0,159.2,34.0,63.6
AFP,Nigeria,FCT,FCT LGA2,2019,16,182,0,0,110.6,28.9,25.3
AFP,Nigeria,Kano,Kano LGA1,2019,16,182,0,0,157.6,28.9,35.2
Lassa Fever,Nigeria,Kano,Kano LGA2,2019,17,36,8,1,123.1,34.6,25.2
Lassa Fever,Nigeria,Kaduna,Kaduna LGA2,2019,17,36,8,1,140.0,34.2,64.8
Lassa Fever,Nigeria,Kaduna,Kaduna LGA1,2019,17,36,8,1,71.3,34.6,89.9
CSM,Nigeria,Kaduna,Kaduna LGA1,2019,17,34,1,0,126.2,33.6,24.3
CSM,Nigeria,Enugu,Enugu LGA2,2019,17,34,1,0,142.8,26.6,36.5
CSM,Nigeria,Kaduna,Kaduna LGA2,2019,17,34,1,0,154.0,28.3,50.8
Yellow Fever,Nigeria,Ogun,Ogun LGA1,2019,17,62,2,1,132.7,27.5,79.2
Yellow Fever,Nigeria,Kaduna,Kaduna LGA2,2019,17,62,2,1,57.6,28.5,31.1
Yellow Fever,Nigeria,Rivers,Rivers LGA1,2019,17,62,2,1,101.1,24.6,72.3
Cholera,Nigeria,Kano,Kano LGA2,2019,17,85,0,0,223.8,29.0,84.1
Cholera,Nigeria,Lagos,Lagos LGA2,2019,17,85,0,0,218.1,28.2,81.5
Cholera,Nigeria,Rivers,Rivers LGA1,2019,17,85,0,0,179.3,27.6,93.8
Measles,Nigeria,FCT,FCT LGA2,2019,17,1901,2,16,40.0,36.9,38.9
Measles,Nigeria,Rivers,Rivers LGA2,2019,17,1901,2,16,19.1,31.0,71.0
Measles,Nigeria,Enugu,Enugu LGA2,2019,17,1901,2,16,121.9,33.3,84.5
Mpox,Nigeria,Rivers,Rivers LGA1,2019,17,1,1,0,166.2,37.8,46.1
Mpox,Nigeria,Kaduna,Kaduna LGA1,2019,17,1,1,0,155.6,28.9,41.5
Mpox,Nigeria,Kaduna,Kaduna LGA2,2019,17,1,1,0,71.7,34.4,78.4
AFP,Nigeria,Kano,Kano LGA1,2019,17,146,0,0,14.9,35.8,34.7
AFP,Nigeria,Kaduna,Kaduna LGA1,2019,17,146,0,0,48.5,37.3,53.3
AFP,Nigeria,Rivers,Rivers LGA2,2019,17,146,0,0,120.3,37.2,81.6
Lassa Fever,Nigeria,Ogun,Ogun LGA1,2019,18,52,11,4,83.6,32.9,79.4
Lassa Fever,Nigeria,Enugu,Enugu LGA1,2019,18,52,11,4,68.0,34.2,67.3
Lassa Fever,Nigeria,FCT,FCT LGA2,2019,18,52,11,4,55.5,27.6,62.3
CSM,Nigeria,Kaduna,Kaduna LGA1,2019,18,47,0,0,167.0,29.3,68.9
CSM,Nigeria,Rivers,Rivers LGA1,2019,18,47,0,0,145.4,31.8,77.9
CSM,Nigeria,Oyo,Oyo LGA1,2019,18,47,0,0,10.6,35.9,61.1
Yellow Fever,Nigeria,Oyo,Oyo LGA2,2019,18,59,0,0,127.8,33.4,63.1
Yellow Fever,Nigeria,Kano,Kano LGA1,2019,18,59,0,0,123.1,33.0,77.5
Yellow Fever,Nigeria,FCT,FCT LGA1,2019,18,59,0,0,111.6,26.5,22.8
Cholera,Nigeria,Kano,Kano LGA2,2019,18,47,0,0,229.0,27.9,84.5
Cholera,Nigeria,Oyo,Oyo LGA2,2019,18,47,0,0,237.7,29.5,81.8
Cholera,Nigeria,Enugu,Enugu LGA2,2019,18,47,0,0,228.5,30.1,76.6
Measles,Nigeria,Kano,Kano LGA1,2019,18,2157,0,9,52.6,37.2,47.3
Measles,Nigeria,Lagos,Lagos LGA2,2019,18,2157,0,9,104.8,24.6,29.0
Measles,Nigeria,Rivers,Rivers LGA1,2019,18,2157,0,9,30.1,34.3,50.8
AFP,Nigeria,Kaduna,Kaduna LGA2,2019,18,155,0,0,38.5,33.5,80.6
AFP,Nigeria,Oyo,Oyo LGA2,2019,18,155,0,0,158.0,30.6,87.7
AFP,Nigeria,FCT,FCT LGA2,2019,18,155,0,0,134.8,33.1,37.7
Lassa Fever,Nigeria,Enugu,Enugu LGA1,2019,19,56,4,0,50.0,30.5,46.5
Lassa Fever,Nigeria,Rivers,Rivers LGA1,2019,19,56,4,0,13.0,33.6,70.4
Lassa Fever,Nigeria,FCT,FCT LGA2,2019,19,56,4,0,173.7,33.0,75.2
CSM,Nigeria,Lagos,Lagos LGA1,2019,19,30,0,1,89.5,35.5,49.7
CSM,Nigeria,Kaduna,Kaduna LGA1,2019,19,30,0,1,61.2,33.5,29.7
CSM,Nigeria,Ogun,Ogun LGA2,2019,19,30,0,1,138.9,37.0,29.6
Yellow Fever,Nigeria,Rivers,Rivers LGA1,2019,19,62,0,0,65.1,26.9,68.7
Yellow Fever,Nigeria,Rivers,Rivers LGA1,2019,19,62,0,0,170.1,35.2,21.6
Yellow Fever,Nigeria,Ogun,Ogun LGA2,2019,19,62,0,0,16.8,26.3,50.4
Cholera,Nigeria,Kaduna,Kaduna LGA1,2019,19,12,0,0,198.1,29.8,87.9
Cholera,Nigeria,Kaduna,Kaduna LGA1,2019,19,12,0,0,126.9,28.5,79.9
Cholera,Nigeria,Lagos,Lagos LGA1,2019,19,12,0,0,196.7,28.8,94.3
Measles,Nigeria,Lagos,Lagos LGA2,2019,19,2092,0,2,169.4,25.5,21.7
Measles,Nigeria,Enugu,Enugu LGA2,2019,19,2092,0,2,108.1,34.5,81.6
Measles,Nigeria,Kano,Kano LGA2,2019,19,2092,0,2,107.6,27.4,59.6
AFP,Nigeria,Enugu,Enugu LGA2,2019,19,154,0,0,144.7,27.5,67.9
AFP,Nigeria,Kano,Kano LGA1,2019,19,154,0,0,6.3,35.3,35.1
AFP,Nigeria,Oyo,Oyo LGA2,2019,19,154,0,0,66.1,30.6,87.4
Lassa Fever,Nigeria,FCT,FCT LGA2,2019,20,86,6,1,49.8,37.7,26.4
Lassa Fever,Nigeria,Kano,Kano LGA1,2019,20,86,6,1,97.0,25.5,41.4
Lassa Fever,Nigeria,Oyo,Oyo LGA1,2019,20,86,6,1,68.0,25.0,68.3
CSM,Nigeria,FCT,FCT LGA1,2019,20,27,0,0,111.1,34.7,55.0
CSM,Nigeria,FCT,FCT LGA1,2019,20,27,0,0,100.4,34.2,34.2
CSM,Nigeria,Ogun,Ogun LGA1,2019,20,27,0,0,59.7,27.7,36.5
Yellow Fever,Nigeria,Kaduna,Kaduna LGA1,2019,20,71,0,0,89.7,32.1,24.4
Yellow Fever,Nigeria,FCT,FCT LGA1,2019,20,71,0,0,6.4,34.1,67.6
Yellow Fever,Nigeria,Kaduna,Kaduna LGA2,2019,20,71,0,0,68.7,34.1,46.7
Cholera,Nigeria,Rivers,Rivers LGA2,2019,20,17,0,0,157.1,29.7,86.0
Cholera,Nigeria,Ogun,Ogun LGA2,2019,20,17,0,0,200.4,28.1,77.7
Cholera,Nigeria,FCT,FCT LGA1,2019,20,17,0,0,125.3,30.9,84.7
Measles,Nigeria,Kano,Kano LGA2,2019,20,1862,0,2,17.3,29.3,43.5
Measles,Nigeria,FCT,FCT LGA2,2019,20,1862,0,2,97.9,35.2,53.7
Measles,Nigeria,Oyo,Oyo LGA2,2019,20,1862,0,2,163.4,34.9,71.6
AFP,Nigeria,Kano,Kano LGA2,2019,20,153,0,0,11.4,26.8,42.3
AFP,Nigeria,Oyo,Oyo LGA2,2019,20,153,0,0,45.4,33.4,49.4
AFP,Nigeria,Rivers,Rivers LGA2,2019,20,153,0,0,135.2,27.1,22.4
Lassa Fever,Nigeria,Kano,Kano LGA2,2019,21,81,3,0,93.0,28.6,72.8
Lassa Fever,Nigeria,Enugu,Enugu LGA2,2019,21,81,3,0,24.2,34.2,46.9
Lassa Fever,Nigeria,Lagos,Lagos LGA2,2019,21,81,3,0,99.4,28.7,52.2
CSM,Nigeria,Lagos,Lagos LGA1,2019,21,28,0,0,96.3,28.8,83.8
CSM,Nigeria,Kaduna,Kaduna LGA2,2019,21,28,0,0,159.1,34.1,71.4
CSM,Nigeria,Rivers,Rivers LGA1,2019,21,28,0,0,177.6,31.9,44.6
Yellow Fever,Nigeria,Enugu,Enugu LGA2,2019,21,81,0,0,8.1,24.4,32.3
Yellow Fever,Nigeria,Enugu,Enugu LGA2,2019,21,81,0,0,79.1,27.5,48.1
Yellow Fever,Nigeria,Lagos,Lagos LGA1,2019,21,81,0,0,71.7,30.7,42.4
Cholera,Nigeria,Ogun,Ogun LGA2,2019,21,26,0,0,240.0,29.6,78.7
Cholera,Nigeria,Oyo,Oyo LGA1,2019,21,26,0,0,124.2,27.2,83.8
Cholera,Nigeria,Enugu,Enugu LGA1,2019,21,26,0,0,174.0,27.3,91.2
Measles,Nigeria,Rivers,Rivers LGA2,2019,21,1582,4,6,157.3,29.1,53.4
Measles,Nigeria,FCT,FCT LGA1,2019,21,1582,4,6,178.1,30.3,83.7
Measles,Nigeria,Ogun,Ogun LGA1,2019,21,1582,4,6,130.3,29.7,53.1
AFP,Nigeria,Rivers,Rivers LGA1,2019,21,145,0,0,165.0,33.6,71.7
AFP,Nigeria,Rivers,Rivers LGA1,2019,21,145,0,0,118.4,26.4,52.3
AFP,Nigeria,Kaduna,Kaduna LGA1,2019,21,145,0,0,58.6,35.6,89.0
Lassa Fever,Nigeria,Enugu,Enugu LGA2,2019,22,62,3,1,129.4,32.0,79.4
Lassa Fever,Nigeria,Ogun,Ogun LGA1,2019,22,62,3,1,81.7,33.0,86.5
Lassa Fever,Nigeria,Kaduna,Kaduna LGA1,2019,22,62,3,1,21.8,36.0,42.0
CSM,Nigeria,Ogun,Ogun LGA1,2019,22,9,0,0,77.8,34.9,35.1
CSM,Nigeria,Kaduna,Kaduna LGA1,2019,22,9,0,0,50.7,30.2,84.5
CSM,Nigeria,Rivers,Rivers LGA2,2019,22,9,0,0,92.1,28.1,56.7
Yellow Fever,Nigeria,Ogun,Ogun LGA2,2019,22,79,0,0,81.6,24.7,26.7
Yellow Fever,Nigeria,FCT,FCT LGA2,2019,22,79,0,0,7.7,33.0,75.1
Yellow Fever,Nigeria,Enugu,Enugu LGA1,2019,22,79,0,0,80.6,32.4,83.1
Cholera,Nigeria,Ogun,Ogun LGA2,2019,22,16,0,0,143.4,29.6,79.8
Cholera,Nigeria,Ogun,Ogun LGA1,2019,22,16,0,0,160.5,28.9,90.5
Cholera,Nigeria,Rivers,Rivers LGA2,2019,22,16,0,0,147.0,29.6,90.5
Measles,Nigeria,Kano,Kano LGA1,2019,22,1088,2,1,109.1,26.7,26.3
Measles,Nigeria,Lagos,Lagos LGA2,2019,22,1088,2,1,150.2,24.1,83.3
Measles,Nigeria,Kano,Kano LGA2,2019,22,1088,2,1,161.7,33.5,47.3
AFP,Nigeria,Ogun,Ogun LGA2,2019,22,105,0,0,170.4,28.2,37.0
AFP,Nigeria,Kaduna,Kaduna LGA2,2019,22,105,0,0,145.3,24.3,36.9
AFP,Nigeria,Kano,Kano LGA1,2019,22,105,0,0,159.6,37.6,74.2
Lassa Fever,Nigeria,FCT,FCT LGA2,2019,23,63,6,1,140.1,35.2,40.5
Lassa Fever,Nigeria,Kano,Kano LGA2,2019,23,63,6,1,169.3,36.9,60.6
Lassa Fever,Nigeria,Lagos,Lagos LGA2,2019,23,63,6,1,35.7,36.2,51.4
CSM,Nigeria,Lagos,Lagos LGA1,2019,23,10,0,0,26.0,35.9,32.1
CSM,Nigeria,Enugu,Enugu LGA1,2019,23,10,0,0,130.4,29.4,41.8
CSM,Nigeria,Lagos,Lagos LGA2,2019,23,10,0,0,79.0,28.3,61.3
Yellow Fever,Nigeria,Ogun,Ogun LGA1,2019,23,47,0,0,51.8,28.2,85.3
Yellow Fever,Nigeria,Enugu,Enugu LGA2,2019,23,47,0,0,71.0,31.4,65.8
Yellow Fever,Nigeria,Ogun,Ogun LGA1,2019,23,47,0,0,33.5,24.9,31.9
Cholera,Nigeria,Kaduna,Kaduna LGA2,2019,23,15,0,0,230.4,28.4,90.5
Cholera,Nigeria,Lagos,Lagos LGA1,2019,23,15,0,0,204.7,28.1,83.8
Cholera,Nigeria,Oyo,Oyo LGA2,2019,23,15,0,0,134.8,28.4,80.3
Measles,Nigeria,Ogun,Ogun LGA1,2019,23,740,9,1,126.0,35.2,78.5
Measles,Nigeria,Kaduna,Kaduna LGA2,2019,23,740,9,1,83.6,29.8,41.8
Measles,Nigeria,Lagos,Lagos LGA2,2019,23,740,9,1,70.6,31.6,44.9
AFP,Nigeria,Rivers,Rivers LGA1,2019,23,78,0,0,80.3,32.6,70.4
AFP,Nigeria,Enugu,Enugu LGA2,2019,23,78,0,0,70.0,29.7,79.2
AFP,Nigeria,Ogun,Ogun LGA2,2019,23,78,0,0,71.1,33.9,23.4
Lassa Fever,Nigeria,Rivers,Rivers LGA2,2019,24,65,4,1,150.5,37.1,24.3
Lassa Fever,Nigeria,Ogun,Ogun LGA2,2019,24,65,4,1,103.9,33.1,21.0
Lassa Fever,Nigeria,Rivers,Rivers LGA1,2019,24,65,4,1,51.0,32.7,31.0
CSM,Nigeria,Enugu,Enugu LGA2,2019,24,10,0,0,145.7,29.6,78.8
CSM,Nigeria,Oyo,Oyo LGA1,2019,24,10,0,0,59.2,32.1,38.3
CSM,Nigeria,Enugu,Enugu LGA2,2019,24,10,0,0,101.7,35.4,77.9
Yellow Fever,Nigeria,Lagos,Lagos LGA2,2019,24,72,0,0,119.9,33.0,39.7
Yellow Fever,Nigeria,Ogun,Ogun LGA2,2019,24,72,0,0,20.0,37.8,89.8
Yellow Fever,Nigeria,Rivers,Rivers LGA2,2019,24,72,0,0,103.4,36.1,54.1
Cholera,Nigeria,Kaduna,Kaduna LGA1,2019,24,86,0,1,226.2,30.9,75.4
Cholera,Nigeria,Rivers,Rivers LGA1,2019,24,86,0,1,249.9,27.4,91.6
Cholera,Nigeria,Kaduna,Kaduna LGA2,2019,24,86,0,1,126.0,30.2,93.5
Measles,Nigeria,Ogun,Ogun LGA2,2019,24,587,0,0,90.6,35.5,77.6
Measles,Nigeria,Lagos,Lagos LGA2,2019,24,587,0,0,131.9,32.6,76.0
Measles,Nigeria,Kano,Kano LGA1,2019,24,587,0,0,61.0,24.3,63.8
AFP,Nigeria,Enugu,Enugu LGA1,2019,24,128,0,0,6.1,31.9,47.3
AFP,Nigeria,Ogun,Ogun LGA1,2019,24,128,0,0,89.1,32.9,43.0
AFP,Nigeria,Lagos,Lagos LGA2,2019,24,128,0,0,37.1,29.5,58.6
Lassa Fever,Nigeria,Lagos,Lagos LGA2,2019,25,72,10,3,149.3,33.4,74.9
Lassa Fever,Nigeria,FCT,FCT LGA1,2019,25,72,10,3,49.0,30.8,37.5
Lassa Fever,Nigeria,FCT,FCT LGA2,2019,25,72,10,3,159.2,36.5,66.7
CSM,Nigeria,Oyo,Oyo LGA1,2019,25,21,0,0,144.4,24.7,50.2
CSM,Nigeria,Kano,Kano LGA2,2019,25,21,0,0,145.4,34.8,28.9
CSM,Nigeria,Ogun,Ogun LGA2,2019,25,21,0,0,105.4,30.6,59.1
Yellow Fever,Nigeria,Lagos,Lagos LGA1,2019,25,77,0,0,74.7,31.8,57.7
Yellow Fever,Nigeria,Rivers,Rivers LGA1,2019,25,77,0,0,57.6,33.3,75.8
Yellow Fever,Nigeria,Lagos,Lagos LGA2,2019,25,77,0,0,112.8,28.0,21.8
Cholera,Nigeria,FCT,FCT LGA1,2019,25,75,0,0,228.7,28.0,76.5
Cholera,Nigeria,Enugu,Enugu LGA2,2019,25,75,0,0,240.5,27.6,86.9
Cholera,Nigeria,Kano,Kano LGA1,2019,25,75,0,0,136.3,27.4,76.8
Measles,Nigeria,Kaduna,Kaduna LGA1,2019,25,1007,0,4,122.1,29.9,43.2
Measles,Nigeria,Kano,Kano LGA1,2019,25,1007,0,4,138.0,36.8,85.9
Measles,Nigeria,Kaduna,Kaduna LGA2,2019,25,1007,0,4,143.9,25.7,41.8
AFP,Nigeria,Enugu,Enugu LGA1,2019,25,153,0,0,135.6,37.4,52.5
AFP,Nigeria,Kano,Kano LGA1,2019,25,153,0,0,77.3,33.7,79.1
AFP,Nigeria,Kaduna,Kaduna LGA2,2019,25,153,0,0,64.5,26.2,73.5
Lassa Fever,Nigeria,Lagos,Lagos LGA2,2019,26,65,2,1,167.6,36.0,89.4
Lassa Fever,Nigeria,Kaduna,Kaduna LGA1,2019,26,65,2,1,26.2,27.8,39.4
Lassa Fever,Nigeria,Kaduna,Kaduna LGA2,2019,26,65,2,1,133.4,30.5,62.2
CSM,Nigeria,FCT,FCT LGA2,2019,26,12,0,0,146.9,33.4,56.7
CSM,Nigeria,Ogun,Ogun LGA2,2019,26,12,0,0,100.2,37.3,78.3
CSM,Nigeria,Lagos,Lagos LGA1,2019,26,12,0,0,18.1,33.7,54.2
Yellow Fever,Nigeria,Lagos,Lagos LGA1,2019,26,58,0,0,96.3,29.3,35.6
Yellow Fever,Nigeria,Ogun,Ogun LGA1,2019,26,58,0,0,93.8,31.9,59.5
Yellow Fever,Nigeria,Oyo,Oyo LGA2,2019,26,58,0,0,125.3,32.6,43.3
Cholera,Nigeria,Rivers,Rivers LGA2,2019,26,64,8,1,220.1,27.1,79.1
Cholera,Nigeria,Rivers,Rivers LGA2,2019,26,64,8,1,180.6,29.9,94.7
Cholera,Nigeria,Kano,Kano LGA2,2019,26,64,8,1,188.8,30.4,90.6
Measles,Nigeria,Enugu,Enugu LGA2,2019,26,805,0,4,164.7,31.8,70.9
Measles,Nigeria,Rivers,Rivers LGA2,2019,26,805,0,4,175.2,37.3,35.8
Measles,Nigeria,Enugu,Enugu LGA1,2019,26,805,0,4,107.0,34.4,46.8
AFP,Nigeria,Enugu,Enugu LGA2,2019,26,145,0,0,169.3,25.1,73.8
AFP,Nigeria,Lagos,Lagos LGA1,2019,26,145,0,0,78.2,30.7,88.7
AFP,Nigeria,Kaduna,Kaduna LGA2,2019,26,145,0,0,162.8,36.5,88.2
Lassa Fever,Nigeria,FCT,FCT LGA2,2019,27,78,12,3,47.8,29.2,73.3
Lassa Fever,Nigeria,Enugu,Enugu LGA2,2019,27,78,12,3,101.0,30.9,36.9
Lassa Fever,Nigeria,Kaduna,Kaduna LGA1,2019,27,78,12,3,76.2,29.6,68.9
CSM,Nigeria,FCT,FCT LGA1,2019,27,26,0,0,142.5,37.3,68.9
CSM,Nigeria,Kano,Kano LGA2,2019,27,26,0,0,134.6,33.4,40.5
CSM,Nigeria,Oyo,Oyo LGA1,2019,27,26,0,0,102.8,27.9,38.1
Yellow Fever,Nigeria,Ogun,Ogun LGA1,2019,27,57,0,0,140.9,24.9,76.1
Yellow Fever,Nigeria,Kaduna,Kaduna LGA1,2019,27,57,0,0,112.1,31.5,45.0
Yellow Fever,Nigeria,Kano,Kano LGA2,2019,27,57,0,0,165.1,32.2,60.1
Cholera,Nigeria,Kano,Kano LGA1,2019,27,82,36,1,150.1,27.6,83.3
Cholera,Nigeria,FCT,FCT LGA1,2019,27,82,36,1,167.5,28.5,93.9
Cholera,Nigeria,Rivers,Rivers LGA1,2019,27,82,36,1,138.2,29.2,75.4
Measles,Nigeria,Kaduna,Kaduna LGA2,2019,27,9,27,2019,121.7,29.6,34.6
Measles,Nigeria,Ogun,Ogun LGA2,2019,27,9,27,2019,16.0,37.4,22.6
Measles,Nigeria,Ogun,Ogun LGA1,2019,27,9,27,2019,37.3,25.0,29.8
Mpox,Nigeria,Kano,Kano LGA2,2019,27,9,27,2019,49.4,31.0,24.9
Mpox,Nigeria,Kano,Kano LGA2,2019,27,9,27,2019,169.6,24.7,75.5
Mpox,Nigeria,Rivers,Rivers LGA2,2019,27,9,27,2019,111.3,36.7,48.0
AFP,Nigeria,Rivers,Rivers LGA2,2019,27,9,27,2019,151.3,34.8,84.6
AFP,Nigeria,Kaduna,Kaduna LGA2,2019,27,9,27,2019,46.8,24.1,27.8
AFP,Nigeria,Oyo,Oyo LGA2,2019,27,9,27,2019,22.3,29.9,29.4
Lassa Fever,Nigeria,Ogun,Ogun LGA2,2019,29,72,9,4,106.7,35.3,78.4
Lassa Fever,Nigeria,Kano,Kano LGA2,2019,29,72,9,4,92.6,28.5,32.6
Lassa Fever,Nigeria,Kano,Kano LGA2,2019,29,72,9,4,97.5,32.6,79.1
CSM,Nigeria,Rivers,Rivers LGA1,2019,29,21,0,0,77.6,34.2,88.8
CSM,Nigeria,Rivers,Rivers LGA1,2019,29,21,0,0,83.1,28.2,39.6
CSM,Nigeria,Enugu,Enugu LGA2,2019,29,21,0,0,56.2,25.5,70.7
Yellow Fever,Nigeria,FCT,FCT LGA1,2019,29,75,0,10,38.7,35.3,20.3
Yellow Fever,Nigeria,Ogun,Ogun LGA1,2019,29,75,0,10,70.5,25.6,76.1
Yellow Fever,Nigeria,Kaduna,Kaduna LGA2,2019,29,75,0,10,86.5,30.7,26.6
Cholera,Nigeria,Oyo,Oyo LGA1,2019,29,225,13,2,221.2,27.6,84.2
Cholera,Nigeria,FCT,FCT LGA1,2019,29,225,13,2,229.3,27.8,78.6
Cholera,Nigeria,Oyo,Oyo LGA1,2019,29,225,13,2,182.4,30.9,89.3
Measles,Nigeria,Ogun,Ogun LGA1,2019,29,533,0,0,117.0,30.0,36.2
Measles,Nigeria,Kano,Kano LGA1,2019,29,533,0,0,7.9,24.5,66.2
Measles,Nigeria,Oyo,Oyo LGA1,2019,29,533,0,0,156.5,35.3,45.5
Mpox,Nigeria,Oyo,Oyo LGA1,2019,29,4,2,0,145.3,34.7,50.9
Mpox,Nigeria,Lagos,Lagos LGA1,2019,29,4,2,0,62.7,29.8,27.7
Mpox,Nigeria,FCT,FCT LGA1,2019,29,4,2,0,168.3,30.3,78.6
AFP,Nigeria,FCT,FCT LGA1,2019,29,126,0,0,123.1,31.5,26.7
AFP,Nigeria,Enugu,Enugu LGA2,2019,29,126,0,0,50.8,37.6,89.8
AFP,Nigeria,Lagos,Lagos LGA2,2019,29,126,0,0,140.2,27.8,63.4
Lassa Fever,Nigeria,Enugu,Enugu LGA1,2019,30,107,9,0,68.2,36.6,46.7
Lassa Fever,Nigeria,Rivers,Rivers LGA2,2019,30,107,9,0,27.3,30.6,52.1
Lassa Fever,Nigeria,Rivers,Rivers LGA1,2019,30,107,9,0,150.6,32.8,38.2
CSM,Nigeria,Rivers,Rivers LGA2,2019,30,15,0,0,45.0,34.5,43.1
CSM,Nigeria,Oyo,Oyo LGA2,2019,30,15,0,0,19.4,30.6,56.4
CSM,Nigeria,FCT,FCT LGA2,2019,30,15,0,0,58.6,37.0,87.0
Yellow Fever,Nigeria,Kano,Kano LGA1,2019,30,76,0,0,162.4,37.4,42.4
Yellow Fever,Nigeria,Lagos,Lagos LGA1,2019,30,76,0,0,167.1,35.4,40.7
Yellow Fever,Nigeria,Ogun,Ogun LGA1,2019,30,76,0,0,69.9,26.8,65.5
Cholera,Nigeria,Ogun,Ogun LGA2,2019,30,192,18,0,197.5,28.3,77.7
Cholera,Nigeria,FCT,FCT LGA1,2019,30,192,18,0,150.8,30.4,84.2
Cholera,Nigeria,FCT,FCT LGA2,2019,30,192,18,0,163.5,27.2,90.4
Measles,Nigeria,Ogun,Ogun LGA2,2019,30,591,0,5,86.3,35.5,58.7
Measles,Nigeria,Ogun,Ogun LGA1,2019,30,591,0,5,169.1,30.1,71.1
Measles,Nigeria,Lagos,Lagos LGA1,2019,30,591,0,5,114.4,36.1,84.6
Mpox,Nigeria,Enugu,Enugu LGA2,2019,30,3,2,1,24.3,37.5,57.1
Mpox,Nigeria,Oyo,Oyo LGA2,2019,30,3,2,1,51.7,31.3,29.4
Mpox,Nigeria,Kaduna,Kaduna LGA2,2019,30,3,2,1,120.8,28.4,21.5
AFP,Nigeria,FCT,FCT LGA2,2019,30,127,0,0,163.3,24.5,33.2
AFP,Nigeria,Rivers,Rivers LGA2,2019,30,127,0,0,12.0,32.7,47.7
AFP,Nigeria,Kano,Kano LGA2,2019,30,127,0,0,107.0,29.2,43.7
Lassa Fever,Nigeria,Oyo,Oyo LGA2,2019,31,93,11,1,86.4,30.2,33.7
Lassa Fever,Nigeria,Lagos,Lagos LGA2,2019,31,93,11,1,170.3,25.7,61.1
Lassa Fever,Nigeria,Rivers,Rivers LGA2,2019,31,93,11,1,27.8,35.6,20.8
CSM,Nigeria,Rivers,Rivers LGA2,2019,31,11,0,0,42.7,32.3,87.1
CSM,Nigeria,Ogun,Ogun LGA2,2019,31,11,0,0,108.3,31.1,27.8
CSM,Nigeria,Enugu,Enugu LGA1,2019,31,11,0,0,102.8,32.3,37.7
Yellow Fever,Nigeria,Ogun,Ogun LGA1,2019,31,62,0,4,142.7,29.9,37.7
Yellow Fever,Nigeria,Kano,Kano LGA2,2019,31,62,0,4,155.9,28.8,47.8
Yellow Fever,Nigeria,FCT,FCT LGA1,2019,31,62,0,4,41.2,24.8,25.1
Cholera,Nigeria,Kano,Kano LGA1,2019,31,83,14,0,240.9,27.5,94.2
Cholera,Nigeria,Rivers,Rivers LGA2,2019,31,83,14,0,245.2,30.8,94.0
Cholera,Nigeria,Rivers,Rivers LGA2,2019,31,83,14,0,154.0,30.0,88.1
Measles,Nigeria,Ogun,Ogun LGA2,2019,31,470,0,0,93.1,30.1,47.5
Measles,Nigeria,Enugu,Enugu LGA2,2019,31,470,0,0,105.1,29.5,22.6
Measles,Nigeria,Enugu,Enugu LGA1,2019,31,470,0,0,72.2,34.9,46.5
Mpox,Nigeria,Kaduna,Kaduna LGA2,2019,31,1,1,0,160.1,36.0,67.5
Mpox,Nigeria,Oyo,Oyo LGA2,2019,31,1,1,0,179.9,37.2,63.6
Mpox,Nigeria,Rivers,Rivers LGA1,2019,31,1,1,0,176.5,34.7,84.9
AFP,Nigeria,Kano,Kano LGA1,2019,31,122,0,0,76.3,34.3,32.5
AFP,Nigeria,Kano,Kano LGA1,2019,31,122,0,0,58.9,35.3,28.7
AFP,Nigeria,Oyo,Oyo LGA2,2019,31,122,0,0,162.5,26.6,46.7
Lassa Fever,Nigeria,Oyo,Oyo LGA2,2019,32,99,5,0,162.6,25.0,51.8
Lassa Fever,Nigeria,FCT,FCT LGA2,2019,32,99,5,0,24.4,35.6,37.3
Lassa Fever,Nigeria,Ogun,Ogun LGA2,2019,32,99,5,0,75.8,35.5,75.7
CSM,Nigeria,Enugu,Enugu LGA1,2019,32,15,0,0,97.3,34.1,32.7
CSM,Nigeria,Kano,Kano LGA2,2019,32,15,0,0,42.6,33.3,28.3
CSM,Nigeria,Lagos,Lagos LGA2,2019,32,15,0,0,14.2,27.1,22.3
Yellow Fever,Nigeria,Oyo,Oyo LGA1,2019,32,58,3,0,113.2,34.0,82.1
Yellow Fever,Nigeria,Enugu,Enugu LGA2,2019,32,58,3,0,76.3,30.8,72.7
Yellow Fever,Nigeria,FCT,FCT LGA2,2019,32,58,3,0,39.8,33.1,30.1
Cholera,Nigeria,Oyo,Oyo LGA1,2019,32,72,24,0,198.8,27.1,94.9
Cholera,Nigeria,Lagos,Lagos LGA2,2019,32,72,24,0,174.1,27.7,75.8
Cholera,Nigeria,Rivers,Rivers LGA1,2019,32,72,24,0,193.3,30.7,89.8
Measles,Nigeria,Enugu,Enugu LGA1,2019,32,275,0,0,112.7,28.8,60.7
Measles,Nigeria,FCT,FCT LGA2,2019,32,275,0,0,162.6,26.5,74.0
Measles,Nigeria,Kano,Kano LGA2,2019,32,275,0,0,175.9,36.6,88.5
Mpox,Nigeria,Lagos,Lagos LGA2,2019,32,0,0,0,125.1,24.8,28.5
Mpox,Nigeria,Oyo,Oyo LGA1,2019,32,0,0,0,48.6,35.1,20.7
Mpox,Nigeria,Oyo,Oyo LGA1,2019,32,0,0,0,111.4,32.7,41.1
AFP,Nigeria,Oyo,Oyo LGA1,2019,32,111,0,0,82.2,24.0,53.7
AFP,Nigeria,Rivers,Rivers LGA2,2019,32,111,0,0,78.6,24.0,68.6
AFP,Nigeria,Lagos,Lagos LGA2,2019,32,111,0,0,148.2,33.0,84.3
Lassa Fever,Nigeria,Oyo,Oyo LGA2,2019,33,72,2,0,142.7,30.8,51.4
Lassa Fever,Nigeria,FCT,FCT LGA1,2019,33,72,2,0,170.8,30.9,35.0
Lassa Fever,Nigeria,Kaduna,Kaduna LGA2,2019,33,72,2,0,54.8,32.4,42.6
CSM,Nigeria,Kaduna,Kaduna LGA2,2019,33,16,0,0,64.5,34.8,82.2
CSM,Nigeria,Enugu,Enugu LGA2,2019,33,16,0,0,81.1,33.3,75.8
CSM,Nigeria,Kaduna,Kaduna LGA2,2019,33,16,0,0,173.1,33.8,69.7
Yellow Fever,Nigeria,Ogun,Ogun LGA1,2019,33,63,0,0,146.5,24.4,59.8
Yellow Fever,Nigeria,Rivers,Rivers LGA2,2019,33,63,0,0,23.6,37.3,41.8
Yellow Fever,Nigeria,FCT,FCT LGA1,2019,33,63,0,0,118.3,35.3,70.6
Cholera,Nigeria,Oyo,Oyo LGA1,2019,33,57,19,0,187.6,30.1,85.1
Cholera,Nigeria,Rivers,Rivers LGA1,2019,33,57,19,0,204.1,27.7,82.0
Cholera,Nigeria,Lagos,Lagos LGA1,2019,33,57,19,0,174.8,27.4,76.8
Measles,Nigeria,Kaduna,Kaduna LGA2,2019,33,266,0,2,24.1,37.2,48.3
Measles,Nigeria,Lagos,Lagos LGA2,2019,33,266,0,2,95.8,36.5,63.6
Measles,Nigeria,Rivers,Rivers LGA2,2019,33,266,0,2,140.2,32.1,88.4
Mpox,Nigeria,Rivers,Rivers LGA2,2019,33,1,0,0,146.4,25.8,87.8
Mpox,Nigeria,Kano,Kano LGA1,2019,33,1,0,0,176.6,37.2,79.1
Mpox,Nigeria,Ogun,Ogun LGA1,2019,33,1,0,0,63.9,34.8,22.2
AFP,Nigeria,Ogun,Ogun LGA2,2019,33,83,0,0,139.5,30.4,68.9
AFP,Nigeria,Rivers,Rivers LGA1,2019,33,83,0,0,68.5,32.7,51.9
AFP,Nigeria,Oyo,Oyo LGA2,2019,33,83,0,0,142.2,37.2,48.7
Lassa Fever,Nigeria,Oyo,Oyo LGA1,2019,34,78,6,0,36.0,36.0,67.3
Lassa Fever,Nigeria,Lagos,Lagos LGA1,2019,34,78,6,0,29.4,24.5,52.3
Lassa Fever,Nigeria,Enugu,Enugu LGA1,2019,34,78,6,0,32.4,29.3,72.6
CSM,Nigeria,FCT,FCT LGA1,2019,34,17,0,0,55.7,24.5,72.2
CSM,Nigeria,Enugu,Enugu LGA2,2019,34,17,0,0,34.6,31.2,52.0
CSM,Nigeria,FCT,FCT LGA1,2019,34,17,0,0,106.7,37.9,69.7
Yellow Fever,Nigeria,Oyo,Oyo LGA2,2019,34,50,1,0,26.0,30.8,70.3
Yellow Fever,Nigeria,Oyo,Oyo LGA2,2019,34,50,1,0,53.2,36.2,69.2
Yellow Fever,Nigeria,Enugu,Enugu LGA2,2019,34,50,1,0,84.9,27.5,67.8
Cholera,Nigeria,Ogun,Ogun LGA2,2019,34,49,12,0,166.4,28.5,91.8
Cholera,Nigeria,Ogun,Ogun LGA2,2019,34,49,12,0,225.2,27.2,78.4
Cholera,Nigeria,FCT,FCT LGA2,2019,34,49,12,0,133.2,28.9,91.4
Measles,Nigeria,Kaduna,Kaduna LGA2,2019,34,294,0,0,169.6,36.1,44.0
Measles,Nigeria,FCT,FCT LGA1,2019,34,294,0,0,124.9,26.2,75.4
Measles,Nigeria,Rivers,Rivers LGA2,2019,34,294,0,0,155.7,36.4,61.6
Mpox,Nigeria,Lagos,Lagos LGA1,2019,34,0,0,0,9.0,34.8,40.2
Mpox,Nigeria,Kaduna,Kaduna LGA1,2019,34,0,0,0,12.6,33.1,48.6
Mpox,Nigeria,Lagos,Lagos LGA2,2019,34,0,0,0,146.8,35.4,45.6
AFP,Nigeria,FCT,FCT LGA2,2019,34,70,0,0,169.8,29.5,26.4
AFP,Nigeria,Oyo,Oyo LGA2,2019,34,70,0,0,14.3,35.0,81.7
AFP,Nigeria,Rivers,Rivers LGA2,2019,34,70,0,0,52.3,33.8,23.4
Lassa Fever,Nigeria,Ogun,Ogun LGA2,2019,35,73,14,2,79.6,24.7,24.4
Lassa Fever,Nigeria,Kano,Kano LGA1,2019,35,73,14,2,148.1,37.7,46.6
Lassa Fever,Nigeria,Kaduna,Kaduna LGA1,2019,35,73,14,2,38.2,28.9,71.9
CSM,Nigeria,Lagos,Lagos LGA1,2019,35,16,0,0,179.5,27.1,31.4
CSM,Nigeria,Lagos,Lagos LGA2,2019,35,16,0,0,17.2,33.0,34.6
CSM,Nigeria,Oyo,Oyo LGA1,2019,35,16,0,0,64.3,25.7,39.2
Yellow Fever,Nigeria,FCT,FCT LGA1,2019,35,44,0,0,64.9,36.6,81.7
Yellow Fever,Nigeria,Lagos,Lagos LGA2,2019,35,44,0,0,115.6,28.1,36.7
Yellow Fever,Nigeria,Kaduna,Kaduna LGA1,2019,35,44,0,0,95.8,37.7,58.6
Cholera,Nigeria,Kaduna,Kaduna LGA1,2019,35,33,11,0,134.4,29.4,76.0
Cholera,Nigeria,Kano,Kano LGA1,2019,35,33,11,0,169.2,30.2,87.6
Cholera,Nigeria,Kaduna,Kaduna LGA1,2019,35,33,11,0,202.6,27.7,83.7
Measles,Nigeria,Rivers,Rivers LGA1,2019,35,307,0,0,108.8,37.5,25.4
Measles,Nigeria,Rivers,Rivers LGA1,2019,35,307,0,0,80.1,25.2,23.4
Measles,Nigeria,Oyo,Oyo LGA1,2019,35,307,0,0,100.2,24.1,25.0
Mpox,Nigeria,FCT,FCT LGA2,2019,35,2,1,0,46.6,34.0,26.3
Mpox,Nigeria,Enugu,Enugu LGA2,2019,35,2,1,0,131.6,34.5,81.7
Mpox,Nigeria,Enugu,Enugu LGA1,2019,35,2,1,0,29.4,34.0,34.0
AFP,Nigeria,Kano,Kano LGA1,2019,35,74,0,0,144.0,28.2,86.9
AFP,Nigeria,FCT,FCT LGA2,2019,35,74,0,0,23.9,37.9,26.1
AFP,Nigeria,Enugu,Enugu LGA2,2019,35,74,0,0,81.4,32.0,42.4
Lassa Fever,Nigeria,Lagos,Lagos LGA2,2019,36,83,9,0,8.7,36.8,31.6
Lassa Fever,Nigeria,Oyo,Oyo LGA1,2019,36,83,9,0,155.3,35.6,21.2
Lassa Fever,Nigeria,Enugu,Enugu LGA2,2019,36,83,9,0,179.4,29.6,50.7
CSM,Nigeria,Kaduna,Kaduna LGA1,2019,36,21,0,0,145.6,28.0,88.3
CSM,Nigeria,Kano,Kano LGA1,2019,36,21,0,0,5.9,28.3,70.6
CSM,Nigeria,Oyo,Oyo LGA1,2019,36,21,0,0,36.5,24.6,84.7
Yellow Fever,Nigeria,Rivers,Rivers LGA2,2019,36,92,3,1,56.3,25.0,20.5
Yellow Fever,Nigeria,Enugu,Enugu LGA2,2019,36,92,3,1,104.9,31.0,26.4
Yellow Fever,Nigeria,FCT,FCT LGA1,2019,36,92,3,1,18.3,28.6,41.3
Cholera,Nigeria,Lagos,Lagos LGA1,2019,36,36,13,0,218.4,28.6,92.7
Cholera,Nigeria,Kano,Kano LGA2,2019,36,36,13,0,202.1,28.6,95.0
Cholera,Nigeria,Enugu,Enugu LGA2,2019,36,36,13,0,172.3,27.7,75.8
Measles,Nigeria,Ogun,Ogun LGA1,2019,36,337,0,0,38.9,30.4,73.2
Measles,Nigeria,Kano,Kano LGA1,2019,36,337,0,0,98.0,26.3,29.8
Measles,Nigeria,FCT,FCT LGA1,2019,36,337,0,0,51.0,32.9,41.9
Mpox,Nigeria,Lagos,Lagos LGA1,2019,36,3,0,0,126.4,31.7,51.4
Mpox,Nigeria,FCT,FCT LGA1,2019,36,3,0,0,55.5,36.5,84.4
Mpox,Nigeria,Ogun,Ogun LGA2,2019,36,3,0,0,39.6,24.7,85.0
AFP,Nigeria,Lagos,Lagos LGA1,2019,36,82,0,0,176.3,32.4,83.0
AFP,Nigeria,Lagos,Lagos LGA2,2019,36,82,0,0,153.0,27.8,76.5
AFP,Nigeria,Kano,Kano LGA2,2019,36,82,0,0,82.7,37.7,70.6
Lassa Fever,Nigeria,Ogun,Ogun LGA2,2019,37,63,7,2,84.4,25.0,75.4
Lassa Fever,Nigeria,FCT,FCT LGA2,2019,37,63,7,2,47.4,33.6,30.0
Lassa Fever,Nigeria,FCT,FCT LGA2,2019,37,63,7,2,110.1,32.4,71.5
CSM,Nigeria,Enugu,Enugu LGA1,2019,37,23,0,0,24.7,35.9,54.8
CSM,Nigeria,Rivers,Rivers LGA1,2019,37,23,0,0,74.6,33.0,40.4
CSM,Nigeria,Enugu,Enugu LGA2,2019,37,23,0,0,149.2,28.0,58.5
Yellow Fever,Nigeria,Rivers,Rivers LGA1,2019,37,117,0,3,79.5,32.6,89.2
Yellow Fever,Nigeria,Ogun,Ogun LGA1,2019,37,117,0,3,81.7,28.3,35.5
Yellow Fever,Nigeria,Enugu,Enugu LGA1,2019,37,117,0,3,50.5,28.2,42.0
Cholera,Nigeria,Enugu,Enugu LGA1,2019,37,21,0,0,238.9,29.2,87.2
Cholera,Nigeria,Kano,Kano LGA2,2019,37,21,0,0,140.1,27.7,77.3
Cholera,Nigeria,FCT,FCT LGA2,2019,37,21,0,0,248.9,30.2,81.4
Measles,Nigeria,Enugu,Enugu LGA1,2019,37,327,0,1,22.8,30.1,64.4
Measles,Nigeria,Kano,Kano LGA2,2019,37,327,0,1,43.0,26.2,21.6
Measles,Nigeria,Rivers,Rivers LGA1,2019,37,327,0,1,100.6,30.6,81.4
Mpox,Nigeria,Oyo,Oyo LGA2,2019,37,4,2,0,33.4,35.1,88.5
Mpox,Nigeria,Oyo,Oyo LGA1,2019,37,4,2,0,77.5,33.6,32.5
Mpox,Nigeria,Kaduna,Kaduna LGA2,2019,37,4,2,0,103.7,25.0,81.8
AFP,Nigeria,Ogun,Ogun LGA2,2019,37,109,0,0,99.1,29.9,84.4
AFP,Nigeria,Ogun,Ogun LGA1,2019,37,109,0,0,22.2,27.3,33.6
AFP,Nigeria,Ogun,Ogun LGA2,2019,37,109,0,0,6.3,36.4,35.5
Lassa Fever,Nigeria,FCT,FCT LGA2,2019,38,100,7,2,138.3,28.5,56.4
Lassa Fever,Nigeria,Lagos,Lagos LGA2,2019,38,100,7,2,7.2,24.5,20.4
Lassa Fever,Nigeria,FCT,FCT LGA2,2019,38,100,7,2,115.3,28.4,75.0
CSM,Nigeria,Enugu,Enugu LGA1,2019,38,24,0,0,25.3,29.7,36.2
CSM,Nigeria,Ogun,Ogun LGA2,2019,38,24,0,0,16.4,34.8,75.4
CSM,Nigeria,Ogun,Ogun LGA2,2019,38,24,0,0,153.3,28.6,47.4
Yellow Fever,Nigeria,Ogun,Ogun LGA1,2019,38,89,0,5,147.1,33.2,89.8
Yellow Fever,Nigeria,Lagos,Lagos LGA1,2019,38,89,0,5,153.8,32.4,72.5
Yellow Fever,Nigeria,Oyo,Oyo LGA1,2019,38,89,0,5,87.2,27.2,27.7
Cholera,Nigeria,FCT,FCT LGA1,2019,38,32,11,0,182.1,30.8,84.6
Cholera,Nigeria,Lagos,Lagos LGA2,2019,38,32,11,0,221.7,29.5,84.8
Cholera,Nigeria,Ogun,Ogun LGA1,2019,38,32,11,0,160.3,30.9,80.3
Measles,Nigeria,Kaduna,Kaduna LGA1,2019,38,314,0,0,55.9,37.2,74.1
Measles,Nigeria,Oyo,Oyo LGA2,2019,38,314,0,0,21.6,24.4,73.4
Measles,Nigeria,Rivers,Rivers LGA2,2019,38,314,0,0,104.3,35.6,78.6
Mpox,Nigeria,Oyo,Oyo LGA1,2019,38,6,1,0,52.2,25.8,63.3
Mpox,Nigeria,Kano,Kano LGA2,2019,38,6,1,0,9.3,34.3,56.4
Mpox,Nigeria,FCT,FCT LGA1,2019,38,6,1,0,14.5,32.4,65.1
AFP,Nigeria,Kano,Kano LGA1,2019,38,107,0,0,142.0,34.6,45.7
AFP,Nigeria,Ogun,Ogun LGA2,2019,38,107,0,0,55.4,32.8,47.6
AFP,Nigeria,Enugu,Enugu LGA1,2019,38,107,0,0,15.2,36.0,85.7
Lassa Fever,Nigeria,Kaduna,Kaduna LGA1,2019,39,108,13,2,163.4,25.5,47.7
Lassa Fever,Nigeria,Ogun,Ogun LGA2,2019,39,108,13,2,21.2,36.6,50.4
Lassa Fever,Nigeria,FCT,FCT LGA1,2019,39,108,13,2,70.0,33.1,72.8
CSM,Nigeria,Kano,Kano LGA2,2019,39,23,0,1,67.8,33.0,88.8
CSM,Nigeria,Lagos,Lagos LGA2,2019,39,23,0,1,22.1,37.9,31.1
CSM,Nigeria,Kaduna,Kaduna LGA1,2019,39,23,0,1,167.3,25.2,38.0
Yellow Fever,Nigeria,Ogun,Ogun LGA2,2019,39,116,0,2,96.0,25.9,34.5
Yellow Fever,Nigeria,Kaduna,Kaduna LGA2,2019,39,116,0,2,94.3,33.0,60.8
Yellow Fever,Nigeria,Kaduna,Kaduna LGA1,2019,39,116,0,2,175.5,33.2,25.9
Cholera,Nigeria,Lagos,Lagos LGA1,2019,39,31,2,0,160.1,28.4,77.0
Cholera,Nigeria,FCT,FCT LGA2,2019,39,31,2,0,159.0,30.8,94.4
Cholera,Nigeria,Lagos,Lagos LGA1,2019,39,31,2,0,138.5,29.3,90.9
Measles,Nigeria,Lagos,Lagos LGA1,2019,39,260,0,0,7.4,33.0,39.2
Measles,Nigeria,Lagos,Lagos LGA1,2019,39,260,0,0,140.7,27.5,21.6
Measles,Nigeria,Ogun,Ogun LGA1,2019,39,260,0,0,164.7,24.8,37.1
Mpox,Nigeria,Kaduna,Kaduna LGA1,2019,39,3,3,0,30.4,24.3,87.5
Mpox,Nigeria,Oyo,Oyo LGA1,2019,39,3,3,0,161.5,35.7,27.8
Mpox,Nigeria,Lagos,Lagos LGA2,2019,39,3,3,0,19.2,28.9,37.5
AFP,Nigeria,Oyo,Oyo LGA1,2019,39,101,0,0,144.3,30.1,57.7
AFP,Nigeria,Rivers,Rivers LGA1,2019,39,101,0,0,51.9,30.4,58.6
AFP,Nigeria,Enugu,Enugu LGA1,2019,39,101,0,0,79.2,29.3,81.6
Lassa Fever,Nigeria,Kaduna,Kaduna LGA2,2020,42,94,13,2,58.2,26.0,56.2
Lassa Fever,Nigeria,Oyo,Oyo LGA2,2020,42,94,13,2,103.2,27.3,24.1
Lassa Fever,Nigeria,Kaduna,Kaduna LGA1,2020,42,94,13,2,130.4,29.3,20.7
CSM,Nigeria,Oyo,Oyo LGA2,2020,42,5,0,0,35.2,36.6,79.1
CSM,Nigeria,Kano,Kano LGA2,2020,42,5,0,0,21.1,36.2,54.8
CSM,Nigeria,Kano,Kano LGA1,2020,42,5,0,0,92.1,26.9,30.1
Yellow Fever,Nigeria,Oyo,Oyo LGA1,2020,42,28,0,0,10.2,25.6,24.7
Yellow Fever,Nigeria,Rivers,Rivers LGA2,2020,42,28,0,0,148.5,31.0,78.7
Yellow Fever,Nigeria,Ogun,Ogun LGA1,2020,42,28,0,0,170.0,31.6,39.6
Cholera,Nigeria,Oyo,Oyo LGA1,2020,42,103,0,11,138.9,28.8,82.4
Cholera,Nigeria,Lagos,Lagos LGA1,2020,42,103,0,11,168.6,28.5,93.0
Cholera,Nigeria,FCT,FCT LGA1,2020,42,103,0,11,137.8,28.3,81.7
Measles,Nigeria,Ogun,Ogun LGA1,2020,42,119,0,0,122.3,26.4,79.5
Measles,Nigeria,Ogun,Ogun LGA2,2020,42,119,0,0,35.5,33.3,65.6
Measles,Nigeria,Oyo,Oyo LGA1,2020,42,119,0,0,164.7,27.2,50.0
Mpox,Nigeria,Enugu,Enugu LGA2,2020,42,0,0,0,21.2,26.7,74.2
Mpox,Nigeria,Oyo,Oyo LGA1,2020,42,0,0,0,68.5,35.3,75.1
Mpox,Nigeria,Lagos,Lagos LGA2,2020,42,0,0,0,116.8,35.1,65.1
AFP,Nigeria,FCT,FCT LGA2,2020,42,74,0,0,21.4,31.0,59.0
AFP,Nigeria,Enugu,Enugu LGA2,2020,42,74,0,0,69.2,36.1,74.2
AFP,Nigeria,Ogun,Ogun LGA1,2020,42,74,0,0,152.4,35.8,42.4
COVID-19,Nigeria,Kano,Kano LGA2,2020,42,0,0,0,169.6,37.2,55.5
COVID-19,Nigeria,Kaduna,Kaduna LGA1,2020,42,0,0,0,100.9,34.7,23.5
COVID-19,Nigeria,Rivers,Rivers LGA2,2020,42,0,0,0,94.3,34.2,24.2
Lassa Fever,Nigeria,Lagos,Lagos LGA1,2020,43,51,3,2,164.8,33.1,36.2
Lassa Fever,Nigeria,FCT,FCT LGA2,2020,43,51,3,2,175.4,34.4,70.4
Lassa Fever,Nigeria,Kano,Kano LGA1,2020,43,51,3,2,173.5,37.9,40.0
CSM,Nigeria,FCT,FCT LGA2,2020,43,8,0,1,148.9,26.4,28.0
CSM,Nigeria,Enugu,Enugu LGA1,2020,43,8,0,1,48.5,31.7,20.6
CSM,Nigeria,Enugu,Enugu LGA1,2020,43,8,0,1,154.4,37.6,49.7
Yellow Fever,Nigeria,FCT,FCT LGA1,2020,43,27,0,0,62.8,34.6,73.0
Yellow Fever,Nigeria,Rivers,Rivers LGA1,2020,43,27,0,0,30.2,24.1,49.5
Yellow Fever,Nigeria,Enugu,Enugu LGA1,2020,43,27,0,0,130.9,33.9,31.9
Cholera,Nigeria,FCT,FCT LGA2,2020,43,48,0,0,216.0,29.9,94.6
Cholera,Nigeria,Oyo,Oyo LGA2,2020,43,48,0,0,134.9,28.5,93.9
Cholera,Nigeria,Kano,Kano LGA2,2020,43,48,0,0,194.2,28.5,88.1
Measles,Nigeria,Oyo,Oyo LGA2,2020,43,76,0,0,139.6,37.6,69.2
Measles,Nigeria,Enugu,Enugu LGA2,2020,43,76,0,0,175.7,29.5,73.8
Measles,Nigeria,Lagos,Lagos LGA1,2020,43,76,0,0,104.0,27.5,53.5
Mpox,Nigeria,Enugu,Enugu LGA2,2020,43,0,0,0,97.6,32.7,20.8
Mpox,Nigeria,Ogun,Ogun LGA2,2020,43,0,0,0,144.7,31.1,33.1
Mpox,Nigeria,Kaduna,Kaduna LGA2,2020,43,0,0,0,101.3,26.7,53.9
AFP,Nigeria,Lagos,Lagos LGA1,2020,43,63,0,0,154.9,24.0,22.6
AFP,Nigeria,Lagos,Lagos LGA2,2020,43,63,0,0,8.9,33.9,24.6
AFP,Nigeria,Oyo,Oyo LGA1,2020,43,63,0,0,126.9,25.4,47.5
COVID-19,Nigeria,Oyo,Oyo LGA2,2020,43,0,0,0,39.7,28.5,21.9
COVID-19,Nigeria,Kaduna,Kaduna LGA2,2020,43,0,0,0,146.1,28.6,31.0
COVID-19,Nigeria,Kaduna,Kaduna LGA2,2020,43,0,0,0,66.6,28.1,23.4
Lassa Fever,Nigeria,Lagos,Lagos LGA1,2020,44,79,11,1,47.8,27.9,54.3
Lassa Fever,Nigeria,Kano,Kano LGA1,2020,44,79,11,1,118.6,26.4,54.5
Lassa Fever,Nigeria,Oyo,Oyo LGA2,2020,44,79,11,1,130.0,38.0,62.7
CSM,Nigeria,FCT,FCT LGA1,2020,44,11,0,0,115.2,37.1,85.4
CSM,Nigeria,Oyo,Oyo LGA1,2020,44,11,0,0,49.9,35.5,82.2
CSM,Nigeria,Rivers,Rivers LGA2,2020,44,11,0,0,87.6,36.2,51.3
Yellow Fever,Nigeria,Rivers,Rivers LGA1,2020,44,44,8,0,21.3,25.6,28.7
Yellow Fever,Nigeria,Lagos,Lagos LGA2,2020,44,44,8,0,151.8,29.1,81.4
Yellow Fever,Nigeria,Ogun,Ogun LGA2,2020,44,44,8,0,34.6,33.9,49.7
Cholera,Nigeria,Enugu,Enugu LGA1,2020,44,53,0,0,187.1,30.2,78.6
Cholera,Nigeria,Kano,Kano LGA1,2020,44,53,0,0,156.5,29.5,76.1
Cholera,Nigeria,Oyo,Oyo LGA2,2020,44,53,0,0,218.8,29.7,87.2
Measles,Nigeria,Ogun,Ogun LGA1,2020,44,89,0,0,72.2,26.6,73.4
Measles,Nigeria,FCT,FCT LGA2,2020,44,89,0,0,36.5,26.9,81.1
Measles,Nigeria,Enugu,Enugu LGA2,2020,44,89,0,0,68.9,27.5,56.0
Mpox,Nigeria,FCT,FCT LGA2,2020,44,0,0,0,169.9,35.5,59.9
Mpox,Nigeria,Oyo,Oyo LGA2,2020,44,0,0,0,176.4,27.1,36.2
Mpox,Nigeria,Oyo,Oyo LGA2,2020,44,0,0,0,114.6,33.1,58.0
AFP,Nigeria,Enugu,Enugu LGA2,2020,44,84,0,0,177.8,24.5,56.5
AFP,Nigeria,Ogun,Ogun LGA1,2020,44,84,0,0,98.0,33.6,41.1
AFP,Nigeria,Lagos,Lagos LGA1,2020,44,84,0,0,51.9,35.0,34.0
COVID-19,Nigeria,FCT,FCT LGA1,2020,44,0,0,0,145.8,35.8,28.2
COVID-19,Nigeria,Oyo,Oyo LGA2,2020,44,0,0,0,103.7,37.9,63.7
COVID-19,Nigeria,Rivers,Rivers LGA2,2020,44,0,0,0,112.9,26.7,60.9
Lassa Fever,Nigeria,FCT,FCT LGA2,2020,45,98,5,1,114.4,29.4,44.6
Lassa Fever,Nigeria,Rivers,Rivers LGA2,2020,45,98,5,1,155.2,29.0,73.4
Lassa Fever,Nigeria,Kaduna,Kaduna LGA2,2020,45,98,5,1,162.0,36.3,20.8
CSM,Nigeria,Lagos,Lagos LGA2,2020,45,10,0,0,129.2,26.4,90.0
CSM,Nigeria,Enugu,Enugu LGA2,2020,45,10,0,0,179.0,29.6,54.7
CSM,Nigeria,FCT,FCT LGA2,2020,45,10,0,0,80.9,28.3,35.9
Yellow Fever,Nigeria,Rivers,Rivers LGA1,2020,45,48,10,0,157.0,35.5,40.8
Yellow Fever,Nigeria,Kaduna,Kaduna LGA1,2020,45,48,10,0,63.9,28.6,60.7
Yellow Fever,Nigeria,Rivers,Rivers LGA2,2020,45,48,10,0,90.8,29.1,53.4
Cholera,Nigeria,Ogun,Ogun LGA1,2020,45,0,0,0,149.6,29.0,76.9
Cholera,Nigeria,Kano,Kano LGA1,2020,45,0,0,0,184.4,29.5,85.6
Cholera,Nigeria,Rivers,Rivers LGA2,2020,45,0,0,0,210.6,30.3,76.3
Measles,Nigeria,Rivers,Rivers LGA2,2020,45,139,2,0,64.0,35.3,71.7
Measles,Nigeria,Kaduna,Kaduna LGA2,2020,45,139,2,0,92.3,25.1,68.3
Measles,Nigeria,FCT,FCT LGA1,2020,45,139,2,0,22.0,32.7,66.5
Mpox,Nigeria,Oyo,Oyo LGA1,2020,45,0,0,0,101.1,34.4,51.3
Mpox,Nigeria,FCT,FCT LGA1,2020,45,0,0,0,71.9,33.1,59.3
Mpox,Nigeria,Lagos,Lagos LGA2,2020,45,0,0,0,30.2,32.3,26.6
AFP,Nigeria,Kano,Kano LGA1,2020,45,99,0,0,149.8,36.7,25.2
AFP,Nigeria,Rivers,Rivers LGA2,2020,45,99,0,0,58.9,34.7,60.9
AFP,Nigeria,Kano,Kano LGA2,2020,45,99,0,0,120.3,33.8,26.2
COVID-19,Nigeria,Kano,Kano LGA1,2020,45,0,0,0,176.7,35.8,22.0
COVID-19,Nigeria,Enugu,Enugu LGA1,2020,45,0,0,0,95.0,32.8,42.2
COVID-19,Nigeria,Enugu,Enugu LGA2,2020,45,0,0,0,136.0,25.6,29.5
Lassa Fever,Nigeria,FCT,FCT LGA2,2020,46,91,2,1,9.3,27.3,50.0
Lassa Fever,Nigeria,FCT,FCT LGA1,2020,46,91,2,1,15.7,26.4,52.6
Lassa Fever,Nigeria,FCT,FCT LGA2,2020,46,91,2,1,127.6,37.2,33.9
CSM,Nigeria,Kaduna,Kaduna LGA2,2020,46,5,0,0,29.8,34.4,32.8
CSM,Nigeria,Rivers,Rivers LGA2,2020,46,5,0,0,109.9,33.5,28.4
CSM,Nigeria,Enugu,Enugu LGA1,2020,46,5,0,0,145.7,32.5,63.4
Yellow Fever,Nigeria,Kano,Kano LGA2,2020,46,98,0,1,154.4,32.2,87.0
Yellow Fever,Nigeria,Lagos,Lagos LGA1,2020,46,98,0,1,83.2,37.4,65.7
Yellow Fever,Nigeria,Kano,Kano LGA2,2020,46,98,0,1,75.1,36.9,77.7
Cholera,Nigeria,Oyo,Oyo LGA1,2020,46,14,0,0,140.4,28.1,90.5
Cholera,Nigeria,Lagos,Lagos LGA2,2020,46,14,0,0,156.7,30.8,78.9
Cholera,Nigeria,Ogun,Ogun LGA1,2020,46,14,0,0,221.5,27.1,86.9
Measles,Nigeria,Kaduna,Kaduna LGA1,2020,46,167,0,1,92.0,28.8,86.6
Measles,Nigeria,Rivers,Rivers LGA2,2020,46,167,0,1,57.8,35.2,32.5
Measles,Nigeria,Enugu,Enugu LGA1,2020,46,167,0,1,117.0,25.8,60.9
Mpox,Nigeria,Oyo,Oyo LGA1,2020,46,1,0,0,67.4,36.6,72.8
Mpox,Nigeria,Rivers,Rivers LGA2,2020,46,1,0,0,171.8,32.9,50.7
Mpox,Nigeria,FCT,FCT LGA1,2020,46,1,0,0,136.7,36.2,69.3
AFP,Nigeria,Kaduna,Kaduna LGA1,2020,46,99,0,0,127.4,33.6,81.4
AFP,Nigeria,FCT,FCT LGA1,2020,46,99,0,0,178.2,33.6,49.1
AFP,Nigeria,Kaduna,Kaduna LGA1,2020,46,99,0,0,170.7,36.6,44.7
COVID-19,Nigeria,Enugu,Enugu LGA2,2020,46,0,0,0,92.9,25.4,74.1
COVID-19,Nigeria,Rivers,Rivers LGA2,2020,46,0,0,0,138.9,25.7,85.9
COVID-19,Nigeria,Rivers,Rivers LGA2,2020,46,0,0,0,134.9,25.3,47.7
Lassa Fever,Nigeria,Lagos,Lagos LGA1,2020,47,81,10,2,19.9,27.4,44.2
Lassa Fever,Nigeria,Rivers,Rivers LGA2,2020,47,81,10,2,53.1,34.3,40.7
Lassa Fever,Nigeria,FCT,FCT LGA2,2020,47,81,10,2,110.1,29.7,45.6
CSM,Nigeria,Ogun,Ogun LGA2,2020,47,12,1,0,110.1,35.9,29.7
CSM,Nigeria,Oyo,Oyo LGA2,2020,47,12,1,0,134.1,25.3,71.2
CSM,Nigeria,Kano,Kano LGA1,2020,47,12,1,0,57.8,36.1,88.8
Yellow Fever,Nigeria,Rivers,Rivers LGA2,2020,47,129,1,6,90.5,28.7,84.5
Yellow Fever,Nigeria,Lagos,Lagos LGA1,2020,47,129,1,6,146.9,33.6,45.8
Yellow Fever,Nigeria,Lagos,Lagos LGA2,2020,47,129,1,6,10.9,29.2,22.0
Cholera,Nigeria,Enugu,Enugu LGA2,2020,47,19,0,0,232.0,28.2,79.8
Cholera,Nigeria,Ogun,Ogun LGA2,2020,47,19,0,0,236.4,30.1,88.7
Cholera,Nigeria,Kaduna,Kaduna LGA2,2020,47,19,0,0,164.1,28.3,78.7
Measles,Nigeria,Kano,Kano LGA1,2020,47,122,0,0,111.6,25.8,47.0
Measles,Nigeria,Kano,Kano LGA2,2020,47,122,0,0,106.9,24.7,79.0
Measles,Nigeria,Oyo,Oyo LGA2,2020,47,122,0,0,167.7,37.3,86.7
Mpox,Nigeria,Kaduna,Kaduna LGA1,2020,47,0,0,0,161.7,35.7,60.2
Mpox,Nigeria,Enugu,Enugu LGA1,2020,47,0,0,0,169.6,32.8,62.7
Mpox,Nigeria,FCT,FCT LGA2,2020,47,0,0,0,136.0,24.8,84.8
AFP,Nigeria,Oyo,Oyo LGA2,2020,47,103,0,0,107.8,36.7,32.0
AFP,Nigeria,Ogun,Ogun LGA2,2020,47,103,0,0,145.8,28.6,35.0
AFP,Nigeria,Rivers,Rivers LGA1,2020,47,103,0,0,54.6,37.4,56.5
COVID-19,Nigeria,Oyo,Oyo LGA1,2020,47,0,0,0,160.9,32.1,68.4
COVID-19,Nigeria,Ogun,Ogun LGA2,2020,47,0,0,0,117.8,37.0,80.3
COVID-19,Nigeria,Ogun,Ogun LGA2,2020,47,0,0,0,114.0,31.3,72.1
Lassa Fever,Nigeria,Kaduna,Kaduna LGA2,2020,48,133,6,2,115.3,26.7,80.5
Lassa Fever,Nigeria,FCT,FCT LGA1,2020,48,133,6,2,82.0,29.4,51.5
Lassa Fever,Nigeria,Kaduna,Kaduna LGA1,2020,48,133,6,2,173.9,34.8,60.9
CSM,Nigeria,Kaduna,Kaduna LGA2,2020,48,4,0,0,126.2,29.9,54.1
CSM,Nigeria,Lagos,Lagos LGA1,2020,48,4,0,0,162.4,28.0,30.8
CSM,Nigeria,Kaduna,Kaduna LGA1,2020,48,4,0,0,88.0,37.1,74.4
Yellow Fever,Nigeria,Kano,Kano LGA1,2020,48,283,1,8,32.2,25.2,66.9
Yellow Fever,Nigeria,FCT,FCT LGA1,2020,48,283,1,8,5.9,35.7,89.2
Yellow Fever,Nigeria,Oyo,Oyo LGA2,2020,48,283,1,8,43.2,35.1,29.9
Cholera,Nigeria,Oyo,Oyo LGA2,2020,48,0,0,0,193.1,28.7,76.4
Cholera,Nigeria,Lagos,Lagos LGA1,2020,48,0,0,0,165.4,29.4,88.3
Cholera,Nigeria,Ogun,Ogun LGA2,2020,48,0,0,0,153.9,27.5,79.4
Measles,Nigeria,FCT,FCT LGA1,2020,48,157,0,2,98.5,24.5,21.0
Measles,Nigeria,FCT,FCT LGA2,2020,48,157,0,2,22.6,25.8,82.8
Measles,Nigeria,Rivers,Rivers LGA2,2020,48,157,0,2,155.4,38.0,85.7
Mpox,Nigeria,FCT,FCT LGA1,2020,48,0,0,0,110.2,35.6,46.8
Mpox,Nigeria,Enugu,Enugu LGA2,2020,48,0,0,0,55.9,36.4,50.0
Mpox,Nigeria,Lagos,Lagos LGA2,2020,48,0,0,0,63.6,25.5,33.9
AFP,Nigeria,FCT,FCT LGA2,2020,48,104,0,0,171.0,31.7,83.5
AFP,Nigeria,Kano,Kano LGA1,2020,48,104,0,0,135.7,35.7,45.5
AFP,Nigeria,Kaduna,Kaduna LGA1,2020,48,104,0,0,144.0,26.2,60.0
COVID-19,Nigeria,Ogun,Ogun LGA1,2020,48,0,0,0,154.5,32.2,47.5
COVID-19,Nigeria,Enugu,Enugu LGA2,2020,48,0,0,0,74.3,32.6,37.6
COVID-19,Nigeria,FCT,FCT LGA2,2020,48,0,0,0,39.7,30.8,53.9
Lassa Fever,Nigeria,Kaduna,Kaduna LGA1,2020,49,69,4,1,144.1,24.4,46.4
Lassa Fever,Nigeria,Enugu,Enugu LGA2,2020,49,69,4,1,83.9,27.3,28.2
Lassa Fever,Nigeria,Oyo,Oyo LGA2,2020,49,69,4,1,124.5,32.5,60.5
CSM,Nigeria,Enugu,Enugu LGA1,2020,49,2,0,0,41.3,26.1,54.6
CSM,Nigeria,Oyo,Oyo LGA2,2020,49,2,0,0,81.4,36.3,80.1
CSM,Nigeria,Kaduna,Kaduna LGA1,2020,49,2,0,0,133.3,27.1,85.2
Yellow Fever,Nigeria,Lagos,Lagos LGA1,2020,49,163,2,1,58.7,32.1,40.0
Yellow Fever,Nigeria,Enugu,Enugu LGA2,2020,49,163,2,1,149.6,30.0,84.8
Yellow Fever,Nigeria,Kano,Kano LGA1,2020,49,163,2,1,13.2,27.1,74.9
Cholera,Nigeria,Rivers,Rivers LGA1,2020,49,21,0,0,160.9,28.5,90.4
Cholera,Nigeria,Ogun,Ogun LGA2,2020,49,21,0,0,231.3,30.7,82.6
Cholera,Nigeria,Kano,Kano LGA1,2020,49,21,0,0,212.8,30.9,94.1
Measles,Nigeria,Enugu,Enugu LGA1,2020,49,97,1,0,96.0,35.5,78.7
Measles,Nigeria,Kaduna,Kaduna LGA1,2020,49,97,1,0,92.8,34.3,57.1
Measles,Nigeria,Rivers,Rivers LGA1,2020,49,97,1,0,145.0,34.5,27.5
Mpox,Nigeria,Rivers,Rivers LGA1,2020,49,0,0,0,88.5,34.9,26.5
Mpox,Nigeria,Kaduna,Kaduna LGA2,2020,49,0,0,0,134.3,34.4,48.5
Mpox,Nigeria,Rivers,Rivers LGA2,2020,49,0,0,0,19.7,25.5,71.2
AFP,Nigeria,Lagos,Lagos LGA2,2020,49,79,0,0,150.3,31.0,59.5
AFP,Nigeria,Oyo,Oyo LGA2,2020,49,79,0,0,108.9,34.6,69.3
AFP,Nigeria,Kano,Kano LGA1,2020,49,79,0,0,176.4,33.4,72.9
COVID-19,Nigeria,Kaduna,Kaduna LGA2,2020,49,0,0,0,29.1,33.4,52.7
COVID-19,Nigeria,Oyo,Oyo LGA2,2020,49,0,0,0,155.3,26.1,54.4
COVID-19,Nigeria,Kano,Kano LGA2,2020,49,0,0,0,173.7,24.4,50.8
Lassa Fever,Nigeria,FCT,FCT LGA2,2020,50,59,5,0,32.1,38.0,85.2
Lassa Fever,Nigeria,Rivers,Rivers LGA1,2020,50,59,5,0,109.6,31.0,79.7
Lassa Fever,Nigeria,Rivers,Rivers LGA2,2020,50,59,5,0,11.7,29.8,62.4
CSM,Nigeria,Enugu,Enugu LGA1,2020,50,5,0,0,10.6,26.9,37.2
CSM,Nigeria,Enugu,Enugu LGA2,2020,50,5,0,0,69.8,24.3,80.9
CSM,Nigeria,Rivers,Rivers LGA1,2020,50,5,0,0,92.3,26.0,26.5
Yellow Fever,Nigeria,Ogun,Ogun LGA1,2020,50,55,0,0,165.4,28.4,38.3
Yellow Fever,Nigeria,Kaduna,Kaduna LGA1,2020,50,55,0,0,121.8,30.2,56.9
Yellow Fever,Nigeria,FCT,FCT LGA2,2020,50,55,0,0,48.6,26.2,83.9
Cholera,Nigeria,Rivers,Rivers LGA2,2020,50,4,0,0,236.6,30.0,87.8
Cholera,Nigeria,Enugu,Enugu LGA2,2020,50,4,0,0,171.3,29.6,77.1
Cholera,Nigeria,Kaduna,Kaduna LGA1,2020,50,4,0,0,178.1,30.8,77.4
Measles,Nigeria,Enugu,Enugu LGA2,2020,50,95,1,0,21.0,29.4,76.6
Measles,Nigeria,Ogun,Ogun LGA2,2020,50,95,1,0,164.5,29.6,46.8
Measles,Nigeria,Kaduna,Kaduna LGA2,2020,50,95,1,0,171.3,28.1,32.2
Mpox,Nigeria,Enugu,Enugu LGA1,2020,50,0,0,0,83.3,37.5,38.9
Mpox,Nigeria,Rivers,Rivers LGA2,2020,50,0,0,0,177.2,25.6,55.4
Mpox,Nigeria,Kaduna,Kaduna LGA1,2020,50,0,0,0,13.5,31.5,60.2
AFP,Nigeria,FCT,FCT LGA2,2020,50,80,0,0,18.3,35.1,75.6
AFP,Nigeria,Ogun,Ogun LGA1,2020,50,80,0,0,9.8,30.9,20.8
AFP,Nigeria,Kaduna,Kaduna LGA1,2020,50,80,0,0,52.1,35.5,76.8
COVID-19,Nigeria,FCT,FCT LGA1,2020,50,0,0,0,43.4,31.8,87.0
COVID-19,Nigeria,Ogun,Ogun LGA1,2020,50,0,0,0,166.8,26.6,39.3
COVID-19,Nigeria,FCT,FCT LGA2,2020,50,0,0,0,61.7,31.0,37.1
Lassa Fever,Nigeria,Rivers,Rivers LGA2,2020,51,78,12,1,87.8,29.9,38.9
Lassa Fever,Nigeria,Enugu,Enugu LGA2,2020,51,78,12,1,83.6,33.6,49.5
Lassa Fever,Nigeria,Lagos,Lagos LGA1,2020,51,78,12,1,156.6,37.1,34.5
CSM,Nigeria,Kano,Kano LGA2,2020,51,2,0,0,157.1,26.8,68.1
CSM,Nigeria,FCT,FCT LGA2,2020,51,2,0,0,165.7,36.7,59.5
CSM,Nigeria,Kaduna,Kaduna LGA2,2020,51,2,0,0,109.2,25.8,58.0
Yellow Fever,Nigeria,FCT,FCT LGA1,2020,51,98,0,0,76.8,32.5,70.4
Yellow Fever,Nigeria,Kaduna,Kaduna LGA1,2020,51,98,0,0,112.5,34.8,21.6
Yellow Fever,Nigeria,Oyo,Oyo LGA1,2020,51,98,0,0,108.7,35.1,75.2
Cholera,Nigeria,Rivers,Rivers LGA2,2020,51,2,0,0,158.2,27.6,87.8
Cholera,Nigeria,Enugu,Enugu LGA2,2020,51,2,0,0,172.4,28.1,79.1
Cholera,Nigeria,Rivers,Rivers LGA1,2020,51,2,0,0,154.8,28.0,86.9
Measles,Nigeria,Enugu,Enugu LGA2,2020,51,0,0,0,120.2,30.9,36.2
Measles,Nigeria,Rivers,Rivers LGA1,2020,51,0,0,0,67.9,33.2,83.5
Measles,Nigeria,FCT,FCT LGA2,2020,51,0,0,0,61.7,35.3,81.2
Mpox,Nigeria,Kano,Kano LGA1,2020,51,0,0,0,108.2,32.2,43.6
Mpox,Nigeria,Enugu,Enugu LGA1,2020,51,0,0,0,125.3,32.1,83.9
Mpox,Nigeria,FCT,FCT LGA2,2020,51,0,0,0,65.2,34.9,38.6
AFP,Nigeria,Oyo,Oyo LGA2,2020,51,76,0,0,88.4,24.9,49.0
AFP,Nigeria,Kaduna,Kaduna LGA1,2020,51,76,0,0,143.9,32.3,31.3
AFP,Nigeria,Ogun,Ogun LGA2,2020,51,76,0,0,105.8,34.4,88.8
COVID-19,Nigeria,Kaduna,Kaduna LGA1,2020,51,0,0,0,29.3,36.3,53.4
COVID-19,Nigeria,Enugu,Enugu LGA2,2020,51,0,0,0,67.4,28.0,79.0
COVID-19,Nigeria,FCT,FCT LGA2,2020,51,0,0,0,103.1,26.7,52.1
Lassa Fever,Nigeria,Oyo,Oyo LGA2,2020,52,64,6,1,45.6,26.8,89.0
Lassa Fever,Nigeria,FCT,FCT LGA2,2020,52,64,6,1,156.9,34.8,72.8
Lassa Fever,Nigeria,Lagos,Lagos LGA1,2020,52,64,6,1,8.2,38.0,42.7
CSM,Nigeria,Rivers,Rivers LGA2,2020,52,1,0,0,177.0,24.5,74.4
CSM,Nigeria,Lagos,Lagos LGA1,2020,52,1,0,0,40.6,37.3,44.2
CSM,Nigeria,Enugu,Enugu LGA1,2020,52,1,0,0,97.0,26.0,31.2
Yellow Fever,Nigeria,Kaduna,Kaduna LGA2,2020,52,36,0,0,125.0,28.5,67.7
Yellow Fever,Nigeria,Kaduna,Kaduna LGA2,2020,52,36,0,0,50.2,29.8,66.7
Yellow Fever,Nigeria,Lagos,Lagos LGA1,2020,52,36,0,0,115.8,27.4,72.2
Cholera,Nigeria,Oyo,Oyo LGA2,2020,52,0,0,0,151.6,29.8,94.0
Cholera,Nigeria,Ogun,Ogun LGA2,2020,52,0,0,0,177.7,30.7,80.6
Cholera,Nigeria,FCT,FCT LGA1,2020,52,0,0,0,224.8,28.2,88.3
Measles,Nigeria,Kano,Kano LGA1,2020,52,71,0,3,82.6,36.7,27.3
Measles,Nigeria,Lagos,Lagos LGA1,2020,52,71,0,3,45.9,28.5,67.4
Measles,Nigeria,Oyo,Oyo LGA2,2020,52,71,0,3,89.6,27.0,74.2
Mpox,Nigeria,Kaduna,Kaduna LGA1,2020,52,1,0,0,46.3,32.4,46.7
Mpox,Nigeria,Oyo,Oyo LGA1,2020,52,1,0,0,16.6,25.0,38.3
Mpox,Nigeria,Rivers,Rivers LGA1,2020,52,1,0,0,59.8,26.3,78.1
AFP,Nigeria,Kaduna,Kaduna LGA2,2020,52,49,0,0,50.4,30.7,87.3
AFP,Nigeria,Ogun,Ogun LGA1,2020,52,49,0,0,136.6,36.3,75.6
AFP,Nigeria,Kaduna,Kaduna LGA1,2020,52,49,0,0,178.8,32.6,26.5
COVID-19,Nigeria,Ogun,Ogun LGA1,2020,52,0,0,0,129.5,29.5,74.9
COVID-19,Nigeria,Kaduna,Kaduna LGA2,2020,52,0,0,0,32.8,36.2,51.8
COVID-19,Nigeria,Ogun,Ogun LGA1,2020,52,0,0,0,46.6,36.3,63.2
Lassa Fever,Nigeria,Lagos,Lagos LGA1,2020,1,98,18,1,169.2,33.4,33.3
Lassa Fever,Nigeria,Kano,Kano LGA2,2020,1,98,18,1,125.2,27.1,85.3
Lassa Fever,Nigeria,Ogun,Ogun LGA1,2020,1,98,18,1,174.0,37.2,57.5
CSM,Nigeria,Kano,Kano LGA2,2020,1,10,0,1,139.7,33.7,83.9
CSM,Nigeria,Rivers,Rivers LGA1,2020,1,10,0,1,59.3,34.5,32.6
CSM,Nigeria,Kano,Kano LGA1,2020,1,10,0,1,17.9,29.8,21.0
Yellow Fever,Nigeria,FCT,FCT LGA1,2020,1,19,0,0,27.8,28.2,77.1
Yellow Fever,Nigeria,Oyo,Oyo LGA1,2020,1,19,0,0,126.0,33.5,50.4
Yellow Fever,Nigeria,Oyo,Oyo LGA1,2020,1,19,0,0,110.8,35.1,82.4
Cholera,Nigeria,Enugu,Enugu LGA2,2020,1,33,0,2,228.4,28.1,78.7
Cholera,Nigeria,Rivers,Rivers LGA1,2020,1,33,0,2,188.0,28.2,82.9
Cholera,Nigeria,Lagos,Lagos LGA2,2020,1,33,0,2,163.6,29.9,93.7
Measles,Nigeria,Lagos,Lagos LGA1,2020,1,183,0,0,109.2,26.3,55.2
Measles,Nigeria,Kano,Kano LGA1,2020,1,183,0,0,42.0,27.1,32.1
Measles,Nigeria,FCT,FCT LGA2,2020,1,183,0,0,100.7,31.8,64.5
Mpox,Nigeria,Oyo,Oyo LGA2,2020,1,0,0,0,175.4,35.2,39.3
Mpox,Nigeria,Lagos,Lagos LGA1,2020,1,0,0,0,127.3,26.1,50.3
Mpox,Nigeria,Kaduna,Kaduna LGA1,2020,1,0,0,0,67.1,33.7,81.5
AFP,Nigeria,Kano,Kano LGA1,2020,1,31,0,0,49.6,30.1,84.0
AFP,Nigeria,Oyo,Oyo LGA2,2020,1,31,0,0,69.7,25.3,66.8
AFP,Nigeria,Rivers,Rivers LGA1,2020,1,31,0,0,155.5,27.6,82.4
Lassa Fever,Nigeria,FCT,FCT LGA2,2020,2,158,64,12,26.3,28.5,71.4
Lassa Fever,Nigeria,Enugu,Enugu LGA1,2020,2,158,64,12,114.7,35.2,71.9
Lassa Fever,Nigeria,Kaduna,Kaduna LGA2,2020,2,158,64,12,14.9,31.7,30.5
CSM,Nigeria,Rivers,Rivers LGA2,2020,2,7,0,0,102.8,28.2,47.5
CSM,Nigeria,Kano,Kano LGA2,2020,2,7,0,0,158.8,31.7,65.3
CSM,Nigeria,Enugu,Enugu LGA1,2020,2,7,0,0,130.0,28.7,67.2
Yellow Fever,Nigeria,Rivers,Rivers LGA2,2020,2,44,0,0,154.4,32.0,34.1
Yellow Fever,Nigeria,Kaduna,Kaduna LGA2,2020,2,44,0,0,90.5,32.9,31.9
Yellow Fever,Nigeria,Kaduna,Kaduna LGA1,2020,2,44,0,0,160.6,27.3,26.6
Cholera,Nigeria,Ogun,Ogun LGA1,2020,2,19,0,4,232.3,27.3,81.9
Cholera,Nigeria,Rivers,Rivers LGA1,2020,2,19,0,4,208.0,27.7,92.6
Cholera,Nigeria,Kaduna,Kaduna LGA2,2020,2,19,0,4,140.1,28.5,80.9
Measles,Nigeria,Kaduna,Kaduna LGA2,2020,2,370,1,0,154.0,30.7,77.7
Measles,Nigeria,Kano,Kano LGA2,2020,2,370,1,0,56.9,37.0,64.5
Measles,Nigeria,Enugu,Enugu LGA1,2020,2,370,1,0,96.8,37.1,63.9
Mpox,Nigeria,Kano,Kano LGA2,2020,2,4,0,0,68.1,26.5,59.1
Mpox,Nigeria,Enugu,Enugu LGA1,2020,2,4,0,0,129.9,34.7,29.2
Mpox,Nigeria,Kaduna,Kaduna LGA1,2020,2,4,0,0,173.2,33.6,70.5
AFP,Nigeria,Kaduna,Kaduna LGA2,2020,2,69,0,0,114.7,30.3,54.8
AFP,Nigeria,Kaduna,Kaduna LGA2,2020,2,69,0,0,125.8,25.8,28.0
AFP,Nigeria,Kaduna,Kaduna LGA1,2020,2,69,0,0,126.9,31.3,24.6
Lassa Fever,Nigeria,Oyo,Oyo LGA2,2020,3,159,81,10,137.7,37.6,30.2
Lassa Fever,Nigeria,Kano,Kano LGA2,2020,3,159,81,10,34.2,29.2,84.3
Lassa Fever,Nigeria,FCT,FCT LGA2,2020,3,159,81,10,24.0,30.0,56.7
CSM,Nigeria,Kaduna,Kaduna LGA1,2020,3,9,0,0,127.2,26.1,71.2
CSM,Nigeria,Lagos,Lagos LGA2,2020,3,9,0,0,155.9,33.7,24.9
CSM,Nigeria,Enugu,Enugu LGA2,2020,3,9,0,0,44.3,28.0,81.3
Yellow Fever,Nigeria,Enugu,Enugu LGA1,2020,3,34,0,0,120.7,35.2,51.9
Yellow Fever,Nigeria,Kano,Kano LGA2,2020,3,34,0,0,148.2,29.9,49.9
Yellow Fever,Nigeria,FCT,FCT LGA2,2020,3,34,0,0,125.8,24.9,23.3
Cholera,Nigeria,Enugu,Enugu LGA1,2020,3,20,0,0,236.3,28.9,86.3
Cholera,Nigeria,Ogun,Ogun LGA2,2020,3,20,0,0,189.7,30.6,75.7
Cholera,Nigeria,FCT,FCT LGA1,2020,3,20,0,0,132.7,29.0,87.3
Measles,Nigeria,Kaduna,Kaduna LGA1,2020,3,470,0,3,46.3,32.2,32.1
Measles,Nigeria,Kano,Kano LGA1,2020,3,470,0,3,162.8,31.5,22.7
Measles,Nigeria,Kaduna,Kaduna LGA2,2020,3,470,0,3,168.9,33.3,63.3
Mpox,Nigeria,Ogun,Ogun LGA2,2020,3,0,0,0,169.5,25.8,30.9
Mpox,Nigeria,FCT,FCT LGA1,2020,3,0,0,0,81.9,28.6,21.1
Mpox,Nigeria,Kaduna,Kaduna LGA2,2020,3,0,0,0,7.0,32.4,65.1
AFP,Nigeria,Lagos,Lagos LGA1,2020,3,93,0,0,122.6,32.1,67.7
AFP,Nigeria,Oyo,Oyo LGA1,2020,3,93,0,0,7.4,30.6,50.6
AFP,Nigeria,Kano,Kano LGA1,2020,3,93,0,0,7.5,24.2,21.8
Lassa Fever,Nigeria,Kano,Kano LGA1,2020,4,318,95,19,115.2,30.3,44.6
Lassa Fever,Nigeria,Kano,Kano LGA1,2020,4,318,95,19,90.2,24.5,37.9
Lassa Fever,Nigeria,Rivers,Rivers LGA2,2020,4,318,95,19,102.0,36.9,79.9
CSM,Nigeria,Oyo,Oyo LGA2,2020,4,14,0,0,80.4,26.9,67.1
CSM,Nigeria,Kano,Kano LGA2,2020,4,14,0,0,101.8,28.9,62.3
CSM,Nigeria,Enugu,Enugu LGA1,2020,4,14,0,0,123.0,35.0,53.0
Yellow Fever,Nigeria,FCT,FCT LGA2,2020,4,32,0,0,143.9,32.7,30.7
Yellow Fever,Nigeria,Lagos,Lagos LGA1,2020,4,32,0,0,145.1,30.4,75.2
Yellow Fever,Nigeria,Kano,Kano LGA2,2020,4,32,0,0,82.3,35.0,81.4
Cholera,Nigeria,Oyo,Oyo LGA1,2020,4,74,0,4,228.6,30.2,91.4
Cholera,Nigeria,Lagos,Lagos LGA2,2020,4,74,0,4,140.0,28.2,81.9
Cholera,Nigeria,Oyo,Oyo LGA1,2020,4,74,0,4,155.0,27.1,77.8
Measles,Nigeria,Oyo,Oyo LGA1,2020,4,591,0,2,171.2,29.3,48.3
Measles,Nigeria,Kaduna,Kaduna LGA1,2020,4,591,0,2,60.0,37.5,52.3
Measles,Nigeria,Kaduna,Kaduna LGA2,2020,4,591,0,2,135.9,26.9,26.1
Mpox,Nigeria,Lagos,Lagos LGA1,2020,4,0,0,0,61.2,25.5,81.3
Mpox,Nigeria,FCT,FCT LGA2,2020,4,0,0,0,125.4,26.9,85.1
Mpox,Nigeria,Lagos,Lagos LGA1,2020,4,0,0,0,101.9,37.7,43.2
AFP,Nigeria,Ogun,Ogun LGA2,2020,4,90,0,0,151.1,36.8,67.5
AFP,Nigeria,Lagos,Lagos LGA1,2020,4,90,0,0,16.5,34.0,40.3
AFP,Nigeria,Enugu,Enugu LGA2,2020,4,90,0,0,91.4,27.2,72.7
Lassa Fever,Nigeria,Lagos,Lagos LGA1,2020,5,531,104,6,173.1,37.4,24.8
Lassa Fever,Nigeria,Kano,Kano LGA1,2020,5,531,104,6,14.9,36.4,60.0
Lassa Fever,Nigeria,Rivers,Rivers LGA2,2020,5,531,104,6,142.3,36.8,79.5
CSM,Nigeria,Kano,Kano LGA2,2020,5,18,0,0,72.1,25.8,80.7
CSM,Nigeria,Ogun,Ogun LGA1,2020,5,18,0,0,112.8,35.0,79.0
CSM,Nigeria,Kano,Kano LGA1,2020,5,18,0,0,80.0,26.8,52.5
Yellow Fever,Nigeria,Lagos,Lagos LGA1,2020,5,34,0,0,39.4,28.9,83.4
Yellow Fever,Nigeria,Ogun,Ogun LGA1,2020,5,34,0,0,46.4,31.2,70.9
Yellow Fever,Nigeria,Oyo,Oyo LGA2,2020,5,34,0,0,7.4,36.7,66.4
Cholera,Nigeria,Ogun,Ogun LGA2,2020,5,198,0,9,231.2,27.8,81.8
Cholera,Nigeria,Lagos,Lagos LGA1,2020,5,198,0,9,139.1,30.1,79.7
Cholera,Nigeria,FCT,FCT LGA2,2020,5,198,0,9,127.9,27.9,82.7
Measles,Nigeria,Enugu,Enugu LGA1,2020,5,391,0,1,46.1,37.3,37.6
Measles,Nigeria,Oyo,Oyo LGA2,2020,5,391,0,1,82.1,25.3,47.3
Measles,Nigeria,Rivers,Rivers LGA1,2020,5,391,0,1,168.5,33.9,67.6
Mpox,Nigeria,Oyo,Oyo LGA1,2020,5,0,0,0,19.1,28.8,64.5
Mpox,Nigeria,Ogun,Ogun LGA2,2020,5,0,0,0,133.3,33.7,52.9
Mpox,Nigeria,Lagos,Lagos LGA1,2020,5,0,0,0,178.0,29.3,69.9
AFP,Nigeria,Lagos,Lagos LGA1,2020,5,102,0,0,120.7,31.5,20.1
AFP,Nigeria,Ogun,Ogun LGA1,2020,5,102,0,0,133.7,29.8,43.8
AFP,Nigeria,Kano,Kano LGA1,2020,5,102,0,0,102.5,27.2,74.3
Lassa Fever,Nigeria,Rivers,Rivers LGA2,2020,6,482,109,8,93.6,28.3,37.2
Lassa Fever,Nigeria,Ogun,Ogun LGA1,2020,6,482,109,8,65.4,28.4,30.2
Lassa Fever,Nigeria,Lagos,Lagos LGA1,2020,6,482,109,8,71.2,30.2,41.4
CSM,Nigeria,Lagos,Lagos LGA1,2020,6,10,0,0,127.4,29.3,81.2
CSM,Nigeria,Enugu,Enugu LGA1,2020,6,10,0,0,167.1,32.9,25.5
CSM,Nigeria,FCT,FCT LGA1,2020,6,10,0,0,28.4,32.7,84.9
Yellow Fever,Nigeria,Kaduna,Kaduna LGA1,2020,6,37,0,0,154.3,33.9,29.3
Yellow Fever,Nigeria,Oyo,Oyo LGA1,2020,6,37,0,0,115.9,36.7,64.1
Yellow Fever,Nigeria,Kaduna,Kaduna LGA2,2020,6,37,0,0,178.9,34.5,76.0
Cholera,Nigeria,Ogun,Ogun LGA2,2020,6,257,0,4,187.3,29.4,83.5
Cholera,Nigeria,Kano,Kano LGA2,2020,6,257,0,4,172.6,29.9,80.4
Cholera,Nigeria,Lagos,Lagos LGA2,2020,6,257,0,4,183.0,28.1,86.4
Measles,Nigeria,Enugu,Enugu LGA1,2020,6,521,17,1,10.5,30.9,30.7
Measles,Nigeria,FCT,FCT LGA2,2020,6,521,17,1,54.1,30.4,26.2
Measles,Nigeria,FCT,FCT LGA2,2020,6,521,17,1,6.7,30.8,81.6
Mpox,Nigeria,FCT,FCT LGA2,2020,6,0,0,0,79.8,30.6,20.1
Mpox,Nigeria,Kano,Kano LGA1,2020,6,0,0,0,160.3,33.6,82.0
Mpox,Nigeria,Ogun,Ogun LGA2,2020,6,0,0,0,110.6,28.5,88.5
AFP,Nigeria,Enugu,Enugu LGA2,2020,6,74,0,0,52.0,37.5,33.7
AFP,Nigeria,Kaduna,Kaduna LGA2,2020,6,74,0,0,107.5,28.6,43.7
AFP,Nigeria,Kaduna,Kaduna LGA1,2020,6,74,0,0,138.3,26.3,70.1
Lassa Fever,Nigeria,Enugu,Enugu LGA1,2020,7,471,115,18,152.4,25.4,29.9
Lassa Fever,Nigeria,Lagos,Lagos LGA1,2020,7,471,115,18,130.5,35.3,79.9
Lassa Fever,Nigeria,Kano,Kano LGA1,2020,7,471,115,18,146.9,29.2,65.6
CSM,Nigeria,Rivers,Rivers LGA1,2020,7,15,0,0,132.8,28.7,49.5
CSM,Nigeria,Kano,Kano LGA1,2020,7,15,0,0,50.1,30.9,43.6
CSM,Nigeria,Enugu,Enugu LGA1,2020,7,15,0,0,120.4,31.5,70.1
Yellow Fever,Nigeria,Lagos,Lagos LGA1,2020,7,42,0,0,160.7,37.0,30.1
Yellow Fever,Nigeria,FCT,FCT LGA2,2020,7,42,0,0,40.2,30.1,60.8
Yellow Fever,Nigeria,Enugu,Enugu LGA1,2020,7,42,0,0,85.8,30.1,41.7
Cholera,Nigeria,Kano,Kano LGA1,2020,7,0,0,0,123.1,30.2,85.6
Cholera,Nigeria,Ogun,Ogun LGA2,2020,7,0,0,0,179.5,28.7,77.9
Cholera,Nigeria,Enugu,Enugu LGA1,2020,7,0,0,0,202.1,28.4,90.4
Measles,Nigeria,Oyo,Oyo LGA1,2020,7,779,1,1,83.9,30.8,71.3
Measles,Nigeria,FCT,FCT LGA2,2020,7,779,1,1,178.4,26.2,48.8
Measles,Nigeria,Kaduna,Kaduna LGA2,2020,7,779,1,1,26.7,32.2,24.6
Mpox,Nigeria,Ogun,Ogun LGA2,2020,7,2,0,0,137.5,26.8,66.5
Mpox,Nigeria,Rivers,Rivers LGA1,2020,7,2,0,0,178.9,30.9,64.9
Mpox,Nigeria,Ogun,Ogun LGA1,2020,7,2,0,0,15.1,28.0,84.6
AFP,Nigeria,Ogun,Ogun LGA1,2020,7,104,0,0,159.1,27.8,75.9
AFP,Nigeria,Ogun,Ogun LGA2,2020,7,104,0,0,106.1,36.9,20.9
AFP,Nigeria,Kaduna,Kaduna LGA1,2020,7,104,0,0,165.6,30.5,56.1
Lassa Fever,Nigeria,Kano,Kano LGA1,2020,8,456,102,13,30.7,36.5,82.9
Lassa Fever,Nigeria,Enugu,Enugu LGA2,2020,8,456,102,13,13.7,32.3,52.1
Lassa Fever,Nigeria,Enugu,Enugu LGA2,2020,8,456,102,13,146.4,33.8,86.0
CSM,Nigeria,Lagos,Lagos LGA2,2020,8,15,0,0,95.5,38.0,70.7
CSM,Nigeria,Oyo,Oyo LGA2,2020,8,15,0,0,16.7,37.1,63.1
CSM,Nigeria,Kano,Kano LGA2,2020,8,15,0,0,149.4,26.7,69.7
Yellow Fever,Nigeria,Kano,Kano LGA2,2020,8,25,0,0,9.7,32.5,79.6
Yellow Fever,Nigeria,FCT,FCT LGA1,2020,8,25,0,0,92.0,33.2,49.2
Yellow Fever,Nigeria,Rivers,Rivers LGA2,2020,8,25,0,0,59.6,24.3,40.5
Cholera,Nigeria,Lagos,Lagos LGA1,2020,8,1,0,0,221.5,27.1,93.6
Cholera,Nigeria,Enugu,Enugu LGA2,2020,8,1,0,0,238.8,31.0,85.7
Cholera,Nigeria,Kano,Kano LGA1,2020,8,1,0,0,236.1,27.6,90.7
Measles,Nigeria,Kano,Kano LGA2,2020,8,871,6,5,78.5,28.9,83.2
Measles,Nigeria,Oyo,Oyo LGA1,2020,8,871,6,5,59.0,31.0,79.7
Measles,Nigeria,Ogun,Ogun LGA2,2020,8,871,6,5,116.3,34.0,73.4
Mpox,Nigeria,Oyo,Oyo LGA2,2020,8,0,0,0,140.1,37.7,88.5
Mpox,Nigeria,Ogun,Ogun LGA1,2020,8,0,0,0,125.2,34.7,25.6
Mpox,Nigeria,Lagos,Lagos LGA2,2020,8,0,0,0,154.2,35.3,72.1
AFP,Nigeria,Ogun,Ogun LGA1,2020,8,105,0,0,99.5,37.5,44.3
AFP,Nigeria,Kaduna,Kaduna LGA2,2020,8,105,0,0,38.7,34.3,59.3
AFP,Nigeria,FCT,FCT LGA2,2020,8,105,0,0,71.3,37.7,86.7
Lassa Fever,Nigeria,Lagos,Lagos LGA1,2020,10,378,81,10,123.8,34.4,48.0
Lassa Fever,Nigeria,Kaduna,Kaduna LGA1,2020,10,378,81,10,39.3,33.6,77.9
Lassa Fever,Nigeria,FCT,FCT LGA2,2020,10,378,81,10,28.4,27.4,32.4
CSM,Nigeria,Ogun,Ogun LGA1,2020,10,13,0,0,33.9,37.8,52.4
CSM,Nigeria,Ogun,Ogun LGA1,2020,10,13,0,0,59.8,34.1,81.0
CSM,Nigeria,Oyo,Oyo LGA1,2020,10,13,0,0,165.9,35.5,37.9
Yellow Fever,Nigeria,FCT,FCT LGA2,2020,10,27,0,0,117.7,34.2,59.5
Yellow Fever,Nigeria,Oyo,Oyo LGA1,2020,10,27,0,0,160.4,29.7,88.7
Yellow Fever,Nigeria,Rivers,Rivers LGA1,2020,10,27,0,0,38.6,37.5,20.3
Cholera,Nigeria,FCT,FCT LGA1,2020,10,0,0,0,150.2,30.5,77.8
Cholera,Nigeria,Ogun,Ogun LGA1,2020,10,0,0,0,174.4,27.3,91.4
Cholera,Nigeria,FCT,FCT LGA1,2020,10,0,0,0,153.1,29.3,84.0
Measles,Nigeria,Kano,Kano LGA1,2020,10,921,0,5,158.8,27.1,88.7
Measles,Nigeria,Oyo,Oyo LGA2,2020,10,921,0,5,90.1,36.4,56.7
Measles,Nigeria,Enugu,Enugu LGA1,2020,10,921,0,5,20.1,36.9,44.9
Mpox,Nigeria,Enugu,Enugu LGA1,2020,10,0,0,0,78.1,33.4,86.0
Mpox,Nigeria,Enugu,Enugu LGA1,2020,10,0,0,0,66.2,29.6,82.4
Mpox,Nigeria,Rivers,Rivers LGA2,2020,10,0,0,0,123.4,28.3,80.3
AFP,Nigeria,Lagos,Lagos LGA2,2020,10,85,0,0,148.7,27.6,52.9
AFP,Nigeria,Lagos,Lagos LGA2,2020,10,85,0,0,66.1,33.5,79.9
AFP,Nigeria,Kano,Kano LGA1,2020,10,85,0,0,26.3,31.9,35.3
Lassa Fever,Nigeria,FCT,FCT LGA1,2020,11,319,51,9,67.6,26.0,38.9
Lassa Fever,Nigeria,Oyo,Oyo LGA1,2020,11,319,51,9,8.3,28.7,60.6
Lassa Fever,Nigeria,Ogun,Ogun LGA1,2020,11,319,51,9,10.3,26.5,35.8
CSM,Nigeria,Rivers,Rivers LGA2,2020,11,11,0,0,109.7,37.9,86.2
CSM,Nigeria,Ogun,Ogun LGA1,2020,11,11,0,0,90.3,27.2,21.0
CSM,Nigeria,Enugu,Enugu LGA1,2020,11,11,0,0,77.3,36.5,25.2
Yellow Fever,Nigeria,Oyo,Oyo LGA2,2020,11,35,0,0,5.8,28.4,86.0
Yellow Fever,Nigeria,Lagos,Lagos LGA2,2020,11,35,0,0,32.0,31.4,21.0
Yellow Fever,Nigeria,Enugu,Enugu LGA1,2020,11,35,0,0,137.9,25.7,27.1
Cholera,Nigeria,Enugu,Enugu LGA1,2020,11,7,0,0,213.3,30.7,80.8
Cholera,Nigeria,Kano,Kano LGA2,2020,11,7,0,0,220.4,27.5,79.6
Cholera,Nigeria,Enugu,Enugu LGA1,2020,11,7,0,0,221.4,30.6,85.4
Measles,Nigeria,Oyo,Oyo LGA2,2020,11,1092,12,0,94.6,24.0,58.9
Measles,Nigeria,Rivers,Rivers LGA1,2020,11,1092,12,0,153.5,34.0,23.9
Measles,Nigeria,Lagos,Lagos LGA1,2020,11,1092,12,0,29.2,33.7,34.1
Mpox,Nigeria,Lagos,Lagos LGA2,2020,11,1,1,0,61.2,27.4,86.8
Mpox,Nigeria,Rivers,Rivers LGA1,2020,11,1,1,0,111.0,34.6,50.5
Mpox,Nigeria,FCT,FCT LGA2,2020,11,1,1,0,29.8,29.1,42.5
AFP,Nigeria,Oyo,Oyo LGA2,2020,11,92,0,0,174.1,34.6,73.4
AFP,Nigeria,Ogun,Ogun LGA1,2020,11,92,0,0,69.7,26.3,69.0
AFP,Nigeria,Rivers,Rivers LGA2,2020,11,92,0,0,105.1,25.0,54.2
Lassa Fever,Nigeria,Enugu,Enugu LGA2,2020,12,279,28,3,18.0,30.2,51.5
Lassa Fever,Nigeria,Oyo,Oyo LGA2,2020,12,279,28,3,61.3,26.2,89.0
Lassa Fever,Nigeria,Rivers,Rivers LGA1,2020,12,279,28,3,111.0,35.7,31.8
CSM,Nigeria,FCT,FCT LGA1,2020,12,46,0,2,173.1,34.9,32.5
CSM,Nigeria,FCT,FCT LGA2,2020,12,46,0,2,129.8,33.8,51.3
CSM,Nigeria,Ogun,Ogun LGA2,2020,12,46,0,2,55.8,32.2,25.7
Yellow Fever,Nigeria,Kano,Kano LGA2,2020,12,33,0,0,137.2,28.3,36.8
Yellow Fever,Nigeria,Lagos,Lagos LGA2,2020,12,33,0,0,142.1,26.1,39.2
Yellow Fever,Nigeria,FCT,FCT LGA1,2020,12,33,0,0,43.7,31.6,64.2
Cholera,Nigeria,Lagos,Lagos LGA1,2020,12,0,0,0,160.1,30.7,91.7
Cholera,Nigeria,Oyo,Oyo LGA2,2020,12,0,0,0,130.1,29.4,76.3
Cholera,Nigeria,Lagos,Lagos LGA2,2020,12,0,0,0,201.0,30.3,76.2
Measles,Nigeria,Rivers,Rivers LGA2,2020,12,1069,0,0,174.9,35.5,71.3
Measles,Nigeria,Kano,Kano LGA2,2020,12,1069,0,0,158.7,31.4,54.3
Measles,Nigeria,Lagos,Lagos LGA1,2020,12,1069,0,0,124.8,32.9,67.3
Mpox,Nigeria,Ogun,Ogun LGA2,2020,12,0,0,0,177.2,25.9,48.8
Mpox,Nigeria,Ogun,Ogun LGA2,2020,12,0,0,0,11.5,26.2,33.7
Mpox,Nigeria,Kano,Kano LGA2,2020,12,0,0,0,61.9,30.9,43.1
AFP,Nigeria,Ogun,Ogun LGA1,2020,12,104,0,0,14.3,28.3,55.4
AFP,Nigeria,Enugu,Enugu LGA2,2020,12,104,0,0,170.8,30.0,54.2
AFP,Nigeria,Kaduna,Kaduna LGA2,2020,12,104,0,0,80.7,35.6,46.0
Lassa Fever,Nigeria,Oyo,Oyo LGA1,2020,13,182,19,1,123.3,36.8,69.1
Lassa Fever,Nigeria,Kaduna,Kaduna LGA1,2020,13,182,19,1,129.1,35.8,80.9
Lassa Fever,Nigeria,Rivers,Rivers LGA2,2020,13,182,19,1,56.3,36.3,42.5
CSM,Nigeria,FCT,FCT LGA2,2020,13,18,0,0,23.3,36.6,41.3
CSM,Nigeria,Oyo,Oyo LGA1,2020,13,18,0,0,72.8,29.0,42.2
CSM,Nigeria,FCT,FCT LGA2,2020,13,18,0,0,177.4,36.7,35.2
Yellow Fever,Nigeria,Lagos,Lagos LGA2,2020,13,29,0,0,173.3,31.3,53.8
Yellow Fever,Nigeria,Oyo,Oyo LGA1,2020,13,29,0,0,57.6,32.0,52.1
Yellow Fever,Nigeria,Rivers,Rivers LGA1,2020,13,29,0,0,31.8,24.4,24.3
Cholera,Nigeria,Kano,Kano LGA2,2020,13,6,0,0,184.4,28.2,83.5
Cholera,Nigeria,Rivers,Rivers LGA1,2020,13,6,0,0,190.2,27.9,90.2
Cholera,Nigeria,FCT,FCT LGA2,2020,13,6,0,0,124.9,29.3,89.4
Measles,Nigeria,Enugu,Enugu LGA2,2020,13,894,0,4,131.6,35.7,31.3
Measles,Nigeria,FCT,FCT LGA2,2020,13,894,0,4,88.7,37.7,31.5
Measles,Nigeria,Kano,Kano LGA2,2020,13,894,0,4,13.4,35.2,80.9
Mpox,Nigeria,Rivers,Rivers LGA2,2020,13,2,1,0,83.3,24.4,72.9
Mpox,Nigeria,Kaduna,Kaduna LGA1,2020,13,2,1,0,115.0,32.4,89.7
Mpox,Nigeria,Kaduna,Kaduna LGA2,2020,13,2,1,0,145.0,37.5,53.1
AFP,Nigeria,Lagos,Lagos LGA1,2020,13,61,0,0,81.3,34.7,81.8
AFP,Nigeria,Enugu,Enugu LGA2,2020,13,61,0,0,22.7,25.8,71.8
AFP,Nigeria,Kaduna,Kaduna LGA2,2020,13,61,0,0,151.8,35.5,71.8
Lassa Fever,Nigeria,Rivers,Rivers LGA2,2020,9,443,85,11,63.9,29.5,56.0
Lassa Fever,Nigeria,Ogun,Ogun LGA1,2020,9,443,85,11,129.2,32.1,52.0
Lassa Fever,Nigeria,Kaduna,Kaduna LGA2,2020,9,443,85,11,141.6,31.3,83.4
CSM,Nigeria,Kano,Kano LGA2,2020,9,8,0,0,96.4,26.4,48.5
CSM,Nigeria,Lagos,Lagos LGA1,2020,9,8,0,0,97.3,36.0,51.4
CSM,Nigeria,Rivers,Rivers LGA1,2020,9,8,0,0,141.9,34.0,24.8
Yellow Fever,Nigeria,Kano,Kano LGA2,2020,9,48,0,0,133.6,36.7,22.2
Yellow Fever,Nigeria,Oyo,Oyo LGA2,2020,9,48,0,0,19.6,37.5,61.5
Yellow Fever,Nigeria,FCT,FCT LGA1,2020,9,48,0,0,30.2,37.8,68.6
Cholera,Nigeria,FCT,FCT LGA2,2020,9,0,0,0,211.2,27.4,88.8
Cholera,Nigeria,Kaduna,Kaduna LGA2,2020,9,0,0,0,229.3,29.7,85.2
Cholera,Nigeria,Enugu,Enugu LGA2,2020,9,0,0,0,129.2,29.0,80.0
Measles,Nigeria,Kaduna,Kaduna LGA1,2020,9,764,0,2,131.4,35.4,22.8
Measles,Nigeria,FCT,FCT LGA2,2020,9,764,0,2,147.5,37.8,71.5
Measles,Nigeria,Ogun,Ogun LGA1,2020,9,764,0,2,41.3,34.7,49.9
Mpox,Nigeria,Ogun,Ogun LGA1,2020,9,0,0,0,93.4,34.6,68.6
Mpox,Nigeria,Kaduna,Kaduna LGA1,2020,9,0,0,0,119.8,36.2,60.3
Mpox,Nigeria,Kaduna,Kaduna LGA1,2020,9,0,0,0,112.5,26.0,88.1
AFP,Nigeria,Enugu,Enugu LGA2,2020,9,81,0,0,109.6,26.5,54.0
AFP,Nigeria,Ogun,Ogun LGA1,2020,9,81,0,0,107.8,29.7,29.4
AFP,Nigeria,Lagos,Lagos LGA1,2020,9,81,0,0,85.5,33.1,68.4
Lassa Fever,Nigeria,Lagos,Lagos LGA2,2020,14,136,12,3,9.9,37.3,51.7
Lassa Fever,Nigeria,FCT,FCT LGA1,2020,14,136,12,3,35.0,32.3,40.3
Lassa Fever,Nigeria,Kano,Kano LGA1,2020,14,136,12,3,150.7,27.4,43.9
CSM,Nigeria,Kano,Kano LGA2,2020,14,17,0,0,74.7,24.7,72.4
CSM,Nigeria,Oyo,Oyo LGA2,2020,14,17,0,0,83.9,35.4,36.5
CSM,Nigeria,Ogun,Ogun LGA1,2020,14,17,0,0,178.4,36.2,57.3
Yellow Fever,Nigeria,Kano,Kano LGA2,2020,14,17,0,0,39.8,34.5,59.6
Yellow Fever,Nigeria,Ogun,Ogun LGA2,2020,14,17,0,0,168.4,36.8,43.0
Yellow Fever,Nigeria,Rivers,Rivers LGA2,2020,14,17,0,0,134.7,26.5,29.2
Cholera,Nigeria,Ogun,Ogun LGA1,2020,14,7,0,0,215.9,29.7,87.6
Cholera,Nigeria,Kano,Kano LGA2,2020,14,7,0,0,190.3,29.8,82.5
Cholera,Nigeria,Enugu,Enugu LGA1,2020,14,7,0,0,136.3,27.4,91.8
Measles,Nigeria,Lagos,Lagos LGA1,2020,14,837,0,15,114.1,35.8,83.3
Measles,Nigeria,Oyo,Oyo LGA2,2020,14,837,0,15,132.6,35.7,38.9
Measles,Nigeria,Kaduna,Kaduna LGA2,2020,14,837,0,15,67.7,25.2,68.8
Mpox,Nigeria,FCT,FCT LGA1,2020,14,0,0,0,177.2,33.7,60.0
Mpox,Nigeria,Rivers,Rivers LGA2,2020,14,0,0,0,64.4,26.8,82.4
Mpox,Nigeria,Enugu,Enugu LGA2,2020,14,0,0,0,36.9,31.1,67.5
AFP,Nigeria,FCT,FCT LGA2,2020,14,40,0,0,17.7,33.8,42.0
AFP,Nigeria,Kano,Kano LGA2,2020,14,40,0,0,95.7,26.4,86.2
AFP,Nigeria,Rivers,Rivers LGA2,2020,14,40,0,0,136.3,24.6,57.8
Lassa Fever,Nigeria,Rivers,Rivers LGA1,2020,15,99,10,0,97.7,37.2,69.0
Lassa Fever,Nigeria,Rivers,Rivers LGA1,2020,15,99,10,0,15.3,28.1,80.9
Lassa Fever,Nigeria,Rivers,Rivers LGA2,2020,15,99,10,0,55.2,30.3,36.5
CSM,Nigeria,Kaduna,Kaduna LGA2,2020,15,11,0,0,29.4,27.5,66.5
CSM,Nigeria,FCT,FCT LGA1,2020,15,11,0,0,86.0,33.0,80.4
CSM,Nigeria,Ogun,Ogun LGA1,2020,15,11,0,0,60.0,29.1,45.3
Yellow Fever,Nigeria,Lagos,Lagos LGA1,2020,15,24,0,0,174.4,32.1,45.4
Yellow Fever,Nigeria,Rivers,Rivers LGA2,2020,15,24,0,0,40.3,28.8,64.5
Yellow Fever,Nigeria,Rivers,Rivers LGA1,2020,15,24,0,0,140.5,37.7,83.7
Cholera,Nigeria,Rivers,Rivers LGA1,2020,15,0,0,0,192.7,28.3,77.9
Cholera,Nigeria,Kaduna,Kaduna LGA1,2020,15,0,0,0,222.3,29.1,79.3
Cholera,Nigeria,Lagos,Lagos LGA2,2020,15,0,0,0,184.9,27.0,79.9
Measles,Nigeria,FCT,FCT LGA1,2020,15,632,0,1,53.3,25.0,70.8
Measles,Nigeria,Ogun,Ogun LGA2,2020,15,632,0,1,46.3,31.0,61.4
Measles,Nigeria,Ogun,Ogun LGA1,2020,15,632,0,1,147.5,27.2,52.6
Mpox,Nigeria,Ogun,Ogun LGA2,2020,15,0,0,0,59.6,36.9,51.8
Mpox,Nigeria,Kaduna,Kaduna LGA2,2020,15,0,0,0,44.5,30.5,66.9
Mpox,Nigeria,Kaduna,Kaduna LGA1,2020,15,0,0,0,171.2,31.2,77.9
AFP,Nigeria,FCT,FCT LGA2,2020,15,48,0,0,112.0,30.1,60.6
AFP,Nigeria,FCT,FCT LGA2,2020,15,48,0,0,55.9,32.3,37.3
AFP,Nigeria,Ogun,Ogun LGA2,2020,15,48,0,0,28.1,33.7,67.1
Lassa Fever,Nigeria,Ogun,Ogun LGA2,2020,16,89,6,0,79.4,35.1,22.0
Lassa Fever,Nigeria,Oyo,Oyo LGA1,2020,16,89,6,0,175.3,27.6,22.1
Lassa Fever,Nigeria,Enugu,Enugu LGA1,2020,16,89,6,0,168.3,28.3,74.2
CSM,Nigeria,FCT,FCT LGA2,2020,16,5,0,0,32.0,34.3,60.9
CSM,Nigeria,Rivers,Rivers LGA1,2020,16,5,0,0,111.3,24.9,37.4
CSM,Nigeria,FCT,FCT LGA2,2020,16,5,0,0,77.2,35.4,84.4
Yellow Fever,Nigeria,Ogun,Ogun LGA2,2020,16,24,0,0,95.5,30.1,72.8
Yellow Fever,Nigeria,Rivers,Rivers LGA2,2020,16,24,0,0,175.8,36.8,22.8
Yellow Fever,Nigeria,Rivers,Rivers LGA1,2020,16,24,0,0,93.9,27.1,85.0
Cholera,Nigeria,Oyo,Oyo LGA2,2020,16,0,0,0,217.0,30.2,78.4
Cholera,Nigeria,Lagos,Lagos LGA1,2020,16,0,0,0,245.7,30.4,83.8
Cholera,Nigeria,Ogun,Ogun LGA1,2020,16,0,0,0,224.6,27.4,92.7
Measles,Nigeria,FCT,FCT LGA1,2020,16,606,0,7,42.3,27.7,53.1
Measles,Nigeria,Enugu,Enugu LGA2,2020,16,606,0,7,75.2,24.3,30.5
Measles,Nigeria,Oyo,Oyo LGA2,2020,16,606,0,7,76.0,25.6,85.5
Mpox,Nigeria,Oyo,Oyo LGA1,2020,16,0,0,0,125.9,27.9,43.6
Mpox,Nigeria,Ogun,Ogun LGA1,2020,16,0,0,0,29.8,30.1,73.8
Mpox,Nigeria,FCT,FCT LGA1,2020,16,0,0,0,115.3,31.3,69.2
AFP,Nigeria,FCT,FCT LGA1,2020,16,71,0,0,151.9,26.2,50.4
AFP,Nigeria,Kaduna,Kaduna LGA1,2020,16,71,0,0,178.1,31.7,64.7
AFP,Nigeria,FCT,FCT LGA2,2020,16,71,0,0,141.8,25.9,74.5
COVID-19,Nigeria,Kaduna,Kaduna LGA1,2020,16,0,0,0,39.3,31.8,32.9
COVID-19,Nigeria,Rivers,Rivers LGA2,2020,16,0,0,0,152.6,33.8,24.2
COVID-19,Nigeria,Rivers,Rivers LGA2,2020,16,0,0,0,106.8,29.4,77.4
Lassa Fever,Nigeria,FCT,FCT LGA2,2020,17,85,8,0,116.8,37.4,49.9
Lassa Fever,Nigeria,Kano,Kano LGA1,2020,17,85,8,0,153.3,30.5,76.5
Lassa Fever,Nigeria,Rivers,Rivers LGA2,2020,17,85,8,0,179.1,26.5,84.8
CSM,Nigeria,Oyo,Oyo LGA1,2020,17,6,0,0,72.7,34.2,48.3
CSM,Nigeria,Rivers,Rivers LGA2,2020,17,6,0,0,159.6,35.3,59.6
CSM,Nigeria,Kaduna,Kaduna LGA2,2020,17,6,0,0,119.8,37.0,55.8
Yellow Fever,Nigeria,Lagos,Lagos LGA1,2020,17,18,0,0,80.6,34.2,84.3
Yellow Fever,Nigeria,Lagos,Lagos LGA1,2020,17,18,0,0,115.3,25.3,26.1
Yellow Fever,Nigeria,Enugu,Enugu LGA1,2020,17,18,0,0,94.8,28.8,27.1
Cholera,Nigeria,Lagos,Lagos LGA2,2020,17,97,0,14,237.8,28.3,94.1
Cholera,Nigeria,Rivers,Rivers LGA2,2020,17,97,0,14,229.8,28.7,81.2
Cholera,Nigeria,Ogun,Ogun LGA1,2020,17,97,0,14,146.4,28.0,88.7
Measles,Nigeria,Kano,Kano LGA1,2020,17,313,0,0,131.0,32.1,79.1
Measles,Nigeria,Oyo,Oyo LGA1,2020,17,313,0,0,159.4,32.9,44.5
Measles,Nigeria,FCT,FCT LGA1,2020,17,313,0,0,107.2,35.7,59.4
Mpox,Nigeria,Lagos,Lagos LGA2,2020,17,0,0,0,81.3,34.0,35.0
Mpox,Nigeria,Oyo,Oyo LGA1,2020,17,0,0,0,86.4,32.9,24.7
Mpox,Nigeria,Kano,Kano LGA2,2020,17,0,0,0,88.5,25.0,40.1
AFP,Nigeria,Rivers,Rivers LGA1,2020,17,47,0,0,158.7,37.2,69.5
AFP,Nigeria,Lagos,Lagos LGA2,2020,17,47,0,0,140.9,29.1,55.6
AFP,Nigeria,Oyo,Oyo LGA1,2020,17,47,0,0,8.2,26.9,67.5
Lassa Fever,Nigeria,Rivers,Rivers LGA2,2020,18,64,5,2,172.2,30.3,88.3
Lassa Fever,Nigeria,Lagos,Lagos LGA1,2020,18,64,5,2,5.7,24.9,74.1
Lassa Fever,Nigeria,Rivers,Rivers LGA2,2020,18,64,5,2,137.9,29.1,83.1
CSM,Nigeria,Rivers,Rivers LGA1,2020,18,12,0,0,165.9,35.7,32.5
CSM,Nigeria,FCT,FCT LGA2,2020,18,12,0,0,164.3,25.8,59.9
CSM,Nigeria,Enugu,Enugu LGA1,2020,18,12,0,0,74.6,26.7,29.4
Yellow Fever,Nigeria,Kaduna,Kaduna LGA2,2020,18,10,0,0,87.5,28.2,36.9
Yellow Fever,Nigeria,Rivers,Rivers LGA2,2020,18,10,0,0,86.6,25.4,68.5
Yellow Fever,Nigeria,Lagos,Lagos LGA1,2020,18,10,0,0,50.9,29.3,27.3
Cholera,Nigeria,Oyo,Oyo LGA1,2020,18,0,0,0,140.2,30.4,78.5
Cholera,Nigeria,Oyo,Oyo LGA1,2020,18,0,0,0,149.3,30.8,83.3
Cholera,Nigeria,Lagos,Lagos LGA1,2020,18,0,0,0,175.9,28.2,76.7
Measles,Nigeria,Rivers,Rivers LGA2,2020,18,338,0,0,131.2,28.1,66.5
Measles,Nigeria,Kaduna,Kaduna LGA1,2020,18,338,0,0,168.9,33.5,83.9
Measles,Nigeria,Kaduna,Kaduna LGA2,2020,18,338,0,0,14.3,35.6,67.6
Mpox,Nigeria,Oyo,Oyo LGA1,2020,18,0,0,0,11.9,29.4,80.1
Mpox,Nigeria,Rivers,Rivers LGA1,2020,18,0,0,0,61.1,36.9,45.6
Mpox,Nigeria,Lagos,Lagos LGA1,2020,18,0,0,0,124.1,31.5,50.1
AFP,Nigeria,Oyo,Oyo LGA1,2020,18,57,0,0,78.5,31.3,67.8
AFP,Nigeria,Rivers,Rivers LGA1,2020,18,57,0,0,58.2,36.0,54.3
AFP,Nigeria,Ogun,Ogun LGA1,2020,18,57,0,0,10.4,28.8,43.1
Lassa Fever,Nigeria,Enugu,Enugu LGA1,2020,19,72,9,1,134.8,33.4,89.6
Lassa Fever,Nigeria,Rivers,Rivers LGA1,2020,19,72,9,1,35.2,27.9,28.5
Lassa Fever,Nigeria,Rivers,Rivers LGA2,2020,19,72,9,1,121.9,28.9,74.0
CSM,Nigeria,Kano,Kano LGA2,2020,19,2,0,0,177.2,31.1,63.3
CSM,Nigeria,Kano,Kano LGA2,2020,19,2,0,0,117.2,29.6,33.5
CSM,Nigeria,Kaduna,Kaduna LGA2,2020,19,2,0,0,149.8,31.4,23.6
Yellow Fever,Nigeria,Oyo,Oyo LGA2,2020,19,14,0,0,77.2,37.9,46.9
Yellow Fever,Nigeria,Oyo,Oyo LGA1,2020,19,14,0,0,59.0,33.1,34.0
Yellow Fever,Nigeria,Lagos,Lagos LGA2,2020,19,14,0,0,56.3,31.7,59.7
Cholera,Nigeria,Enugu,Enugu LGA1,2020,19,1,0,0,228.5,30.2,85.2
Cholera,Nigeria,Kaduna,Kaduna LGA1,2020,19,1,0,0,190.0,29.7,85.4
Cholera,Nigeria,Rivers,Rivers LGA2,2020,19,1,0,0,209.1,30.6,79.6
Measles,Nigeria,Rivers,Rivers LGA1,2020,19,298,0,2,19.9,31.0,49.4
Measles,Nigeria,Rivers,Rivers LGA2,2020,19,298,0,2,89.8,32.5,48.1
Measles,Nigeria,Lagos,Lagos LGA1,2020,19,298,0,2,37.6,36.0,45.6
Mpox,Nigeria,Rivers,Rivers LGA2,2020,19,0,0,0,44.8,28.4,82.8
Mpox,Nigeria,Kaduna,Kaduna LGA1,2020,19,0,0,0,172.5,25.0,78.4
Mpox,Nigeria,Kaduna,Kaduna LGA1,2020,19,0,0,0,136.1,31.1,27.3
AFP,Nigeria,Kaduna,Kaduna LGA2,2020,19,58,0,0,42.4,26.5,74.7
AFP,Nigeria,Oyo,Oyo LGA2,2020,19,58,0,0,123.4,28.9,44.6
AFP,Nigeria,Lagos,Lagos LGA2,2020,19,58,0,0,51.3,27.0,66.2
Lassa Fever,Nigeria,Enugu,Enugu LGA1,2020,20,68,6,1,134.2,28.3,87.6
Lassa Fever,Nigeria,Lagos,Lagos LGA2,2020,20,68,6,1,89.3,30.6,41.3
Lassa Fever,Nigeria,Ogun,Ogun LGA2,2020,20,68,6,1,157.4,24.7,37.5
CSM,Nigeria,Ogun,Ogun LGA1,2020,20,8,0,0,26.6,35.5,76.5
CSM,Nigeria,Kaduna,Kaduna LGA1,2020,20,8,0,0,9.9,26.1,86.1
CSM,Nigeria,Lagos,Lagos LGA2,2020,20,8,0,0,89.6,31.6,68.6
Yellow Fever,Nigeria,Ogun,Ogun LGA1,2020,20,8,0,0,145.5,26.6,58.7
Yellow Fever,Nigeria,FCT,FCT LGA1,2020,20,8,0,0,102.4,34.8,25.4
Yellow Fever,Nigeria,Rivers,Rivers LGA1,2020,20,8,0,0,44.6,24.7,77.9
Cholera,Nigeria,Kano,Kano LGA1,2020,20,0,0,0,158.6,28.4,90.2
Cholera,Nigeria,FCT,FCT LGA1,2020,20,0,0,0,220.3,30.8,88.6
Cholera,Nigeria,Rivers,Rivers LGA2,2020,20,0,0,0,190.7,27.1,92.5
Measles,Nigeria,Enugu,Enugu LGA2,2020,20,155,0,1,5.7,29.8,42.5
Measles,Nigeria,Kaduna,Kaduna LGA1,2020,20,155,0,1,167.8,27.9,33.9
Measles,Nigeria,Lagos,Lagos LGA1,2020,20,155,0,1,132.0,35.9,88.2
Mpox,Nigeria,Kano,Kano LGA2,2020,20,0,0,0,117.9,30.7,44.8
Mpox,Nigeria,Enugu,Enugu LGA2,2020,20,0,0,0,52.8,27.9,71.3
Mpox,Nigeria,Kaduna,Kaduna LGA2,2020,20,0,0,0,102.0,28.8,38.5
AFP,Nigeria,FCT,FCT LGA2,2020,20,44,0,0,81.9,24.8,82.7
AFP,Nigeria,Enugu,Enugu LGA2,2020,20,44,0,0,163.6,37.7,29.7
AFP,Nigeria,Kano,Kano LGA1,2020,20,44,0,0,82.4,37.7,21.6
COVID-19,Nigeria,Enugu,Enugu LGA1,2020,20,0,0,0,16.6,36.2,43.2
COVID-19,Nigeria,Oyo,Oyo LGA2,2020,20,0,0,0,79.9,25.2,64.6
COVID-19,Nigeria,Enugu,Enugu LGA1,2020,20,0,0,0,29.5,28.8,29.7
Lassa Fever,Nigeria,Enugu,Enugu LGA1,2020,21,80,9,2,116.0,28.9,52.4
Lassa Fever,Nigeria,Ogun,Ogun LGA1,2020,21,80,9,2,121.8,24.1,74.4
Lassa Fever,Nigeria,Rivers,Rivers LGA1,2020,21,80,9,2,168.9,25.7,42.1
CSM,Nigeria,Kaduna,Kaduna LGA2,2020,21,1,0,0,116.9,26.2,37.5
CSM,Nigeria,Kano,Kano LGA1,2020,21,1,0,0,144.9,37.4,60.9
CSM,Nigeria,Enugu,Enugu LGA2,2020,21,1,0,0,175.1,26.4,47.3
Yellow Fever,Nigeria,Kano,Kano LGA2,2020,21,10,0,0,120.2,30.9,61.4
Yellow Fever,Nigeria,Rivers,Rivers LGA1,2020,21,10,0,0,160.3,25.2,58.4
Yellow Fever,Nigeria,Ogun,Ogun LGA1,2020,21,10,0,0,77.6,31.2,86.1
Cholera,Nigeria,Kano,Kano LGA2,2020,21,1,0,0,176.3,29.6,75.5
Cholera,Nigeria,Rivers,Rivers LGA1,2020,21,1,0,0,174.2,29.7,86.7
Cholera,Nigeria,Lagos,Lagos LGA2,2020,21,1,0,0,132.9,27.5,86.5
Measles,Nigeria,Oyo,Oyo LGA1,2020,21,94,0,0,54.8,32.5,35.5
Measles,Nigeria,Kano,Kano LGA1,2020,21,94,0,0,149.3,30.2,65.5
Measles,Nigeria,Kano,Kano LGA2,2020,21,94,0,0,26.7,25.1,82.7
Mpox,Nigeria,FCT,FCT LGA2,2020,21,0,0,0,156.9,25.9,35.3
Mpox,Nigeria,Lagos,Lagos LGA1,2020,21,0,0,0,56.7,26.9,89.8
Mpox,Nigeria,Ogun,Ogun LGA2,2020,21,0,0,0,85.6,26.3,74.1
AFP,Nigeria,Ogun,Ogun LGA2,2020,21,66,0,0,179.7,34.9,29.1
AFP,Nigeria,Ogun,Ogun LGA2,2020,21,66,0,0,53.8,29.4,43.3
AFP,Nigeria,Oyo,Oyo LGA1,2020,21,66,0,0,145.5,32.3,79.7
COVID-19,Nigeria,FCT,FCT LGA1,2020,21,0,0,0,156.9,28.5,83.3
COVID-19,Nigeria,Lagos,Lagos LGA1,2020,21,0,0,0,112.1,32.4,28.7
COVID-19,Nigeria,Ogun,Ogun LGA2,2020,21,0,0,0,94.5,25.4,82.1
Lassa Fever,Nigeria,Rivers,Rivers LGA2,2020,22,78,6,0,129.8,32.0,36.9
Lassa Fever,Nigeria,Lagos,Lagos LGA1,2020,22,78,6,0,17.0,34.8,23.5
Lassa Fever,Nigeria,Oyo,Oyo LGA1,2020,22,78,6,0,145.4,31.3,56.4
CSM,Nigeria,Ogun,Ogun LGA1,2020,22,3,0,0,152.0,27.8,77.5
CSM,Nigeria,Kano,Kano LGA1,2020,22,3,0,0,71.9,24.8,23.3
CSM,Nigeria,Ogun,Ogun LGA2,2020,22,3,0,0,37.4,33.5,46.6
Yellow Fever,Nigeria,Oyo,Oyo LGA2,2020,22,13,0,0,69.1,32.5,75.0
Yellow Fever,Nigeria,FCT,FCT LGA2,2020,22,13,0,0,169.3,37.2,74.8
Yellow Fever,Nigeria,Ogun,Ogun LGA2,2020,22,13,0,0,94.1,26.9,71.0
Cholera,Nigeria,FCT,FCT LGA2,2020,22,0,0,0,185.8,28.8,84.6
Cholera,Nigeria,Ogun,Ogun LGA1,2020,22,0,0,0,195.9,30.4,90.8
Cholera,Nigeria,Oyo,Oyo LGA1,2020,22,0,0,0,163.3,30.2,79.8
Measles,Nigeria,Rivers,Rivers LGA2,2020,22,388,0,0,33.0,32.2,72.0
Measles,Nigeria,Ogun,Ogun LGA2,2020,22,388,0,0,82.6,34.2,27.8
Measles,Nigeria,Ogun,Ogun LGA2,2020,22,388,0,0,108.1,25.3,42.2
Mpox,Nigeria,Kaduna,Kaduna LGA2,2020,22,0,0,0,137.8,35.5,35.0
Mpox,Nigeria,Lagos,Lagos LGA1,2020,22,0,0,0,116.6,30.5,46.6
Mpox,Nigeria,Oyo,Oyo LGA2,2020,22,0,0,0,56.5,32.4,66.3
AFP,Nigeria,Kaduna,Kaduna LGA1,2020,22,77,0,0,143.5,33.2,75.6
AFP,Nigeria,FCT,FCT LGA2,2020,22,77,0,0,179.9,24.5,43.7
AFP,Nigeria,Ogun,Ogun LGA1,2020,22,77,0,0,42.1,36.3,44.3
COVID-19,Nigeria,Enugu,Enugu LGA2,2020,22,0,0,0,32.8,34.5,55.2
COVID-19,Nigeria,Ogun,Ogun LGA2,2020,22,0,0,0,152.9,34.9,75.6
COVID-19,Nigeria,FCT,FCT LGA1,2020,22,0,0,0,100.4,33.9,84.7
Lassa Fever,Nigeria,Enugu,Enugu LGA1,2020,23,91,5,0,125.8,33.8,69.9
Lassa Fever,Nigeria,Lagos,Lagos LGA1,2020,23,91,5,0,153.7,34.5,21.6
Lassa Fever,Nigeria,Kaduna,Kaduna LGA2,2020,23,91,5,0,65.1,29.0,26.5
CSM,Nigeria,Ogun,Ogun LGA1,2020,23,3,0,1,143.5,30.8,65.8
CSM,Nigeria,Rivers,Rivers LGA2,2020,23,3,0,1,58.4,27.2,42.7
CSM,Nigeria,Kaduna,Kaduna LGA1,2020,23,3,0,1,25.8,37.4,30.7
Yellow Fever,Nigeria,Oyo,Oyo LGA2,2020,23,17,0,0,128.4,32.5,28.5
Yellow Fever,Nigeria,FCT,FCT LGA2,2020,23,17,0,0,35.6,24.5,50.1
Yellow Fever,Nigeria,Kaduna,Kaduna LGA2,2020,23,17,0,0,162.9,25.2,71.0
Cholera,Nigeria,Kaduna,Kaduna LGA2,2020,23,0,0,0,157.4,28.2,76.8
Cholera,Nigeria,Enugu,Enugu LGA2,2020,23,0,0,0,231.4,29.0,94.4
Cholera,Nigeria,Ogun,Ogun LGA2,2020,23,0,0,0,249.0,30.9,93.8
Measles,Nigeria,Enugu,Enugu LGA2,2020,23,420,0,14,130.9,27.7,29.7
Measles,Nigeria,Enugu,Enugu LGA2,2020,23,420,0,14,47.2,30.8,49.7
Measles,Nigeria,Rivers,Rivers LGA1,2020,23,420,0,14,165.9,26.5,84.9
Mpox,Nigeria,Kaduna,Kaduna LGA2,2020,23,0,0,0,171.6,27.9,54.4
Mpox,Nigeria,Lagos,Lagos LGA1,2020,23,0,0,0,165.6,33.6,27.3
Mpox,Nigeria,Kaduna,Kaduna LGA2,2020,23,0,0,0,23.7,30.1,76.9
AFP,Nigeria,Enugu,Enugu LGA1,2020,23,126,0,0,154.7,33.9,54.5
AFP,Nigeria,Lagos,Lagos LGA2,2020,23,126,0,0,92.1,32.2,69.5
AFP,Nigeria,FCT,FCT LGA2,2020,23,126,0,0,45.1,33.7,59.8
COVID-19,Nigeria,Kano,Kano LGA2,2020,23,0,0,0,37.5,24.5,88.5
COVID-19,Nigeria,Kano,Kano LGA1,2020,23,0,0,0,143.8,27.1,84.1
COVID-19,Nigeria,FCT,FCT LGA1,2020,23,0,0,0,34.8,30.1,50.2
Lassa Fever,Nigeria,Enugu,Enugu LGA2,2020,24,74,5,2,175.8,36.6,51.5
Lassa Fever,Nigeria,Oyo,Oyo LGA1,2020,24,74,5,2,32.3,35.3,54.7
Lassa Fever,Nigeria,Enugu,Enugu LGA2,2020,24,74,5,2,152.0,27.2,23.0
CSM,Nigeria,Rivers,Rivers LGA1,2020,24,1,0,0,67.4,34.2,79.0
CSM,Nigeria,Kaduna,Kaduna LGA2,2020,24,1,0,0,166.9,29.5,63.2
CSM,Nigeria,Kaduna,Kaduna LGA1,2020,24,1,0,0,130.3,34.8,74.7
Yellow Fever,Nigeria,Kaduna,Kaduna LGA2,2020,24,12,0,0,34.0,35.2,22.9
Yellow Fever,Nigeria,Oyo,Oyo LGA1,2020,24,12,0,0,19.6,26.9,80.5
Yellow Fever,Nigeria,FCT,FCT LGA1,2020,24,12,0,0,91.6,34.7,68.4
Cholera,Nigeria,Ogun,Ogun LGA1,2020,24,0,0,0,174.0,27.4,88.1
Cholera,Nigeria,Kano,Kano LGA1,2020,24,0,0,0,209.3,31.0,80.6
Cholera,Nigeria,Kaduna,Kaduna LGA1,2020,24,0,0,0,241.3,27.7,87.9
Measles,Nigeria,Rivers,Rivers LGA1,2020,24,162,0,0,47.1,30.8,53.4
Measles,Nigeria,Lagos,Lagos LGA2,2020,24,162,0,0,47.8,33.7,32.1
Measles,Nigeria,FCT,FCT LGA2,2020,24,162,0,0,72.1,37.1,71.1
Mpox,Nigeria,Kano,Kano LGA2,2020,24,0,0,0,155.6,29.7,81.4
Mpox,Nigeria,Lagos,Lagos LGA1,2020,24,0,0,0,147.1,36.3,37.5
Mpox,Nigeria,Kaduna,Kaduna LGA2,2020,24,0,0,0,63.8,36.6,68.4
AFP,Nigeria,Kano,Kano LGA1,2020,24,104,0,0,59.9,32.9,30.9
AFP,Nigeria,Kaduna,Kaduna LGA1,2020,24,104,0,0,62.4,34.5,33.1
AFP,Nigeria,Oyo,Oyo LGA1,2020,24,104,0,0,123.3,25.9,21.6
COVID-19,Nigeria,Kano,Kano LGA1,2020,24,0,0,0,9.2,33.8,32.3
COVID-19,Nigeria,FCT,FCT LGA2,2020,24,0,0,0,40.9,29.4,76.4
COVID-19,Nigeria,FCT,FCT LGA2,2020,24,0,0,0,120.8,26.6,37.9
Lassa Fever,Nigeria,Rivers,Rivers LGA1,2020,25,56,5,2,47.0,30.0,45.4
Lassa Fever,Nigeria,Oyo,Oyo LGA1,2020,25,56,5,2,81.7,32.0,63.5
Lassa Fever,Nigeria,Oyo,Oyo LGA1,2020,25,56,5,2,125.7,24.1,56.8
CSM,Nigeria,FCT,FCT LGA1,2020,25,5,0,0,12.7,26.3,38.0
CSM,Nigeria,Oyo,Oyo LGA1,2020,25,5,0,0,112.0,31.1,34.5
CSM,Nigeria,Rivers,Rivers LGA2,2020,25,5,0,0,158.2,34.0,66.5
Yellow Fever,Nigeria,Oyo,Oyo LGA2,2020,25,18,0,0,81.1,31.6,33.9
Yellow Fever,Nigeria,Lagos,Lagos LGA1,2020,25,18,0,0,151.9,37.2,42.8
Yellow Fever,Nigeria,Kaduna,Kaduna LGA1,2020,25,18,0,0,136.2,27.7,31.4
Cholera,Nigeria,Lagos,Lagos LGA2,2020,25,0,0,0,248.8,28.8,75.5
Cholera,Nigeria,Kano,Kano LGA1,2020,25,0,0,0,246.2,27.9,92.6
Cholera,Nigeria,Lagos,Lagos LGA2,2020,25,0,0,0,242.1,29.7,94.8
Measles,Nigeria,Oyo,Oyo LGA1,2020,25,155,0,0,78.3,27.8,31.4
Measles,Nigeria,Lagos,Lagos LGA1,2020,25,155,0,0,78.7,35.3,61.9
Measles,Nigeria,Ogun,Ogun LGA2,2020,25,155,0,0,127.9,28.4,58.5
Mpox,Nigeria,Kano,Kano LGA1,2020,25,0,0,0,65.7,29.2,55.0
Mpox,Nigeria,FCT,FCT LGA2,2020,25,0,0,0,51.9,29.9,27.2
Mpox,Nigeria,Rivers,Rivers LGA2,2020,25,0,0,0,132.9,29.9,36.2
AFP,Nigeria,Oyo,Oyo LGA2,2020,25,125,0,0,167.3,32.6,66.9
AFP,Nigeria,Ogun,Ogun LGA2,2020,25,125,0,0,174.7,26.3,35.6
AFP,Nigeria,Kano,Kano LGA1,2020,25,125,0,0,49.9,26.1,84.9
COVID-19,Nigeria,Kaduna,Kaduna LGA1,2020,25,0,0,0,144.2,37.2,72.7
COVID-19,Nigeria,Lagos,Lagos LGA1,2020,25,0,0,0,123.2,26.8,66.3
COVID-19,Nigeria,Enugu,Enugu LGA1,2020,25,0,0,0,156.2,37.4,28.8
Lassa Fever,Nigeria,Kaduna,Kaduna LGA2,2020,26,67,4,2,80.5,31.4,86.1
Lassa Fever,Nigeria,FCT,FCT LGA1,2020,26,67,4,2,127.6,27.0,40.1
Lassa Fever,Nigeria,FCT,FCT LGA2,2020,26,67,4,2,78.7,31.8,30.9
CSM,Nigeria,Ogun,Ogun LGA1,2020,26,4,0,0,107.8,25.6,69.8
CSM,Nigeria,Rivers,Rivers LGA2,2020,26,4,0,0,108.2,31.2,63.9
CSM,Nigeria,Kano,Kano LGA1,2020,26,4,0,0,169.2,24.2,24.5
Yellow Fever,Nigeria,Rivers,Rivers LGA2,2020,26,15,0,0,116.5,24.8,56.8
Yellow Fever,Nigeria,Ogun,Ogun LGA2,2020,26,15,0,0,144.8,33.1,26.2
Yellow Fever,Nigeria,Kano,Kano LGA1,2020,26,15,0,0,97.2,36.6,62.7
Cholera,Nigeria,Kano,Kano LGA1,2020,26,9,0,0,139.2,30.4,90.4
Cholera,Nigeria,Lagos,Lagos LGA1,2020,26,9,0,0,128.1,30.3,77.0
Cholera,Nigeria,Kano,Kano LGA1,2020,26,9,0,0,138.5,30.1,82.8
Measles,Nigeria,Lagos,Lagos LGA1,2020,26,135,0,0,148.0,37.6,54.5
Measles,Nigeria,Kaduna,Kaduna LGA1,2020,26,135,0,0,170.8,25.6,43.1
Measles,Nigeria,Oyo,Oyo LGA2,2020,26,135,0,0,39.0,36.2,64.2
Mpox,Nigeria,FCT,FCT LGA1,2020,26,0,0,0,77.7,35.8,24.5
Mpox,Nigeria,Kaduna,Kaduna LGA1,2020,26,0,0,0,5.1,27.9,85.0
Mpox,Nigeria,Kano,Kano LGA1,2020,26,0,0,0,169.0,26.2,64.9
AFP,Nigeria,Oyo,Oyo LGA2,2020,26,85,0,0,76.0,32.0,83.7
AFP,Nigeria,Oyo,Oyo LGA1,2020,26,85,0,0,148.6,37.7,36.7
AFP,Nigeria,Lagos,Lagos LGA2,2020,26,85,0,0,114.7,26.0,87.0
COVID-19,Nigeria,Enugu,Enugu LGA1,2020,26,0,0,0,88.8,26.4,76.4
COVID-19,Nigeria,Lagos,Lagos LGA1,2020,26,0,0,0,150.2,32.6,45.2
COVID-19,Nigeria,Kano,Kano LGA2,2020,26,0,0,0,109.9,36.5,32.7
Lassa Fever,Nigeria,Ogun,Ogun LGA1,2020,27,52,3,0,29.4,35.8,74.5
Lassa Fever,Nigeria,Oyo,Oyo LGA1,2020,27,52,3,0,64.4,35.4,25.1
Lassa Fever,Nigeria,Lagos,Lagos LGA2,2020,27,52,3,0,118.5,32.9,85.0
CSM,Nigeria,Rivers,Rivers LGA1,2020,27,4,0,0,80.1,29.9,20.8
CSM,Nigeria,Kaduna,Kaduna LGA1,2020,27,4,0,0,165.6,28.9,35.8
CSM,Nigeria,Lagos,Lagos LGA2,2020,27,4,0,0,33.0,34.7,44.4
Yellow Fever,Nigeria,Oyo,Oyo LGA1,2020,27,12,0,0,150.5,27.0,70.6
Yellow Fever,Nigeria,Kaduna,Kaduna LGA2,2020,27,12,0,0,57.7,28.1,58.4
Yellow Fever,Nigeria,FCT,FCT LGA2,2020,27,12,0,0,33.0,26.5,46.7
Cholera,Nigeria,Kano,Kano LGA2,2020,27,10,0,0,224.6,28.6,92.1
Cholera,Nigeria,FCT,FCT LGA2,2020,27,10,0,0,189.3,27.1,92.5
Cholera,Nigeria,Lagos,Lagos LGA2,2020,27,10,0,0,126.2,28.2,92.1
Measles,Nigeria,Enugu,Enugu LGA2,2020,27,92,0,0,86.3,27.9,54.6
Measles,Nigeria,Oyo,Oyo LGA1,2020,27,92,0,0,130.4,30.3,24.1
Measles,Nigeria,FCT,FCT LGA2,2020,27,92,0,0,56.2,37.2,53.7
Mpox,Nigeria,Kano,Kano LGA2,2020,27,0,0,0,111.6,27.9,29.5
Mpox,Nigeria,Ogun,Ogun LGA1,2020,27,0,0,0,125.7,37.5,64.6
Mpox,Nigeria,Rivers,Rivers LGA2,2020,27,0,0,0,62.3,28.1,72.5
AFP,Nigeria,Lagos,Lagos LGA2,2020,27,131,0,0,154.1,33.5,49.5
AFP,Nigeria,FCT,FCT LGA2,2020,27,131,0,0,58.5,34.7,45.7
AFP,Nigeria,Lagos,Lagos LGA1,2020,27,131,0,0,68.2,31.5,42.3
COVID-19,Nigeria,Kano,Kano LGA1,2020,27,0,0,0,38.1,29.2,78.5
COVID-19,Nigeria,Ogun,Ogun LGA1,2020,27,0,0,0,53.6,25.4,42.7
COVID-19,Nigeria,Kaduna,Kaduna LGA1,2020,27,0,0,0,166.3,33.2,42.6
Lassa Fever,Nigeria,Ogun,Ogun LGA1,2020,28,33,3,0,132.5,27.2,37.4
Lassa Fever,Nigeria,Rivers,Rivers LGA1,2020,28,33,3,0,149.1,26.5,43.4
Lassa Fever,Nigeria,Kaduna,Kaduna LGA2,2020,28,33,3,0,139.8,36.2,30.2
CSM,Nigeria,Ogun,Ogun LGA1,2020,28,6,0,0,168.2,26.9,41.2
CSM,Nigeria,Oyo,Oyo LGA1,2020,28,6,0,0,71.9,37.8,22.1
CSM,Nigeria,Lagos,Lagos LGA1,2020,28,6,0,0,68.9,28.5,46.2
Yellow Fever,Nigeria,Rivers,Rivers LGA2,2020,28,13,0,0,59.8,31.7,22.2
Yellow Fever,Nigeria,FCT,FCT LGA1,2020,28,13,0,0,15.7,33.2,87.5
Yellow Fever,Nigeria,FCT,FCT LGA2,2020,28,13,0,0,126.0,33.7,51.8
Cholera,Nigeria,Kaduna,Kaduna LGA2,2020,28,2,0,0,226.3,27.4,83.0
Cholera,Nigeria,Ogun,Ogun LGA1,2020,28,2,0,0,188.6,28.6,75.3
Cholera,Nigeria,FCT,FCT LGA2,2020,28,2,0,0,213.4,28.8,84.8
Measles,Nigeria,Oyo,Oyo LGA1,2020,28,77,0,0,169.6,33.0,59.8
Measles,Nigeria,Rivers,Rivers LGA2,2020,28,77,0,0,63.3,34.5,71.1
Measles,Nigeria,Lagos,Lagos LGA1,2020,28,77,0,0,11.5,31.8,30.0
Mpox,Nigeria,Kaduna,Kaduna LGA1,2020,28,3,0,0,128.6,31.1,70.2
Mpox,Nigeria,Rivers,Rivers LGA2,2020,28,3,0,0,55.0,35.2,24.3
Mpox,Nigeria,Oyo,Oyo LGA2,2020,28,3,0,0,31.9,25.7,38.2
AFP,Nigeria,FCT,FCT LGA1,2020,28,73,0,0,22.9,25.7,21.5
AFP,Nigeria,Enugu,Enugu LGA2,2020,28,73,0,0,111.5,25.5,83.0
AFP,Nigeria,Enugu,Enugu LGA2,2020,28,73,0,0,5.9,27.7,66.5
COVID-19,Nigeria,Lagos,Lagos LGA1,2020,28,0,0,0,9.2,30.0,58.9
COVID-19,Nigeria,Oyo,Oyo LGA1,2020,28,0,0,0,134.1,33.3,69.0
COVID-19,Nigeria,Rivers,Rivers LGA1,2020,28,0,0,0,5.4,36.9,50.9
Lassa Fever,Nigeria,Ogun,Ogun LGA2,2020,29,80,5,1,11.5,27.8,70.1
Lassa Fever,Nigeria,Rivers,Rivers LGA2,2020,29,80,5,1,34.0,31.4,34.6
Lassa Fever,Nigeria,Ogun,Ogun LGA1,2020,29,80,5,1,82.4,31.4,20.1
CSM,Nigeria,Rivers,Rivers LGA1,2020,29,11,0,0,117.5,29.0,78.0
CSM,Nigeria,Lagos,Lagos LGA1,2020,29,11,0,0,93.8,32.3,84.4
CSM,Nigeria,FCT,FCT LGA2,2020,29,11,0,0,167.7,32.0,53.5
Yellow Fever,Nigeria,Kano,Kano LGA2,2020,29,16,0,0,125.5,37.0,59.4
Yellow Fever,Nigeria,Lagos,Lagos LGA1,2020,29,16,0,0,34.3,28.5,83.9
Yellow Fever,Nigeria,Kano,Kano LGA2,2020,29,16,0,0,38.6,28.2,56.8
Cholera,Nigeria,Rivers,Rivers LGA1,2020,29,22,0,0,197.0,27.2,86.9
Cholera,Nigeria,FCT,FCT LGA1,2020,29,22,0,0,243.7,29.8,90.5
Cholera,Nigeria,Enugu,Enugu LGA1,2020,29,22,0,0,171.4,29.6,91.7
Measles,Nigeria,Lagos,Lagos LGA2,2020,29,92,0,0,175.3,29.5,20.8
Measles,Nigeria,Kaduna,Kaduna LGA1,2020,29,92,0,0,131.6,35.1,75.8
Measles,Nigeria,Kaduna,Kaduna LGA1,2020,29,92,0,0,84.9,29.4,34.9
Mpox,Nigeria,Kaduna,Kaduna LGA1,2020,29,0,0,0,56.5,34.8,29.3
Mpox,Nigeria,Rivers,Rivers LGA1,2020,29,0,0,0,168.5,36.3,26.2
Mpox,Nigeria,FCT,FCT LGA2,2020,29,0,0,0,121.8,28.1,40.6
AFP,Nigeria,Rivers,Rivers LGA1,2020,29,106,0,0,133.9,34.8,37.2
AFP,Nigeria,Oyo,Oyo LGA2,2020,29,106,0,0,53.0,26.2,80.6
AFP,Nigeria,Kaduna,Kaduna LGA1,2020,29,106,0,0,110.1,29.2,36.6
COVID-19,Nigeria,Lagos,Lagos LGA1,2020,29,0,0,0,94.3,34.0,78.5
COVID-19,Nigeria,Lagos,Lagos LGA1,2020,29,0,0,0,122.4,31.7,59.1
COVID-19,Nigeria,Kano,Kano LGA1,2020,29,0,0,0,27.1,24.3,86.8
Lassa Fever,Nigeria,Lagos,Lagos LGA2,2020,30,26,0,0,47.1,37.9,23.2
Lassa Fever,Nigeria,Oyo,Oyo LGA2,2020,30,26,0,0,81.0,31.7,54.8
Lassa Fever,Nigeria,FCT,FCT LGA2,2020,30,26,0,0,63.7,32.0,71.3
CSM,Nigeria,Rivers,Rivers LGA2,2020,30,2,0,0,129.9,28.2,27.0
CSM,Nigeria,FCT,FCT LGA2,2020,30,2,0,0,108.6,32.3,34.4
CSM,Nigeria,Enugu,Enugu LGA1,2020,30,2,0,0,96.0,33.8,46.2
Yellow Fever,Nigeria,Ogun,Ogun LGA2,2020,30,30,0,0,144.2,28.4,60.7
Yellow Fever,Nigeria,Rivers,Rivers LGA1,2020,30,30,0,0,83.1,35.7,55.4
Yellow Fever,Nigeria,Oyo,Oyo LGA1,2020,30,30,0,0,85.5,36.2,66.5
Cholera,Nigeria,Kano,Kano LGA2,2020,30,38,0,0,248.7,27.5,93.2
Cholera,Nigeria,FCT,FCT LGA2,2020,30,38,0,0,171.5,29.1,79.8
Cholera,Nigeria,FCT,FCT LGA1,2020,30,38,0,0,129.8,29.3,84.4
Measles,Nigeria,Oyo,Oyo LGA1,2020,30,76,0,0,98.5,27.9,27.1
Measles,Nigeria,Kaduna,Kaduna LGA2,2020,30,76,0,0,108.5,36.7,76.3
Measles,Nigeria,FCT,FCT LGA2,2020,30,76,0,0,92.3,29.2,21.1
Mpox,Nigeria,Lagos,Lagos LGA1,2020,30,0,0,0,43.2,34.2,75.4
Mpox,Nigeria,Kaduna,Kaduna LGA2,2020,30,0,0,0,32.7,33.6,25.6
Mpox,Nigeria,Rivers,Rivers LGA2,2020,30,0,0,0,149.3,25.3,23.5
AFP,Nigeria,Lagos,Lagos LGA2,2020,30,94,0,0,40.8,24.7,68.8
AFP,Nigeria,Oyo,Oyo LGA2,2020,30,94,0,0,105.1,30.4,48.9
AFP,Nigeria,FCT,FCT LGA1,2020,30,94,0,0,96.2,35.0,54.0
COVID-19,Nigeria,Rivers,Rivers LGA1,2020,30,0,0,0,36.1,24.3,61.0
COVID-19,Nigeria,Oyo,Oyo LGA2,2020,30,0,0,0,100.0,28.5,43.8
COVID-19,Nigeria,Kano,Kano LGA1,2020,30,0,0,0,131.6,34.6,50.0
Lassa Fever,Nigeria,FCT,FCT LGA2,2020,31,46,3,1,139.3,33.1,72.9
Lassa Fever,Nigeria,Ogun,Ogun LGA2,2020,31,46,3,1,178.2,29.0,20.2
Lassa Fever,Nigeria,Enugu,Enugu LGA1,2020,31,46,3,1,121.1,33.9,29.0
CSM,Nigeria,FCT,FCT LGA2,2020,31,3,0,0,152.1,36.2,69.0
CSM,Nigeria,Kaduna,Kaduna LGA2,2020,31,3,0,0,94.8,27.5,48.0
CSM,Nigeria,Kaduna,Kaduna LGA1,2020,31,3,0,0,45.9,29.6,84.5
Yellow Fever,Nigeria,Kano,Kano LGA2,2020,31,22,0,0,121.9,28.9,88.0
Yellow Fever,Nigeria,Enugu,Enugu LGA2,2020,31,22,0,0,93.3,34.5,88.0
Yellow Fever,Nigeria,Enugu,Enugu LGA2,2020,31,22,0,0,11.1,30.8,69.7
Cholera,Nigeria,Ogun,Ogun LGA2,2020,31,12,0,1,142.7,30.7,92.3
Cholera,Nigeria,Kano,Kano LGA2,2020,31,12,0,1,206.8,27.8,90.1
Cholera,Nigeria,Ogun,Ogun LGA1,2020,31,12,0,1,163.4,27.6,85.2
Measles,Nigeria,Ogun,Ogun LGA2,2020,31,82,0,0,159.9,27.6,32.4
Measles,Nigeria,Kaduna,Kaduna LGA2,2020,31,82,0,0,66.3,28.4,67.7
Measles,Nigeria,Lagos,Lagos LGA1,2020,31,82,0,0,51.1,36.0,42.5
Mpox,Nigeria,Lagos,Lagos LGA2,2020,31,0,0,0,65.2,32.1,58.0
Mpox,Nigeria,Kaduna,Kaduna LGA2,2020,31,0,0,0,82.9,37.4,32.1
Mpox,Nigeria,Lagos,Lagos LGA1,2020,31,0,0,0,157.6,24.1,47.1
AFP,Nigeria,Lagos,Lagos LGA2,2020,31,64,0,0,137.4,36.6,64.5
AFP,Nigeria,FCT,FCT LGA1,2020,31,64,0,0,179.6,29.4,46.1
AFP,Nigeria,Ogun,Ogun LGA2,2020,31,64,0,0,52.8,26.1,67.3
COVID-19,Nigeria,Kano,Kano LGA2,2020,31,0,0,0,75.1,34.0,67.7
COVID-19,Nigeria,Enugu,Enugu LGA2,2020,31,0,0,0,67.3,33.4,68.5
COVID-19,Nigeria,Lagos,Lagos LGA1,2020,31,0,0,0,137.6,34.0,58.9
Lassa Fever,Nigeria,Kano,Kano LGA1,2020,32,56,6,0,160.9,28.3,43.0
Lassa Fever,Nigeria,Ogun,Ogun LGA1,2020,32,56,6,0,51.6,25.3,84.2
Lassa Fever,Nigeria,Kano,Kano LGA1,2020,32,56,6,0,82.1,30.9,58.3
CSM,Nigeria,Lagos,Lagos LGA2,2020,32,9,0,1,80.4,33.8,51.2
CSM,Nigeria,Ogun,Ogun LGA1,2020,32,9,0,1,92.9,26.3,58.3
CSM,Nigeria,Rivers,Rivers LGA1,2020,32,9,0,1,5.5,32.6,77.2
Yellow Fever,Nigeria,Kano,Kano LGA1,2020,32,14,0,0,63.7,29.9,39.2
Yellow Fever,Nigeria,Enugu,Enugu LGA2,2020,32,14,0,0,130.7,28.3,54.3
Yellow Fever,Nigeria,FCT,FCT LGA1,2020,32,14,0,0,132.2,28.5,47.7
Cholera,Nigeria,Ogun,Ogun LGA1,2020,32,21,0,0,215.7,27.2,90.4
Cholera,Nigeria,Ogun,Ogun LGA2,2020,32,21,0,0,240.9,29.4,75.5
Cholera,Nigeria,Kaduna,Kaduna LGA1,2020,32,21,0,0,221.4,30.3,84.1
Measles,Nigeria,FCT,FCT LGA2,2020,32,110,0,0,18.1,37.2,56.5
Measles,Nigeria,Enugu,Enugu LGA2,2020,32,110,0,0,118.9,30.5,50.1
Measles,Nigeria,Lagos,Lagos LGA1,2020,32,110,0,0,178.9,29.7,72.7
Mpox,Nigeria,Enugu,Enugu LGA1,2020,32,0,0,0,35.4,33.3,63.6
Mpox,Nigeria,Lagos,Lagos LGA2,2020,32,0,0,0,81.2,36.1,54.1
Mpox,Nigeria,Ogun,Ogun LGA2,2020,32,0,0,0,64.6,30.3,79.9
AFP,Nigeria,Lagos,Lagos LGA2,2020,32,99,0,0,103.2,25.6,75.7
AFP,Nigeria,FCT,FCT LGA1,2020,32,99,0,0,33.5,30.1,65.6
AFP,Nigeria,Ogun,Ogun LGA1,2020,32,99,0,0,178.1,26.2,76.3
COVID-19,Nigeria,Oyo,Oyo LGA2,2020,32,0,0,0,40.9,31.5,37.1
COVID-19,Nigeria,Rivers,Rivers LGA1,2020,32,0,0,0,31.9,25.3,55.1
COVID-19,Nigeria,Rivers,Rivers LGA1,2020,32,0,0,0,135.7,29.3,77.1
Lassa Fever,Nigeria,FCT,FCT LGA1,2020,33,33,1,0,87.9,33.8,58.3
Lassa Fever,Nigeria,Rivers,Rivers LGA2,2020,33,33,1,0,64.8,25.1,76.8
Lassa Fever,Nigeria,FCT,FCT LGA2,2020,33,33,1,0,31.9,29.3,81.2
CSM,Nigeria,Rivers,Rivers LGA2,2020,33,6,0,0,140.7,28.2,38.5
CSM,Nigeria,Ogun,Ogun LGA2,2020,33,6,0,0,84.7,25.0,77.4
CSM,Nigeria,Kaduna,Kaduna LGA2,2020,33,6,0,0,161.4,36.0,65.0
Yellow Fever,Nigeria,FCT,FCT LGA2,2020,33,34,0,0,61.8,29.9,29.5
Yellow Fever,Nigeria,Enugu,Enugu LGA1,2020,33,34,0,0,114.4,26.3,62.6
Yellow Fever,Nigeria,Rivers,Rivers LGA1,2020,33,34,0,0,64.9,27.1,47.5
Cholera,Nigeria,Enugu,Enugu LGA2,2020,33,10,0,0,182.3,27.2,77.9
Cholera,Nigeria,Enugu,Enugu LGA2,2020,33,10,0,0,151.3,29.4,86.5
Cholera,Nigeria,Kaduna,Kaduna LGA2,2020,33,10,0,0,142.3,27.8,82.3
Measles,Nigeria,Lagos,Lagos LGA2,2020,33,82,0,0,15.6,31.9,50.8
Measles,Nigeria,Lagos,Lagos LGA1,2020,33,82,0,0,22.2,35.1,45.4
Measles,Nigeria,Enugu,Enugu LGA1,2020,33,82,0,0,124.3,30.0,48.0
Mpox,Nigeria,Enugu,Enugu LGA2,2020,33,0,0,0,130.0,31.7,77.1
Mpox,Nigeria,Kano,Kano LGA2,2020,33,0,0,0,23.5,25.0,83.5
Mpox,Nigeria,Kano,Kano LGA2,2020,33,0,0,0,128.8,33.1,26.9
AFP,Nigeria,Enugu,Enugu LGA2,2020,33,96,0,0,153.7,36.7,77.5
AFP,Nigeria,Enugu,Enugu LGA1,2020,33,96,0,0,87.2,24.2,29.1
AFP,Nigeria,Enugu,Enugu LGA1,2020,33,96,0,0,135.3,34.6,44.2
COVID-19,Nigeria,Kaduna,Kaduna LGA2,2020,33,0,0,0,46.6,29.4,48.9
COVID-19,Nigeria,Enugu,Enugu LGA2,2020,33,0,0,0,57.8,26.2,45.8
COVID-19,Nigeria,Lagos,Lagos LGA2,2020,33,0,0,0,174.4,28.8,32.6
Lassa Fever,Nigeria,Kano,Kano LGA2,2020,34,47,11,3,51.0,26.7,78.4
Lassa Fever,Nigeria,Lagos,Lagos LGA1,2020,34,47,11,3,144.6,33.0,24.6
Lassa Fever,Nigeria,FCT,FCT LGA1,2020,34,47,11,3,94.8,30.2,40.2
CSM,Nigeria,Ogun,Ogun LGA1,2020,34,2,0,0,83.0,29.2,68.7
CSM,Nigeria,Lagos,Lagos LGA2,2020,34,2,0,0,100.0,27.1,85.8
CSM,Nigeria,Kaduna,Kaduna LGA2,2020,34,2,0,0,100.9,36.7,83.8
Yellow Fever,Nigeria,FCT,FCT LGA1,2020,34,29,0,0,18.1,28.0,69.3
Yellow Fever,Nigeria,Kano,Kano LGA1,2020,34,29,0,0,77.6,36.5,89.0
Yellow Fever,Nigeria,FCT,FCT LGA1,2020,34,29,0,0,177.0,24.6,65.2
Cholera,Nigeria,Kano,Kano LGA1,2020,34,5,0,0,190.3,27.4,83.4
Cholera,Nigeria,Enugu,Enugu LGA2,2020,34,5,0,0,203.1,27.8,89.1
Cholera,Nigeria,Oyo,Oyo LGA1,2020,34,5,0,0,198.7,28.4,77.2
Measles,Nigeria,Kaduna,Kaduna LGA1,2020,34,78,0,0,178.8,35.6,88.3
Measles,Nigeria,Rivers,Rivers LGA2,2020,34,78,0,0,132.7,31.9,71.9
Measles,Nigeria,Oyo,Oyo LGA2,2020,34,78,0,0,122.7,28.8,33.9
Mpox,Nigeria,Oyo,Oyo LGA2,2020,34,0,0,0,36.2,33.2,22.2
Mpox,Nigeria,Lagos,Lagos LGA2,2020,34,0,0,0,45.3,33.7,37.0
Mpox,Nigeria,Kano,Kano LGA1,2020,34,0,0,0,102.8,33.5,74.5
AFP,Nigeria,FCT,FCT LGA2,2020,34,91,0,0,19.7,35.3,47.5
AFP,Nigeria,Enugu,Enugu LGA1,2020,34,91,0,0,10.6,30.7,63.2
AFP,Nigeria,Rivers,Rivers LGA1,2020,34,91,0,0,27.1,35.7,70.1
COVID-19,Nigeria,FCT,FCT LGA2,2020,34,424186,55005,10057,123.7,35.7,75.5
COVID-19,Nigeria,FCT,FCT LGA2,2020,34,424186,55005,10057,10.0,36.0,38.5
COVID-19,Nigeria,Enugu,Enugu LGA1,2020,34,424186,55005,10057,165.7,30.6,79.3
Lassa Fever,Nigeria,Kaduna,Kaduna LGA2,2020,35,27,2,0,159.7,29.8,65.0
Lassa Fever,Nigeria,Rivers,Rivers LGA2,2020,35,27,2,0,99.2,37.4,89.7
Lassa Fever,Nigeria,Kano,Kano LGA2,2020,35,27,2,0,168.2,33.9,24.7
CSM,Nigeria,Oyo,Oyo LGA2,2020,35,4,0,0,39.4,25.1,29.8
CSM,Nigeria,Kano,Kano LGA1,2020,35,4,0,0,108.5,27.1,25.0
CSM,Nigeria,FCT,FCT LGA2,2020,35,4,0,0,78.1,28.5,70.5
Yellow Fever,Nigeria,Kaduna,Kaduna LGA1,2020,35,24,0,0,172.2,24.7,88.9
Yellow Fever,Nigeria,Oyo,Oyo LGA2,2020,35,24,0,0,159.3,33.6,82.8
Yellow Fever,Nigeria,Oyo,Oyo LGA1,2020,35,24,0,0,36.7,33.3,39.5
Cholera,Nigeria,Kaduna,Kaduna LGA1,2020,35,9,0,0,129.6,28.8,88.4
Cholera,Nigeria,FCT,FCT LGA2,2020,35,9,0,0,162.3,27.2,85.7
Cholera,Nigeria,Enugu,Enugu LGA1,2020,35,9,0,0,180.2,28.4,79.4
Measles,Nigeria,Lagos,Lagos LGA1,2020,35,75,0,0,138.8,35.6,21.9
Measles,Nigeria,Kano,Kano LGA2,2020,35,75,0,0,43.8,33.7,25.3
Measles,Nigeria,Ogun,Ogun LGA2,2020,35,75,0,0,23.5,28.4,38.9
Mpox,Nigeria,Oyo,Oyo LGA2,2020,35,0,0,0,23.1,26.4,34.7
Mpox,Nigeria,Kano,Kano LGA2,2020,35,0,0,0,141.4,26.1,66.3
Mpox,Nigeria,Oyo,Oyo LGA1,2020,35,0,0,0,159.9,30.0,80.2
AFP,Nigeria,Kano,Kano LGA1,2020,35,103,0,0,76.4,36.1,45.1
AFP,Nigeria,FCT,FCT LGA1,2020,35,103,0,0,30.2,31.5,23.8
AFP,Nigeria,FCT,FCT LGA2,2020,35,103,0,0,176.4,37.9,89.8
COVID-19,Nigeria,Kano,Kano LGA1,2020,35,0,0,0,53.8,24.0,68.6
COVID-19,Nigeria,Kano,Kano LGA2,2020,35,0,0,0,144.1,26.7,75.8
COVID-19,Nigeria,Ogun,Ogun LGA1,2020,35,0,0,0,74.1,33.9,36.5
Lassa Fever,Nigeria,Rivers,Rivers LGA2,2020,36,46,4,0,151.7,27.8,38.9
Lassa Fever,Nigeria,FCT,FCT LGA1,2020,36,46,4,0,103.4,24.3,79.1
Lassa Fever,Nigeria,Kano,Kano LGA2,2020,36,46,4,0,52.4,36.0,61.6
CSM,Nigeria,Oyo,Oyo LGA2,2020,36,4,0,0,142.2,30.3,78.0
CSM,Nigeria,Ogun,Ogun LGA1,2020,36,4,0,0,5.9,31.3,34.1
CSM,Nigeria,Oyo,Oyo LGA2,2020,36,4,0,0,5.0,29.0,76.4
Yellow Fever,Nigeria,Ogun,Ogun LGA1,2020,36,35,0,0,22.3,26.9,70.6
Yellow Fever,Nigeria,Rivers,Rivers LGA2,2020,36,35,0,0,11.9,25.3,23.4
Yellow Fever,Nigeria,Rivers,Rivers LGA1,2020,36,35,0,0,38.9,35.7,79.5
Cholera,Nigeria,Enugu,Enugu LGA1,2020,36,20,0,2,139.3,27.9,93.8
Cholera,Nigeria,Ogun,Ogun LGA1,2020,36,20,0,2,231.1,27.2,85.6
Cholera,Nigeria,Oyo,Oyo LGA2,2020,36,20,0,2,203.1,29.7,90.8
Measles,Nigeria,Ogun,Ogun LGA1,2020,36,84,0,0,16.2,25.5,24.5
Measles,Nigeria,Kaduna,Kaduna LGA2,2020,36,84,0,0,128.2,36.3,66.1
Measles,Nigeria,Kano,Kano LGA1,2020,36,84,0,0,19.5,35.7,72.6
Mpox,Nigeria,Oyo,Oyo LGA1,2020,36,0,0,0,152.5,34.6,42.5
Mpox,Nigeria,Enugu,Enugu LGA2,2020,36,0,0,0,28.3,27.2,36.1
Mpox,Nigeria,Enugu,Enugu LGA1,2020,36,0,0,0,129.4,24.6,46.9
AFP,Nigeria,Oyo,Oyo LGA2,2020,36,100,0,0,34.9,26.9,79.9
AFP,Nigeria,Rivers,Rivers LGA1,2020,36,100,0,0,133.8,30.7,83.4
AFP,Nigeria,Ogun,Ogun LGA1,2020,36,100,0,0,35.6,31.4,86.8
COVID-19,Nigeria,FCT,FCT LGA1,2020,36,480874,57242,1098,165.9,29.5,71.7
COVID-19,Nigeria,Ogun,Ogun LGA1,2020,36,480874,57242,1098,120.4,35.8,67.5
COVID-19,Nigeria,Ogun,Ogun LGA1,2020,36,480874,57242,1098,12.0,30.4,75.2
Lassa Fever,Nigeria,Ogun,Ogun LGA2,2020,37,47,6,0,25.6,33.0,51.0
Lassa Fever,Nigeria,Oyo,Oyo LGA1,2020,37,47,6,0,23.0,32.1,49.4
Lassa Fever,Nigeria,Oyo,Oyo LGA1,2020,37,47,6,0,172.4,27.4,65.8
CSM,Nigeria,Rivers,Rivers LGA2,2020,37,3,0,1,117.6,25.3,46.6
CSM,Nigeria,Rivers,Rivers LGA2,2020,37,3,0,1,84.8,33.8,21.0
CSM,Nigeria,Rivers,Rivers LGA1,2020,37,3,0,1,144.7,32.8,65.9
Yellow Fever,Nigeria,Ogun,Ogun LGA1,2020,37,26,0,0,11.7,36.7,26.1
Yellow Fever,Nigeria,Rivers,Rivers LGA1,2020,37,26,0,0,90.9,24.6,47.9
Yellow Fever,Nigeria,Ogun,Ogun LGA1,2020,37,26,0,0,125.4,29.3,49.1
Cholera,Nigeria,Oyo,Oyo LGA1,2020,37,3,0,1,241.2,30.5,86.1
Cholera,Nigeria,Rivers,Rivers LGA1,2020,37,3,0,1,214.9,27.6,82.4
Cholera,Nigeria,Lagos,Lagos LGA2,2020,37,3,0,1,190.8,27.8,88.6
Measles,Nigeria,Oyo,Oyo LGA1,2020,37,68,0,0,46.3,28.2,47.3
Measles,Nigeria,Ogun,Ogun LGA2,2020,37,68,0,0,154.0,29.2,45.1
Measles,Nigeria,Ogun,Ogun LGA1,2020,37,68,0,0,49.5,38.0,45.7
Mpox,Nigeria,Lagos,Lagos LGA1,2020,37,0,0,0,10.2,36.2,71.1
Mpox,Nigeria,Kaduna,Kaduna LGA1,2020,37,0,0,0,68.3,32.4,73.1
Mpox,Nigeria,Lagos,Lagos LGA1,2020,37,0,0,0,106.1,32.8,84.9
AFP,Nigeria,Enugu,Enugu LGA2,2020,37,88,0,0,129.0,34.6,64.6
AFP,Nigeria,Rivers,Rivers LGA1,2020,37,88,0,0,95.4,35.4,26.2
AFP,Nigeria,Lagos,Lagos LGA1,2020,37,88,0,0,83.2,28.8,25.2
COVID-19,Nigeria,Lagos,Lagos LGA1,2020,37,507006,58324,1108,6.4,28.9,61.9
COVID-19,Nigeria,Oyo,Oyo LGA2,2020,37,507006,58324,1108,173.5,34.4,57.9
COVID-19,Nigeria,Rivers,Rivers LGA2,2020,37,507006,58324,1108,28.2,35.9,74.5
Lassa Fever,Nigeria,Oyo,Oyo LGA1,2020,38,11,4,1,97.4,28.9,41.9
Lassa Fever,Nigeria,Rivers,Rivers LGA1,2020,38,11,4,1,6.3,32.5,49.3
Lassa Fever,Nigeria,Kano,Kano LGA1,2020,38,11,4,1,16.5,27.4,65.0
CSM,Nigeria,FCT,FCT LGA1,2020,38,5,0,0,88.4,28.5,85.2
CSM,Nigeria,Oyo,Oyo LGA1,2020,38,5,0,0,32.4,33.4,66.1
CSM,Nigeria,Ogun,Ogun LGA1,2020,38,5,0,0,141.4,26.3,20.8
Yellow Fever,Nigeria,Lagos,Lagos LGA2,2020,38,33,0,0,69.4,24.9,47.4
Yellow Fever,Nigeria,Kaduna,Kaduna LGA1,2020,38,33,0,0,15.2,37.4,37.0
Yellow Fever,Nigeria,Oyo,Oyo LGA1,2020,38,33,0,0,65.4,33.0,50.6
Cholera,Nigeria,Enugu,Enugu LGA2,2020,38,21,0,1,223.7,30.7,84.8
Cholera,Nigeria,Lagos,Lagos LGA1,2020,38,21,0,1,222.1,29.1,83.9
Cholera,Nigeria,Enugu,Enugu LGA1,2020,38,21,0,1,136.0,30.1,78.0
Measles,Nigeria,Enugu,Enugu LGA1,2020,38,87,0,0,75.9,33.1,37.6
Measles,Nigeria,Ogun,Ogun LGA2,2020,38,87,0,0,24.6,27.0,74.6
Measles,Nigeria,Kano,Kano LGA1,2020,38,87,0,0,29.6,29.1,57.9
Mpox,Nigeria,Rivers,Rivers LGA1,2020,38,2,2,0,15.8,36.0,50.7
Mpox,Nigeria,Oyo,Oyo LGA2,2020,38,2,2,0,146.0,24.1,24.6
Mpox,Nigeria,Rivers,Rivers LGA1,2020,38,2,2,0,142.8,26.9,55.1
AFP,Nigeria,Oyo,Oyo LGA1,2020,38,107,0,0,28.1,28.7,45.3
AFP,Nigeria,Enugu,Enugu LGA2,2020,38,107,0,0,169.2,31.1,81.5
AFP,Nigeria,Kano,Kano LGA2,2020,38,107,0,0,22.5,27.8,64.7
COVID-19,Nigeria,Rivers,Rivers LGA2,2020,38,0,0,0,163.7,28.2,38.6
COVID-19,Nigeria,Kaduna,Kaduna LGA1,2020,38,0,0,0,107.9,32.4,80.7
COVID-19,Nigeria,Lagos,Lagos LGA2,2020,38,0,0,0,11.7,27.3,24.0
Lassa Fever,Nigeria,Kano,Kano LGA2,2020,39,41,7,1,135.4,34.0,53.8
Lassa Fever,Nigeria,Kano,Kano LGA1,2020,39,41,7,1,44.5,26.9,56.3
Lassa Fever,Nigeria,Kaduna,Kaduna LGA1,2020,39,41,7,1,14.0,35.2,78.3
CSM,Nigeria,Lagos,Lagos LGA1,2020,39,2,0,0,117.3,30.7,54.4
CSM,Nigeria,Lagos,Lagos LGA2,2020,39,2,0,0,18.8,37.4,30.2
CSM,Nigeria,Rivers,Rivers LGA2,2020,39,2,0,0,160.9,35.7,60.1
Yellow Fever,Nigeria,Enugu,Enugu LGA1,2020,39,34,0,0,77.3,30.0,78.8
Yellow Fever,Nigeria,Rivers,Rivers LGA2,2020,39,34,0,0,31.0,27.5,79.6
Yellow Fever,Nigeria,Enugu,Enugu LGA2,2020,39,34,0,0,52.5,28.2,68.1
Cholera,Nigeria,Kaduna,Kaduna LGA2,2020,39,1,0,0,154.7,29.5,94.1
Cholera,Nigeria,Ogun,Ogun LGA2,2020,39,1,0,0,248.8,30.6,75.5
Cholera,Nigeria,Rivers,Rivers LGA1,2020,39,1,0,0,192.2,27.7,77.3
Measles,Nigeria,Oyo,Oyo LGA1,2020,39,80,0,0,104.9,33.7,45.4
Measles,Nigeria,Lagos,Lagos LGA2,2020,39,80,0,0,12.6,25.9,56.7
Measles,Nigeria,Rivers,Rivers LGA1,2020,39,80,0,0,168.9,27.2,77.3
Mpox,Nigeria,Kano,Kano LGA2,2020,39,1,1,0,32.1,33.2,29.1
Mpox,Nigeria,Lagos,Lagos LGA1,2020,39,1,1,0,52.9,31.4,72.3
Mpox,Nigeria,Kano,Kano LGA2,2020,39,1,1,0,174.4,30.3,28.0
AFP,Nigeria,Kaduna,Kaduna LGA1,2020,39,92,0,0,141.4,24.9,56.0
AFP,Nigeria,Kaduna,Kaduna LGA1,2020,39,92,0,0,133.8,25.0,50.2
AFP,Nigeria,Kano,Kano LGA2,2020,39,92,0,0,93.4,34.8,68.8
COVID-19,Nigeria,Rivers,Rivers LGA1,2020,39,0,0,0,20.0,33.6,46.1
COVID-19,Nigeria,Kaduna,Kaduna LGA2,2020,39,0,0,0,168.6,35.9,67.4
COVID-19,Nigeria,Rivers,Rivers LGA2,2020,39,0,0,0,21.1,34.6,87.9
Lassa Fever,Nigeria,Rivers,Rivers LGA1,2021,45,113,8,0,133.4,24.5,21.9
Lassa Fever,Nigeria,FCT,FCT LGA1,2021,45,113,8,0,73.8,35.4,47.4
Lassa Fever,Nigeria,Rivers,Rivers LGA2,2021,45,113,8,0,14.1,31.7,57.4
CSM,Nigeria,Rivers,Rivers LGA1,2021,45,2,0,0,127.5,30.3,43.2
CSM,Nigeria,Enugu,Enugu LGA1,2021,45,2,0,0,178.3,25.8,63.7
CSM,Nigeria,Ogun,Ogun LGA2,2021,45,2,0,0,135.3,33.0,39.7
Yellow Fever,Nigeria,Enugu,Enugu LGA2,2021,45,21,0,0,124.3,29.1,71.9
Yellow Fever,Nigeria,Oyo,Oyo LGA2,2021,45,21,0,0,25.0,28.1,43.9
Yellow Fever,Nigeria,Oyo,Oyo LGA1,2021,45,21,0,0,11.7,33.6,38.0
Cholera,Nigeria,Lagos,Lagos LGA1,2021,45,477,5,14,228.6,29.1,77.2
Cholera,Nigeria,Ogun,Ogun LGA2,2021,45,477,5,14,152.3,27.0,84.5
Cholera,Nigeria,Oyo,Oyo LGA2,2021,45,477,5,14,154.1,27.8,88.2
Measles,Nigeria,FCT,FCT LGA2,2021,45,237,0,0,112.8,38.0,52.0
Measles,Nigeria,Kano,Kano LGA1,2021,45,237,0,0,58.1,32.3,22.0
Measles,Nigeria,Lagos,Lagos LGA2,2021,45,237,0,0,35.3,26.3,73.1
Mpox,Nigeria,Oyo,Oyo LGA2,2021,45,0,0,0,132.4,35.6,78.5
Mpox,Nigeria,Kaduna,Kaduna LGA2,2021,45,0,0,0,138.7,24.1,43.8
Mpox,Nigeria,Enugu,Enugu LGA1,2021,45,0,0,0,134.1,36.7,86.8
AFP,Nigeria,FCT,FCT LGA2,2021,45,104,0,0,85.1,26.1,54.8
AFP,Nigeria,Ogun,Ogun LGA2,2021,45,104,0,0,140.3,30.2,64.7
AFP,Nigeria,Kaduna,Kaduna LGA2,2021,45,104,0,0,116.3,36.7,76.7
COVID-19,Nigeria,Lagos,Lagos LGA1,2021,45,0,0,0,96.1,36.9,37.3
COVID-19,Nigeria,Ogun,Ogun LGA1,2021,45,0,0,0,130.3,29.6,23.4
COVID-19,Nigeria,Kano,Kano LGA1,2021,45,0,0,0,24.2,36.8,20.1
Lassa Fever,Nigeria,Lagos,Lagos LGA2,2021,46,108,9,1,83.4,30.7,28.4
Lassa Fever,Nigeria,Lagos,Lagos LGA2,2021,46,108,9,1,64.1,31.7,26.0
Lassa Fever,Nigeria,Enugu,Enugu LGA2,2021,46,108,9,1,168.8,28.6,71.3
CSM,Nigeria,Enugu,Enugu LGA2,2021,46,2,0,0,51.0,25.5,51.5
CSM,Nigeria,Kano,Kano LGA1,2021,46,2,0,0,112.8,27.9,53.7
CSM,Nigeria,Rivers,Rivers LGA1,2021,46,2,0,0,65.0,37.3,71.0
Yellow Fever,Nigeria,Enugu,Enugu LGA1,2021,46,31,0,0,50.1,36.5,70.8
Yellow Fever,Nigeria,Lagos,Lagos LGA1,2021,46,31,0,0,112.1,26.3,64.6
Yellow Fever,Nigeria,Kaduna,Kaduna LGA1,2021,46,31,0,0,33.2,36.0,63.5
Cholera,Nigeria,Ogun,Ogun LGA1,2021,46,352,0,4,170.6,27.9,86.6
Cholera,Nigeria,Kano,Kano LGA2,2021,46,352,0,4,121.3,28.9,79.5
Cholera,Nigeria,Enugu,Enugu LGA2,2021,46,352,0,4,240.8,27.2,90.1
Measles,Nigeria,Rivers,Rivers LGA1,2021,46,235,0,0,127.2,35.6,69.7
Measles,Nigeria,Lagos,Lagos LGA1,2021,46,235,0,0,172.1,30.8,27.1
Measles,Nigeria,Lagos,Lagos LGA1,2021,46,235,0,0,49.7,24.4,73.5
Mpox,Nigeria,Oyo,Oyo LGA1,2021,46,3,3,0,38.8,26.9,64.4
Mpox,Nigeria,FCT,FCT LGA2,2021,46,3,3,0,152.5,27.9,34.8
Mpox,Nigeria,Kaduna,Kaduna LGA1,2021,46,3,3,0,48.8,31.4,45.8
AFP,Nigeria,Ogun,Ogun LGA1,2021,46,97,0,0,136.4,28.2,31.1
AFP,Nigeria,FCT,FCT LGA1,2021,46,97,0,0,136.1,25.3,54.5
AFP,Nigeria,Oyo,Oyo LGA2,2021,46,97,0,0,80.9,26.4,51.7
COVID-19,Nigeria,Rivers,Rivers LGA2,2021,46,0,0,0,134.1,35.7,50.2
COVID-19,Nigeria,Enugu,Enugu LGA1,2021,46,0,0,0,144.0,35.2,41.0
COVID-19,Nigeria,Oyo,Oyo LGA2,2021,46,0,0,0,126.1,32.1,80.8
Lassa Fever,Nigeria,Enugu,Enugu LGA1,2021,48,84,4,0,98.1,27.6,47.1
Lassa Fever,Nigeria,Kano,Kano LGA1,2021,48,84,4,0,56.4,27.2,48.0
Lassa Fever,Nigeria,Kaduna,Kaduna LGA2,2021,48,84,4,0,166.9,28.0,27.4
CSM,Nigeria,Lagos,Lagos LGA1,2021,48,2,0,0,151.3,32.6,49.9
CSM,Nigeria,Oyo,Oyo LGA2,2021,48,2,0,0,178.7,35.7,34.3
CSM,Nigeria,Rivers,Rivers LGA2,2021,48,2,0,0,81.0,24.3,30.8
Yellow Fever,Nigeria,Ogun,Ogun LGA1,2021,48,31,0,0,166.2,29.5,86.6
Yellow Fever,Nigeria,Rivers,Rivers LGA1,2021,48,31,0,0,112.5,30.5,70.2
Yellow Fever,Nigeria,Lagos,Lagos LGA2,2021,48,31,0,0,37.9,31.2,46.8
Cholera,Nigeria,Enugu,Enugu LGA2,2021,48,233,0,3,225.6,27.1,91.6
Cholera,Nigeria,Rivers,Rivers LGA1,2021,48,233,0,3,123.9,30.6,89.7
Cholera,Nigeria,Lagos,Lagos LGA1,2021,48,233,0,3,152.4,30.2,84.8
Measles,Nigeria,Ogun,Ogun LGA1,2021,48,319,5,0,126.9,27.3,39.6
Measles,Nigeria,Lagos,Lagos LGA2,2021,48,319,5,0,100.0,34.8,44.7
Measles,Nigeria,Oyo,Oyo LGA1,2021,48,319,5,0,177.9,26.9,85.5
Mpox,Nigeria,Kaduna,Kaduna LGA2,2021,48,2,1,0,147.0,33.5,60.3
Mpox,Nigeria,Kaduna,Kaduna LGA1,2021,48,2,1,0,66.6,33.9,21.5
Mpox,Nigeria,Lagos,Lagos LGA2,2021,48,2,1,0,11.4,32.8,54.5
AFP,Nigeria,Kaduna,Kaduna LGA1,2021,48,103,0,0,62.2,27.3,78.4
AFP,Nigeria,Oyo,Oyo LGA1,2021,48,103,0,0,26.4,28.7,77.7
AFP,Nigeria,Lagos,Lagos LGA1,2021,48,103,0,0,179.1,37.3,48.4
COVID-19,Nigeria,Kano,Kano LGA2,2021,48,0,0,0,142.9,26.9,45.7
COVID-19,Nigeria,Lagos,Lagos LGA2,2021,48,0,0,0,148.8,25.2,61.7
COVID-19,Nigeria,Kano,Kano LGA2,2021,48,0,0,0,62.8,28.7,70.6
Lassa Fever,Nigeria,FCT,FCT LGA2,2021,0,59,8,0,96.0,31.1,70.4
Lassa Fever,Nigeria,Kaduna,Kaduna LGA2,2021,0,59,8,0,174.3,27.8,52.9
Lassa Fever,Nigeria,Oyo,Oyo LGA2,2021,0,59,8,0,153.8,33.6,32.6
CSM,Nigeria,Kano,Kano LGA1,2021,0,2,0,0,53.8,28.3,58.5
CSM,Nigeria,Rivers,Rivers LGA1,2021,0,2,0,0,80.7,30.2,27.8
CSM,Nigeria,Rivers,Rivers LGA1,2021,0,2,0,0,114.7,36.5,41.7
Yellow Fever,Nigeria,Kano,Kano LGA1,2021,0,13,0,0,152.6,36.2,34.6
Yellow Fever,Nigeria,Ogun,Ogun LGA2,2021,0,13,0,0,119.8,28.5,31.9
Yellow Fever,Nigeria,Ogun,Ogun LGA1,2021,0,13,0,0,90.6,32.1,60.3
Cholera,Nigeria,Lagos,Lagos LGA2,2021,0,7,0,1,236.1,28.1,78.7
Cholera,Nigeria,Rivers,Rivers LGA2,2021,0,7,0,1,226.2,27.9,82.2
Cholera,Nigeria,Enugu,Enugu LGA1,2021,0,7,0,1,133.8,28.1,80.1
Measles,Nigeria,Kano,Kano LGA1,2021,0,44,0,1,38.7,37.3,23.9
Measles,Nigeria,Kaduna,Kaduna LGA2,2021,0,44,0,1,114.3,28.2,43.9
Measles,Nigeria,Kaduna,Kaduna LGA1,2021,0,44,0,1,131.4,31.6,70.2
Mpox,Nigeria,Lagos,Lagos LGA2,2021,0,0,0,0,46.9,36.0,30.8
Mpox,Nigeria,Kano,Kano LGA1,2021,0,0,0,0,69.3,29.6,55.1
Mpox,Nigeria,Oyo,Oyo LGA2,2021,0,0,0,0,87.6,35.2,80.6
AFP,Nigeria,Oyo,Oyo LGA1,2021,0,47,0,0,88.8,34.0,50.4
AFP,Nigeria,Rivers,Rivers LGA2,2021,0,47,0,0,143.3,37.8,30.8
AFP,Nigeria,Kaduna,Kaduna LGA2,2021,0,47,0,0,137.2,27.8,22.7
COVID-19,Nigeria,Kaduna,Kaduna LGA2,2021,0,0,0,0,73.4,31.3,28.0
COVID-19,Nigeria,Enugu,Enugu LGA2,2021,0,0,0,0,139.9,33.1,74.2
COVID-19,Nigeria,Ogun,Ogun LGA1,2021,0,0,0,0,170.0,26.0,70.8
Lassa Fever,Nigeria,Rivers,Rivers LGA2,2021,1,109,9,2,17.8,35.2,25.2
Lassa Fever,Nigeria,Oyo,Oyo LGA1,2021,1,109,9,2,126.9,37.0,89.2
Lassa Fever,Nigeria,Oyo,Oyo LGA2,2021,1,109,9,2,8.7,35.2,21.1
CSM,Nigeria,Ogun,Ogun LGA2,2021,1,0,0,0,71.5,30.5,80.4
CSM,Nigeria,Ogun,Ogun LGA1,2021,1,0,0,0,41.5,26.2,33.2
CSM,Nigeria,Kaduna,Kaduna LGA2,2021,1,0,0,0,6.4,25.7,32.7
Yellow Fever,Nigeria,Kaduna,Kaduna LGA2,2021,1,17,0,0,105.1,28.1,23.8
Yellow Fever,Nigeria,Enugu,Enugu LGA1,2021,1,17,0,0,140.6,33.9,22.2
Yellow Fever,Nigeria,Kaduna,Kaduna LGA1,2021,1,17,0,0,112.3,30.8,30.9
Cholera,Nigeria,Kano,Kano LGA2,2021,1,0,0,0,232.7,27.1,78.6
Cholera,Nigeria,Oyo,Oyo LGA1,2021,1,0,0,0,188.9,29.8,87.4
Cholera,Nigeria,Enugu,Enugu LGA2,2021,1,0,0,0,240.0,27.1,88.3
Measles,Nigeria,Kaduna,Kaduna LGA2,2021,1,131,0,0,8.2,35.5,26.9
Measles,Nigeria,Kaduna,Kaduna LGA1,2021,1,131,0,0,120.5,26.7,48.2
Measles,Nigeria,Enugu,Enugu LGA2,2021,1,131,0,0,10.6,34.3,59.0
Mpox,Nigeria,Oyo,Oyo LGA1,2021,1,3,1,0,128.6,27.9,45.8
Mpox,Nigeria,Rivers,Rivers LGA1,2021,1,3,1,0,172.4,30.4,32.5
Mpox,Nigeria,Enugu,Enugu LGA1,2021,1,3,1,0,174.4,26.5,66.2
AFP,Nigeria,Enugu,Enugu LGA2,2021,1,46,0,0,78.8,34.8,70.0
AFP,Nigeria,Kano,Kano LGA1,2021,1,46,0,0,49.3,24.7,48.4
AFP,Nigeria,Oyo,Oyo LGA1,2021,1,46,0,0,41.6,36.0,54.7
COVID-19,Nigeria,Ogun,Ogun LGA1,2021,1,0,0,0,139.9,29.8,66.9
COVID-19,Nigeria,Kano,Kano LGA1,2021,1,0,0,0,156.1,31.0,39.6
COVID-19,Nigeria,Rivers,Rivers LGA1,2021,1,0,0,0,65.1,27.6,86.0
Lassa Fever,Nigeria,Oyo,Oyo LGA1,2021,2,117,14,2,165.0,34.6,61.5
Lassa Fever,Nigeria,FCT,FCT LGA1,2021,2,117,14,2,36.9,29.2,85.2
Lassa Fever,Nigeria,FCT,FCT LGA1,2021,2,117,14,2,112.6,26.3,34.6
CSM,Nigeria,Enugu,Enugu LGA2,2021,2,2,0,0,170.7,30.6,41.8
CSM,Nigeria,Lagos,Lagos LGA2,2021,2,2,0,0,16.1,27.4,87.4
CSM,Nigeria,Oyo,Oyo LGA2,2021,2,2,0,0,36.1,25.2,56.1
Yellow Fever,Nigeria,Rivers,Rivers LGA1,2021,2,16,0,0,5.4,34.7,58.5
Yellow Fever,Nigeria,Enugu,Enugu LGA1,2021,2,16,0,0,101.8,36.1,48.0
Yellow Fever,Nigeria,Kaduna,Kaduna LGA2,2021,2,16,0,0,20.1,30.7,51.4
Cholera,Nigeria,Kano,Kano LGA2,2021,2,0,0,0,138.1,30.4,86.1
Cholera,Nigeria,FCT,FCT LGA2,2021,2,0,0,0,198.5,29.6,94.7
Cholera,Nigeria,Kano,Kano LGA2,2021,2,0,0,0,239.3,29.4,91.4
Measles,Nigeria,Ogun,Ogun LGA1,2021,2,207,3,1,124.0,32.1,24.6
Measles,Nigeria,FCT,FCT LGA2,2021,2,207,3,1,141.8,27.1,49.3
Measles,Nigeria,Rivers,Rivers LGA2,2021,2,207,3,1,153.4,33.3,44.9
Mpox,Nigeria,Kano,Kano LGA2,2021,2,2,1,0,172.6,36.8,48.0
Mpox,Nigeria,Lagos,Lagos LGA2,2021,2,2,1,0,130.4,28.3,89.7
Mpox,Nigeria,Oyo,Oyo LGA2,2021,2,2,1,0,15.7,30.4,67.6
AFP,Nigeria,Enugu,Enugu LGA2,2021,2,51,0,0,111.9,27.6,56.0
AFP,Nigeria,Ogun,Ogun LGA2,2021,2,51,0,0,117.3,35.4,66.5
AFP,Nigeria,Kaduna,Kaduna LGA2,2021,2,51,0,0,151.3,35.9,76.3
COVID-19,Nigeria,Kano,Kano LGA1,2021,2,0,0,0,23.6,26.6,79.9
COVID-19,Nigeria,Kano,Kano LGA1,2021,2,0,0,0,34.3,36.0,46.5
COVID-19,Nigeria,Rivers,Rivers LGA2,2021,2,0,0,0,169.9,27.5,69.6
Lassa Fever,Nigeria,Kano,Kano LGA1,2021,5,107,12,1,22.4,26.1,67.5
Lassa Fever,Nigeria,Enugu,Enugu LGA2,2021,5,107,12,1,68.1,27.5,70.6
Lassa Fever,Nigeria,FCT,FCT LGA1,2021,5,107,12,1,91.4,30.5,66.9
CSM,Nigeria,Kaduna,Kaduna LGA2,2021,5,4,0,0,71.9,35.7,81.8
CSM,Nigeria,Kaduna,Kaduna LGA1,2021,5,4,0,0,123.3,24.3,48.7
CSM,Nigeria,Kaduna,Kaduna LGA1,2021,5,4,0,0,151.2,32.6,47.6
Yellow Fever,Nigeria,Kano,Kano LGA1,2021,5,27,0,0,34.9,33.6,67.5
Yellow Fever,Nigeria,Ogun,Ogun LGA1,2021,5,27,0,0,75.8,28.1,80.0
Yellow Fever,Nigeria,Rivers,Rivers LGA2,2021,5,27,0,0,154.1,25.3,50.6
Cholera,Nigeria,Rivers,Rivers LGA1,2021,5,87,1,5,129.4,29.1,83.5
Cholera,Nigeria,FCT,FCT LGA1,2021,5,87,1,5,218.4,30.5,86.5
Cholera,Nigeria,FCT,FCT LGA2,2021,5,87,1,5,180.7,29.8,89.4
Measles,Nigeria,Kaduna,Kaduna LGA2,2021,5,204,5,0,120.0,30.8,44.2
Measles,Nigeria,Rivers,Rivers LGA1,2021,5,204,5,0,24.3,33.6,46.7
Measles,Nigeria,Lagos,Lagos LGA2,2021,5,204,5,0,111.7,35.8,32.9
Mpox,Nigeria,Kano,Kano LGA2,2021,5,5,0,0,75.9,31.9,79.4
Mpox,Nigeria,Oyo,Oyo LGA1,2021,5,5,0,0,101.4,36.6,76.4
Mpox,Nigeria,Oyo,Oyo LGA2,2021,5,5,0,0,139.0,31.6,84.2
AFP,Nigeria,Lagos,Lagos LGA1,2021,5,36,0,0,130.4,27.3,50.5
AFP,Nigeria,Kano,Kano LGA1,2021,5,36,0,0,90.3,32.2,32.6
AFP,Nigeria,Kaduna,Kaduna LGA1,2021,5,36,0,0,109.1,34.5,87.7
COVID-19,Nigeria,Kano,Kano LGA2,2021,5,0,0,0,161.1,32.9,31.7
COVID-19,Nigeria,Rivers,Rivers LGA2,2021,5,0,0,0,47.8,32.5,74.7
COVID-19,Nigeria,Lagos,Lagos LGA1,2021,5,0,0,0,144.0,26.7,89.7
Lassa Fever,Nigeria,Rivers,Rivers LGA2,2021,6,91,17,6,8.4,24.9,67.2
Lassa Fever,Nigeria,Kano,Kano LGA1,2021,6,91,17,6,154.6,36.7,22.9
Lassa Fever,Nigeria,Enugu,Enugu LGA2,2021,6,91,17,6,130.8,26.8,58.2
CSM,Nigeria,Lagos,Lagos LGA1,2021,6,8,0,0,46.7,37.1,45.6
CSM,Nigeria,Enugu,Enugu LGA2,2021,6,8,0,0,12.5,32.4,76.8
CSM,Nigeria,FCT,FCT LGA2,2021,6,8,0,0,134.2,27.8,84.6
Yellow Fever,Nigeria,Rivers,Rivers LGA2,2021,6,27,0,0,119.5,32.3,42.0
Yellow Fever,Nigeria,Oyo,Oyo LGA2,2021,6,27,0,0,169.4,36.5,60.1
Yellow Fever,Nigeria,Oyo,Oyo LGA2,2021,6,27,0,0,79.6,30.9,25.6
Cholera,Nigeria,Enugu,Enugu LGA1,2021,6,12,0,0,225.2,29.5,94.7
Cholera,Nigeria,Ogun,Ogun LGA1,2021,6,12,0,0,186.5,27.3,87.3
Cholera,Nigeria,Kaduna,Kaduna LGA2,2021,6,12,0,0,190.5,29.2,79.6
Measles,Nigeria,Kano,Kano LGA2,2021,6,289,0,1,39.1,34.3,59.1
Measles,Nigeria,Kaduna,Kaduna LGA2,2021,6,289,0,1,82.1,25.9,65.7
Measles,Nigeria,FCT,FCT LGA2,2021,6,289,0,1,124.9,26.6,74.6
Mpox,Nigeria,Kano,Kano LGA1,2021,6,3,1,0,101.7,37.5,76.2
Mpox,Nigeria,Oyo,Oyo LGA2,2021,6,3,1,0,70.8,35.9,63.6
Mpox,Nigeria,Oyo,Oyo LGA2,2021,6,3,1,0,78.1,25.2,21.2
AFP,Nigeria,Enugu,Enugu LGA1,2021,6,45,0,0,64.8,25.9,24.9
AFP,Nigeria,FCT,FCT LGA2,2021,6,45,0,0,50.1,34.3,40.8
AFP,Nigeria,Rivers,Rivers LGA1,2021,6,45,0,0,114.9,33.5,48.8
COVID-19,Nigeria,Kano,Kano LGA2,2021,6,0,0,0,15.2,37.7,67.0
COVID-19,Nigeria,Kaduna,Kaduna LGA2,2021,6,0,0,0,77.0,36.7,87.7
COVID-19,Nigeria,Kano,Kano LGA2,2021,6,0,0,0,80.1,25.9,50.7
Lassa Fever,Nigeria,Oyo,Oyo LGA1,2021,7,113,19,3,116.9,37.4,31.2
Lassa Fever,Nigeria,FCT,FCT LGA1,2021,7,113,19,3,66.9,37.0,68.5
Lassa Fever,Nigeria,FCT,FCT LGA1,2021,7,113,19,3,34.5,32.8,36.0
CSM,Nigeria,Lagos,Lagos LGA1,2021,7,4,0,0,117.8,27.8,32.4
CSM,Nigeria,Kaduna,Kaduna LGA1,2021,7,4,0,0,29.6,33.1,38.9
CSM,Nigeria,Kano,Kano LGA2,2021,7,4,0,0,162.1,30.1,33.0
Yellow Fever,Nigeria,Kaduna,Kaduna LGA1,2021,7,16,0,0,102.0,28.8,26.2
Yellow Fever,Nigeria,Ogun,Ogun LGA1,2021,7,16,0,0,178.0,35.2,41.8
Yellow Fever,Nigeria,Kano,Kano LGA1,2021,7,16,0,0,13.1,31.2,21.3
Cholera,Nigeria,Ogun,Ogun LGA1,2021,7,38,0,0,248.3,27.8,95.0
Cholera,Nigeria,Rivers,Rivers LGA1,2021,7,38,0,0,121.4,30.9,86.0
Cholera,Nigeria,Kano,Kano LGA1,2021,7,38,0,0,120.7,30.4,85.3
Measles,Nigeria,FCT,FCT LGA2,2021,7,184,0,0,111.7,37.2,27.3
Measles,Nigeria,Lagos,Lagos LGA1,2021,7,184,0,0,32.5,27.4,73.8
Measles,Nigeria,Rivers,Rivers LGA2,2021,7,184,0,0,170.8,32.1,69.1
Mpox,Nigeria,FCT,FCT LGA1,2021,7,2,0,0,16.2,35.6,25.4
Mpox,Nigeria,Ogun,Ogun LGA2,2021,7,2,0,0,161.1,36.5,70.7
Mpox,Nigeria,FCT,FCT LGA1,2021,7,2,0,0,63.3,25.2,66.9
AFP,Nigeria,Rivers,Rivers LGA1,2021,7,43,0,0,116.9,31.4,65.5
AFP,Nigeria,Ogun,Ogun LGA1,2021,7,43,0,0,172.9,25.8,29.4
AFP,Nigeria,Kano,Kano LGA1,2021,7,43,0,0,174.7,25.3,82.0
COVID-19,Nigeria,Kaduna,Kaduna LGA1,2021,7,0,0,0,136.6,37.6,52.6
COVID-19,Nigeria,Rivers,Rivers LGA1,2021,7,0,0,0,175.2,32.2,49.6
COVID-19,Nigeria,Kano,Kano LGA1,2021,7,0,0,0,31.0,34.1,68.9
Lassa Fever,Nigeria,Enugu,Enugu LGA2,2021,8,140,34,6,178.3,29.9,32.1
Lassa Fever,Nigeria,Kano,Kano LGA2,2021,8,140,34,6,21.8,35.7,53.5
Lassa Fever,Nigeria,Kano,Kano LGA2,2021,8,140,34,6,131.9,32.4,60.1
CSM,Nigeria,Kaduna,Kaduna LGA2,2021,8,10,2,0,71.9,38.0,46.1
CSM,Nigeria,Kaduna,Kaduna LGA1,2021,8,10,2,0,98.3,33.4,56.2
CSM,Nigeria,Rivers,Rivers LGA1,2021,8,10,2,0,103.9,37.7,77.3
Yellow Fever,Nigeria,Ogun,Ogun LGA2,2021,8,28,0,0,49.9,26.5,60.1
Yellow Fever,Nigeria,Oyo,Oyo LGA2,2021,8,28,0,0,77.6,35.7,68.0
Yellow Fever,Nigeria,Rivers,Rivers LGA1,2021,8,28,0,0,179.8,26.7,58.3
Cholera,Nigeria,Oyo,Oyo LGA1,2021,8,4,0,0,204.8,29.8,92.7
Cholera,Nigeria,Oyo,Oyo LGA2,2021,8,4,0,0,205.3,28.1,78.3
Cholera,Nigeria,Kano,Kano LGA1,2021,8,4,0,0,191.2,28.9,76.9
Measles,Nigeria,Oyo,Oyo LGA1,2021,8,272,0,1,175.4,24.4,83.2
Measles,Nigeria,Kano,Kano LGA2,2021,8,272,0,1,71.8,25.8,23.4
Measles,Nigeria,Rivers,Rivers LGA2,2021,8,272,0,1,63.3,31.5,55.6
Mpox,Nigeria,Oyo,Oyo LGA1,2021,8,2,0,0,150.0,27.8,65.0
Mpox,Nigeria,Enugu,Enugu LGA2,2021,8,2,0,0,38.1,33.9,61.6
Mpox,Nigeria,Lagos,Lagos LGA1,2021,8,2,0,0,130.5,26.4,25.0
AFP,Nigeria,Lagos,Lagos LGA2,2021,8,50,0,0,139.1,33.7,36.4
AFP,Nigeria,Enugu,Enugu LGA2,2021,8,50,0,0,113.9,33.7,39.4
AFP,Nigeria,FCT,FCT LGA1,2021,8,50,0,0,111.6,36.5,32.3
COVID-19,Nigeria,Enugu,Enugu LGA2,2021,8,0,0,0,131.1,34.8,87.9
COVID-19,Nigeria,Rivers,Rivers LGA2,2021,8,0,0,0,101.9,34.5,84.4
COVID-19,Nigeria,Ogun,Ogun LGA2,2021,8,0,0,0,18.8,35.4,82.6
Lassa Fever,Nigeria,FCT,FCT LGA1,2021,10,145,30,6,133.9,26.7,46.0
Lassa Fever,Nigeria,Rivers,Rivers LGA1,2021,10,145,30,6,172.1,34.6,51.2
Lassa Fever,Nigeria,Enugu,Enugu LGA2,2021,10,145,30,6,33.9,37.1,85.2
CSM,Nigeria,Ogun,Ogun LGA2,2021,10,7,0,0,8.7,28.7,54.9
CSM,Nigeria,Oyo,Oyo LGA2,2021,10,7,0,0,119.3,37.6,24.9
CSM,Nigeria,Rivers,Rivers LGA2,2021,10,7,0,0,103.6,33.7,25.5
Yellow Fever,Nigeria,Ogun,Ogun LGA1,2021,10,55,0,0,133.4,32.0,50.0
Yellow Fever,Nigeria,FCT,FCT LGA2,2021,10,55,0,0,74.8,26.5,47.5
Yellow Fever,Nigeria,Ogun,Ogun LGA2,2021,10,55,0,0,85.7,26.4,81.5
Cholera,Nigeria,FCT,FCT LGA1,2021,10,11,0,0,194.0,28.7,79.3
Cholera,Nigeria,Oyo,Oyo LGA1,2021,10,11,0,0,120.9,28.9,91.5
Cholera,Nigeria,Lagos,Lagos LGA2,2021,10,11,0,0,216.5,29.0,78.2
Measles,Nigeria,Enugu,Enugu LGA2,2021,10,540,4,2,88.8,34.2,71.2
Measles,Nigeria,Rivers,Rivers LGA2,2021,10,540,4,2,50.2,30.5,39.1
Measles,Nigeria,Kano,Kano LGA2,2021,10,540,4,2,163.6,35.0,75.0
Mpox,Nigeria,Ogun,Ogun LGA1,2021,10,1,1,0,103.7,32.4,50.3
Mpox,Nigeria,Rivers,Rivers LGA2,2021,10,1,1,0,26.6,25.1,51.7
Mpox,Nigeria,Rivers,Rivers LGA1,2021,10,1,1,0,155.0,29.5,28.1
AFP,Nigeria,FCT,FCT LGA2,2021,10,48,0,0,31.0,31.9,70.2
AFP,Nigeria,Kaduna,Kaduna LGA1,2021,10,48,0,0,143.3,31.3,82.1
AFP,Nigeria,Rivers,Rivers LGA1,2021,10,48,0,0,134.7,36.3,51.7
COVID-19,Nigeria,Oyo,Oyo LGA2,2021,10,0,0,0,53.4,37.4,56.4
COVID-19,Nigeria,Kaduna,Kaduna LGA2,2021,10,0,0,0,13.9,25.1,82.3
COVID-19,Nigeria,FCT,FCT LGA2,2021,10,0,0,0,136.9,25.6,87.6
Lassa Fever,Nigeria,FCT,FCT LGA2,2021,11,136,32,4,54.4,30.2,41.1
Lassa Fever,Nigeria,Oyo,Oyo LGA2,2021,11,136,32,4,109.3,36.2,49.1
Lassa Fever,Nigeria,Ogun,Ogun LGA2,2021,11,136,32,4,92.0,25.9,73.0
CSM,Nigeria,Ogun,Ogun LGA1,2021,11,10,0,0,164.1,26.9,38.9
CSM,Nigeria,Kaduna,Kaduna LGA2,2021,11,10,0,0,25.3,29.8,82.9
CSM,Nigeria,Ogun,Ogun LGA2,2021,11,10,0,0,98.7,29.4,50.4
Yellow Fever,Nigeria,FCT,FCT LGA2,2021,11,42,0,0,56.9,34.0,63.4
Yellow Fever,Nigeria,Enugu,Enugu LGA2,2021,11,42,0,0,17.6,31.2,28.1
Yellow Fever,Nigeria,Rivers,Rivers LGA2,2021,11,42,0,0,125.2,24.0,67.5
Cholera,Nigeria,Kano,Kano LGA1,2021,11,71,0,7,134.2,29.6,86.5
Cholera,Nigeria,Lagos,Lagos LGA2,2021,11,71,0,7,226.3,30.6,90.0
Cholera,Nigeria,Lagos,Lagos LGA1,2021,11,71,0,7,134.4,29.7,82.7
Measles,Nigeria,Kaduna,Kaduna LGA1,2021,11,192,0,0,13.3,26.6,20.4
Measles,Nigeria,Enugu,Enugu LGA2,2021,11,192,0,0,32.2,37.0,32.2
Measles,Nigeria,Kano,Kano LGA2,2021,11,192,0,0,57.7,26.5,40.5
Mpox,Nigeria,FCT,FCT LGA1,2021,11,0,0,0,141.3,35.4,25.3
Mpox,Nigeria,FCT,FCT LGA2,2021,11,0,0,0,26.0,35.5,60.0
Mpox,Nigeria,Rivers,Rivers LGA2,2021,11,0,0,0,56.4,37.8,75.2
AFP,Nigeria,Kaduna,Kaduna LGA2,2021,11,52,0,0,93.9,25.1,21.3
AFP,Nigeria,Lagos,Lagos LGA2,2021,11,52,0,0,39.0,26.1,87.0
AFP,Nigeria,Ogun,Ogun LGA2,2021,11,52,0,0,84.2,25.1,35.4
COVID-19,Nigeria,FCT,FCT LGA1,2021,11,0,0,0,14.4,36.1,53.2
COVID-19,Nigeria,Kano,Kano LGA1,2021,11,0,0,0,100.0,26.5,57.8
COVID-19,Nigeria,Enugu,Enugu LGA1,2021,11,0,0,0,5.8,28.6,57.7
Lassa Fever,Nigeria,Kaduna,Kaduna LGA1,2021,12,84,7,3,146.3,32.7,62.4
Lassa Fever,Nigeria,Oyo,Oyo LGA1,2021,12,84,7,3,7.5,36.8,56.2
Lassa Fever,Nigeria,Oyo,Oyo LGA2,2021,12,84,7,3,26.4,27.0,78.6
CSM,Nigeria,FCT,FCT LGA1,2021,12,10,0,0,99.4,33.2,27.7
CSM,Nigeria,Rivers,Rivers LGA2,2021,12,10,0,0,175.7,33.2,66.7
CSM,Nigeria,Enugu,Enugu LGA1,2021,12,10,0,0,9.7,37.6,23.6
Yellow Fever,Nigeria,Kaduna,Kaduna LGA2,2021,12,16,0,0,16.4,34.7,83.3
Yellow Fever,Nigeria,FCT,FCT LGA1,2021,12,16,0,0,124.4,34.7,36.6
Yellow Fever,Nigeria,Ogun,Ogun LGA1,2021,12,16,0,0,161.9,25.4,27.0
Cholera,Nigeria,Ogun,Ogun LGA1,2021,12,19,1,0,190.2,27.2,89.3
Cholera,Nigeria,Rivers,Rivers LGA1,2021,12,19,1,0,237.6,27.4,88.0
Cholera,Nigeria,Oyo,Oyo LGA2,2021,12,19,1,0,170.0,30.4,91.4
Measles,Nigeria,Kano,Kano LGA1,2021,12,271,0,0,27.9,37.7,60.3
Measles,Nigeria,Rivers,Rivers LGA2,2021,12,271,0,0,117.8,35.2,65.9
Measles,Nigeria,Kano,Kano LGA1,2021,12,271,0,0,101.1,30.1,41.3
Mpox,Nigeria,Kaduna,Kaduna LGA1,2021,12,0,0,0,40.5,25.0,45.0
Mpox,Nigeria,Kano,Kano LGA1,2021,12,0,0,0,43.9,36.3,53.5
Mpox,Nigeria,Lagos,Lagos LGA2,2021,12,0,0,0,168.6,31.4,25.6
AFP,Nigeria,Kano,Kano LGA1,2021,12,51,0,0,66.1,35.2,51.9
AFP,Nigeria,Rivers,Rivers LGA1,2021,12,51,0,0,41.8,35.1,51.3
AFP,Nigeria,Ogun,Ogun LGA2,2021,12,51,0,0,63.2,27.2,78.2
COVID-19,Nigeria,Lagos,Lagos LGA1,2021,12,0,0,0,44.8,32.6,46.0
COVID-19,Nigeria,Lagos,Lagos LGA2,2021,12,0,0,0,60.7,31.9,61.3
COVID-19,Nigeria,Enugu,Enugu LGA2,2021,12,0,0,0,161.9,33.4,23.8
Lassa Fever,Nigeria,Kaduna,Kaduna LGA2,2021,9,107,25,1,27.5,36.8,73.0
Lassa Fever,Nigeria,FCT,FCT LGA2,2021,9,107,25,1,132.4,34.4,60.8
Lassa Fever,Nigeria,Enugu,Enugu LGA1,2021,9,107,25,1,135.7,26.6,66.8
CSM,Nigeria,FCT,FCT LGA1,2021,9,3,1,0,128.2,33.8,34.5
CSM,Nigeria,Kaduna,Kaduna LGA1,2021,9,3,1,0,110.6,37.4,78.6
CSM,Nigeria,Kano,Kano LGA1,2021,9,3,1,0,178.1,26.0,57.3
Yellow Fever,Nigeria,Oyo,Oyo LGA2,2021,9,24,0,0,91.4,33.5,29.0
Yellow Fever,Nigeria,Oyo,Oyo LGA1,2021,9,24,0,0,23.0,33.3,33.9
Yellow Fever,Nigeria,Rivers,Rivers LGA1,2021,9,24,0,0,131.2,31.7,73.4
Cholera,Nigeria,Ogun,Ogun LGA2,2021,9,29,0,0,121.9,27.7,83.9
Cholera,Nigeria,Ogun,Ogun LGA1,2021,9,29,0,0,247.1,27.7,94.0
Cholera,Nigeria,Kano,Kano LGA2,2021,9,29,0,0,192.2,30.2,93.3
Measles,Nigeria,Oyo,Oyo LGA1,2021,9,434,0,2,52.4,34.4,49.7
Measles,Nigeria,Ogun,Ogun LGA1,2021,9,434,0,2,42.5,24.6,68.5
Measles,Nigeria,Ogun,Ogun LGA2,2021,9,434,0,2,45.4,27.9,47.5
Mpox,Nigeria,Ogun,Ogun LGA1,2021,9,3,0,0,152.8,27.1,58.7
Mpox,Nigeria,Enugu,Enugu LGA2,2021,9,3,0,0,132.6,26.9,86.7
Mpox,Nigeria,FCT,FCT LGA1,2021,9,3,0,0,147.9,30.8,43.1
AFP,Nigeria,Kano,Kano LGA1,2021,9,46,0,0,176.6,28.3,43.3
AFP,Nigeria,Rivers,Rivers LGA1,2021,9,46,0,0,103.4,32.5,33.2
AFP,Nigeria,Oyo,Oyo LGA1,2021,9,46,0,0,146.5,24.2,34.9
COVID-19,Nigeria,Kano,Kano LGA2,2021,9,0,0,0,20.7,35.9,30.3
COVID-19,Nigeria,Lagos,Lagos LGA2,2021,9,0,0,0,79.2,35.7,33.1
COVID-19,Nigeria,FCT,FCT LGA2,2021,9,0,0,0,30.2,26.2,77.5
Lassa Fever,Nigeria,Ogun,Ogun LGA1,2021,13,78,3,0,61.1,26.7,49.4
Lassa Fever,Nigeria,Ogun,Ogun LGA1,2021,13,78,3,0,178.1,36.7,43.2
Lassa Fever,Nigeria,Enugu,Enugu LGA1,2021,13,78,3,0,91.1,25.4,86.5
CSM,Nigeria,Rivers,Rivers LGA1,2021,13,3,2,0,163.3,28.6,63.5
CSM,Nigeria,FCT,FCT LGA2,2021,13,3,2,0,165.5,32.1,88.8
CSM,Nigeria,Rivers,Rivers LGA1,2021,13,3,2,0,91.2,37.0,63.0
Yellow Fever,Nigeria,FCT,FCT LGA1,2021,13,19,0,0,35.8,36.8,67.5
Yellow Fever,Nigeria,Lagos,Lagos LGA1,2021,13,19,0,0,128.9,27.0,77.7
Yellow Fever,Nigeria,Lagos,Lagos LGA2,2021,13,19,0,0,178.6,24.7,50.3
Cholera,Nigeria,Enugu,Enugu LGA2,2021,13,151,0,9,175.3,27.1,88.2
Cholera,Nigeria,Ogun,Ogun LGA2,2021,13,151,0,9,205.9,29.0,76.3
Cholera,Nigeria,FCT,FCT LGA1,2021,13,151,0,9,177.5,29.5,94.6
Measles,Nigeria,Rivers,Rivers LGA1,2021,13,163,5,0,171.5,26.8,76.6
Measles,Nigeria,Oyo,Oyo LGA2,2021,13,163,5,0,43.9,28.6,67.1
Measles,Nigeria,Rivers,Rivers LGA1,2021,13,163,5,0,118.2,31.3,43.4
Mpox,Nigeria,Rivers,Rivers LGA2,2021,13,0,0,0,167.7,24.8,32.4
Mpox,Nigeria,FCT,FCT LGA2,2021,13,0,0,0,128.3,35.5,47.6
Mpox,Nigeria,FCT,FCT LGA2,2021,13,0,0,0,33.8,36.7,39.5
AFP,Nigeria,FCT,FCT LGA2,2021,13,41,0,0,112.5,37.7,31.7
AFP,Nigeria,Oyo,Oyo LGA2,2021,13,41,0,0,73.0,33.3,45.0
AFP,Nigeria,Enugu,Enugu LGA2,2021,13,41,0,0,172.7,28.9,37.9
COVID-19,Nigeria,Enugu,Enugu LGA2,2021,13,0,0,0,59.8,36.5,53.0
COVID-19,Nigeria,Lagos,Lagos LGA1,2021,13,0,0,0,70.1,35.4,66.0
COVID-19,Nigeria,Kaduna,Kaduna LGA1,2021,13,0,0,0,32.5,32.1,21.1
Lassa Fever,Nigeria,Ogun,Ogun LGA1,2021,14,43,8,1,52.7,28.4,60.3
Lassa Fever,Nigeria,Lagos,Lagos LGA2,2021,14,43,8,1,36.1,36.3,27.2
Lassa Fever,Nigeria,Lagos,Lagos LGA1,2021,14,43,8,1,128.6,31.0,47.9
CSM,Nigeria,Enugu,Enugu LGA1,2021,14,11,0,0,151.9,33.7,40.2
CSM,Nigeria,Kaduna,Kaduna LGA2,2021,14,11,0,0,13.6,27.7,75.8
CSM,Nigeria,Lagos,Lagos LGA2,2021,14,11,0,0,67.2,28.5,37.3
Yellow Fever,Nigeria,Enugu,Enugu LGA2,2021,14,19,0,0,154.5,36.8,88.4
Yellow Fever,Nigeria,Enugu,Enugu LGA1,2021,14,19,0,0,77.6,32.9,48.4
Yellow Fever,Nigeria,Kano,Kano LGA2,2021,14,19,0,0,144.4,33.9,83.2
Cholera,Nigeria,Kano,Kano LGA2,2021,14,431,4,13,167.3,27.5,81.8
Cholera,Nigeria,Rivers,Rivers LGA2,2021,14,431,4,13,243.9,27.9,78.3
Cholera,Nigeria,Rivers,Rivers LGA2,2021,14,431,4,13,158.6,29.5,87.9
Measles,Nigeria,FCT,FCT LGA2,2021,14,367,0,1,98.3,37.7,38.1
Measles,Nigeria,Ogun,Ogun LGA1,2021,14,367,0,1,79.5,25.7,72.4
Measles,Nigeria,FCT,FCT LGA1,2021,14,367,0,1,120.9,24.2,65.2
Mpox,Nigeria,FCT,FCT LGA2,2021,14,0,0,0,141.4,37.7,59.0
Mpox,Nigeria,Kano,Kano LGA1,2021,14,0,0,0,166.2,25.9,83.3
Mpox,Nigeria,Lagos,Lagos LGA1,2021,14,0,0,0,132.6,32.1,80.2
AFP,Nigeria,Oyo,Oyo LGA1,2021,14,37,0,0,137.6,27.7,80.0
AFP,Nigeria,Rivers,Rivers LGA1,2021,14,37,0,0,168.4,30.2,54.9
AFP,Nigeria,Lagos,Lagos LGA1,2021,14,37,0,0,129.6,29.8,65.3
Lassa Fever,Nigeria,Oyo,Oyo LGA2,2021,15,43,6,0,14.8,25.8,76.7
Lassa Fever,Nigeria,Kano,Kano LGA1,2021,15,43,6,0,137.2,32.3,43.5
Lassa Fever,Nigeria,Oyo,Oyo LGA1,2021,15,43,6,0,119.8,36.6,30.0
CSM,Nigeria,Enugu,Enugu LGA1,2021,15,6,1,0,110.5,28.7,25.3
CSM,Nigeria,Kaduna,Kaduna LGA2,2021,15,6,1,0,73.5,35.1,64.6
CSM,Nigeria,Oyo,Oyo LGA1,2021,15,6,1,0,85.7,37.1,40.2
Yellow Fever,Nigeria,Enugu,Enugu LGA2,2021,15,34,0,0,154.7,34.6,31.9
Yellow Fever,Nigeria,Kaduna,Kaduna LGA1,2021,15,34,0,0,83.1,27.1,43.6
Yellow Fever,Nigeria,Kano,Kano LGA2,2021,15,34,0,0,39.0,28.3,44.7
Cholera,Nigeria,Kaduna,Kaduna LGA1,2021,15,166,0,11,138.7,28.2,88.4
Cholera,Nigeria,Kano,Kano LGA2,2021,15,166,0,11,173.1,28.0,78.8
Cholera,Nigeria,Lagos,Lagos LGA2,2021,15,166,0,11,169.6,28.8,77.2
Measles,Nigeria,FCT,FCT LGA2,2021,15,629,2,8,131.4,35.8,55.6
Measles,Nigeria,Ogun,Ogun LGA1,2021,15,629,2,8,108.0,37.9,55.3
Measles,Nigeria,Rivers,Rivers LGA1,2021,15,629,2,8,33.2,29.9,89.2
Mpox,Nigeria,Kaduna,Kaduna LGA2,2021,15,1,1,0,35.0,33.6,64.7
Mpox,Nigeria,Kano,Kano LGA1,2021,15,1,1,0,99.2,25.2,30.2
Mpox,Nigeria,FCT,FCT LGA1,2021,15,1,1,0,166.6,36.9,70.3
AFP,Nigeria,Kano,Kano LGA2,2021,15,56,0,0,78.9,25.6,49.0
AFP,Nigeria,Lagos,Lagos LGA1,2021,15,56,0,0,74.6,32.4,26.5
AFP,Nigeria,Oyo,Oyo LGA2,2021,15,56,0,0,176.4,35.9,88.8
COVID-19,Nigeria,Kano,Kano LGA1,2021,15,0,0,0,130.7,37.6,86.9
COVID-19,Nigeria,Oyo,Oyo LGA2,2021,15,0,0,0,43.0,31.5,89.5
COVID-19,Nigeria,FCT,FCT LGA2,2021,15,0,0,0,126.8,36.8,37.2
Lassa Fever,Nigeria,Ogun,Ogun LGA1,2021,16,63,7,0,154.4,33.6,23.3
Lassa Fever,Nigeria,Kano,Kano LGA1,2021,16,63,7,0,28.7,30.6,51.7
Lassa Fever,Nigeria,Ogun,Ogun LGA1,2021,16,63,7,0,58.8,32.2,38.2
CSM,Nigeria,FCT,FCT LGA1,2021,16,14,0,1,144.2,32.3,24.4
CSM,Nigeria,Kano,Kano LGA1,2021,16,14,0,1,161.8,32.2,80.0
CSM,Nigeria,Ogun,Ogun LGA1,2021,16,14,0,1,44.8,37.7,47.8
Yellow Fever,Nigeria,Enugu,Enugu LGA1,2021,16,40,0,0,25.1,28.2,23.9
Yellow Fever,Nigeria,Kaduna,Kaduna LGA1,2021,16,40,0,0,58.2,37.8,76.8
Yellow Fever,Nigeria,Rivers,Rivers LGA2,2021,16,40,0,0,60.1,29.0,64.8
Cholera,Nigeria,Lagos,Lagos LGA1,2021,16,235,0,13,189.2,27.7,75.7
Cholera,Nigeria,Enugu,Enugu LGA2,2021,16,235,0,13,129.8,30.7,89.7
Cholera,Nigeria,Lagos,Lagos LGA2,2021,16,235,0,13,179.9,29.3,92.5
Measles,Nigeria,Rivers,Rivers LGA1,2021,16,748,0,5,126.3,25.8,22.3
Measles,Nigeria,Oyo,Oyo LGA1,2021,16,748,0,5,22.2,35.2,74.1
Measles,Nigeria,Oyo,Oyo LGA2,2021,16,748,0,5,177.2,28.1,35.6
Mpox,Nigeria,Lagos,Lagos LGA1,2021,16,0,0,0,74.6,34.9,78.4
Mpox,Nigeria,Ogun,Ogun LGA2,2021,16,0,0,0,87.1,37.2,40.2
Mpox,Nigeria,FCT,FCT LGA2,2021,16,0,0,0,41.7,30.9,23.5
AFP,Nigeria,Rivers,Rivers LGA2,2021,16,56,0,0,49.4,33.5,37.4
AFP,Nigeria,Enugu,Enugu LGA1,2021,16,56,0,0,159.2,31.6,35.9
AFP,Nigeria,Kaduna,Kaduna LGA2,2021,16,56,0,0,68.9,34.5,89.7
COVID-19,Nigeria,FCT,FCT LGA2,2021,16,0,0,0,108.6,37.3,85.6
COVID-19,Nigeria,Rivers,Rivers LGA1,2021,16,0,0,0,131.1,37.4,72.6
COVID-19,Nigeria,Rivers,Rivers LGA2,2021,16,0,0,0,59.0,33.6,27.6
Lassa Fever,Nigeria,Kaduna,Kaduna LGA1,2021,17,77,8,1,19.0,28.3,49.2
Lassa Fever,Nigeria,Rivers,Rivers LGA1,2021,17,77,8,1,87.6,32.2,29.1
Lassa Fever,Nigeria,Kaduna,Kaduna LGA2,2021,17,77,8,1,133.0,30.7,46.4
CSM,Nigeria,Kaduna,Kaduna LGA2,2021,17,5,0,0,134.6,30.9,27.7
CSM,Nigeria,Oyo,Oyo LGA2,2021,17,5,0,0,99.5,26.9,68.7
CSM,Nigeria,Lagos,Lagos LGA2,2021,17,5,0,0,29.5,28.2,30.6
Yellow Fever,Nigeria,Rivers,Rivers LGA1,2021,17,19,0,0,11.5,32.8,39.1
Yellow Fever,Nigeria,Lagos,Lagos LGA1,2021,17,19,0,0,136.8,30.9,65.6
Yellow Fever,Nigeria,Ogun,Ogun LGA2,2021,17,19,0,0,123.3,35.2,51.3
Cholera,Nigeria,Enugu,Enugu LGA2,2021,17,166,1,13,172.3,27.0,82.0
Cholera,Nigeria,Rivers,Rivers LGA2,2021,17,166,1,13,183.5,28.4,88.6
Cholera,Nigeria,Lagos,Lagos LGA2,2021,17,166,1,13,154.3,27.2,88.4
Measles,Nigeria,Lagos,Lagos LGA2,2021,17,217,0,0,124.1,34.0,73.8
Measles,Nigeria,Enugu,Enugu LGA2,2021,17,217,0,0,13.4,33.2,44.1
Measles,Nigeria,Kaduna,Kaduna LGA1,2021,17,217,0,0,170.4,32.8,86.6
Mpox,Nigeria,Enugu,Enugu LGA2,2021,17,0,0,0,173.3,37.8,75.3
Mpox,Nigeria,Rivers,Rivers LGA1,2021,17,0,0,0,116.2,29.3,69.1
Mpox,Nigeria,Kaduna,Kaduna LGA2,2021,17,0,0,0,165.5,29.5,60.3
AFP,Nigeria,Ogun,Ogun LGA1,2021,17,57,0,0,58.6,29.3,37.4
AFP,Nigeria,Kano,Kano LGA1,2021,17,57,0,0,148.0,37.9,78.6
AFP,Nigeria,Enugu,Enugu LGA1,2021,17,57,0,0,101.5,28.8,69.3
COVID-19,Nigeria,Lagos,Lagos LGA1,2021,17,0,0,0,85.9,36.0,68.9
COVID-19,Nigeria,Enugu,Enugu LGA1,2021,17,0,0,0,117.7,37.0,81.2
COVID-19,Nigeria,Kano,Kano LGA1,2021,17,0,0,0,12.2,26.4,87.4
Lassa Fever,Nigeria,Oyo,Oyo LGA1,2021,18,61,10,0,110.4,33.5,79.0
Lassa Fever,Nigeria,FCT,FCT LGA2,2021,18,61,10,0,94.4,26.1,32.2
Lassa Fever,Nigeria,Kano,Kano LGA2,2021,18,61,10,0,147.2,25.3,81.7
CSM,Nigeria,Oyo,Oyo LGA1,2021,18,5,0,0,172.0,26.7,67.4
CSM,Nigeria,Enugu,Enugu LGA2,2021,18,5,0,0,56.1,29.1,21.0
CSM,Nigeria,Lagos,Lagos LGA2,2021,18,5,0,0,133.1,31.5,72.3
Yellow Fever,Nigeria,Kaduna,Kaduna LGA2,2021,18,15,0,0,33.6,37.1,79.6
Yellow Fever,Nigeria,Lagos,Lagos LGA2,2021,18,15,0,0,66.3,30.3,24.6
Yellow Fever,Nigeria,FCT,FCT LGA2,2021,18,15,0,0,163.7,30.5,25.7
Cholera,Nigeria,Enugu,Enugu LGA1,2021,18,34,0,6,158.3,29.7,85.8
Cholera,Nigeria,Ogun,Ogun LGA2,2021,18,34,0,6,182.1,28.5,75.9
Cholera,Nigeria,Rivers,Rivers LGA2,2021,18,34,0,6,189.9,29.8,86.2
Measles,Nigeria,FCT,FCT LGA1,2021,18,691,1,3,116.2,31.4,72.8
Measles,Nigeria,Lagos,Lagos LGA2,2021,18,691,1,3,24.6,27.8,88.9
Measles,Nigeria,Lagos,Lagos LGA2,2021,18,691,1,3,52.0,32.7,31.1
Mpox,Nigeria,Kano,Kano LGA1,2021,18,0,0,0,22.5,35.7,27.3
Mpox,Nigeria,Rivers,Rivers LGA1,2021,18,0,0,0,29.9,31.8,52.7
Mpox,Nigeria,Oyo,Oyo LGA2,2021,18,0,0,0,134.6,35.3,57.0
AFP,Nigeria,Oyo,Oyo LGA2,2021,18,52,0,0,143.7,31.0,89.6
AFP,Nigeria,Kano,Kano LGA1,2021,18,52,0,0,43.5,37.9,43.4
AFP,Nigeria,FCT,FCT LGA1,2021,18,52,0,0,97.0,25.7,52.9
COVID-19,Nigeria,Kaduna,Kaduna LGA2,2021,18,0,0,0,58.3,24.9,66.4
COVID-19,Nigeria,Oyo,Oyo LGA1,2021,18,0,0,0,164.7,36.3,86.5
COVID-19,Nigeria,Oyo,Oyo LGA2,2021,18,0,0,0,120.7,32.9,22.3
Lassa Fever,Nigeria,Kano,Kano LGA2,2021,19,61,1,1,63.5,30.3,69.1
Lassa Fever,Nigeria,Lagos,Lagos LGA2,2021,19,61,1,1,86.3,26.1,33.6
Lassa Fever,Nigeria,FCT,FCT LGA1,2021,19,61,1,1,152.3,32.1,29.5
CSM,Nigeria,FCT,FCT LGA2,2021,19,5,1,0,33.0,33.5,49.9
CSM,Nigeria,Enugu,Enugu LGA2,2021,19,5,1,0,59.4,31.9,54.2
CSM,Nigeria,Rivers,Rivers LGA2,2021,19,5,1,0,173.7,25.7,32.5
Yellow Fever,Nigeria,Enugu,Enugu LGA2,2021,19,19,0,0,84.6,32.3,25.7
Yellow Fever,Nigeria,Oyo,Oyo LGA2,2021,19,19,0,0,7.5,34.3,55.0
Yellow Fever,Nigeria,Kaduna,Kaduna LGA1,2021,19,19,0,0,83.7,35.6,89.4
Cholera,Nigeria,FCT,FCT LGA2,2021,19,86,5,6,233.8,30.4,92.7
Cholera,Nigeria,Kano,Kano LGA1,2021,19,86,5,6,146.9,30.0,75.4
Cholera,Nigeria,Lagos,Lagos LGA1,2021,19,86,5,6,241.6,27.5,82.7
Measles,Nigeria,FCT,FCT LGA2,2021,19,518,0,6,95.1,29.4,33.5
Measles,Nigeria,Enugu,Enugu LGA1,2021,19,518,0,6,143.8,36.6,51.0
Measles,Nigeria,Lagos,Lagos LGA2,2021,19,518,0,6,91.9,28.4,78.9
Mpox,Nigeria,Kaduna,Kaduna LGA2,2021,19,3,1,0,11.8,36.9,32.6
Mpox,Nigeria,Oyo,Oyo LGA2,2021,19,3,1,0,101.3,29.0,42.5
Mpox,Nigeria,Kano,Kano LGA1,2021,19,3,1,0,161.4,35.1,65.6
AFP,Nigeria,FCT,FCT LGA1,2021,19,38,0,0,172.6,24.4,71.2
AFP,Nigeria,Lagos,Lagos LGA1,2021,19,38,0,0,40.4,27.9,60.0
AFP,Nigeria,Rivers,Rivers LGA1,2021,19,38,0,0,99.2,37.3,60.0
COVID-19,Nigeria,Lagos,Lagos LGA2,2021,19,0,0,0,175.2,30.4,69.3
COVID-19,Nigeria,Ogun,Ogun LGA1,2021,19,0,0,0,40.7,34.4,86.7
COVID-19,Nigeria,Kaduna,Kaduna LGA2,2021,19,0,0,0,49.4,33.9,56.1
Lassa Fever,Nigeria,Enugu,Enugu LGA2,2021,21,56,5,0,15.3,37.0,46.4
Lassa Fever,Nigeria,Enugu,Enugu LGA1,2021,21,56,5,0,111.4,34.3,90.0
Lassa Fever,Nigeria,FCT,FCT LGA1,2021,21,56,5,0,75.6,33.2,45.1
CSM,Nigeria,Kaduna,Kaduna LGA2,2021,21,9,0,1,110.2,32.8,58.2
CSM,Nigeria,Lagos,Lagos LGA2,2021,21,9,0,1,140.7,25.3,64.7
CSM,Nigeria,Lagos,Lagos LGA1,2021,21,9,0,1,93.8,33.2,63.2
Yellow Fever,Nigeria,Enugu,Enugu LGA1,2021,21,31,0,0,133.9,26.0,87.1
Yellow Fever,Nigeria,Oyo,Oyo LGA1,2021,21,31,0,0,64.3,33.8,89.6
Yellow Fever,Nigeria,Enugu,Enugu LGA1,2021,21,31,0,0,101.2,32.6,58.8
Cholera,Nigeria,Rivers,Rivers LGA2,2021,21,616,30,18,142.3,30.2,84.3
Cholera,Nigeria,Kano,Kano LGA1,2021,21,616,30,18,171.5,27.0,90.7
Cholera,Nigeria,FCT,FCT LGA2,2021,21,616,30,18,221.5,27.3,84.6
Measles,Nigeria,Lagos,Lagos LGA1,2021,21,593,1,5,130.2,26.0,72.6
Measles,Nigeria,Ogun,Ogun LGA2,2021,21,593,1,5,11.8,37.5,89.5
Measles,Nigeria,Oyo,Oyo LGA1,2021,21,593,1,5,17.9,34.7,81.9
Mpox,Nigeria,Lagos,Lagos LGA1,2021,21,3,1,0,83.4,27.5,34.0
Mpox,Nigeria,Kaduna,Kaduna LGA2,2021,21,3,1,0,145.1,37.7,40.9
Mpox,Nigeria,Lagos,Lagos LGA2,2021,21,3,1,0,129.7,30.8,57.4
AFP,Nigeria,Enugu,Enugu LGA2,2021,21,75,0,0,102.5,30.1,51.7
AFP,Nigeria,Enugu,Enugu LGA2,2021,21,75,0,0,103.9,24.6,61.3
AFP,Nigeria,FCT,FCT LGA1,2021,21,75,0,0,167.7,28.6,21.8
COVID-19,Nigeria,Lagos,Lagos LGA2,2021,21,0,0,0,56.1,35.2,22.8
COVID-19,Nigeria,Oyo,Oyo LGA1,2021,21,0,0,0,54.9,29.2,67.1
COVID-19,Nigeria,Kaduna,Kaduna LGA1,2021,21,0,0,0,70.8,35.9,29.6
Lassa Fever,Nigeria,Kano,Kano LGA2,2021,22,52,6,1,37.8,35.5,82.9
Lassa Fever,Nigeria,Oyo,Oyo LGA1,2021,22,52,6,1,120.9,31.9,47.0
Lassa Fever,Nigeria,Rivers,Rivers LGA2,2021,22,52,6,1,103.9,28.5,26.6
CSM,Nigeria,Oyo,Oyo LGA1,2021,22,6,3,0,100.7,27.0,25.3
CSM,Nigeria,Kaduna,Kaduna LGA1,2021,22,6,3,0,67.9,33.8,80.2
CSM,Nigeria,Rivers,Rivers LGA2,2021,22,6,3,0,85.3,32.5,71.3
Yellow Fever,Nigeria,FCT,FCT LGA2,2021,22,15,0,0,11.6,34.0,45.2
Yellow Fever,Nigeria,Kaduna,Kaduna LGA1,2021,22,15,0,0,172.6,32.6,58.0
Yellow Fever,Nigeria,Oyo,Oyo LGA1,2021,22,15,0,0,151.4,33.4,71.6
Cholera,Nigeria,Kano,Kano LGA1,2021,22,204,0,2,200.9,29.4,83.8
Cholera,Nigeria,Rivers,Rivers LGA2,2021,22,204,0,2,248.0,29.5,83.6
Cholera,Nigeria,Oyo,Oyo LGA2,2021,22,204,0,2,249.9,27.7,84.0
Measles,Nigeria,Kaduna,Kaduna LGA1,2021,22,614,1,5,28.8,30.6,87.0
Measles,Nigeria,Oyo,Oyo LGA2,2021,22,614,1,5,95.8,36.9,31.0
Measles,Nigeria,Rivers,Rivers LGA1,2021,22,614,1,5,89.7,32.8,38.9
Mpox,Nigeria,Lagos,Lagos LGA2,2021,22,6,2,0,148.7,35.0,23.0
Mpox,Nigeria,Lagos,Lagos LGA1,2021,22,6,2,0,50.2,26.8,44.8
Mpox,Nigeria,Enugu,Enugu LGA2,2021,22,6,2,0,161.4,36.9,81.0
AFP,Nigeria,Kaduna,Kaduna LGA2,2021,22,74,0,0,139.7,29.4,27.6
AFP,Nigeria,FCT,FCT LGA2,2021,22,74,0,0,79.3,29.5,75.1
AFP,Nigeria,FCT,FCT LGA1,2021,22,74,0,0,149.9,30.6,38.2
COVID-19,Nigeria,Lagos,Lagos LGA1,2021,22,0,0,0,85.6,32.7,88.6
COVID-19,Nigeria,Kaduna,Kaduna LGA1,2021,22,0,0,0,149.7,36.6,35.8
COVID-19,Nigeria,Kaduna,Kaduna LGA2,2021,22,0,0,0,148.1,32.3,85.7
Lassa Fever,Nigeria,Kaduna,Kaduna LGA2,2021,27,69,7,4,168.9,35.2,87.2
Lassa Fever,Nigeria,Lagos,Lagos LGA2,2021,27,69,7,4,85.0,24.0,61.7
Lassa Fever,Nigeria,Oyo,Oyo LGA2,2021,27,69,7,4,73.1,35.2,64.0
CSM,Nigeria,Rivers,Rivers LGA2,2021,27,5,1,0,39.0,37.6,84.5
CSM,Nigeria,Lagos,Lagos LGA1,2021,27,5,1,0,16.3,27.5,63.3
CSM,Nigeria,Ogun,Ogun LGA2,2021,27,5,1,0,6.3,37.6,36.0
Yellow Fever,Nigeria,Enugu,Enugu LGA2,2021,27,22,0,0,176.5,25.7,36.4
Yellow Fever,Nigeria,Kaduna,Kaduna LGA2,2021,27,22,0,0,139.8,30.3,52.6
Yellow Fever,Nigeria,Kaduna,Kaduna LGA2,2021,27,22,0,0,67.1,36.5,74.5
Cholera,Nigeria,Oyo,Oyo LGA2,2021,27,2559,5,30,131.8,30.8,85.7
Cholera,Nigeria,Lagos,Lagos LGA2,2021,27,2559,5,30,177.7,30.8,83.2
Cholera,Nigeria,Lagos,Lagos LGA1,2021,27,2559,5,30,164.4,28.2,94.2
Measles,Nigeria,Kano,Kano LGA2,2021,27,523,0,5,177.1,33.7,45.2
Measles,Nigeria,FCT,FCT LGA2,2021,27,523,0,5,172.9,27.8,55.6
Measles,Nigeria,FCT,FCT LGA1,2021,27,523,0,5,42.7,26.7,41.4
Mpox,Nigeria,Ogun,Ogun LGA1,2021,27,3,0,0,166.6,25.9,33.4
Mpox,Nigeria,Enugu,Enugu LGA1,2021,27,3,0,0,24.4,36.7,71.0
Mpox,Nigeria,Enugu,Enugu LGA2,2021,27,3,0,0,18.2,25.8,58.4
AFP,Nigeria,FCT,FCT LGA1,2021,27,106,0,0,70.7,34.2,74.7
AFP,Nigeria,Ogun,Ogun LGA1,2021,27,106,0,0,93.6,30.0,61.2
AFP,Nigeria,Enugu,Enugu LGA2,2021,27,106,0,0,23.3,35.6,64.3
COVID-19,Nigeria,Oyo,Oyo LGA1,2021,27,0,0,0,146.8,31.8,30.4
COVID-19,Nigeria,FCT,FCT LGA1,2021,27,0,0,0,41.2,24.4,53.9
COVID-19,Nigeria,Enugu,Enugu LGA2,2021,27,0,0,0,115.2,31.8,55.4
Lassa Fever,Nigeria,Rivers,Rivers LGA2,2021,31,65,4,1,8.5,26.4,39.3
Lassa Fever,Nigeria,FCT,FCT LGA1,2021,31,65,4,1,104.9,25.3,51.3
Lassa Fever,Nigeria,Ogun,Ogun LGA1,2021,31,65,4,1,125.1,38.0,72.1
CSM,Nigeria,Lagos,Lagos LGA1,2021,31,1,0,0,160.9,26.1,30.8
CSM,Nigeria,FCT,FCT LGA1,2021,31,1,0,0,86.2,36.2,72.0
CSM,Nigeria,FCT,FCT LGA1,2021,31,1,0,0,16.0,31.2,24.3
Yellow Fever,Nigeria,Lagos,Lagos LGA2,2021,31,24,0,0,54.3,25.7,51.8
Yellow Fever,Nigeria,Kaduna,Kaduna LGA2,2021,31,24,0,0,152.2,30.9,30.5
Yellow Fever,Nigeria,Lagos,Lagos LGA1,2021,31,24,0,0,73.6,33.5,41.2
Cholera,Nigeria,Kano,Kano LGA1,2021,31,2156,0,101,151.7,27.7,90.0
Cholera,Nigeria,Enugu,Enugu LGA1,2021,31,2156,0,101,249.8,27.5,83.4
Cholera,Nigeria,Kano,Kano LGA1,2021,31,2156,0,101,121.1,27.1,78.3
Measles,Nigeria,Ogun,Ogun LGA1,2021,31,117,0,0,63.2,28.3,74.5
Measles,Nigeria,Kaduna,Kaduna LGA1,2021,31,117,0,0,36.4,25.9,22.3
Measles,Nigeria,Kano,Kano LGA1,2021,31,117,0,0,89.9,37.8,89.0
Mpox,Nigeria,Oyo,Oyo LGA2,2021,31,1,1,0,37.2,34.1,25.7
Mpox,Nigeria,Kano,Kano LGA1,2021,31,1,1,0,120.2,32.7,69.8
Mpox,Nigeria,FCT,FCT LGA1,2021,31,1,1,0,128.1,26.6,50.7
AFP,Nigeria,Oyo,Oyo LGA2,2021,31,88,0,0,150.0,26.6,21.7
AFP,Nigeria,Rivers,Rivers LGA2,2021,31,88,0,0,20.8,37.8,67.3
AFP,Nigeria,Ogun,Ogun LGA2,2021,31,88,0,0,82.1,36.3,65.3
COVID-19,Nigeria,Rivers,Rivers LGA1,2021,31,0,0,0,99.5,35.0,61.2
COVID-19,Nigeria,Kano,Kano LGA2,2021,31,0,0,0,133.5,29.0,61.5
COVID-19,Nigeria,Rivers,Rivers LGA1,2021,31,0,0,0,7.7,28.5,21.8
Lassa Fever,Nigeria,Lagos,Lagos LGA2,2021,32,46,4,2,142.5,35.0,21.3
Lassa Fever,Nigeria,Lagos,Lagos LGA2,2021,32,46,4,2,114.2,28.0,24.6
Lassa Fever,Nigeria,Enugu,Enugu LGA1,2021,32,46,4,2,88.9,34.0,52.8
CSM,Nigeria,Ogun,Ogun LGA1,2021,32,1,0,0,175.8,26.7,51.7
CSM,Nigeria,Kano,Kano LGA1,2021,32,1,0,0,72.6,34.8,80.1
CSM,Nigeria,Lagos,Lagos LGA2,2021,32,1,0,0,20.6,36.2,65.5
Yellow Fever,Nigeria,Rivers,Rivers LGA1,2021,32,53,0,0,21.9,34.1,54.0
Yellow Fever,Nigeria,Kano,Kano LGA1,2021,32,53,0,0,36.8,36.7,34.5
Yellow Fever,Nigeria,Rivers,Rivers LGA2,2021,32,53,0,0,159.3,27.8,38.2
Cholera,Nigeria,Rivers,Rivers LGA1,2021,32,4545,1,74,137.7,30.6,88.9
Cholera,Nigeria,Lagos,Lagos LGA2,2021,32,4545,1,74,120.3,27.4,89.5
Cholera,Nigeria,Oyo,Oyo LGA2,2021,32,4545,1,74,160.1,28.9,90.6
Measles,Nigeria,Kano,Kano LGA2,2021,32,446,1,1,177.8,25.3,47.6
Measles,Nigeria,FCT,FCT LGA1,2021,32,446,1,1,81.3,30.2,43.1
Measles,Nigeria,Rivers,Rivers LGA2,2021,32,446,1,1,40.5,26.3,86.0
Mpox,Nigeria,Enugu,Enugu LGA1,2021,32,1,0,0,70.5,35.5,29.1
Mpox,Nigeria,Kaduna,Kaduna LGA1,2021,32,1,0,0,87.7,34.1,26.6
Mpox,Nigeria,Kaduna,Kaduna LGA1,2021,32,1,0,0,155.4,33.7,66.8
AFP,Nigeria,Kaduna,Kaduna LGA1,2021,32,121,0,0,50.5,26.4,69.4
AFP,Nigeria,Lagos,Lagos LGA1,2021,32,121,0,0,167.6,30.8,41.4
AFP,Nigeria,Ogun,Ogun LGA2,2021,32,121,0,0,38.0,27.0,67.1
COVID-19,Nigeria,Oyo,Oyo LGA1,2021,32,0,0,0,36.9,27.6,40.6
COVID-19,Nigeria,FCT,FCT LGA2,2021,32,0,0,0,143.8,32.7,29.9
COVID-19,Nigeria,Ogun,Ogun LGA1,2021,32,0,0,0,137.7,32.9,57.6
Lassa Fever,Nigeria,Kaduna,Kaduna LGA1,2021,33,58,2,0,58.0,34.5,26.8
Lassa Fever,Nigeria,Ogun,Ogun LGA2,2021,33,58,2,0,49.2,29.2,23.2
Lassa Fever,Nigeria,Lagos,Lagos LGA2,2021,33,58,2,0,127.0,27.1,54.8
CSM,Nigeria,Ogun,Ogun LGA1,2021,33,2,0,0,155.0,34.2,53.7
CSM,Nigeria,Rivers,Rivers LGA2,2021,33,2,0,0,148.3,33.5,78.1
CSM,Nigeria,Rivers,Rivers LGA2,2021,33,2,0,0,113.5,32.1,28.8
Yellow Fever,Nigeria,Kano,Kano LGA2,2021,33,32,0,0,172.4,32.3,29.4
Yellow Fever,Nigeria,Kaduna,Kaduna LGA1,2021,33,32,0,0,127.3,27.2,61.7
Yellow Fever,Nigeria,FCT,FCT LGA1,2021,33,32,0,0,18.6,25.8,72.5
Cholera,Nigeria,Enugu,Enugu LGA2,2021,33,2910,3,94,208.5,27.2,83.4
Cholera,Nigeria,Oyo,Oyo LGA1,2021,33,2910,3,94,167.7,27.7,79.9
Cholera,Nigeria,Kaduna,Kaduna LGA2,2021,33,2910,3,94,230.6,29.5,90.5
Measles,Nigeria,Rivers,Rivers LGA2,2021,33,185,0,0,31.8,31.4,62.3
Measles,Nigeria,Kano,Kano LGA1,2021,33,185,0,0,165.7,32.4,58.2
Measles,Nigeria,Enugu,Enugu LGA1,2021,33,185,0,0,91.9,37.0,80.3
Mpox,Nigeria,Oyo,Oyo LGA1,2021,33,0,0,0,115.5,32.9,44.1
Mpox,Nigeria,Enugu,Enugu LGA1,2021,33,0,0,0,26.9,27.6,58.5
Mpox,Nigeria,Lagos,Lagos LGA1,2021,33,0,0,0,23.0,24.1,30.9
AFP,Nigeria,FCT,FCT LGA1,2021,33,86,0,0,7.4,37.8,76.2
AFP,Nigeria,Lagos,Lagos LGA1,2021,33,86,0,0,72.4,25.0,71.9
AFP,Nigeria,Kaduna,Kaduna LGA2,2021,33,86,0,0,10.3,24.7,54.0
COVID-19,Nigeria,Enugu,Enugu LGA2,2021,33,0,0,0,160.2,32.2,48.5
COVID-19,Nigeria,Lagos,Lagos LGA2,2021,33,0,0,0,25.0,32.3,23.0
COVID-19,Nigeria,Ogun,Ogun LGA2,2021,33,0,0,0,48.0,24.0,81.6
Lassa Fever,Nigeria,Ogun,Ogun LGA1,2022,18,72,3,2,74.8,24.3,83.0
Lassa Fever,Nigeria,Ogun,Ogun LGA2,2022,18,72,3,2,132.7,26.4,31.5
Lassa Fever,Nigeria,FCT,FCT LGA1,2022,18,72,3,2,172.1,25.8,70.0
CSM,Nigeria,FCT,FCT LGA2,2022,18,5,0,0,43.9,24.6,20.7
CSM,Nigeria,Enugu,Enugu LGA1,2022,18,5,0,0,132.6,26.9,36.3
CSM,Nigeria,Enugu,Enugu LGA2,2022,18,5,0,0,138.7,27.5,76.3
Yellow Fever,Nigeria,Kano,Kano LGA2,2022,18,16,0,0,40.6,31.5,22.4
Yellow Fever,Nigeria,Ogun,Ogun LGA2,2022,18,16,0,0,126.8,36.5,51.8
Yellow Fever,Nigeria,Oyo,Oyo LGA1,2022,18,16,0,0,104.4,32.4,72.4
Cholera,Nigeria,Oyo,Oyo LGA1,2022,18,38,0,1,239.9,28.8,91.4
Cholera,Nigeria,Rivers,Rivers LGA2,2022,18,38,0,1,195.4,28.8,89.9
Cholera,Nigeria,FCT,FCT LGA1,2022,18,38,0,1,155.4,27.8,80.2
Measles,Nigeria,FCT,FCT LGA1,2022,18,655,4,6,99.5,34.3,75.4
Measles,Nigeria,Ogun,Ogun LGA2,2022,18,655,4,6,135.2,35.8,55.1
Measles,Nigeria,FCT,FCT LGA2,2022,18,655,4,6,116.1,24.9,55.1
Mpox,Nigeria,Rivers,Rivers LGA1,2022,18,0,0,0,68.6,34.2,71.5
Mpox,Nigeria,Kaduna,Kaduna LGA2,2022,18,0,0,0,91.0,37.1,79.5
Mpox,Nigeria,Enugu,Enugu LGA1,2022,18,0,0,0,32.1,36.7,40.1
AFP,Nigeria,Lagos,Lagos LGA2,2022,18,79,0,0,27.4,37.0,39.0
AFP,Nigeria,Rivers,Rivers LGA2,2022,18,79,0,0,173.5,30.5,77.6
AFP,Nigeria,Kaduna,Kaduna LGA2,2022,18,79,0,0,139.4,31.0,88.5
Lassa Fever,Nigeria,Lagos,Lagos LGA2,2022,19,100,8,1,37.4,29.3,79.3
Lassa Fever,Nigeria,Oyo,Oyo LGA1,2022,19,100,8,1,149.8,26.8,72.0
Lassa Fever,Nigeria,Lagos,Lagos LGA2,2022,19,100,8,1,154.1,29.7,57.9
CSM,Nigeria,Kaduna,Kaduna LGA2,2022,19,48,0,0,40.2,30.4,58.4
CSM,Nigeria,Lagos,Lagos LGA2,2022,19,48,0,0,175.2,35.9,67.9
CSM,Nigeria,Rivers,Rivers LGA2,2022,19,48,0,0,9.0,33.8,33.9
Yellow Fever,Nigeria,Rivers,Rivers LGA1,2022,19,38,0,0,108.1,24.8,26.4
Yellow Fever,Nigeria,Kano,Kano LGA2,2022,19,38,0,0,160.6,32.8,76.5
Yellow Fever,Nigeria,Enugu,Enugu LGA1,2022,19,38,0,0,79.4,31.1,62.3
Cholera,Nigeria,Lagos,Lagos LGA2,2022,19,120,0,0,239.9,27.6,92.9
Cholera,Nigeria,Oyo,Oyo LGA1,2022,19,120,0,0,144.3,29.0,81.9
Cholera,Nigeria,Kano,Kano LGA1,2022,19,120,0,0,152.6,27.8,87.3
Measles,Nigeria,Oyo,Oyo LGA1,2022,19,1451,17,5,124.9,29.7,88.7
Measles,Nigeria,Kaduna,Kaduna LGA2,2022,19,1451,17,5,61.0,34.1,35.3
Measles,Nigeria,Rivers,Rivers LGA1,2022,19,1451,17,5,65.9,35.4,87.9
Mpox,Nigeria,Lagos,Lagos LGA2,2022,19,5,4,0,161.7,27.7,55.0
Mpox,Nigeria,Enugu,Enugu LGA2,2022,19,5,4,0,41.6,30.5,44.5
Mpox,Nigeria,Lagos,Lagos LGA1,2022,19,5,4,0,72.0,26.2,42.4
AFP,Nigeria,Oyo,Oyo LGA1,2022,19,172,0,0,75.1,37.4,58.5
AFP,Nigeria,Oyo,Oyo LGA1,2022,19,172,0,0,127.4,35.2,78.6
AFP,Nigeria,Enugu,Enugu LGA1,2022,19,172,0,0,95.3,25.7,47.2
Lassa Fever,Nigeria,Oyo,Oyo LGA2,2022,20,99,2,1,58.2,33.3,69.1
Lassa Fever,Nigeria,Lagos,Lagos LGA1,2022,20,99,2,1,5.5,36.7,73.6
Lassa Fever,Nigeria,Kaduna,Kaduna LGA2,2022,20,99,2,1,42.7,30.2,89.8
CSM,Nigeria,Kaduna,Kaduna LGA2,2022,20,12,0,0,29.4,31.5,40.6
CSM,Nigeria,Kaduna,Kaduna LGA1,2022,20,12,0,0,45.5,33.8,61.9
CSM,Nigeria,Lagos,Lagos LGA2,2022,20,12,0,0,23.7,26.6,48.0
Yellow Fever,Nigeria,Rivers,Rivers LGA1,2022,20,49,0,0,39.3,31.6,59.8
Yellow Fever,Nigeria,Ogun,Ogun LGA2,2022,20,49,0,0,178.0,27.1,54.1
Yellow Fever,Nigeria,Kano,Kano LGA1,2022,20,49,0,0,76.2,37.8,55.8
Cholera,Nigeria,Lagos,Lagos LGA1,2022,20,93,7,0,165.9,27.7,85.7
Cholera,Nigeria,FCT,FCT LGA1,2022,20,93,7,0,221.1,27.5,91.5
Cholera,Nigeria,Oyo,Oyo LGA1,2022,20,93,7,0,197.3,30.8,93.4
Measles,Nigeria,Kano,Kano LGA2,2022,20,1458,4,6,113.9,27.7,69.8
Measles,Nigeria,Rivers,Rivers LGA1,2022,20,1458,4,6,84.6,33.4,29.2
Measles,Nigeria,Kano,Kano LGA1,2022,20,1458,4,6,100.8,30.6,48.7
Mpox,Nigeria,Kaduna,Kaduna LGA2,2022,20,8,2,0,72.7,26.4,39.5
Mpox,Nigeria,Oyo,Oyo LGA2,2022,20,8,2,0,89.1,37.9,34.6
Mpox,Nigeria,Oyo,Oyo LGA2,2022,20,8,2,0,36.9,36.5,35.0
AFP,Nigeria,Enugu,Enugu LGA2,2022,20,230,0,0,132.9,26.3,85.0
AFP,Nigeria,Kano,Kano LGA1,2022,20,230,0,0,76.9,30.4,32.6
AFP,Nigeria,Lagos,Lagos LGA1,2022,20,230,0,0,26.9,24.9,59.0
Lassa Fever,Nigeria,Lagos,Lagos LGA2,2022,21,94,3,2,11.5,28.4,49.9
Lassa Fever,Nigeria,Lagos,Lagos LGA2,2022,21,94,3,2,28.7,27.1,80.5
Lassa Fever,Nigeria,Rivers,Rivers LGA1,2022,21,94,3,2,85.7,33.3,41.6
CSM,Nigeria,Oyo,Oyo LGA1,2022,21,9,0,0,157.6,32.8,26.4
CSM,Nigeria,Kaduna,Kaduna LGA1,2022,21,9,0,0,81.0,25.6,71.3
CSM,Nigeria,Ogun,Ogun LGA1,2022,21,9,0,0,27.6,28.6,23.5
Yellow Fever,Nigeria,Enugu,Enugu LGA2,2022,21,39,9,0,143.8,24.8,30.5
Yellow Fever,Nigeria,Lagos,Lagos LGA2,2022,21,39,9,0,158.4,29.6,31.3
Yellow Fever,Nigeria,Rivers,Rivers LGA2,2022,21,39,9,0,82.8,28.1,46.0
Cholera,Nigeria,Kano,Kano LGA1,2022,21,55,2,0,135.1,29.3,76.3
Cholera,Nigeria,Oyo,Oyo LGA2,2022,21,55,2,0,206.3,28.8,80.1
Cholera,Nigeria,FCT,FCT LGA1,2022,21,55,2,0,126.9,30.2,90.2
Measles,Nigeria,FCT,FCT LGA2,2022,21,918,10,3,24.9,33.8,81.2
Measles,Nigeria,Rivers,Rivers LGA2,2022,21,918,10,3,145.8,36.7,73.3
Measles,Nigeria,Kano,Kano LGA2,2022,21,918,10,3,76.0,36.8,33.0
Mpox,Nigeria,Kano,Kano LGA2,2022,21,11,1,1,116.9,37.9,28.2
Mpox,Nigeria,Rivers,Rivers LGA2,2022,21,11,1,1,178.2,32.6,88.4
Mpox,Nigeria,Enugu,Enugu LGA2,2022,21,11,1,1,34.0,26.9,88.5
AFP,Nigeria,FCT,FCT LGA2,2022,21,171,0,0,138.3,37.3,65.0
AFP,Nigeria,Kano,Kano LGA2,2022,21,171,0,0,118.8,37.2,56.0
AFP,Nigeria,Ogun,Ogun LGA2,2022,21,171,0,0,49.2,26.4,32.3
Lassa Fever,Nigeria,Rivers,Rivers LGA2,2022,22,119,7,0,158.4,24.4,79.7
Lassa Fever,Nigeria,Enugu,Enugu LGA1,2022,22,119,7,0,118.2,26.9,33.9
Lassa Fever,Nigeria,Lagos,Lagos LGA2,2022,22,119,7,0,79.5,30.5,23.8
CSM,Nigeria,FCT,FCT LGA1,2022,22,23,0,0,137.8,33.8,68.5
CSM,Nigeria,Enugu,Enugu LGA1,2022,22,23,0,0,179.9,37.4,59.9
CSM,Nigeria,Enugu,Enugu LGA2,2022,22,23,0,0,5.2,29.9,85.7
Yellow Fever,Nigeria,Kano,Kano LGA1,2022,22,36,0,0,79.3,36.3,28.2
Yellow Fever,Nigeria,Oyo,Oyo LGA2,2022,22,36,0,0,56.6,34.7,36.7
Yellow Fever,Nigeria,Oyo,Oyo LGA1,2022,22,36,0,0,118.1,24.2,51.0
Cholera,Nigeria,Rivers,Rivers LGA1,2022,22,60,185,0,124.4,29.9,90.3
Cholera,Nigeria,Rivers,Rivers LGA2,2022,22,60,185,0,230.5,28.2,77.0
Cholera,Nigeria,Ogun,Ogun LGA2,2022,22,60,185,0,215.9,28.8,92.1
Measles,Nigeria,FCT,FCT LGA1,2022,22,1000,0,3,6.1,35.6,74.8
Measles,Nigeria,Oyo,Oyo LGA2,2022,22,1000,0,3,135.2,34.6,36.9
Measles,Nigeria,FCT,FCT LGA2,2022,22,1000,0,3,43.6,25.1,52.8
AFP,Nigeria,Lagos,Lagos LGA1,2022,22,151,0,0,26.0,25.1,81.3
AFP,Nigeria,Kano,Kano LGA2,2022,22,151,0,0,84.8,31.9,21.2
AFP,Nigeria,Ogun,Ogun LGA2,2022,22,151,0,0,79.4,26.0,59.7
Lassa Fever,Nigeria,Lagos,Lagos LGA1,2022,23,70,7,0,148.3,24.5,46.9
Lassa Fever,Nigeria,Oyo,Oyo LGA2,2022,23,70,7,0,8.3,25.8,86.3
Lassa Fever,Nigeria,Rivers,Rivers LGA1,2022,23,70,7,0,179.8,28.1,39.5
CSM,Nigeria,Ogun,Ogun LGA2,2022,23,13,0,0,44.6,32.0,46.0
CSM,Nigeria,Lagos,Lagos LGA2,2022,23,13,0,0,66.2,34.4,52.1
CSM,Nigeria,Kano,Kano LGA2,2022,23,13,0,0,126.8,37.6,28.6
Yellow Fever,Nigeria,Enugu,Enugu LGA2,2022,23,32,1,1,132.1,29.5,28.2
Yellow Fever,Nigeria,FCT,FCT LGA2,2022,23,32,1,1,36.9,33.2,76.1
Yellow Fever,Nigeria,Rivers,Rivers LGA1,2022,23,32,1,1,87.5,26.5,35.7
Cholera,Nigeria,Enugu,Enugu LGA2,2022,23,76,0,1,195.8,28.9,85.6
Cholera,Nigeria,Rivers,Rivers LGA2,2022,23,76,0,1,186.7,29.8,91.0
Cholera,Nigeria,Enugu,Enugu LGA2,2022,23,76,0,1,173.7,28.4,91.7
Measles,Nigeria,Kano,Kano LGA2,2022,23,617,0,0,172.4,37.3,30.9
Measles,Nigeria,Kano,Kano LGA1,2022,23,617,0,0,23.5,27.9,39.4
Measles,Nigeria,Lagos,Lagos LGA2,2022,23,617,0,0,138.6,28.8,41.8
Mpox,Nigeria,FCT,FCT LGA2,2022,23,31,6,0,102.2,32.0,72.5
Mpox,Nigeria,Kaduna,Kaduna LGA2,2022,23,31,6,0,158.6,28.8,62.6
Mpox,Nigeria,Lagos,Lagos LGA2,2022,23,31,6,0,23.0,25.0,50.9
AFP,Nigeria,Ogun,Ogun LGA2,2022,23,114,0,0,46.8,26.3,60.5
AFP,Nigeria,FCT,FCT LGA1,2022,23,114,0,0,96.9,29.3,74.6
AFP,Nigeria,Kaduna,Kaduna LGA1,2022,23,114,0,0,92.7,27.9,78.0
Lassa Fever,Nigeria,FCT,FCT LGA2,2022,24,88,8,3,155.8,33.7,87.8
Lassa Fever,Nigeria,Rivers,Rivers LGA1,2022,24,88,8,3,38.2,31.4,88.3
Lassa Fever,Nigeria,Enugu,Enugu LGA1,2022,24,88,8,3,71.6,25.4,84.9
CSM,Nigeria,Lagos,Lagos LGA1,2022,24,12,0,0,134.6,34.5,45.3
CSM,Nigeria,Lagos,Lagos LGA2,2022,24,12,0,0,132.5,24.4,52.8
CSM,Nigeria,Ogun,Ogun LGA1,2022,24,12,0,0,12.4,24.7,20.8
Yellow Fever,Nigeria,Lagos,Lagos LGA2,2022,24,29,0,0,117.5,32.2,43.6
Yellow Fever,Nigeria,Lagos,Lagos LGA1,2022,24,29,0,0,25.3,35.1,87.2
Yellow Fever,Nigeria,Kaduna,Kaduna LGA1,2022,24,29,0,0,30.7,34.4,71.5
Cholera,Nigeria,Lagos,Lagos LGA2,2022,24,81,0,1,246.9,30.5,87.2
Cholera,Nigeria,Ogun,Ogun LGA1,2022,24,81,0,1,247.4,30.2,95.0
Cholera,Nigeria,Kano,Kano LGA1,2022,24,81,0,1,148.2,29.0,90.6
Measles,Nigeria,Kaduna,Kaduna LGA2,2022,24,849,0,0,38.4,32.0,44.3
Measles,Nigeria,Lagos,Lagos LGA2,2022,24,849,0,0,73.8,37.0,89.9
Measles,Nigeria,Rivers,Rivers LGA2,2022,24,849,0,0,54.5,36.9,65.4
Mpox,Nigeria,Kano,Kano LGA1,2022,24,23,5,0,117.9,31.6,31.4
Mpox,Nigeria,Enugu,Enugu LGA2,2022,24,23,5,0,8.5,36.6,50.7
Mpox,Nigeria,Enugu,Enugu LGA2,2022,24,23,5,0,51.4,37.1,83.1
AFP,Nigeria,Oyo,Oyo LGA2,2022,24,175,0,0,11.6,33.0,69.7
AFP,Nigeria,FCT,FCT LGA2,2022,24,175,0,0,57.7,28.9,42.1
AFP,Nigeria,FCT,FCT LGA1,2022,24,175,0,0,112.9,37.0,50.7
Lassa Fever,Nigeria,Oyo,Oyo LGA2,2022,25,115,10,1,89.8,31.2,70.0
Lassa Fever,Nigeria,FCT,FCT LGA1,2022,25,115,10,1,108.3,29.0,36.0
Lassa Fever,Nigeria,Kaduna,Kaduna LGA1,2022,25,115,10,1,119.7,24.0,79.7
CSM,Nigeria,FCT,FCT LGA1,2022,25,3,0,0,135.7,25.1,40.7
CSM,Nigeria,FCT,FCT LGA2,2022,25,3,0,0,32.9,27.7,58.9
CSM,Nigeria,Lagos,Lagos LGA2,2022,25,3,0,0,54.5,32.2,28.3
Yellow Fever,Nigeria,Ogun,Ogun LGA1,2022,25,33,0,0,26.4,34.7,70.1
Yellow Fever,Nigeria,Ogun,Ogun LGA2,2022,25,33,0,0,160.7,29.2,27.5
Yellow Fever,Nigeria,Rivers,Rivers LGA1,2022,25,33,0,0,90.4,24.9,20.0
Cholera,Nigeria,Oyo,Oyo LGA2,2022,25,39,1,0,216.1,28.2,93.8
Cholera,Nigeria,Rivers,Rivers LGA2,2022,25,39,1,0,153.0,30.3,78.7
Cholera,Nigeria,Ogun,Ogun LGA1,2022,25,39,1,0,128.8,30.2,90.3
Measles,Nigeria,Rivers,Rivers LGA1,2022,25,611,0,1,119.4,26.5,28.2
Measles,Nigeria,Oyo,Oyo LGA2,2022,25,611,0,1,174.1,36.8,47.3
Measles,Nigeria,Kaduna,Kaduna LGA2,2022,25,611,0,1,42.8,28.9,64.5
Mpox,Nigeria,Kaduna,Kaduna LGA2,2022,25,41,21,0,175.6,30.3,85.2
Mpox,Nigeria,Rivers,Rivers LGA1,2022,25,41,21,0,141.0,29.3,66.2
Mpox,Nigeria,Oyo,Oyo LGA1,2022,25,41,21,0,28.2,34.6,85.4
AFP,Nigeria,Lagos,Lagos LGA1,2022,25,112,0,0,179.8,37.6,44.6
AFP,Nigeria,Lagos,Lagos LGA2,2022,25,112,0,0,138.1,37.9,67.5
AFP,Nigeria,Ogun,Ogun LGA2,2022,25,112,0,0,67.8,29.5,69.5
Lassa Fever,Nigeria,Kaduna,Kaduna LGA1,2022,26,130,9,1,38.7,33.4,25.6
Lassa Fever,Nigeria,FCT,FCT LGA2,2022,26,130,9,1,138.6,37.2,39.7
Lassa Fever,Nigeria,Kano,Kano LGA1,2022,26,130,9,1,64.4,35.8,34.5
CSM,Nigeria,Ogun,Ogun LGA2,2022,26,3,0,0,52.4,33.4,48.7
CSM,Nigeria,Kaduna,Kaduna LGA2,2022,26,3,0,0,112.1,36.1,78.1
CSM,Nigeria,Oyo,Oyo LGA2,2022,26,3,0,0,50.3,27.7,62.4
Yellow Fever,Nigeria,FCT,FCT LGA1,2022,26,22,0,0,139.3,35.2,47.9
Yellow Fever,Nigeria,Rivers,Rivers LGA1,2022,26,22,0,0,169.2,29.1,61.3
Yellow Fever,Nigeria,Oyo,Oyo LGA2,2022,26,22,0,0,68.2,25.7,51.3
Cholera,Nigeria,Rivers,Rivers LGA1,2022,26,54,0,0,200.2,27.9,81.3
Cholera,Nigeria,Lagos,Lagos LGA1,2022,26,54,0,0,185.0,30.2,89.6
Cholera,Nigeria,Kano,Kano LGA2,2022,26,54,0,0,142.7,30.0,78.9
Measles,Nigeria,Oyo,Oyo LGA1,2022,26,257,0,0,153.9,26.4,66.9
Measles,Nigeria,Rivers,Rivers LGA2,2022,26,257,0,0,148.4,25.1,75.9
Measles,Nigeria,Kaduna,Kaduna LGA2,2022,26,257,0,0,168.0,25.4,54.3
Mpox,Nigeria,Ogun,Ogun LGA2,2022,26,41,21,3,43.4,36.5,86.2
Mpox,Nigeria,Lagos,Lagos LGA2,2022,26,41,21,3,122.4,30.9,83.6
Mpox,Nigeria,Rivers,Rivers LGA1,2022,26,41,21,3,77.0,29.7,37.4
AFP,Nigeria,Kano,Kano LGA1,2022,26,97,0,0,79.8,27.6,70.2
AFP,Nigeria,Rivers,Rivers LGA1,2022,26,97,0,0,136.2,33.1,21.1
AFP,Nigeria,Kano,Kano LGA1,2022,26,97,0,0,68.9,37.4,43.2
Lassa Fever,Nigeria,Ogun,Ogun LGA1,2022,27,139,13,0,59.9,32.0,62.0
Lassa Fever,Nigeria,Enugu,Enugu LGA1,2022,27,139,13,0,112.5,36.7,36.9
Lassa Fever,Nigeria,Ogun,Ogun LGA1,2022,27,139,13,0,162.4,35.4,70.3
CSM,Nigeria,Kaduna,Kaduna LGA2,2022,27,8,0,0,155.1,37.3,24.1
CSM,Nigeria,Lagos,Lagos LGA1,2022,27,8,0,0,125.9,28.9,42.0
CSM,Nigeria,Enugu,Enugu LGA1,2022,27,8,0,0,38.1,30.7,46.9
Yellow Fever,Nigeria,Lagos,Lagos LGA2,2022,27,15,0,0,156.3,33.2,32.4
Yellow Fever,Nigeria,Rivers,Rivers LGA1,2022,27,15,0,0,45.3,34.7,41.6
Yellow Fever,Nigeria,Lagos,Lagos LGA1,2022,27,15,0,0,28.1,29.3,26.2
Cholera,Nigeria,Ogun,Ogun LGA1,2022,27,53,0,1,208.0,29.7,78.4
Cholera,Nigeria,FCT,FCT LGA2,2022,27,53,0,1,146.5,28.9,90.8
Cholera,Nigeria,Oyo,Oyo LGA1,2022,27,53,0,1,142.7,30.4,89.7
Measles,Nigeria,Enugu,Enugu LGA2,2022,27,178,0,0,150.5,32.2,60.7
Measles,Nigeria,Kaduna,Kaduna LGA1,2022,27,178,0,0,63.7,26.0,27.8
Measles,Nigeria,Enugu,Enugu LGA1,2022,27,178,0,0,49.3,28.4,68.5
Mpox,Nigeria,Lagos,Lagos LGA1,2022,27,56,17,0,16.1,28.7,32.6
Mpox,Nigeria,Kano,Kano LGA2,2022,27,56,17,0,117.3,36.2,75.0
Mpox,Nigeria,FCT,FCT LGA1,2022,27,56,17,0,75.1,24.0,88.6
AFP,Nigeria,Ogun,Ogun LGA2,2022,27,92,0,0,64.7,33.7,57.4
AFP,Nigeria,Ogun,Ogun LGA1,2022,27,92,0,0,93.9,26.3,59.8
AFP,Nigeria,Kano,Kano LGA2,2022,27,92,0,0,90.7,30.7,66.8
Lassa Fever,Nigeria,Oyo,Oyo LGA1,2022,28,107,5,2,58.8,35.1,72.5
Lassa Fever,Nigeria,FCT,FCT LGA2,2022,28,107,5,2,38.6,29.0,36.7
Lassa Fever,Nigeria,Lagos,Lagos LGA2,2022,28,107,5,2,6.9,35.8,86.7
CSM,Nigeria,Kano,Kano LGA1,2022,28,6,0,0,59.3,33.1,70.3
CSM,Nigeria,Ogun,Ogun LGA2,2022,28,6,0,0,126.4,26.4,44.7
CSM,Nigeria,Lagos,Lagos LGA2,2022,28,6,0,0,41.0,33.3,22.7
Yellow Fever,Nigeria,FCT,FCT LGA1,2022,28,19,0,0,67.9,36.5,34.5
Yellow Fever,Nigeria,Enugu,Enugu LGA2,2022,28,19,0,0,48.6,36.3,88.4
Yellow Fever,Nigeria,Ogun,Ogun LGA2,2022,28,19,0,0,127.4,31.6,45.6
Cholera,Nigeria,FCT,FCT LGA2,2022,28,201,0,2,154.1,27.7,91.6
Cholera,Nigeria,Enugu,Enugu LGA1,2022,28,201,0,2,125.8,31.0,86.3
Cholera,Nigeria,Enugu,Enugu LGA1,2022,28,201,0,2,149.8,30.2,75.3
Measles,Nigeria,Enugu,Enugu LGA1,2022,28,347,0,0,7.7,29.7,30.3
Measles,Nigeria,Rivers,Rivers LGA1,2022,28,347,0,0,87.0,35.7,30.2
Measles,Nigeria,Kano,Kano LGA2,2022,28,347,0,0,60.0,29.5,60.6
Mpox,Nigeria,Oyo,Oyo LGA2,2022,28,37,16,0,174.7,36.4,81.2
Mpox,Nigeria,Kano,Kano LGA2,2022,28,37,16,0,144.0,27.0,74.2
Mpox,Nigeria,FCT,FCT LGA2,2022,28,37,16,0,75.7,35.8,35.8
AFP,Nigeria,FCT,FCT LGA2,2022,28,71,0,0,138.7,26.2,20.6
AFP,Nigeria,Kaduna,Kaduna LGA1,2022,28,71,0,0,162.5,27.7,50.0
AFP,Nigeria,Kaduna,Kaduna LGA2,2022,28,71,0,0,138.2,34.6,77.6
Lassa Fever,Nigeria,Rivers,Rivers LGA2,2022,29,134,10,2,45.3,30.2,55.8
Lassa Fever,Nigeria,Enugu,Enugu LGA1,2022,29,134,10,2,81.1,27.6,45.5
Lassa Fever,Nigeria,Oyo,Oyo LGA1,2022,29,134,10,2,137.9,29.9,46.8
CSM,Nigeria,Lagos,Lagos LGA2,2022,29,5,0,0,30.6,30.6,53.9
CSM,Nigeria,Rivers,Rivers LGA2,2022,29,5,0,0,20.7,29.4,34.6
CSM,Nigeria,Oyo,Oyo LGA1,2022,29,5,0,0,7.9,24.2,56.2
Yellow Fever,Nigeria,Lagos,Lagos LGA2,2022,29,25,0,0,105.2,36.2,26.1
Yellow Fever,Nigeria,Lagos,Lagos LGA2,2022,29,25,0,0,36.1,26.5,69.1
Yellow Fever,Nigeria,Enugu,Enugu LGA1,2022,29,25,0,0,112.1,29.4,52.9
Cholera,Nigeria,Ogun,Ogun LGA1,2022,29,1554,0,20,135.1,27.3,76.5
Cholera,Nigeria,Kaduna,Kaduna LGA2,2022,29,1554,0,20,183.3,28.4,90.0
Cholera,Nigeria,Oyo,Oyo LGA2,2022,29,1554,0,20,128.6,27.5,90.5
Measles,Nigeria,Lagos,Lagos LGA1,2022,29,299,0,1,36.6,29.7,44.4
Measles,Nigeria,Kaduna,Kaduna LGA2,2022,29,299,0,1,119.1,25.7,67.6
Measles,Nigeria,Lagos,Lagos LGA1,2022,29,299,0,1,123.7,25.4,69.5
Mpox,Nigeria,Rivers,Rivers LGA1,2022,29,19,15,0,106.4,28.7,57.3
Mpox,Nigeria,Rivers,Rivers LGA2,2022,29,19,15,0,90.3,24.9,47.2
Mpox,Nigeria,Enugu,Enugu LGA1,2022,29,19,15,0,104.9,32.4,40.5
AFP,Nigeria,Kaduna,Kaduna LGA1,2022,29,75,0,0,80.1,35.6,73.1
AFP,Nigeria,Ogun,Ogun LGA1,2022,29,75,0,0,129.0,26.3,26.0
AFP,Nigeria,Lagos,Lagos LGA2,2022,29,75,0,0,32.5,36.0,86.9
Lassa Fever,Nigeria,Rivers,Rivers LGA1,2022,30,100,10,0,25.1,28.5,28.9
Lassa Fever,Nigeria,Kano,Kano LGA1,2022,30,100,10,0,133.2,32.8,62.8
Lassa Fever,Nigeria,Kano,Kano LGA1,2022,30,100,10,0,114.4,27.0,78.3
CSM,Nigeria,FCT,FCT LGA1,2022,30,5,0,0,141.6,30.3,39.0
CSM,Nigeria,Kano,Kano LGA1,2022,30,5,0,0,150.1,26.0,35.2
CSM,Nigeria,Rivers,Rivers LGA1,2022,30,5,0,0,76.9,32.5,33.5
Yellow Fever,Nigeria,FCT,FCT LGA1,2022,30,17,0,9,42.6,33.7,38.6
Yellow Fever,Nigeria,Lagos,Lagos LGA1,2022,30,17,0,9,80.2,25.3,70.0
Yellow Fever,Nigeria,Kano,Kano LGA1,2022,30,17,0,9,89.3,34.3,64.4
Cholera,Nigeria,FCT,FCT LGA2,2022,30,301,18,6,137.2,27.0,87.0
Cholera,Nigeria,Oyo,Oyo LGA2,2022,30,301,18,6,229.8,29.0,79.0
Cholera,Nigeria,Kaduna,Kaduna LGA1,2022,30,301,18,6,221.1,29.1,81.6
Measles,Nigeria,FCT,FCT LGA1,2022,30,385,0,0,67.1,24.3,31.6
Measles,Nigeria,Lagos,Lagos LGA2,2022,30,385,0,0,160.7,26.4,86.0
Measles,Nigeria,Oyo,Oyo LGA2,2022,30,385,0,0,99.8,32.1,89.8
Mpox,Nigeria,Rivers,Rivers LGA1,2022,30,56,24,0,174.7,27.8,35.5
Mpox,Nigeria,Lagos,Lagos LGA2,2022,30,56,24,0,113.2,25.8,40.7
Mpox,Nigeria,Oyo,Oyo LGA1,2022,30,56,24,0,174.8,35.1,61.1
AFP,Nigeria,Lagos,Lagos LGA2,2022,30,101,0,0,14.6,30.6,26.1
AFP,Nigeria,Oyo,Oyo LGA1,2022,30,101,0,0,40.4,29.0,48.9
AFP,Nigeria,Kaduna,Kaduna LGA2,2022,30,101,0,0,128.5,36.4,70.0
Lassa Fever,Nigeria,Ogun,Ogun LGA1,2022,31,136,13,1,93.7,36.2,55.3
Lassa Fever,Nigeria,Ogun,Ogun LGA2,2022,31,136,13,1,168.3,29.4,22.9
Lassa Fever,Nigeria,Ogun,Ogun LGA1,2022,31,136,13,1,147.8,29.6,54.3
CSM,Nigeria,Kano,Kano LGA1,2022,31,8,1,0,63.9,29.4,44.1
CSM,Nigeria,Oyo,Oyo LGA2,2022,31,8,1,0,177.6,31.4,74.1
CSM,Nigeria,Ogun,Ogun LGA2,2022,31,8,1,0,70.6,24.2,44.9
Yellow Fever,Nigeria,Lagos,Lagos LGA2,2022,31,15,0,0,78.7,25.0,68.0
Yellow Fever,Nigeria,Kaduna,Kaduna LGA2,2022,31,15,0,0,152.0,24.9,66.1
Yellow Fever,Nigeria,Oyo,Oyo LGA2,2022,31,15,0,0,68.0,26.9,56.3
Cholera,Nigeria,Lagos,Lagos LGA2,2022,31,220,4,7,209.3,27.3,92.2
Cholera,Nigeria,Kaduna,Kaduna LGA1,2022,31,220,4,7,213.1,29.8,89.0
Cholera,Nigeria,Kaduna,Kaduna LGA1,2022,31,220,4,7,198.9,30.9,91.9
Measles,Nigeria,Lagos,Lagos LGA1,2022,31,288,0,0,146.8,26.3,71.0
Measles,Nigeria,Kaduna,Kaduna LGA2,2022,31,288,0,0,97.7,31.9,23.9
Measles,Nigeria,FCT,FCT LGA1,2022,31,288,0,0,133.0,36.8,23.4
Mpox,Nigeria,Rivers,Rivers LGA2,2022,31,60,15,0,58.5,36.8,74.5
Mpox,Nigeria,Ogun,Ogun LGA1,2022,31,60,15,0,154.4,26.2,33.2
Mpox,Nigeria,Oyo,Oyo LGA2,2022,31,60,15,0,80.9,35.6,70.0
AFP,Nigeria,Enugu,Enugu LGA1,2022,31,84,0,0,113.3,27.6,74.5
AFP,Nigeria,FCT,FCT LGA1,2022,31,84,0,0,44.7,35.1,55.5
AFP,Nigeria,FCT,FCT LGA1,2022,31,84,0,0,110.1,35.4,64.6
Lassa Fever,Nigeria,Ogun,Ogun LGA1,2022,32,178,9,3,16.9,35.6,68.0
Lassa Fever,Nigeria,Ogun,Ogun LGA2,2022,32,178,9,3,125.6,32.0,34.1
Lassa Fever,Nigeria,Ogun,Ogun LGA1,2022,32,178,9,3,56.0,37.8,58.7
CSM,Nigeria,Kaduna,Kaduna LGA2,2022,32,3,0,0,143.5,33.3,54.7
CSM,Nigeria,FCT,FCT LGA2,2022,32,3,0,0,53.3,32.9,22.6
CSM,Nigeria,FCT,FCT LGA2,2022,32,3,0,0,106.1,25.8,55.6
Yellow Fever,Nigeria,Oyo,Oyo LGA1,2022,32,29,0,0,158.1,25.5,31.0
Yellow Fever,Nigeria,Enugu,Enugu LGA1,2022,32,29,0,0,98.3,27.9,62.9
Yellow Fever,Nigeria,Kano,Kano LGA2,2022,32,29,0,0,13.4,34.3,73.3
Cholera,Nigeria,Lagos,Lagos LGA1,2022,32,250,7,2,148.6,30.2,89.9
Cholera,Nigeria,Kaduna,Kaduna LGA1,2022,32,250,7,2,121.5,29.1,81.7
Cholera,Nigeria,Oyo,Oyo LGA2,2022,32,250,7,2,159.1,28.6,92.3
Measles,Nigeria,Ogun,Ogun LGA2,2022,32,367,0,0,15.2,33.1,42.1
Measles,Nigeria,Ogun,Ogun LGA1,2022,32,367,0,0,167.4,32.2,86.6
Measles,Nigeria,Rivers,Rivers LGA2,2022,32,367,0,0,71.3,24.1,67.2
Mpox,Nigeria,Oyo,Oyo LGA1,2022,32,57,48,0,121.3,32.1,75.6
Mpox,Nigeria,Rivers,Rivers LGA2,2022,32,57,48,0,71.0,32.1,40.8
Mpox,Nigeria,Ogun,Ogun LGA2,2022,32,57,48,0,71.8,29.4,40.1
AFP,Nigeria,FCT,FCT LGA1,2022,32,124,0,0,44.5,33.7,88.3
AFP,Nigeria,Kano,Kano LGA2,2022,32,124,0,0,97.4,35.8,81.0
AFP,Nigeria,Enugu,Enugu LGA2,2022,32,124,0,0,9.1,26.9,22.8
Lassa Fever,Nigeria,Rivers,Rivers LGA2,2023,40,67,5,3,128.1,30.5,54.8
Lassa Fever,Nigeria,Kaduna,Kaduna LGA1,2023,40,67,5,3,80.7,27.8,41.8
Lassa Fever,Nigeria,Kano,Kano LGA1,2023,40,67,5,3,17.8,29.1,74.8
CSM,Nigeria,FCT,FCT LGA2,2023,40,6,0,0,33.4,36.2,84.4
CSM,Nigeria,Kano,Kano LGA1,2023,40,6,0,0,111.3,32.1,64.9
CSM,Nigeria,Lagos,Lagos LGA1,2023,40,6,0,0,12.1,35.8,70.5
Yellow Fever,Nigeria,Ogun,Ogun LGA1,2023,40,71,0,0,34.1,26.0,71.2
Yellow Fever,Nigeria,Enugu,Enugu LGA2,2023,40,71,0,0,68.8,24.5,81.6
Yellow Fever,Nigeria,Kano,Kano LGA1,2023,40,71,0,0,168.3,27.8,57.4
Cholera,Nigeria,Lagos,Lagos LGA1,2023,40,6,0,0,234.1,27.6,85.7
Cholera,Nigeria,Ogun,Ogun LGA1,2023,40,6,0,0,129.0,29.4,88.6
Cholera,Nigeria,Oyo,Oyo LGA2,2023,40,6,0,0,220.6,29.3,82.5
Measles,Nigeria,Rivers,Rivers LGA2,2023,40,30,0,0,60.9,37.7,81.5
Measles,Nigeria,Oyo,Oyo LGA1,2023,40,30,0,0,58.5,34.8,82.5
Measles,Nigeria,Enugu,Enugu LGA1,2023,40,30,0,0,72.9,30.4,79.1
Mpox,Nigeria,Enugu,Enugu LGA2,2023,40,0,0,0,124.1,24.6,21.6
Mpox,Nigeria,Kaduna,Kaduna LGA1,2023,40,0,0,0,100.7,36.5,31.1
Mpox,Nigeria,Lagos,Lagos LGA2,2023,40,0,0,0,40.4,29.5,64.0
AFP,Nigeria,Kano,Kano LGA1,2023,40,91,0,0,178.8,34.8,76.1
AFP,Nigeria,Kano,Kano LGA1,2023,40,91,0,0,163.4,35.2,84.9
AFP,Nigeria,Enugu,Enugu LGA1,2023,40,91,0,0,7.5,37.9,81.0
Lassa Fever,Nigeria,Kano,Kano LGA1,2023,41,103,9,3,92.7,32.9,25.6
Lassa Fever,Nigeria,FCT,FCT LGA2,2023,41,103,9,3,174.8,29.1,80.6
Lassa Fever,Nigeria,FCT,FCT LGA2,2023,41,103,9,3,140.2,28.3,45.5
CSM,Nigeria,Lagos,Lagos LGA1,2023,41,0,0,0,76.7,37.6,62.7
CSM,Nigeria,Kano,Kano LGA2,2023,41,0,0,0,5.3,32.1,35.7
CSM,Nigeria,Rivers,Rivers LGA1,2023,41,0,0,0,132.3,32.1,20.5
Yellow Fever,Nigeria,FCT,FCT LGA2,2023,41,80,0,0,113.3,30.8,67.9
Yellow Fever,Nigeria,Ogun,Ogun LGA1,2023,41,80,0,0,69.7,35.5,31.2
Yellow Fever,Nigeria,Rivers,Rivers LGA1,2023,41,80,0,0,125.7,28.3,81.5
Cholera,Nigeria,Oyo,Oyo LGA2,2023,41,5,0,0,179.9,30.4,92.7
Cholera,Nigeria,FCT,FCT LGA1,2023,41,5,0,0,162.6,30.6,79.9
Cholera,Nigeria,Ogun,Ogun LGA2,2023,41,5,0,0,131.3,28.6,92.4
Measles,Nigeria,Ogun,Ogun LGA1,2023,41,13,0,0,117.8,36.1,68.0
Measles,Nigeria,Oyo,Oyo LGA1,2023,41,13,0,0,160.6,24.4,58.2
Measles,Nigeria,Oyo,Oyo LGA2,2023,41,13,0,0,76.9,24.0,51.9
Mpox,Nigeria,Oyo,Oyo LGA1,2023,41,5,0,0,46.0,24.5,48.5
Mpox,Nigeria,Kaduna,Kaduna LGA2,2023,41,5,0,0,147.4,25.3,57.8
Mpox,Nigeria,Ogun,Ogun LGA2,2023,41,5,0,0,62.7,26.9,59.4
AFP,Nigeria,Rivers,Rivers LGA2,2023,41,90,0,0,157.5,35.6,47.8
AFP,Nigeria,Rivers,Rivers LGA1,2023,41,90,0,0,9.9,27.5,37.5
AFP,Nigeria,Lagos,Lagos LGA2,2023,41,90,0,0,22.0,24.7,86.5
Lassa Fever,Nigeria,FCT,FCT LGA1,2023,42,118,9,0,127.7,34.0,67.0
Lassa Fever,Nigeria,Ogun,Ogun LGA1,2023,42,118,9,0,115.1,38.0,44.6
Lassa Fever,Nigeria,Rivers,Rivers LGA2,2023,42,118,9,0,117.8,35.8,89.7
CSM,Nigeria,Ogun,Ogun LGA2,2023,42,0,0,0,19.2,29.2,27.4
CSM,Nigeria,Enugu,Enugu LGA1,2023,42,0,0,0,47.9,29.3,65.7
CSM,Nigeria,Kaduna,Kaduna LGA1,2023,42,0,0,0,116.1,24.5,80.5
Yellow Fever,Nigeria,Lagos,Lagos LGA1,2023,42,83,0,0,150.3,26.3,24.4
Yellow Fever,Nigeria,Lagos,Lagos LGA1,2023,42,83,0,0,30.7,37.5,21.0
Yellow Fever,Nigeria,Rivers,Rivers LGA1,2023,42,83,0,0,104.3,28.5,66.5
Cholera,Nigeria,Enugu,Enugu LGA1,2023,42,19,0,0,129.4,27.4,87.2
Cholera,Nigeria,Ogun,Ogun LGA2,2023,42,19,0,0,203.1,28.2,88.5
Cholera,Nigeria,Enugu,Enugu LGA2,2023,42,19,0,0,238.8,28.7,82.6
Measles,Nigeria,Lagos,Lagos LGA1,2023,42,65,6,0,74.1,33.1,81.3
Measles,Nigeria,Kano,Kano LGA1,2023,42,65,6,0,164.0,34.6,30.7
Measles,Nigeria,Kaduna,Kaduna LGA1,2023,42,65,6,0,32.9,34.3,64.3
Mpox,Nigeria,Ogun,Ogun LGA1,2023,42,21,2,0,56.3,27.2,48.5
Mpox,Nigeria,Lagos,Lagos LGA2,2023,42,21,2,0,162.7,26.5,89.5
Mpox,Nigeria,Ogun,Ogun LGA1,2023,42,21,2,0,40.8,31.2,64.3
AFP,Nigeria,Kano,Kano LGA1,2023,42,116,0,0,15.8,35.9,36.0
AFP,Nigeria,Lagos,Lagos LGA2,2023,42,116,0,0,43.7,28.1,87.4
AFP,Nigeria,FCT,FCT LGA1,2023,42,116,0,0,71.7,35.6,62.9
Lassa Fever,Nigeria,FCT,FCT LGA2,2023,43,124,3,0,33.9,36.4,47.4
Lassa Fever,Nigeria,Lagos,Lagos LGA2,2023,43,124,3,0,89.2,35.5,89.1
Lassa Fever,Nigeria,FCT,FCT LGA1,2023,43,124,3,0,128.2,34.9,80.3
CSM,Nigeria,Enugu,Enugu LGA1,2023,43,0,0,0,33.5,26.7,37.5
CSM,Nigeria,Enugu,Enugu LGA1,2023,43,0,0,0,67.9,37.4,71.4
CSM,Nigeria,Rivers,Rivers LGA1,2023,43,0,0,0,113.8,28.3,72.1
Yellow Fever,Nigeria,Lagos,Lagos LGA1,2023,43,47,0,1,94.2,37.3,41.0
Yellow Fever,Nigeria,Kaduna,Kaduna LGA2,2023,43,47,0,1,119.5,29.6,30.6
Yellow Fever,Nigeria,Lagos,Lagos LGA2,2023,43,47,0,1,20.6,26.3,78.8
Cholera,Nigeria,Kaduna,Kaduna LGA2,2023,43,19,1,0,130.0,30.4,94.8
Cholera,Nigeria,Kaduna,Kaduna LGA2,2023,43,19,1,0,176.4,29.0,81.8
Cholera,Nigeria,Kano,Kano LGA1,2023,43,19,1,0,198.8,30.1,92.3
Measles,Nigeria,FCT,FCT LGA1,2023,43,13,0,0,11.6,31.7,89.9
Measles,Nigeria,Kaduna,Kaduna LGA1,2023,43,13,0,0,120.2,35.1,61.2
Measles,Nigeria,Oyo,Oyo LGA1,2023,43,13,0,0,56.9,25.2,33.5
Mpox,Nigeria,Kano,Kano LGA2,2023,43,17,0,0,150.4,37.4,28.2
Mpox,Nigeria,Kaduna,Kaduna LGA1,2023,43,17,0,0,172.9,27.9,24.3
Mpox,Nigeria,Kano,Kano LGA2,2023,43,17,0,0,48.1,24.5,20.8
AFP,Nigeria,Rivers,Rivers LGA2,2023,43,96,0,0,100.2,32.6,78.1
AFP,Nigeria,Kano,Kano LGA1,2023,43,96,0,0,164.4,37.2,55.9
AFP,Nigeria,Lagos,Lagos LGA1,2023,43,96,0,0,120.1,37.4,84.8
Lassa Fever,Nigeria,Enugu,Enugu LGA1,2023,44,117,8,0,152.6,36.6,54.1
Lassa Fever,Nigeria,FCT,FCT LGA2,2023,44,117,8,0,88.0,30.6,81.1
Lassa Fever,Nigeria,Kaduna,Kaduna LGA2,2023,44,117,8,0,119.6,27.4,65.4
CSM,Nigeria,Oyo,Oyo LGA2,2023,44,4,0,0,50.9,35.2,60.9
CSM,Nigeria,Lagos,Lagos LGA2,2023,44,4,0,0,35.7,30.1,85.4
CSM,Nigeria,Kano,Kano LGA2,2023,44,4,0,0,24.4,29.6,79.2
Yellow Fever,Nigeria,Rivers,Rivers LGA1,2023,44,47,0,0,90.7,34.3,26.8
Yellow Fever,Nigeria,Lagos,Lagos LGA1,2023,44,47,0,0,11.1,24.4,45.7
Yellow Fever,Nigeria,Lagos,Lagos LGA2,2023,44,47,0,0,71.5,25.9,87.3
Cholera,Nigeria,Enugu,Enugu LGA2,2023,44,7,1,0,154.3,29.9,88.5
Cholera,Nigeria,Lagos,Lagos LGA2,2023,44,7,1,0,147.1,28.9,86.7
Cholera,Nigeria,Rivers,Rivers LGA2,2023,44,7,1,0,234.9,29.2,79.3
Measles,Nigeria,Ogun,Ogun LGA2,2023,44,175,30,0,34.3,35.4,72.7
Measles,Nigeria,Lagos,Lagos LGA2,2023,44,175,30,0,105.1,33.9,60.4
Measles,Nigeria,Oyo,Oyo LGA2,2023,44,175,30,0,30.2,36.0,28.6
Mpox,Nigeria,Oyo,Oyo LGA2,2023,44,22,0,0,170.4,37.9,82.1
Mpox,Nigeria,Rivers,Rivers LGA1,2023,44,22,0,0,99.7,31.7,27.4
Mpox,Nigeria,Lagos,Lagos LGA2,2023,44,22,0,0,17.6,32.8,86.6
AFP,Nigeria,Lagos,Lagos LGA2,2023,44,81,0,0,61.5,24.1,53.3
AFP,Nigeria,Kano,Kano LGA2,2023,44,81,0,0,138.1,28.9,53.6
AFP,Nigeria,Rivers,Rivers LGA2,2023,44,81,0,0,151.3,32.8,85.7
Lassa Fever,Nigeria,FCT,FCT LGA2,2023,45,95,12,4,173.3,34.0,74.9
Lassa Fever,Nigeria,Kano,Kano LGA2,2023,45,95,12,4,128.3,26.9,70.1
Lassa Fever,Nigeria,Enugu,Enugu LGA2,2023,45,95,12,4,117.6,33.1,41.5
CSM,Nigeria,Kano,Kano LGA2,2023,45,2,0,0,41.4,35.2,84.4
CSM,Nigeria,Rivers,Rivers LGA2,2023,45,2,0,0,152.9,37.5,44.2
CSM,Nigeria,Oyo,Oyo LGA1,2023,45,2,0,0,93.0,28.3,55.1
Yellow Fever,Nigeria,Rivers,Rivers LGA1,2023,45,19,0,0,43.7,28.0,78.4
Yellow Fever,Nigeria,Rivers,Rivers LGA1,2023,45,19,0,0,135.9,25.2,73.4
Yellow Fever,Nigeria,Rivers,Rivers LGA1,2023,45,19,0,0,109.8,24.8,42.9
Cholera,Nigeria,Enugu,Enugu LGA1,2023,45,5,1,1,234.6,27.9,85.6
Cholera,Nigeria,Rivers,Rivers LGA1,2023,45,5,1,1,174.8,29.5,94.7
Cholera,Nigeria,Enugu,Enugu LGA1,2023,45,5,1,1,240.1,27.9,87.5
Measles,Nigeria,Rivers,Rivers LGA2,2023,45,149,22,0,27.5,34.7,87.4
Measles,Nigeria,Lagos,Lagos LGA1,2023,45,149,22,0,45.5,26.2,60.4
Measles,Nigeria,Kaduna,Kaduna LGA1,2023,45,149,22,0,35.1,25.8,53.8
Mpox,Nigeria,FCT,FCT LGA1,2023,45,30,1,0,161.5,36.4,44.8
Mpox,Nigeria,Kaduna,Kaduna LGA1,2023,45,30,1,0,178.1,27.5,58.1
Mpox,Nigeria,Enugu,Enugu LGA1,2023,45,30,1,0,171.6,32.1,84.2
AFP,Nigeria,Kaduna,Kaduna LGA2,2023,45,82,0,0,154.5,32.4,50.5
AFP,Nigeria,Kaduna,Kaduna LGA1,2023,45,82,0,0,56.6,29.3,89.8
AFP,Nigeria,Enugu,Enugu LGA1,2023,45,82,0,0,125.7,25.0,32.5
Lassa Fever,Nigeria,Enugu,Enugu LGA2,2023,46,125,17,2,112.5,27.1,52.1
Lassa Fever,Nigeria,Kano,Kano LGA1,2023,46,125,17,2,138.8,26.2,53.5
Lassa Fever,Nigeria,Lagos,Lagos LGA2,2023,46,125,17,2,147.2,30.9,35.5
CSM,Nigeria,Oyo,Oyo LGA2,2023,46,4,0,0,103.7,30.9,59.8
CSM,Nigeria,Kano,Kano LGA2,2023,46,4,0,0,38.8,33.8,77.6
CSM,Nigeria,Kaduna,Kaduna LGA1,2023,46,4,0,0,111.2,29.2,57.0
Yellow Fever,Nigeria,Enugu,Enugu LGA2,2023,46,72,0,0,100.0,31.0,41.3
Yellow Fever,Nigeria,Enugu,Enugu LGA2,2023,46,72,0,0,62.8,29.3,26.9
Yellow Fever,Nigeria,Lagos,Lagos LGA1,2023,46,72,0,0,160.3,34.5,80.7
Cholera,Nigeria,FCT,FCT LGA2,2023,46,55,0,4,173.8,27.0,79.6
Cholera,Nigeria,Lagos,Lagos LGA2,2023,46,55,0,4,193.1,30.1,80.5
Cholera,Nigeria,Kano,Kano LGA1,2023,46,55,0,4,187.9,27.5,85.0
Measles,Nigeria,Kano,Kano LGA2,2023,46,104,15,0,146.9,30.3,29.5
Measles,Nigeria,Oyo,Oyo LGA1,2023,46,104,15,0,130.8,37.2,72.5
Measles,Nigeria,Kaduna,Kaduna LGA1,2023,46,104,15,0,50.2,37.9,69.9
Mpox,Nigeria,Ogun,Ogun LGA1,2023,46,17,0,0,175.6,37.4,23.4
Mpox,Nigeria,Kaduna,Kaduna LGA1,2023,46,17,0,0,51.8,37.8,89.3
Mpox,Nigeria,Oyo,Oyo LGA2,2023,46,17,0,0,16.1,27.8,84.4
AFP,Nigeria,Kaduna,Kaduna LGA1,2023,46,42,0,0,120.9,37.8,85.3
AFP,Nigeria,Lagos,Lagos LGA1,2023,46,42,0,0,174.9,32.2,69.1
AFP,Nigeria,Rivers,Rivers LGA1,2023,46,42,0,0,162.5,34.8,30.4
Lassa Fever,Nigeria,Enugu,Enugu LGA2,2023,47,122,11,3,28.0,37.1,85.3
Lassa Fever,Nigeria,Kano,Kano LGA2,2023,47,122,11,3,90.8,25.0,64.1
Lassa Fever,Nigeria,Oyo,Oyo LGA2,2023,47,122,11,3,160.0,37.4,51.4
CSM,Nigeria,Oyo,Oyo LGA2,2023,47,5,1,1,60.9,35.1,23.9
CSM,Nigeria,Enugu,Enugu LGA1,2023,47,5,1,1,131.5,37.6,65.2
CSM,Nigeria,Kaduna,Kaduna LGA1,2023,47,5,1,1,101.7,32.5,66.6
Yellow Fever,Nigeria,FCT,FCT LGA2,2023,47,108,0,0,66.5,30.1,21.5
Yellow Fever,Nigeria,Kano,Kano LGA2,2023,47,108,0,0,101.0,31.5,88.4
Yellow Fever,Nigeria,Oyo,Oyo LGA1,2023,47,108,0,0,169.9,34.1,60.5
Cholera,Nigeria,Ogun,Ogun LGA2,2023,47,36,1,8,136.1,28.7,82.7
Cholera,Nigeria,Enugu,Enugu LGA2,2023,47,36,1,8,152.9,29.0,79.6
Cholera,Nigeria,Rivers,Rivers LGA1,2023,47,36,1,8,129.6,29.8,84.9
Measles,Nigeria,Rivers,Rivers LGA1,2023,47,141,18,0,62.8,30.7,55.8
Measles,Nigeria,Kano,Kano LGA2,2023,47,141,18,0,59.7,34.1,69.8
Measles,Nigeria,Oyo,Oyo LGA2,2023,47,141,18,0,97.4,30.0,21.9
Mpox,Nigeria,Kano,Kano LGA2,2023,47,26,8,0,149.7,26.3,53.7
Mpox,Nigeria,Rivers,Rivers LGA1,2023,47,26,8,0,151.2,30.1,35.4
Mpox,Nigeria,Enugu,Enugu LGA2,2023,47,26,8,0,58.3,30.0,48.4
AFP,Nigeria,FCT,FCT LGA1,2023,47,10,0,0,16.9,37.2,21.0
AFP,Nigeria,Oyo,Oyo LGA2,2023,47,10,0,0,37.9,33.9,54.9
AFP,Nigeria,Oyo,Oyo LGA2,2023,47,10,0,0,46.5,34.1,22.9
Lassa Fever,Nigeria,Kaduna,Kaduna LGA2,2023,48,119,16,4,171.8,35.1,32.9
Lassa Fever,Nigeria,Oyo,Oyo LGA1,2023,48,119,16,4,123.4,27.8,72.6
Lassa Fever,Nigeria,FCT,FCT LGA2,2023,48,119,16,4,80.7,36.8,52.6
CSM,Nigeria,Ogun,Ogun LGA1,2023,48,7,3,1,32.1,33.6,87.7
CSM,Nigeria,Enugu,Enugu LGA1,2023,48,7,3,1,68.0,34.7,42.2
CSM,Nigeria,Lagos,Lagos LGA1,2023,48,7,3,1,145.9,27.5,83.9
Yellow Fever,Nigeria,Lagos,Lagos LGA2,2023,48,84,0,0,149.3,27.0,32.6
Yellow Fever,Nigeria,Lagos,Lagos LGA2,2023,48,84,0,0,64.7,31.7,43.4
Yellow Fever,Nigeria,Ogun,Ogun LGA2,2023,48,84,0,0,108.4,26.5,20.7
Cholera,Nigeria,FCT,FCT LGA2,2023,48,8,0,2,232.8,30.1,89.1
Cholera,Nigeria,Enugu,Enugu LGA1,2023,48,8,0,2,172.3,30.9,84.7
Cholera,Nigeria,FCT,FCT LGA1,2023,48,8,0,2,241.1,29.2,75.5
Measles,Nigeria,Enugu,Enugu LGA1,2023,48,91,16,0,27.2,25.1,44.5
Measles,Nigeria,Rivers,Rivers LGA2,2023,48,91,16,0,77.2,27.0,83.1
Measles,Nigeria,Kano,Kano LGA2,2023,48,91,16,0,45.3,24.2,43.0
Mpox,Nigeria,Kano,Kano LGA1,2023,48,20,4,0,95.3,33.9,24.6
Mpox,Nigeria,Ogun,Ogun LGA2,2023,48,20,4,0,51.2,25.1,34.7
Mpox,Nigeria,Oyo,Oyo LGA2,2023,48,20,4,0,109.9,36.0,54.2
AFP,Nigeria,Ogun,Ogun LGA1,2023,48,13,0,0,53.7,37.2,23.3
AFP,Nigeria,Kaduna,Kaduna LGA2,2023,48,13,0,0,113.0,35.4,87.4
AFP,Nigeria,Ogun,Ogun LGA1,2023,48,13,0,0,157.1,25.2,68.7
Lassa Fever,Nigeria,Oyo,Oyo LGA1,2023,49,165,21,5,10.6,25.4,84.4
Lassa Fever,Nigeria,Kaduna,Kaduna LGA1,2023,49,165,21,5,89.2,34.7,74.3
Lassa Fever,Nigeria,Kaduna,Kaduna LGA1,2023,49,165,21,5,76.5,30.7,60.0
CSM,Nigeria,Oyo,Oyo LGA1,2023,49,23,9,0,145.9,32.7,38.6
CSM,Nigeria,Lagos,Lagos LGA2,2023,49,23,9,0,12.1,25.7,39.1
CSM,Nigeria,Lagos,Lagos LGA2,2023,49,23,9,0,143.4,34.1,25.3
Yellow Fever,Nigeria,FCT,FCT LGA2,2023,49,61,0,0,172.2,36.5,56.4
Yellow Fever,Nigeria,Lagos,Lagos LGA1,2023,49,61,0,0,137.1,31.5,41.4
Yellow Fever,Nigeria,Kano,Kano LGA2,2023,49,61,0,0,159.0,37.0,41.7
Cholera,Nigeria,Ogun,Ogun LGA1,2023,49,7,0,1,183.8,27.7,88.8
Cholera,Nigeria,Rivers,Rivers LGA1,2023,49,7,0,1,239.1,27.3,85.5
Cholera,Nigeria,Kaduna,Kaduna LGA2,2023,49,7,0,1,227.3,29.4,78.2
Measles,Nigeria,FCT,FCT LGA1,2023,49,29,2,0,169.5,27.7,38.4
Measles,Nigeria,Kano,Kano LGA1,2023,49,29,2,0,155.3,34.7,35.2
Measles,Nigeria,Lagos,Lagos LGA2,2023,49,29,2,0,116.7,25.5,74.1
Mpox,Nigeria,Kaduna,Kaduna LGA1,2023,49,23,0,0,67.0,27.3,71.9
Mpox,Nigeria,Lagos,Lagos LGA2,2023,49,23,0,0,162.6,31.4,24.2
Mpox,Nigeria,Kano,Kano LGA1,2023,49,23,0,0,38.7,28.0,41.5
AFP,Nigeria,Rivers,Rivers LGA1,2023,49,8,0,0,108.1,24.8,53.1
AFP,Nigeria,FCT,FCT LGA2,2023,49,8,0,0,136.0,30.3,66.6
AFP,Nigeria,Lagos,Lagos LGA1,2023,49,8,0,0,161.9,24.9,48.2
Lassa Fever,Nigeria,Oyo,Oyo LGA2,2023,27,108,6,0,167.2,29.7,23.2
Lassa Fever,Nigeria,Oyo,Oyo LGA2,2023,27,108,6,0,126.8,33.5,40.2
Lassa Fever,Nigeria,Enugu,Enugu LGA2,2023,27,108,6,0,173.1,32.3,29.4
CSM,Nigeria,Kaduna,Kaduna LGA2,2023,27,7,0,0,33.3,24.6,40.8
CSM,Nigeria,Kaduna,Kaduna LGA2,2023,27,7,0,0,178.1,37.8,31.2
CSM,Nigeria,Kaduna,Kaduna LGA1,2023,27,7,0,0,72.5,28.3,38.2
Yellow Fever,Nigeria,Rivers,Rivers LGA2,2023,27,31,0,1,116.9,34.4,53.6
Yellow Fever,Nigeria,Enugu,Enugu LGA2,2023,27,31,0,1,37.8,35.4,32.6
Yellow Fever,Nigeria,Rivers,Rivers LGA1,2023,27,31,0,1,106.8,27.7,46.3
Cholera,Nigeria,Kaduna,Kaduna LGA1,2023,27,35,1,1,186.8,28.0,92.1
Cholera,Nigeria,Enugu,Enugu LGA2,2023,27,35,1,1,143.8,29.8,91.1
Cholera,Nigeria,Ogun,Ogun LGA1,2023,27,35,1,1,123.3,29.6,85.0
Measles,Nigeria,Ogun,Ogun LGA1,2023,27,132,25,0,5.3,37.4,65.6
Measles,Nigeria,Kaduna,Kaduna LGA2,2023,27,132,25,0,137.4,30.0,65.9
Measles,Nigeria,Rivers,Rivers LGA2,2023,27,132,25,0,125.7,28.0,50.7
Mpox,Nigeria,Oyo,Oyo LGA2,2023,27,0,0,0,28.5,24.2,50.1
Mpox,Nigeria,Lagos,Lagos LGA1,2023,27,0,0,0,145.9,31.2,40.5
Mpox,Nigeria,Lagos,Lagos LGA2,2023,27,0,0,0,12.9,29.9,43.6
AFP,Nigeria,Oyo,Oyo LGA1,2023,27,86,0,0,76.9,35.9,26.0
AFP,Nigeria,Lagos,Lagos LGA2,2023,27,86,0,0,173.6,35.2,83.7
AFP,Nigeria,Lagos,Lagos LGA2,2023,27,86,0,0,102.1,32.1,23.8
Lassa Fever,Nigeria,Ogun,Ogun LGA2,2023,28,119,10,1,124.8,34.8,87.9
Lassa Fever,Nigeria,Enugu,Enugu LGA1,2023,28,119,10,1,105.6,31.8,58.1
Lassa Fever,Nigeria,Lagos,Lagos LGA1,2023,28,119,10,1,48.1,37.0,61.2
CSM,Nigeria,FCT,FCT LGA2,2023,28,168,12,0,27.7,35.8,58.5
CSM,Nigeria,Enugu,Enugu LGA1,2023,28,168,12,0,77.7,24.7,82.5
CSM,Nigeria,Kano,Kano LGA1,2023,28,168,12,0,97.6,25.0,80.4
Yellow Fever,Nigeria,Enugu,Enugu LGA1,2023,28,54,0,0,97.1,27.1,33.8
Yellow Fever,Nigeria,FCT,FCT LGA1,2023,28,54,0,0,151.2,36.3,27.5
Yellow Fever,Nigeria,Kano,Kano LGA2,2023,28,54,0,0,163.2,28.2,41.9
Cholera,Nigeria,Ogun,Ogun LGA2,2023,28,38,6,3,196.6,28.2,83.5
Cholera,Nigeria,Kano,Kano LGA2,2023,28,38,6,3,132.6,29.2,77.9
Cholera,Nigeria,Ogun,Ogun LGA2,2023,28,38,6,3,167.4,29.8,88.8
Measles,Nigeria,Ogun,Ogun LGA1,2023,28,106,10,0,127.7,33.1,32.7
Measles,Nigeria,Kano,Kano LGA2,2023,28,106,10,0,110.5,31.9,35.2
Measles,Nigeria,FCT,FCT LGA1,2023,28,106,10,0,123.8,30.2,83.3
Mpox,Nigeria,Rivers,Rivers LGA1,2023,28,10,0,0,173.7,32.3,20.4
Mpox,Nigeria,Lagos,Lagos LGA1,2023,28,10,0,0,76.4,30.9,78.4
Mpox,Nigeria,FCT,FCT LGA1,2023,28,10,0,0,73.8,36.5,38.0
AFP,Nigeria,Oyo,Oyo LGA2,2023,28,114,0,0,25.2,36.4,72.0
AFP,Nigeria,Kaduna,Kaduna LGA1,2023,28,114,0,0,29.6,30.9,27.3
AFP,Nigeria,Oyo,Oyo LGA2,2023,28,114,0,0,35.1,38.0,59.5
Lassa Fever,Nigeria,FCT,FCT LGA2,2023,29,114,9,0,166.6,28.1,66.4
Lassa Fever,Nigeria,Rivers,Rivers LGA1,2023,29,114,9,0,105.7,33.1,25.9
Lassa Fever,Nigeria,Lagos,Lagos LGA2,2023,29,114,9,0,173.9,25.7,33.2
CSM,Nigeria,Enugu,Enugu LGA1,2023,29,116,6,2,163.5,34.8,47.5
CSM,Nigeria,Lagos,Lagos LGA2,2023,29,116,6,2,79.4,34.8,57.6
CSM,Nigeria,Kano,Kano LGA1,2023,29,116,6,2,34.7,32.1,48.2
Yellow Fever,Nigeria,Kaduna,Kaduna LGA1,2023,29,5,0,0,99.1,29.8,25.0
Yellow Fever,Nigeria,Rivers,Rivers LGA2,2023,29,5,0,0,71.9,28.9,75.2
Yellow Fever,Nigeria,Ogun,Ogun LGA2,2023,29,5,0,0,79.4,24.1,28.9
Cholera,Nigeria,Rivers,Rivers LGA2,2023,29,10,1,3,138.4,27.1,83.0
Cholera,Nigeria,Rivers,Rivers LGA2,2023,29,10,1,3,165.9,28.7,86.8
Cholera,Nigeria,Ogun,Ogun LGA1,2023,29,10,1,3,172.8,30.7,79.4
Measles,Nigeria,Ogun,Ogun LGA1,2023,29,69,2,0,16.6,34.2,24.9
Measles,Nigeria,Ogun,Ogun LGA1,2023,29,69,2,0,125.3,37.0,77.1
Measles,Nigeria,Rivers,Rivers LGA2,2023,29,69,2,0,172.6,26.6,79.0
Mpox,Nigeria,Rivers,Rivers LGA1,2023,29,17,0,0,162.1,29.4,38.3
Mpox,Nigeria,Kano,Kano LGA1,2023,29,17,0,0,106.6,26.6,60.6
Mpox,Nigeria,Kaduna,Kaduna LGA2,2023,29,17,0,0,91.8,33.4,71.6
AFP,Nigeria,Kano,Kano LGA2,2023,29,116,0,0,13.3,27.2,65.7
AFP,Nigeria,Ogun,Ogun LGA1,2023,29,116,0,0,16.3,33.6,59.1
AFP,Nigeria,Lagos,Lagos LGA2,2023,29,116,0,0,13.3,36.6,67.0
Lassa Fever,Nigeria,Kaduna,Kaduna LGA1,2023,30,117,12,6,78.0,34.8,44.5
Lassa Fever,Nigeria,Ogun,Ogun LGA2,2023,30,117,12,6,66.1,36.5,25.5
Lassa Fever,Nigeria,Ogun,Ogun LGA1,2023,30,117,12,6,10.0,34.2,88.6
CSM,Nigeria,Lagos,Lagos LGA1,2023,30,150,1,1,154.6,36.7,33.5
CSM,Nigeria,Enugu,Enugu LGA2,2023,30,150,1,1,169.5,24.6,40.1
CSM,Nigeria,Oyo,Oyo LGA2,2023,30,150,1,1,42.8,37.6,64.7
Yellow Fever,Nigeria,Enugu,Enugu LGA2,2023,30,21,0,0,123.4,36.8,27.0
Yellow Fever,Nigeria,Lagos,Lagos LGA1,2023,30,21,0,0,98.7,35.2,70.0
Yellow Fever,Nigeria,Ogun,Ogun LGA1,2023,30,21,0,0,87.9,26.0,74.9
Cholera,Nigeria,Kano,Kano LGA1,2023,30,4,0,0,227.9,29.4,78.0
Cholera,Nigeria,Lagos,Lagos LGA1,2023,30,4,0,0,165.6,30.7,87.0
Cholera,Nigeria,Lagos,Lagos LGA2,2023,30,4,0,0,233.7,28.0,75.5
Measles,Nigeria,Kaduna,Kaduna LGA2,2023,30,61,1,0,66.6,35.6,66.6
Measles,Nigeria,Enugu,Enugu LGA2,2023,30,61,1,0,35.7,28.9,28.1
Measles,Nigeria,FCT,FCT LGA1,2023,30,61,1,0,156.2,37.2,22.3
Mpox,Nigeria,Kaduna,Kaduna LGA1,2023,30,23,0,0,142.3,33.5,30.2
Mpox,Nigeria,Lagos,Lagos LGA2,2023,30,23,0,0,169.3,27.3,85.9
Mpox,Nigeria,Enugu,Enugu LGA1,2023,30,23,0,0,58.8,34.9,53.2
AFP,Nigeria,Lagos,Lagos LGA2,2023,30,88,0,0,26.8,33.2,86.6
AFP,Nigeria,Lagos,Lagos LGA1,2023,30,88,0,0,41.2,36.7,73.7
AFP,Nigeria,Enugu,Enugu LGA2,2023,30,88,0,0,144.7,33.1,33.1
Lassa Fever,Nigeria,Rivers,Rivers LGA1,2023,31,64,7,0,116.4,33.4,31.3
Lassa Fever,Nigeria,Rivers,Rivers LGA2,2023,31,64,7,0,11.5,30.2,57.8
Lassa Fever,Nigeria,Kaduna,Kaduna LGA1,2023,31,64,7,0,108.5,25.2,30.7
CSM,Nigeria,Kaduna,Kaduna LGA2,2023,31,31,2,2,104.2,31.4,21.3
CSM,Nigeria,Oyo,Oyo LGA2,2023,31,31,2,2,29.9,27.7,36.7
CSM,Nigeria,Enugu,Enugu LGA1,2023,31,31,2,2,28.2,37.5,70.4
Yellow Fever,Nigeria,Rivers,Rivers LGA2,2023,31,25,0,0,124.4,32.6,69.2
Yellow Fever,Nigeria,Oyo,Oyo LGA1,2023,31,25,0,0,159.9,24.8,36.0
Yellow Fever,Nigeria,Kaduna,Kaduna LGA1,2023,31,25,0,0,161.3,30.3,54.6
Cholera,Nigeria,FCT,FCT LGA2,2023,31,11,0,0,184.8,29.8,82.8
Cholera,Nigeria,Rivers,Rivers LGA1,2023,31,11,0,0,209.2,30.1,85.7
Cholera,Nigeria,Lagos,Lagos LGA2,2023,31,11,0,0,234.5,29.5,80.7
Measles,Nigeria,Kaduna,Kaduna LGA2,2023,31,45,0,0,29.8,27.4,41.1
Measles,Nigeria,Oyo,Oyo LGA2,2023,31,45,0,0,106.6,37.0,76.8
Measles,Nigeria,Lagos,Lagos LGA2,2023,31,45,0,0,66.8,32.0,36.3
Mpox,Nigeria,Kano,Kano LGA2,2023,31,0,0,0,80.7,26.9,25.1
Mpox,Nigeria,FCT,FCT LGA2,2023,31,0,0,0,106.1,32.6,38.0
Mpox,Nigeria,Oyo,Oyo LGA2,2023,31,0,0,0,61.1,26.8,47.8
AFP,Nigeria,FCT,FCT LGA2,2023,31,106,0,0,66.3,25.5,70.5
AFP,Nigeria,Enugu,Enugu LGA1,2023,31,106,0,0,136.0,29.5,30.5
AFP,Nigeria,Kaduna,Kaduna LGA2,2023,31,106,0,0,85.0,34.5,31.7
Lassa Fever,Nigeria,Oyo,Oyo LGA1,2023,32,94,5,1,46.7,29.5,65.8
Lassa Fever,Nigeria,Ogun,Ogun LGA1,2023,32,94,5,1,158.0,26.5,25.7
Lassa Fever,Nigeria,Enugu,Enugu LGA1,2023,32,94,5,1,109.0,28.3,59.9
CSM,Nigeria,Rivers,Rivers LGA1,2023,32,3,0,0,135.8,32.9,68.8
CSM,Nigeria,Oyo,Oyo LGA1,2023,32,3,0,0,171.9,33.5,83.3
CSM,Nigeria,Ogun,Ogun LGA2,2023,32,3,0,0,142.5,29.3,71.1
Yellow Fever,Nigeria,FCT,FCT LGA1,2023,32,48,0,0,179.8,26.6,31.1
Yellow Fever,Nigeria,Kaduna,Kaduna LGA1,2023,32,48,0,0,163.8,24.8,73.3
Yellow Fever,Nigeria,Ogun,Ogun LGA2,2023,32,48,0,0,70.5,35.3,29.5
Cholera,Nigeria,Rivers,Rivers LGA1,2023,32,3,0,1,146.0,29.8,90.6
Cholera,Nigeria,Oyo,Oyo LGA1,2023,32,3,0,1,168.2,30.4,76.4
Cholera,Nigeria,Kaduna,Kaduna LGA2,2023,32,3,0,1,198.8,30.4,85.0
Measles,Nigeria,Enugu,Enugu LGA2,2023,32,92,4,1,110.7,25.9,34.2
Measles,Nigeria,FCT,FCT LGA1,2023,32,92,4,1,145.1,24.2,28.6
Measles,Nigeria,Ogun,Ogun LGA2,2023,32,92,4,1,105.3,35.8,80.4
Mpox,Nigeria,Enugu,Enugu LGA2,2023,32,14,0,0,152.2,24.9,53.1
Mpox,Nigeria,Lagos,Lagos LGA1,2023,32,14,0,0,98.7,29.0,46.5
Mpox,Nigeria,FCT,FCT LGA2,2023,32,14,0,0,152.2,32.3,45.1
AFP,Nigeria,FCT,FCT LGA1,2023,32,97,0,0,128.1,36.5,57.6
AFP,Nigeria,Kano,Kano LGA1,2023,32,97,0,0,95.6,24.7,25.7
AFP,Nigeria,Kaduna,Kaduna LGA2,2023,32,97,0,0,50.2,37.2,45.8
Lassa Fever,Nigeria,Lagos,Lagos LGA1,2023,33,82,9,2,83.1,28.2,50.6
Lassa Fever,Nigeria,Kano,Kano LGA2,2023,33,82,9,2,156.3,25.5,53.9
Lassa Fever,Nigeria,FCT,FCT LGA1,2023,33,82,9,2,45.9,30.3,62.5
CSM,Nigeria,Lagos,Lagos LGA2,2023,33,1,0,0,122.7,24.3,28.7
CSM,Nigeria,Ogun,Ogun LGA1,2023,33,1,0,0,87.6,29.1,49.3
CSM,Nigeria,Kano,Kano LGA2,2023,33,1,0,0,102.9,27.6,50.4
Yellow Fever,Nigeria,Oyo,Oyo LGA2,2023,33,29,0,0,142.3,28.6,46.4
Yellow Fever,Nigeria,Kano,Kano LGA2,2023,33,29,0,0,74.6,34.7,87.0
Yellow Fever,Nigeria,Kano,Kano LGA1,2023,33,29,0,0,23.8,35.4,55.5
Cholera,Nigeria,Oyo,Oyo LGA2,2023,33,1,0,0,198.7,27.3,84.7
Cholera,Nigeria,Ogun,Ogun LGA1,2023,33,1,0,0,185.7,28.8,75.6
Cholera,Nigeria,Kaduna,Kaduna LGA1,2023,33,1,0,0,153.2,28.5,88.8
Measles,Nigeria,Oyo,Oyo LGA1,2023,33,23,2,0,174.4,24.6,54.1
Measles,Nigeria,Kaduna,Kaduna LGA1,2023,33,23,2,0,76.1,30.9,73.3
Measles,Nigeria,Lagos,Lagos LGA2,2023,33,23,2,0,11.7,36.7,39.1
Mpox,Nigeria,Rivers,Rivers LGA2,2023,33,8,0,0,95.5,29.0,46.8
Mpox,Nigeria,Enugu,Enugu LGA1,2023,33,8,0,0,57.0,37.4,71.5
Mpox,Nigeria,Rivers,Rivers LGA2,2023,33,8,0,0,110.7,33.2,22.8
AFP,Nigeria,Kaduna,Kaduna LGA1,2023,33,65,0,0,57.9,26.1,50.6
AFP,Nigeria,FCT,FCT LGA2,2023,33,65,0,0,22.2,30.8,75.3
AFP,Nigeria,Enugu,Enugu LGA1,2023,33,65,0,0,6.0,28.4,78.6
Lassa Fever,Nigeria,FCT,FCT LGA1,2023,35,109,6,0,60.9,24.5,71.0
Lassa Fever,Nigeria,Enugu,Enugu LGA2,2023,35,109,6,0,147.0,24.1,75.2
Lassa Fever,Nigeria,Kano,Kano LGA1,2023,35,109,6,0,142.7,24.8,64.7
CSM,Nigeria,Lagos,Lagos LGA1,2023,35,1,0,0,138.9,33.1,83.5
CSM,Nigeria,Enugu,Enugu LGA1,2023,35,1,0,0,133.3,37.4,42.1
CSM,Nigeria,Ogun,Ogun LGA2,2023,35,1,0,0,135.9,34.6,35.3
Yellow Fever,Nigeria,Oyo,Oyo LGA1,2023,35,47,0,1,39.0,25.6,34.9
Yellow Fever,Nigeria,Ogun,Ogun LGA1,2023,35,47,0,1,123.3,24.5,43.6
Yellow Fever,Nigeria,Ogun,Ogun LGA2,2023,35,47,0,1,101.2,34.7,89.7
Cholera,Nigeria,Oyo,Oyo LGA2,2023,35,76,3,4,140.3,27.4,76.2
Cholera,Nigeria,Enugu,Enugu LGA2,2023,35,76,3,4,135.6,27.5,88.2
Cholera,Nigeria,Kano,Kano LGA2,2023,35,76,3,4,159.7,30.8,94.2
Measles,Nigeria,Ogun,Ogun LGA2,2023,35,15,3,0,45.2,34.0,36.7
Measles,Nigeria,Lagos,Lagos LGA2,2023,35,15,3,0,68.4,36.4,27.2
Measles,Nigeria,FCT,FCT LGA2,2023,35,15,3,0,40.8,31.3,51.5
Mpox,Nigeria,Enugu,Enugu LGA2,2023,35,4,0,0,98.7,33.1,57.6
Mpox,Nigeria,Enugu,Enugu LGA1,2023,35,4,0,0,32.5,34.5,54.4
Mpox,Nigeria,Lagos,Lagos LGA2,2023,35,4,0,0,90.7,35.7,86.7
AFP,Nigeria,Enugu,Enugu LGA2,2023,35,16,0,0,167.6,25.4,69.3
AFP,Nigeria,Oyo,Oyo LGA1,2023,35,16,0,0,139.0,27.8,55.1
AFP,Nigeria,FCT,FCT LGA1,2023,35,16,0,0,20.9,26.3,86.2
Lassa Fever,Nigeria,Ogun,Ogun LGA2,2023,36,85,5,0,95.8,34.9,59.4
Lassa Fever,Nigeria,Rivers,Rivers LGA2,2023,36,85,5,0,146.9,32.5,45.7
Lassa Fever,Nigeria,Ogun,Ogun LGA1,2023,36,85,5,0,45.6,26.2,21.4
CSM,Nigeria,Enugu,Enugu LGA1,2023,36,2,0,0,56.3,30.4,86.5
CSM,Nigeria,Ogun,Ogun LGA1,2023,36,2,0,0,125.7,36.7,79.5
CSM,Nigeria,FCT,FCT LGA2,2023,36,2,0,0,7.6,28.4,36.0
Yellow Fever,Nigeria,Lagos,Lagos LGA1,2023,36,48,0,0,154.8,30.0,68.7
Yellow Fever,Nigeria,Ogun,Ogun LGA2,2023,36,48,0,0,47.1,32.4,46.4
Yellow Fever,Nigeria,Kano,Kano LGA1,2023,36,48,0,0,30.5,34.6,25.4
Cholera,Nigeria,Enugu,Enugu LGA2,2023,36,71,4,1,201.1,27.8,85.1
Cholera,Nigeria,Kano,Kano LGA1,2023,36,71,4,1,135.7,29.6,90.0
Cholera,Nigeria,Kano,Kano LGA1,2023,36,71,4,1,124.6,30.2,82.5
Measles,Nigeria,Enugu,Enugu LGA2,2023,36,86,0,0,38.4,31.9,51.6
Measles,Nigeria,Enugu,Enugu LGA2,2023,36,86,0,0,70.5,30.0,61.6
Measles,Nigeria,Kano,Kano LGA2,2023,36,86,0,0,15.2,37.5,28.7
Mpox,Nigeria,Lagos,Lagos LGA1,2023,36,0,0,0,59.7,27.3,57.9
Mpox,Nigeria,Lagos,Lagos LGA1,2023,36,0,0,0,81.2,28.1,53.7
Mpox,Nigeria,Lagos,Lagos LGA2,2023,36,0,0,0,67.0,31.9,34.5
AFP,Nigeria,Lagos,Lagos LGA1,2023,36,1871,0,0,176.8,25.8,36.0
AFP,Nigeria,Kano,Kano LGA1,2023,36,1871,0,0,86.0,24.9,50.4
AFP,Nigeria,Ogun,Ogun LGA1,2023,36,1871,0,0,64.4,33.2,50.4
Lassa Fever,Nigeria,Lagos,Lagos LGA2,2023,37,79,4,0,164.0,27.4,44.5
Lassa Fever,Nigeria,Lagos,Lagos LGA2,2023,37,79,4,0,164.6,30.0,26.3
Lassa Fever,Nigeria,Lagos,Lagos LGA2,2023,37,79,4,0,135.9,25.6,66.6
CSM,Nigeria,FCT,FCT LGA1,2023,37,4,0,0,118.2,32.3,36.1
CSM,Nigeria,Rivers,Rivers LGA1,2023,37,4,0,0,36.2,27.7,38.6
CSM,Nigeria,Oyo,Oyo LGA1,2023,37,4,0,0,134.5,31.6,63.6
Yellow Fever,Nigeria,FCT,FCT LGA1,2023,37,47,0,1,42.5,34.6,28.9
Yellow Fever,Nigeria,Oyo,Oyo LGA2,2023,37,47,0,1,7.4,33.5,83.6
Yellow Fever,Nigeria,Ogun,Ogun LGA2,2023,37,47,0,1,12.4,30.8,79.0
Cholera,Nigeria,Rivers,Rivers LGA2,2023,37,43,4,1,245.4,30.9,76.8
Cholera,Nigeria,Kano,Kano LGA2,2023,37,43,4,1,202.7,30.6,89.3
Cholera,Nigeria,Ogun,Ogun LGA1,2023,37,43,4,1,138.6,27.2,92.6
Measles,Nigeria,FCT,FCT LGA2,2023,37,68,0,0,75.7,28.9,30.5
Measles,Nigeria,Kaduna,Kaduna LGA1,2023,37,68,0,0,86.3,37.3,75.3
Measles,Nigeria,Lagos,Lagos LGA1,2023,37,68,0,0,27.4,36.1,60.9
Mpox,Nigeria,FCT,FCT LGA2,2023,37,0,0,0,163.5,24.0,85.5
Mpox,Nigeria,Kano,Kano LGA1,2023,37,0,0,0,125.7,25.9,49.5
Mpox,Nigeria,Ogun,Ogun LGA1,2023,37,0,0,0,88.0,26.4,65.5
AFP,Nigeria,Kano,Kano LGA2,2023,37,1871,0,0,30.3,29.2,61.5
AFP,Nigeria,Rivers,Rivers LGA1,2023,37,1871,0,0,151.4,27.8,34.2
AFP,Nigeria,Enugu,Enugu LGA1,2023,37,1871,0,0,120.3,24.7,71.3
Lassa Fever,Nigeria,Enugu,Enugu LGA1,2023,38,107,4,0,73.7,28.8,89.9
Lassa Fever,Nigeria,Kaduna,Kaduna LGA2,2023,38,107,4,0,63.2,36.7,34.1
Lassa Fever,Nigeria,Kaduna,Kaduna LGA2,2023,38,107,4,0,163.9,25.4,21.9
CSM,Nigeria,Kano,Kano LGA1,2023,38,3,0,0,162.9,28.2,49.4
CSM,Nigeria,Kaduna,Kaduna LGA1,2023,38,3,0,0,58.0,36.3,37.6
CSM,Nigeria,Lagos,Lagos LGA2,2023,38,3,0,0,155.9,25.9,71.6
Yellow Fever,Nigeria,FCT,FCT LGA2,2023,38,29,0,0,25.2,26.1,20.4
Yellow Fever,Nigeria,Oyo,Oyo LGA2,2023,38,29,0,0,69.8,25.5,73.2
Yellow Fever,Nigeria,Lagos,Lagos LGA1,2023,38,29,0,0,87.2,31.9,78.6
Cholera,Nigeria,Kano,Kano LGA1,2023,38,27,0,1,139.2,27.3,82.7
Cholera,Nigeria,Rivers,Rivers LGA2,2023,38,27,0,1,163.1,29.3,80.1
Cholera,Nigeria,Lagos,Lagos LGA1,2023,38,27,0,1,145.9,29.2,92.1
Measles,Nigeria,Enugu,Enugu LGA2,2023,38,26,0,0,93.9,33.5,55.1
Measles,Nigeria,Ogun,Ogun LGA2,2023,38,26,0,0,52.5,27.9,69.8
Measles,Nigeria,Lagos,Lagos LGA2,2023,38,26,0,0,171.8,27.1,87.4
Mpox,Nigeria,Rivers,Rivers LGA1,2023,38,0,0,0,125.3,33.7,59.5
Mpox,Nigeria,FCT,FCT LGA1,2023,38,0,0,0,125.8,33.1,53.1
Mpox,Nigeria,Lagos,Lagos LGA1,2023,38,0,0,0,11.4,27.2,54.4
AFP,Nigeria,Enugu,Enugu LGA1,2023,38,177,0,0,178.1,33.1,30.9
AFP,Nigeria,Kano,Kano LGA1,2023,38,177,0,0,7.3,37.6,87.7
AFP,Nigeria,Kaduna,Kaduna LGA1,2023,38,177,0,0,15.7,34.5,88.5
Lassa Fever,Nigeria,Lagos,Lagos LGA2,2023,39,96,9,1,151.8,25.6,36.4
Lassa Fever,Nigeria,Oyo,Oyo LGA1,2023,39,96,9,1,136.8,27.0,40.2
Lassa Fever,Nigeria,Ogun,Ogun LGA2,2023,39,96,9,1,158.8,24.1,66.4
CSM,Nigeria,Lagos,Lagos LGA1,2023,39,0,0,0,9.9,34.8,30.1
CSM,Nigeria,Ogun,Ogun LGA1,2023,39,0,0,0,152.9,26.8,79.0
CSM,Nigeria,Enugu,Enugu LGA1,2023,39,0,0,0,113.8,25.9,49.6
Yellow Fever,Nigeria,Oyo,Oyo LGA1,2023,39,14,0,0,17.3,32.4,60.6
Yellow Fever,Nigeria,Enugu,Enugu LGA1,2023,39,14,0,0,114.9,24.3,47.4
Yellow Fever,Nigeria,Kano,Kano LGA2,2023,39,14,0,0,61.9,36.0,41.8
Cholera,Nigeria,Rivers,Rivers LGA1,2023,39,0,0,0,199.2,30.2,94.8
Cholera,Nigeria,Enugu,Enugu LGA2,2023,39,0,0,0,222.9,30.0,82.0
Cholera,Nigeria,Rivers,Rivers LGA1,2023,39,0,0,0,220.4,28.3,93.1
Measles,Nigeria,Ogun,Ogun LGA1,2023,39,12,0,0,116.6,33.4,59.1
Measles,Nigeria,Rivers,Rivers LGA1,2023,39,12,0,0,59.5,35.3,36.6
Measles,Nigeria,Lagos,Lagos LGA2,2023,39,12,0,0,66.3,36.3,27.1
Mpox,Nigeria,Kano,Kano LGA2,2023,39,0,0,0,69.8,24.6,33.4
Mpox,Nigeria,Ogun,Ogun LGA1,2023,39,0,0,0,38.9,35.5,68.7
Mpox,Nigeria,Kano,Kano LGA2,2023,39,0,0,0,79.0,36.0,44.4
AFP,Nigeria,FCT,FCT LGA1,2023,39,123,0,0,111.3,35.0,61.8
AFP,Nigeria,Ogun,Ogun LGA2,2023,39,123,0,0,45.5,35.2,87.5
AFP,Nigeria,Rivers,Rivers LGA2,2023,39,123,0,0,66.8,37.2,45.6
Lassa Fever,Nigeria,Ogun,Ogun LGA1,2024,40,73,7,2,107.8,30.1,85.5
Lassa Fever,Nigeria,Kano,Kano LGA1,2024,40,73,7,2,10.5,37.6,80.7
Lassa Fever,Nigeria,Kano,Kano LGA1,2024,40,73,7,2,28.0,34.1,48.7
CSM,Nigeria,Rivers,Rivers LGA1,2024,40,2,0,0,79.3,24.1,28.3
CSM,Nigeria,Ogun,Ogun LGA1,2024,40,2,0,0,134.0,24.4,38.4
CSM,Nigeria,Kano,Kano LGA1,2024,40,2,0,0,80.2,35.8,78.7
Yellow Fever,Nigeria,Kaduna,Kaduna LGA2,2024,40,39,3,0,84.7,30.4,67.1
Yellow Fever,Nigeria,FCT,FCT LGA1,2024,40,39,3,0,52.6,36.3,63.8
Yellow Fever,Nigeria,Oyo,Oyo LGA1,2024,40,39,3,0,35.6,24.2,55.2
Cholera,Nigeria,Kaduna,Kaduna LGA1,2024,40,877,12,29,230.1,30.7,92.3
Cholera,Nigeria,FCT,FCT LGA1,2024,40,877,12,29,148.6,29.7,89.6
Cholera,Nigeria,Lagos,Lagos LGA2,2024,40,877,12,29,216.4,29.9,86.5
Measles,Nigeria,Oyo,Oyo LGA1,2024,40,113,10,0,167.8,24.9,20.8
Measles,Nigeria,Kano,Kano LGA2,2024,40,113,10,0,71.4,35.5,83.4
Measles,Nigeria,Ogun,Ogun LGA2,2024,40,113,10,0,55.6,26.4,71.4
Mpox,Nigeria,Kaduna,Kaduna LGA2,2024,40,15,4,0,50.5,25.9,20.6
Mpox,Nigeria,Rivers,Rivers LGA1,2024,40,15,4,0,100.2,34.9,72.4
Mpox,Nigeria,FCT,FCT LGA1,2024,40,15,4,0,56.1,33.7,35.6
AFP,Nigeria,Kano,Kano LGA1,2024,40,64,0,0,170.5,25.7,41.2
AFP,Nigeria,FCT,FCT LGA1,2024,40,64,0,0,44.0,27.8,38.5
AFP,Nigeria,Lagos,Lagos LGA2,2024,40,64,0,0,12.6,34.2,58.6
Lassa Fever,Nigeria,Kano,Kano LGA1,2024,41,85,10,0,121.7,29.0,57.6
Lassa Fever,Nigeria,Kaduna,Kaduna LGA1,2024,41,85,10,0,38.7,32.7,27.5
Lassa Fever,Nigeria,Rivers,Rivers LGA1,2024,41,85,10,0,22.8,34.7,63.9
CSM,Nigeria,Lagos,Lagos LGA1,2024,41,6,0,0,45.4,33.6,86.3
CSM,Nigeria,Oyo,Oyo LGA1,2024,41,6,0,0,107.1,30.2,58.8
CSM,Nigeria,Kano,Kano LGA1,2024,41,6,0,0,128.1,27.5,54.8
Yellow Fever,Nigeria,Kaduna,Kaduna LGA2,2024,41,35,0,0,90.9,26.9,61.4
Yellow Fever,Nigeria,Ogun,Ogun LGA1,2024,41,35,0,0,41.0,36.1,39.1
Yellow Fever,Nigeria,Kaduna,Kaduna LGA2,2024,41,35,0,0,105.5,31.7,36.6
Cholera,Nigeria,Rivers,Rivers LGA1,2024,41,1108,21,20,128.2,28.2,84.2
Cholera,Nigeria,Kano,Kano LGA2,2024,41,1108,21,20,241.6,27.3,77.6
Cholera,Nigeria,Kano,Kano LGA2,2024,41,1108,21,20,184.0,30.2,82.1
Measles,Nigeria,FCT,FCT LGA1,2024,41,111,13,0,76.1,37.8,74.2
Measles,Nigeria,Oyo,Oyo LGA1,2024,41,111,13,0,115.8,25.9,58.7
Measles,Nigeria,Kaduna,Kaduna LGA2,2024,41,111,13,0,139.8,29.5,72.5
Mpox,Nigeria,Ogun,Ogun LGA1,2024,41,16,8,0,48.7,25.6,80.8
Mpox,Nigeria,Rivers,Rivers LGA1,2024,41,16,8,0,107.6,37.1,76.6
Mpox,Nigeria,Lagos,Lagos LGA2,2024,41,16,8,0,49.5,30.0,73.2
AFP,Nigeria,Kano,Kano LGA1,2024,41,48,0,0,165.8,36.2,23.5
AFP,Nigeria,Lagos,Lagos LGA2,2024,41,48,0,0,50.5,29.4,62.2
AFP,Nigeria,Kaduna,Kaduna LGA1,2024,41,48,0,0,5.0,26.0,64.3
Lassa Fever,Nigeria,Ogun,Ogun LGA1,2024,42,112,12,0,13.3,29.5,75.9
Lassa Fever,Nigeria,Kano,Kano LGA2,2024,42,112,12,0,112.8,37.3,56.0
Lassa Fever,Nigeria,Oyo,Oyo LGA2,2024,42,112,12,0,93.3,33.3,88.1
CSM,Nigeria,Kaduna,Kaduna LGA2,2024,42,9,0,0,46.0,27.4,73.2
CSM,Nigeria,Lagos,Lagos LGA2,2024,42,9,0,0,119.9,33.6,33.2
CSM,Nigeria,Lagos,Lagos LGA1,2024,42,9,0,0,111.1,28.4,84.7
Yellow Fever,Nigeria,Kano,Kano LGA2,2024,42,28,0,0,132.5,30.0,75.0
Yellow Fever,Nigeria,Oyo,Oyo LGA1,2024,42,28,0,0,108.9,25.8,47.3
Yellow Fever,Nigeria,Lagos,Lagos LGA2,2024,42,28,0,0,79.4,27.0,32.8
Cholera,Nigeria,Enugu,Enugu LGA2,2024,42,852,18,35,233.3,29.4,81.3
Cholera,Nigeria,Kaduna,Kaduna LGA1,2024,42,852,18,35,233.4,27.1,79.8
Cholera,Nigeria,FCT,FCT LGA2,2024,42,852,18,35,227.7,27.1,77.5
Measles,Nigeria,Rivers,Rivers LGA2,2024,42,125,15,0,124.7,34.8,30.2
Measles,Nigeria,Lagos,Lagos LGA1,2024,42,125,15,0,57.4,26.8,49.0
Measles,Nigeria,Kano,Kano LGA2,2024,42,125,15,0,172.5,30.9,32.3
Mpox,Nigeria,FCT,FCT LGA2,2024,42,32,3,0,39.3,28.4,69.1
Mpox,Nigeria,Rivers,Rivers LGA2,2024,42,32,3,0,21.5,29.0,82.1
Mpox,Nigeria,Enugu,Enugu LGA1,2024,42,32,3,0,14.2,25.0,24.0
AFP,Nigeria,Kano,Kano LGA2,2024,42,79,0,0,85.6,24.9,45.3
AFP,Nigeria,Enugu,Enugu LGA1,2024,42,79,0,0,61.5,37.5,38.8
AFP,Nigeria,Lagos,Lagos LGA2,2024,42,79,0,0,90.9,25.0,78.8
Lassa Fever,Nigeria,Kano,Kano LGA2,2024,43,99,8,1,18.1,32.4,37.2
Lassa Fever,Nigeria,FCT,FCT LGA1,2024,43,99,8,1,13.2,31.5,42.2
Lassa Fever,Nigeria,Lagos,Lagos LGA1,2024,43,99,8,1,147.1,24.9,89.6
CSM,Nigeria,Rivers,Rivers LGA2,2024,43,5,0,0,175.9,27.5,68.9
CSM,Nigeria,Kano,Kano LGA1,2024,43,5,0,0,124.8,36.1,37.5
CSM,Nigeria,Oyo,Oyo LGA2,2024,43,5,0,0,172.2,31.4,26.6
Yellow Fever,Nigeria,Kano,Kano LGA1,2024,43,12,0,0,123.0,34.5,69.3
Yellow Fever,Nigeria,Kano,Kano LGA1,2024,43,12,0,0,75.4,36.7,60.5
Yellow Fever,Nigeria,Kaduna,Kaduna LGA2,2024,43,12,0,0,93.0,24.9,56.8
Cholera,Nigeria,Kano,Kano LGA1,2024,43,764,5,24,225.3,30.7,89.5
Cholera,Nigeria,FCT,FCT LGA1,2024,43,764,5,24,177.4,29.9,85.1
Cholera,Nigeria,Kano,Kano LGA1,2024,43,764,5,24,216.3,27.5,92.6
Measles,Nigeria,Lagos,Lagos LGA1,2024,43,65,3,0,85.0,25.3,71.7
Measles,Nigeria,Lagos,Lagos LGA1,2024,43,65,3,0,176.1,25.8,73.6
Measles,Nigeria,FCT,FCT LGA1,2024,43,65,3,0,131.9,27.0,89.0
Mpox,Nigeria,Enugu,Enugu LGA2,2024,43,16,4,0,17.6,29.6,29.9
Mpox,Nigeria,Oyo,Oyo LGA1,2024,43,16,4,0,98.9,24.7,74.0
Mpox,Nigeria,Kaduna,Kaduna LGA1,2024,43,16,4,0,55.2,37.5,62.1
AFP,Nigeria,FCT,FCT LGA2,2024,43,31,0,0,107.3,26.5,51.3
AFP,Nigeria,Enugu,Enugu LGA2,2024,43,31,0,0,57.3,25.8,70.2
AFP,Nigeria,Oyo,Oyo LGA1,2024,43,31,0,0,128.6,35.6,64.8
Lassa Fever,Nigeria,FCT,FCT LGA2,2024,44,70,4,0,101.9,33.2,30.6
Lassa Fever,Nigeria,Kaduna,Kaduna LGA1,2024,44,70,4,0,139.0,24.5,74.3
Lassa Fever,Nigeria,Rivers,Rivers LGA1,2024,44,70,4,0,104.7,25.7,35.0
CSM,Nigeria,Kaduna,Kaduna LGA1,2024,44,3,0,0,87.4,27.7,60.8
CSM,Nigeria,Enugu,Enugu LGA1,2024,44,3,0,0,140.7,36.1,55.2
CSM,Nigeria,Ogun,Ogun LGA2,2024,44,3,0,0,171.2,36.2,74.9
Yellow Fever,Nigeria,Ogun,Ogun LGA1,2024,44,49,0,0,163.9,28.8,64.4
Yellow Fever,Nigeria,Enugu,Enugu LGA2,2024,44,49,0,0,169.3,25.1,41.2
Yellow Fever,Nigeria,Lagos,Lagos LGA2,2024,44,49,0,0,55.2,25.1,22.3
Cholera,Nigeria,Enugu,Enugu LGA2,2024,44,448,14,26,249.2,28.1,75.3
Cholera,Nigeria,Rivers,Rivers LGA2,2024,44,448,14,26,191.6,27.4,77.9
Cholera,Nigeria,Kano,Kano LGA1,2024,44,448,14,26,128.5,28.3,94.3
Measles,Nigeria,FCT,FCT LGA1,2024,44,147,29,1,102.3,24.1,84.1
Measles,Nigeria,Ogun,Ogun LGA2,2024,44,147,29,1,46.1,27.9,66.5
Measles,Nigeria,Lagos,Lagos LGA2,2024,44,147,29,1,19.6,37.2,42.6
Mpox,Nigeria,Kano,Kano LGA2,2024,44,19,5,0,76.6,30.9,30.1
Mpox,Nigeria,FCT,FCT LGA2,2024,44,19,5,0,115.5,37.7,27.1
Mpox,Nigeria,Lagos,Lagos LGA1,2024,44,19,5,0,15.5,30.9,35.8
AFP,Nigeria,Ogun,Ogun LGA1,2024,44,17,0,0,53.8,31.1,60.8
AFP,Nigeria,Ogun,Ogun LGA1,2024,44,17,0,0,72.6,28.9,76.1
AFP,Nigeria,Oyo,Oyo LGA1,2024,44,17,0,0,127.3,37.9,74.2
Lassa Fever,Nigeria,Oyo,Oyo LGA1,2024,45,109,10,0,34.6,37.1,22.9
Lassa Fever,Nigeria,Enugu,Enugu LGA1,2024,45,109,10,0,129.9,24.1,22.9
Lassa Fever,Nigeria,Kaduna,Kaduna LGA2,2024,45,109,10,0,51.7,37.5,30.8
CSM,Nigeria,Enugu,Enugu LGA2,2024,45,3,0,0,99.9,33.1,29.5
CSM,Nigeria,Ogun,Ogun LGA2,2024,45,3,0,0,15.1,26.5,44.2
CSM,Nigeria,Enugu,Enugu LGA1,2024,45,3,0,0,15.9,29.4,83.7
Yellow Fever,Nigeria,Ogun,Ogun LGA1,2024,45,54,0,0,105.8,37.6,22.1
Yellow Fever,Nigeria,Kano,Kano LGA1,2024,45,54,0,0,110.1,24.2,55.3
Yellow Fever,Nigeria,Rivers,Rivers LGA1,2024,45,54,0,0,115.9,30.5,46.8
Cholera,Nigeria,FCT,FCT LGA1,2024,45,351,14,9,165.7,27.9,94.9
Cholera,Nigeria,FCT,FCT LGA2,2024,45,351,14,9,190.9,28.8,77.1
Cholera,Nigeria,Rivers,Rivers LGA2,2024,45,351,14,9,146.4,30.7,91.1
Measles,Nigeria,FCT,FCT LGA1,2024,45,185,15,0,178.4,27.7,43.9
Measles,Nigeria,Kaduna,Kaduna LGA2,2024,45,185,15,0,133.0,37.9,42.7
Measles,Nigeria,FCT,FCT LGA2,2024,45,185,15,0,160.7,36.7,40.4
Mpox,Nigeria,FCT,FCT LGA1,2024,45,37,7,0,121.7,33.7,55.8
Mpox,Nigeria,Enugu,Enugu LGA2,2024,45,37,7,0,178.3,36.8,31.5
Mpox,Nigeria,Oyo,Oyo LGA2,2024,45,37,7,0,142.1,27.2,30.2
AFP,Nigeria,Kano,Kano LGA2,2024,45,99,0,0,25.2,37.6,27.7
AFP,Nigeria,Enugu,Enugu LGA2,2024,45,99,0,0,150.4,37.6,44.6
AFP,Nigeria,Ogun,Ogun LGA1,2024,45,99,0,0,150.5,32.3,42.4
Lassa Fever,Nigeria,Rivers,Rivers LGA2,2024,46,123,8,0,24.3,29.2,59.5
Lassa Fever,Nigeria,Enugu,Enugu LGA1,2024,46,123,8,0,169.9,36.3,41.1
Lassa Fever,Nigeria,Rivers,Rivers LGA1,2024,46,123,8,0,177.8,25.8,85.1
CSM,Nigeria,Lagos,Lagos LGA1,2024,46,2,0,0,38.6,27.3,76.9
CSM,Nigeria,Kaduna,Kaduna LGA2,2024,46,2,0,0,84.6,31.4,80.5
CSM,Nigeria,Kano,Kano LGA1,2024,46,2,0,0,162.6,32.8,54.9
Yellow Fever,Nigeria,Enugu,Enugu LGA2,2024,46,62,0,0,158.5,30.6,47.0
Yellow Fever,Nigeria,Enugu,Enugu LGA1,2024,46,62,0,0,84.9,35.5,78.9
Yellow Fever,Nigeria,Kaduna,Kaduna LGA1,2024,46,62,0,0,127.4,28.2,55.4
Cholera,Nigeria,Kaduna,Kaduna LGA2,2024,46,777,1,13,134.2,29.1,86.1
Cholera,Nigeria,Oyo,Oyo LGA1,2024,46,777,1,13,208.7,27.3,76.0
Cholera,Nigeria,Rivers,Rivers LGA1,2024,46,777,1,13,166.6,30.9,91.4
Measles,Nigeria,Oyo,Oyo LGA2,2024,46,148,6,0,179.5,24.3,49.8
Measles,Nigeria,FCT,FCT LGA2,2024,46,148,6,0,155.0,33.6,72.3
Measles,Nigeria,Kaduna,Kaduna LGA1,2024,46,148,6,0,157.8,25.9,83.7
Mpox,Nigeria,Kaduna,Kaduna LGA2,2024,46,40,7,0,123.6,31.9,30.7
Mpox,Nigeria,Rivers,Rivers LGA1,2024,46,40,7,0,104.1,25.5,67.5
Mpox,Nigeria,Kano,Kano LGA2,2024,46,40,7,0,131.4,26.5,77.7
AFP,Nigeria,Kano,Kano LGA2,2024,46,70,0,0,67.3,37.9,59.8
AFP,Nigeria,Ogun,Ogun LGA1,2024,46,70,0,0,54.6,26.8,26.0
AFP,Nigeria,Rivers,Rivers LGA1,2024,46,70,0,0,68.3,25.1,26.0
Lassa Fever,Nigeria,Kano,Kano LGA2,2024,47,133,12,4,20.9,29.5,87.8
Lassa Fever,Nigeria,Enugu,Enugu LGA1,2024,47,133,12,4,78.4,36.8,25.5
Lassa Fever,Nigeria,Lagos,Lagos LGA1,2024,47,133,12,4,21.7,30.4,23.6
CSM,Nigeria,Enugu,Enugu LGA1,2024,47,1,0,0,164.5,28.1,20.7
CSM,Nigeria,Kano,Kano LGA2,2024,47,1,0,0,173.3,24.4,79.6
CSM,Nigeria,Kaduna,Kaduna LGA1,2024,47,1,0,0,168.2,30.8,35.8
Yellow Fever,Nigeria,FCT,FCT LGA2,2024,47,54,0,0,88.0,28.4,83.7
Yellow Fever,Nigeria,Oyo,Oyo LGA1,2024,47,54,0,0,69.6,36.7,65.0
Yellow Fever,Nigeria,Lagos,Lagos LGA2,2024,47,54,0,0,50.6,36.8,83.0
Cholera,Nigeria,Ogun,Ogun LGA1,2024,47,532,0,8,225.3,30.7,83.7
Cholera,Nigeria,Enugu,Enugu LGA1,2024,47,532,0,8,202.5,30.8,76.0
Cholera,Nigeria,Rivers,Rivers LGA1,2024,47,532,0,8,193.8,27.4,94.0
Measles,Nigeria,Kaduna,Kaduna LGA1,2024,47,180,29,0,171.3,24.7,38.9
Measles,Nigeria,Ogun,Ogun LGA1,2024,47,180,29,0,147.3,33.9,64.5
Measles,Nigeria,FCT,FCT LGA2,2024,47,180,29,0,154.1,32.6,38.8
Mpox,Nigeria,FCT,FCT LGA1,2024,47,28,2,0,9.7,34.4,32.5
Mpox,Nigeria,Kaduna,Kaduna LGA1,2024,47,28,2,0,149.6,30.9,78.0
Mpox,Nigeria,Lagos,Lagos LGA1,2024,47,28,2,0,26.6,25.9,62.8
AFP,Nigeria,Rivers,Rivers LGA1,2024,47,142,0,0,142.1,29.7,51.7
AFP,Nigeria,Oyo,Oyo LGA1,2024,47,142,0,0,179.0,31.0,55.9
AFP,Nigeria,Lagos,Lagos LGA2,2024,47,142,0,0,83.5,30.8,78.2
Lassa Fever,Nigeria,Ogun,Ogun LGA1,2024,48,140,26,5,140.7,24.1,24.7
Lassa Fever,Nigeria,Lagos,Lagos LGA2,2024,48,140,26,5,133.0,33.3,38.1
Lassa Fever,Nigeria,Ogun,Ogun LGA1,2024,48,140,26,5,152.3,28.3,53.5
CSM,Nigeria,Lagos,Lagos LGA2,2024,48,19,0,1,53.6,29.7,63.2
CSM,Nigeria,Enugu,Enugu LGA1,2024,48,19,0,1,89.7,37.1,35.4
CSM,Nigeria,Ogun,Ogun LGA1,2024,48,19,0,1,108.2,27.6,41.3
Yellow Fever,Nigeria,Oyo,Oyo LGA2,2024,48,45,0,0,110.3,31.5,28.0
Yellow Fever,Nigeria,Rivers,Rivers LGA2,2024,48,45,0,0,133.3,24.7,44.5
Yellow Fever,Nigeria,Rivers,Rivers LGA1,2024,48,45,0,0,175.2,29.7,20.5
Cholera,Nigeria,Rivers,Rivers LGA2,2024,48,397,1,3,238.4,29.5,88.1
Cholera,Nigeria,Ogun,Ogun LGA2,2024,48,397,1,3,211.6,29.2,84.5
Cholera,Nigeria,Enugu,Enugu LGA1,2024,48,397,1,3,143.5,29.5,90.6
Measles,Nigeria,Oyo,Oyo LGA2,2024,48,127,17,0,67.3,26.9,47.7
Measles,Nigeria,Kano,Kano LGA1,2024,48,127,17,0,144.7,37.0,24.9
Measles,Nigeria,Oyo,Oyo LGA1,2024,48,127,17,0,92.6,37.1,57.2
Mpox,Nigeria,Rivers,Rivers LGA2,2024,48,36,5,0,133.1,27.4,53.8
Mpox,Nigeria,Kano,Kano LGA2,2024,48,36,5,0,130.7,28.7,64.1
Mpox,Nigeria,Rivers,Rivers LGA1,2024,48,36,5,0,158.6,34.1,55.3
AFP,Nigeria,Rivers,Rivers LGA2,2024,48,91,0,0,135.4,24.1,33.5
AFP,Nigeria,Kano,Kano LGA2,2024,48,91,0,0,50.5,27.4,30.5
AFP,Nigeria,Oyo,Oyo LGA2,2024,48,91,0,0,92.7,33.2,30.3
Lassa Fever,Nigeria,Ogun,Ogun LGA1,2024,49,157,39,6,48.4,33.9,37.0
Lassa Fever,Nigeria,Oyo,Oyo LGA1,2024,49,157,39,6,77.5,26.1,53.7
Lassa Fever,Nigeria,FCT,FCT LGA1,2024,49,157,39,6,42.5,25.7,73.7
CSM,Nigeria,Ogun,Ogun LGA1,2024,49,11,0,3,120.4,30.4,22.6
CSM,Nigeria,Enugu,Enugu LGA1,2024,49,11,0,3,153.2,29.3,61.7
CSM,Nigeria,Kaduna,Kaduna LGA1,2024,49,11,0,3,106.7,24.8,39.7
Yellow Fever,Nigeria,FCT,FCT LGA1,2024,49,31,0,0,169.7,37.9,38.7
Yellow Fever,Nigeria,Enugu,Enugu LGA1,2024,49,31,0,0,143.5,32.7,65.9
Yellow Fever,Nigeria,Lagos,Lagos LGA2,2024,49,31,0,0,70.9,32.9,47.1
Cholera,Nigeria,Oyo,Oyo LGA1,2024,49,78,0,1,231.4,28.6,78.8
Cholera,Nigeria,FCT,FCT LGA2,2024,49,78,0,1,172.1,27.6,83.0
Cholera,Nigeria,Oyo,Oyo LGA1,2024,49,78,0,1,241.2,29.7,90.4
Measles,Nigeria,Lagos,Lagos LGA2,2024,49,117,8,0,112.0,24.5,25.3
Measles,Nigeria,Oyo,Oyo LGA1,2024,49,117,8,0,93.7,36.3,89.9
Measles,Nigeria,Enugu,Enugu LGA1,2024,49,117,8,0,47.8,29.5,30.3
Mpox,Nigeria,Rivers,Rivers LGA1,2024,49,32,7,0,14.7,29.4,46.2
Mpox,Nigeria,Kaduna,Kaduna LGA2,2024,49,32,7,0,93.6,27.4,66.2
Mpox,Nigeria,Rivers,Rivers LGA2,2024,49,32,7,0,25.9,34.2,89.8
AFP,Nigeria,Kaduna,Kaduna LGA2,2024,49,43,0,0,56.2,37.2,66.0
AFP,Nigeria,Kaduna,Kaduna LGA2,2024,49,43,0,0,178.9,31.9,51.1
AFP,Nigeria,Kaduna,Kaduna LGA2,2024,49,43,0,0,172.3,33.4,23.6
Lassa Fever,Nigeria,Rivers,Rivers LGA2,2024,50,193,33,1,106.0,36.7,52.7
Lassa Fever,Nigeria,Kano,Kano LGA1,2024,50,193,33,1,75.1,26.2,46.4
Lassa Fever,Nigeria,Kano,Kano LGA1,2024,50,193,33,1,48.3,24.6,64.5
CSM,Nigeria,Ogun,Ogun LGA1,2024,50,9,0,2,173.2,25.4,81.9
CSM,Nigeria,FCT,FCT LGA1,2024,50,9,0,2,26.4,24.8,73.1
CSM,Nigeria,Ogun,Ogun LGA1,2024,50,9,0,2,89.8,36.7,87.2
Yellow Fever,Nigeria,Kano,Kano LGA1,2024,50,20,0,0,54.0,36.1,72.1
Yellow Fever,Nigeria,Kaduna,Kaduna LGA2,2024,50,20,0,0,113.1,28.7,42.3
Yellow Fever,Nigeria,Kaduna,Kaduna LGA1,2024,50,20,0,0,68.1,29.5,33.1
Cholera,Nigeria,Ogun,Ogun LGA2,2024,50,19,0,1,157.6,28.0,76.9
Cholera,Nigeria,Kaduna,Kaduna LGA1,2024,50,19,0,1,142.3,30.5,90.1
Cholera,Nigeria,Kaduna,Kaduna LGA2,2024,50,19,0,1,213.4,31.0,94.5
Measles,Nigeria,Ogun,Ogun LGA2,2024,50,74,6,0,32.5,25.3,68.2
Measles,Nigeria,Kaduna,Kaduna LGA1,2024,50,74,6,0,22.8,34.2,50.3
Measles,Nigeria,FCT,FCT LGA1,2024,50,74,6,0,119.6,36.8,56.1
Mpox,Nigeria,Kaduna,Kaduna LGA1,2024,50,42,7,0,160.3,26.9,46.5
Mpox,Nigeria,Enugu,Enugu LGA1,2024,50,42,7,0,28.1,26.2,31.8
Mpox,Nigeria,Rivers,Rivers LGA2,2024,50,42,7,0,88.5,27.7,62.9
AFP,Nigeria,Lagos,Lagos LGA2,2024,50,55,0,0,110.8,36.3,45.3
AFP,Nigeria,Rivers,Rivers LGA2,2024,50,55,0,0,74.8,26.3,59.6
AFP,Nigeria,Ogun,Ogun LGA1,2024,50,55,0,0,72.7,35.5,61.0
Lassa Fever,Nigeria,Enugu,Enugu LGA2,2024,51,187,50,11,149.8,31.6,63.6
Lassa Fever,Nigeria,Rivers,Rivers LGA2,2024,51,187,50,11,22.6,24.9,73.9
Lassa Fever,Nigeria,Ogun,Ogun LGA2,2024,51,187,50,11,45.7,36.9,45.4
CSM,Nigeria,Kano,Kano LGA2,2024,51,7,0,0,74.2,31.6,41.6
CSM,Nigeria,Lagos,Lagos LGA2,2024,51,7,0,0,50.0,34.3,46.4
CSM,Nigeria,Enugu,Enugu LGA1,2024,51,7,0,0,107.1,32.7,47.7
Yellow Fever,Nigeria,FCT,FCT LGA1,2024,51,3,0,0,54.2,26.8,64.5
Yellow Fever,Nigeria,Ogun,Ogun LGA2,2024,51,3,0,0,146.6,25.5,59.7
Yellow Fever,Nigeria,Oyo,Oyo LGA2,2024,51,3,0,0,143.9,28.3,74.9
Cholera,Nigeria,Enugu,Enugu LGA1,2024,51,68,0,7,125.8,28.2,90.2
Cholera,Nigeria,Enugu,Enugu LGA2,2024,51,68,0,7,177.9,28.3,75.7
Cholera,Nigeria,Kaduna,Kaduna LGA2,2024,51,68,0,7,185.3,29.9,94.5
Measles,Nigeria,Oyo,Oyo LGA2,2024,51,34,1,0,165.6,35.2,30.2
Measles,Nigeria,Lagos,Lagos LGA1,2024,51,34,1,0,148.7,29.7,84.9
Measles,Nigeria,Rivers,Rivers LGA1,2024,51,34,1,0,111.7,35.1,27.1
Mpox,Nigeria,Kaduna,Kaduna LGA1,2024,51,47,8,0,72.8,34.8,65.3
Mpox,Nigeria,Kano,Kano LGA2,2024,51,47,8,0,149.0,24.9,29.4
Mpox,Nigeria,Lagos,Lagos LGA1,2024,51,47,8,0,52.1,28.1,63.0
AFP,Nigeria,Kaduna,Kaduna LGA1,2024,51,23,0,0,125.2,31.7,69.6
AFP,Nigeria,Enugu,Enugu LGA1,2024,51,23,0,0,180.0,30.6,48.3
AFP,Nigeria,Ogun,Ogun LGA1,2024,51,23,0,0,10.6,30.3,62.2
Lassa Fever,Nigeria,Rivers,Rivers LGA1,2024,52,226,70,11,17.0,37.8,58.3
Lassa Fever,Nigeria,Ogun,Ogun LGA2,2024,52,226,70,11,123.7,27.5,53.0
Lassa Fever,Nigeria,Enugu,Enugu LGA2,2024,52,226,70,11,94.4,36.4,58.5
CSM,Nigeria,Enugu,Enugu LGA2,2024,52,8,0,0,38.4,36.9,25.6
CSM,Nigeria,Lagos,Lagos LGA1,2024,52,8,0,0,158.7,31.3,31.6
CSM,Nigeria,Kano,Kano LGA1,2024,52,8,0,0,172.6,36.8,66.3
Yellow Fever,Nigeria,FCT,FCT LGA2,2024,52,6,0,0,127.0,29.0,72.6
Yellow Fever,Nigeria,Kaduna,Kaduna LGA1,2024,52,6,0,0,40.9,31.3,24.4
Yellow Fever,Nigeria,Oyo,Oyo LGA1,2024,52,6,0,0,177.6,36.8,75.4
Cholera,Nigeria,Lagos,Lagos LGA2,2024,52,65,1,3,247.8,29.3,82.9
Cholera,Nigeria,Kano,Kano LGA2,2024,52,65,1,3,202.2,31.0,76.6
Cholera,Nigeria,Ogun,Ogun LGA1,2024,52,65,1,3,178.5,29.3,81.0
Measles,Nigeria,Oyo,Oyo LGA1,2024,52,17,1,0,95.9,30.3,25.2
Measles,Nigeria,Oyo,Oyo LGA2,2024,52,17,1,0,55.8,29.8,85.5
Measles,Nigeria,Kano,Kano LGA1,2024,52,17,1,0,21.3,24.4,36.4
Mpox,Nigeria,Kaduna,Kaduna LGA2,2024,52,9,0,0,36.5,25.8,72.8
Mpox,Nigeria,Ogun,Ogun LGA1,2024,52,9,0,0,41.3,30.5,50.0
Mpox,Nigeria,Ogun,Ogun LGA1,2024,52,9,0,0,105.3,26.1,49.9
AFP,Nigeria,Lagos,Lagos LGA2,2024,52,9,0,0,99.6,31.8,81.4
AFP,Nigeria,Kaduna,Kaduna LGA2,2024,52,9,0,0,12.0,37.6,64.8
AFP,Nigeria,Kano,Kano LGA2,2024,52,9,0,0,122.2,25.1,29.5
Lassa Fever,Nigeria,FCT,FCT LGA1,2024,1,190,53,6,87.5,25.5,62.8
Lassa Fever,Nigeria,FCT,FCT LGA1,2024,1,190,53,6,116.6,24.6,30.4
Lassa Fever,Nigeria,Enugu,Enugu LGA1,2024,1,190,53,6,106.8,37.2,58.7
CSM,Nigeria,Ogun,Ogun LGA2,2024,1,59,2,3,88.0,25.2,47.6
CSM,Nigeria,Rivers,Rivers LGA1,2024,1,59,2,3,179.9,34.8,49.2
CSM,Nigeria,Lagos,Lagos LGA2,2024,1,59,2,3,86.7,32.4,82.5
Yellow Fever,Nigeria,Kano,Kano LGA2,2024,1,52,0,0,8.1,30.1,42.8
Yellow Fever,Nigeria,Enugu,Enugu LGA1,2024,1,52,0,0,98.4,38.0,25.4
Yellow Fever,Nigeria,Enugu,Enugu LGA1,2024,1,52,0,0,54.4,31.6,48.5
Cholera,Nigeria,Oyo,Oyo LGA2,2024,1,91,0,1,183.5,28.0,85.9
Cholera,Nigeria,Lagos,Lagos LGA1,2024,1,91,0,1,218.3,27.2,91.5
Cholera,Nigeria,Ogun,Ogun LGA2,2024,1,91,0,1,174.1,27.5,82.8
Measles,Nigeria,Kaduna,Kaduna LGA1,2024,1,725,60,8,41.0,37.8,42.9
Measles,Nigeria,Lagos,Lagos LGA1,2024,1,725,60,8,14.9,27.7,52.7
Measles,Nigeria,Kaduna,Kaduna LGA2,2024,1,725,60,8,20.7,34.6,34.9
Mpox,Nigeria,Lagos,Lagos LGA2,2024,1,3,0,0,130.4,25.2,84.5
Mpox,Nigeria,Rivers,Rivers LGA1,2024,1,3,0,0,51.8,32.3,24.0
Mpox,Nigeria,Oyo,Oyo LGA2,2024,1,3,0,0,159.8,28.6,36.2
AFP,Nigeria,FCT,FCT LGA1,2024,1,143,0,0,26.9,35.9,67.4
AFP,Nigeria,Lagos,Lagos LGA1,2024,1,143,0,0,127.6,26.9,67.9
AFP,Nigeria,FCT,FCT LGA2,2024,1,143,0,0,174.9,24.7,86.6
Lassa Fever,Nigeria,Ogun,Ogun LGA2,2024,2,296,81,16,124.4,28.5,77.8
Lassa Fever,Nigeria,FCT,FCT LGA2,2024,2,296,81,16,112.6,34.9,47.9
Lassa Fever,Nigeria,Kano,Kano LGA1,2024,2,296,81,16,128.1,30.5,20.7
CSM,Nigeria,Lagos,Lagos LGA1,2024,2,76,1,9,172.9,28.7,38.7
CSM,Nigeria,Lagos,Lagos LGA1,2024,2,76,1,9,111.8,27.7,27.5
CSM,Nigeria,Rivers,Rivers LGA1,2024,2,76,1,9,114.8,28.4,71.4
Yellow Fever,Nigeria,Kano,Kano LGA1,2024,2,71,0,0,110.8,28.0,26.8
Yellow Fever,Nigeria,Enugu,Enugu LGA2,2024,2,71,0,0,96.4,36.8,62.7
Yellow Fever,Nigeria,Enugu,Enugu LGA2,2024,2,71,0,0,105.9,28.6,20.2
Cholera,Nigeria,Kaduna,Kaduna LGA2,2024,2,86,0,0,126.0,29.6,81.4
Cholera,Nigeria,Kaduna,Kaduna LGA1,2024,2,86,0,0,213.4,29.1,83.0
Cholera,Nigeria,Lagos,Lagos LGA2,2024,2,86,0,0,213.1,27.7,89.1
Measles,Nigeria,Oyo,Oyo LGA2,2024,2,637,86,5,73.5,26.2,77.3
Measles,Nigeria,Rivers,Rivers LGA1,2024,2,637,86,5,109.6,26.1,43.9
Measles,Nigeria,Enugu,Enugu LGA1,2024,2,637,86,5,162.1,31.7,40.7
Mpox,Nigeria,Ogun,Ogun LGA2,2024,2,6,0,0,102.1,37.9,63.7
Mpox,Nigeria,Kano,Kano LGA2,2024,2,6,0,0,57.7,26.4,75.7
Mpox,Nigeria,Oyo,Oyo LGA2,2024,2,6,0,0,25.3,31.3,31.2
AFP,Nigeria,Ogun,Ogun LGA2,2024,2,137,0,0,77.0,37.3,56.7
AFP,Nigeria,Kaduna,Kaduna LGA2,2024,2,137,0,0,106.4,27.5,73.7
AFP,Nigeria,Kaduna,Kaduna LGA2,2024,2,137,0,0,71.7,33.9,86.4
Lassa Fever,Nigeria,Rivers,Rivers LGA2,2024,3,406,77,21,155.5,37.3,78.6
Lassa Fever,Nigeria,Kaduna,Kaduna LGA2,2024,3,406,77,21,19.4,25.0,50.7
Lassa Fever,Nigeria,Kaduna,Kaduna LGA1,2024,3,406,77,21,39.7,24.0,20.6
CSM,Nigeria,Kaduna,Kaduna LGA1,2024,3,120,2,10,41.2,32.2,51.4
CSM,Nigeria,FCT,FCT LGA2,2024,3,120,2,10,88.9,26.5,74.8
CSM,Nigeria,Ogun,Ogun LGA2,2024,3,120,2,10,85.0,28.3,32.2
Yellow Fever,Nigeria,Ogun,Ogun LGA2,2024,3,75,0,0,121.7,24.0,58.4
Yellow Fever,Nigeria,Lagos,Lagos LGA2,2024,3,75,0,0,83.0,32.9,42.8
Yellow Fever,Nigeria,Ogun,Ogun LGA2,2024,3,75,0,0,159.7,31.2,67.9
Cholera,Nigeria,Lagos,Lagos LGA2,2024,3,80,0,1,209.6,28.5,85.9
Cholera,Nigeria,Lagos,Lagos LGA2,2024,3,80,0,1,216.9,27.1,89.5
Cholera,Nigeria,Lagos,Lagos LGA1,2024,3,80,0,1,199.9,29.8,87.7
Measles,Nigeria,Enugu,Enugu LGA2,2024,3,668,107,6,22.0,35.9,64.0
Measles,Nigeria,Rivers,Rivers LGA2,2024,3,668,107,6,125.0,31.4,45.2
Measles,Nigeria,FCT,FCT LGA1,2024,3,668,107,6,37.7,25.4,73.9
Mpox,Nigeria,Kaduna,Kaduna LGA2,2024,3,15,0,0,90.4,30.3,81.4
Mpox,Nigeria,Ogun,Ogun LGA2,2024,3,15,0,0,130.5,24.4,61.9
Mpox,Nigeria,Kano,Kano LGA1,2024,3,15,0,0,30.4,36.0,84.1
AFP,Nigeria,Ogun,Ogun LGA1,2024,3,150,0,0,37.6,31.0,89.9
AFP,Nigeria,Ogun,Ogun LGA1,2024,3,150,0,0,117.8,26.2,54.1
AFP,Nigeria,Kaduna,Kaduna LGA1,2024,3,150,0,0,66.8,36.5,21.3
Lassa Fever,Nigeria,Ogun,Ogun LGA1,2024,4,347,47,5,159.9,28.4,39.8
Lassa Fever,Nigeria,Ogun,Ogun LGA1,2024,4,347,47,5,169.5,36.4,51.2
Lassa Fever,Nigeria,Ogun,Ogun LGA1,2024,4,347,47,5,77.4,37.6,71.5
CSM,Nigeria,Ogun,Ogun LGA2,2024,4,159,7,13,137.8,34.8,30.7
CSM,Nigeria,Oyo,Oyo LGA1,2024,4,159,7,13,105.9,33.8,87.9
CSM,Nigeria,Kaduna,Kaduna LGA2,2024,4,159,7,13,43.3,27.9,81.7
Yellow Fever,Nigeria,Oyo,Oyo LGA2,2024,4,51,0,0,66.1,33.9,50.9
Yellow Fever,Nigeria,Lagos,Lagos LGA1,2024,4,51,0,0,53.9,24.8,39.8
Yellow Fever,Nigeria,FCT,FCT LGA2,2024,4,51,0,0,72.2,34.7,84.7
Cholera,Nigeria,Enugu,Enugu LGA1,2024,4,78,1,1,154.2,28.6,83.6
Cholera,Nigeria,Kano,Kano LGA1,2024,4,78,1,1,176.7,30.2,82.3
Cholera,Nigeria,Ogun,Ogun LGA2,2024,4,78,1,1,146.3,29.8,83.9
Measles,Nigeria,Kaduna,Kaduna LGA2,2024,4,744,117,5,164.1,24.9,88.7
Measles,Nigeria,Rivers,Rivers LGA2,2024,4,744,117,5,19.9,32.8,81.3
Measles,Nigeria,Kano,Kano LGA1,2024,4,744,117,5,141.9,31.6,36.5
Mpox,Nigeria,Kano,Kano LGA1,2024,4,30,2,0,153.4,36.3,65.5
Mpox,Nigeria,FCT,FCT LGA1,2024,4,30,2,0,128.0,32.4,58.5
Mpox,Nigeria,Ogun,Ogun LGA2,2024,4,30,2,0,30.4,25.9,38.3
AFP,Nigeria,Kaduna,Kaduna LGA2,2024,4,159,0,0,54.7,33.3,83.5
AFP,Nigeria,Kano,Kano LGA2,2024,4,159,0,0,158.7,29.5,39.3
AFP,Nigeria,Oyo,Oyo LGA2,2024,4,159,0,0,38.8,30.0,22.4
Lassa Fever,Nigeria,Lagos,Lagos LGA2,2024,5,429,70,15,48.9,24.5,31.5
Lassa Fever,Nigeria,FCT,FCT LGA2,2024,5,429,70,15,55.8,29.1,86.8
Lassa Fever,Nigeria,Kaduna,Kaduna LGA2,2024,5,429,70,15,151.3,28.8,48.3
CSM,Nigeria,Rivers,Rivers LGA2,2024,5,81,2,7,72.5,35.2,62.2
CSM,Nigeria,Kano,Kano LGA2,2024,5,81,2,7,116.0,32.5,34.8
CSM,Nigeria,Oyo,Oyo LGA1,2024,5,81,2,7,107.5,29.5,86.8
Yellow Fever,Nigeria,Lagos,Lagos LGA2,2024,5,63,0,0,132.0,26.7,51.8
Yellow Fever,Nigeria,Enugu,Enugu LGA2,2024,5,63,0,0,34.5,27.4,45.0
Yellow Fever,Nigeria,Rivers,Rivers LGA2,2024,5,63,0,0,19.8,33.6,48.3
Cholera,Nigeria,Kaduna,Kaduna LGA1,2024,5,79,0,1,130.0,27.5,78.5
Cholera,Nigeria,Oyo,Oyo LGA1,2024,5,79,0,1,165.8,28.1,82.6
Cholera,Nigeria,Lagos,Lagos LGA2,2024,5,79,0,1,236.0,30.6,80.2
Measles,Nigeria,Rivers,Rivers LGA2,2024,5,780,142,2,78.5,35.0,85.7
Measles,Nigeria,Kano,Kano LGA2,2024,5,780,142,2,98.8,36.4,82.3
Measles,Nigeria,Kaduna,Kaduna LGA2,2024,5,780,142,2,45.4,30.0,34.8
Mpox,Nigeria,Oyo,Oyo LGA1,2024,5,10,0,0,41.5,33.0,83.5
Mpox,Nigeria,Oyo,Oyo LGA1,2024,5,10,0,0,44.1,26.4,79.1
Mpox,Nigeria,Kaduna,Kaduna LGA1,2024,5,10,0,0,151.9,35.9,84.4
AFP,Nigeria,Ogun,Ogun LGA2,2024,5,176,0,0,71.5,24.5,27.6
AFP,Nigeria,Enugu,Enugu LGA1,2024,5,176,0,0,132.5,36.8,71.9
AFP,Nigeria,Enugu,Enugu LGA1,2024,5,176,0,0,81.3,31.8,36.0
Lassa Fever,Nigeria,Kaduna,Kaduna LGA2,2024,6,453,83,9,5.5,36.4,49.2
Lassa Fever,Nigeria,FCT,FCT LGA1,2024,6,453,83,9,28.8,32.9,45.7
Lassa Fever,Nigeria,Kaduna,Kaduna LGA2,2024,6,453,83,9,145.2,29.7,87.3
CSM,Nigeria,Ogun,Ogun LGA1,2024,6,70,1,4,108.5,25.2,55.2
CSM,Nigeria,Rivers,Rivers LGA2,2024,6,70,1,4,30.4,35.3,53.7
CSM,Nigeria,FCT,FCT LGA1,2024,6,70,1,4,72.5,24.8,25.6
Yellow Fever,Nigeria,Rivers,Rivers LGA2,2024,6,73,0,0,148.6,26.7,37.0
Yellow Fever,Nigeria,Ogun,Ogun LGA2,2024,6,73,0,0,60.3,29.0,27.2
Yellow Fever,Nigeria,Lagos,Lagos LGA1,2024,6,73,0,0,87.7,36.4,62.8
Cholera,Nigeria,Rivers,Rivers LGA1,2024,6,74,0,2,181.6,27.5,91.4
Cholera,Nigeria,Rivers,Rivers LGA2,2024,6,74,0,2,169.9,28.5,77.3
Cholera,Nigeria,Lagos,Lagos LGA2,2024,6,74,0,2,230.0,30.8,92.9
Measles,Nigeria,Rivers,Rivers LGA2,2024,6,630,114,1,58.8,33.5,48.7
Measles,Nigeria,Ogun,Ogun LGA2,2024,6,630,114,1,123.9,37.8,32.9
Measles,Nigeria,Oyo,Oyo LGA2,2024,6,630,114,1,108.8,24.4,75.3
Mpox,Nigeria,Kano,Kano LGA1,2024,6,25,2,0,150.2,28.3,63.0
Mpox,Nigeria,Kano,Kano LGA1,2024,6,25,2,0,16.6,26.3,43.4
Mpox,Nigeria,Enugu,Enugu LGA2,2024,6,25,2,0,116.7,28.6,82.6
AFP,Nigeria,Enugu,Enugu LGA1,2024,6,184,0,0,146.3,26.1,87.4
AFP,Nigeria,Oyo,Oyo LGA2,2024,6,184,0,0,171.4,31.3,83.3
AFP,Nigeria,FCT,FCT LGA2,2024,6,184,0,0,17.4,26.5,26.1
Lassa Fever,Nigeria,Rivers,Rivers LGA1,2024,7,507,66,13,55.0,37.4,85.4
Lassa Fever,Nigeria,Lagos,Lagos LGA2,2024,7,507,66,13,64.2,33.5,22.2
Lassa Fever,Nigeria,Lagos,Lagos LGA2,2024,7,507,66,13,7.8,36.9,45.0
CSM,Nigeria,Kano,Kano LGA1,2024,7,148,0,8,99.3,32.1,45.7
CSM,Nigeria,Oyo,Oyo LGA1,2024,7,148,0,8,33.9,24.5,68.9
CSM,Nigeria,Rivers,Rivers LGA2,2024,7,148,0,8,108.4,26.6,51.0
Yellow Fever,Nigeria,Enugu,Enugu LGA1,2024,7,84,0,0,124.6,27.7,52.2
Yellow Fever,Nigeria,Enugu,Enugu LGA1,2024,7,84,0,0,137.1,34.4,85.4
Yellow Fever,Nigeria,Kano,Kano LGA1,2024,7,84,0,0,28.3,27.2,57.2
Cholera,Nigeria,Kaduna,Kaduna LGA1,2024,7,114,0,4,179.2,30.0,81.7
Cholera,Nigeria,Kano,Kano LGA2,2024,7,114,0,4,134.4,28.8,78.9
Cholera,Nigeria,FCT,FCT LGA2,2024,7,114,0,4,209.7,30.5,89.7
Measles,Nigeria,Ogun,Ogun LGA1,2024,7,699,130,1,20.1,33.8,76.7
Measles,Nigeria,Ogun,Ogun LGA1,2024,7,699,130,1,28.9,37.2,80.3
Measles,Nigeria,Ogun,Ogun LGA2,2024,7,699,130,1,53.4,28.4,86.0
Mpox,Nigeria,FCT,FCT LGA2,2024,7,27,2,0,116.7,32.7,72.8
Mpox,Nigeria,Kaduna,Kaduna LGA2,2024,7,27,2,0,91.4,37.0,80.3
Mpox,Nigeria,Oyo,Oyo LGA2,2024,7,27,2,0,52.2,24.8,85.3
AFP,Nigeria,Rivers,Rivers LGA2,2024,7,175,0,0,23.9,36.2,68.2
AFP,Nigeria,Kaduna,Kaduna LGA2,2024,7,175,0,0,130.5,35.2,52.5
AFP,Nigeria,Kano,Kano LGA1,2024,7,175,0,0,49.4,31.6,88.9
Lassa Fever,Nigeria,FCT,FCT LGA1,2024,8,585,96,23,31.5,26.1,32.2
Lassa Fever,Nigeria,Ogun,Ogun LGA2,2024,8,585,96,23,145.0,33.6,54.3
Lassa Fever,Nigeria,Kano,Kano LGA2,2024,8,585,96,23,14.8,25.4,83.4
CSM,Nigeria,Kano,Kano LGA1,2024,8,262,7,8,84.6,36.7,62.1
CSM,Nigeria,Kaduna,Kaduna LGA1,2024,8,262,7,8,31.5,35.6,60.7
CSM,Nigeria,Lagos,Lagos LGA2,2024,8,262,7,8,171.8,31.1,70.6
Yellow Fever,Nigeria,Rivers,Rivers LGA1,2024,8,54,0,0,166.5,32.7,22.8
Yellow Fever,Nigeria,Oyo,Oyo LGA2,2024,8,54,0,0,38.3,36.6,72.0
Yellow Fever,Nigeria,Oyo,Oyo LGA2,2024,8,54,0,0,11.0,28.3,40.8
Cholera,Nigeria,FCT,FCT LGA2,2024,8,87,0,3,211.8,29.2,80.9
Cholera,Nigeria,Kano,Kano LGA2,2024,8,87,0,3,171.5,27.9,77.6
Cholera,Nigeria,Lagos,Lagos LGA2,2024,8,87,0,3,177.7,28.0,90.4
Measles,Nigeria,Enugu,Enugu LGA2,2024,8,729,99,5,137.9,35.9,53.4
Measles,Nigeria,Kano,Kano LGA1,2024,8,729,99,5,61.6,36.3,80.1
Measles,Nigeria,Oyo,Oyo LGA1,2024,8,729,99,5,15.8,34.7,33.0
Mpox,Nigeria,FCT,FCT LGA1,2024,8,42,0,0,145.8,36.9,40.7
Mpox,Nigeria,Kaduna,Kaduna LGA1,2024,8,42,0,0,16.6,35.6,77.8
Mpox,Nigeria,Kaduna,Kaduna LGA1,2024,8,42,0,0,147.4,32.8,55.4
AFP,Nigeria,Rivers,Rivers LGA2,2024,8,185,0,0,20.2,31.8,79.8
AFP,Nigeria,Ogun,Ogun LGA1,2024,8,185,0,0,106.4,37.6,82.7
AFP,Nigeria,Kano,Kano LGA1,2024,8,185,0,0,164.7,29.4,37.3
Lassa Fever,Nigeria,Oyo,Oyo LGA2,2024,10,490,50,10,117.0,30.7,79.0
Lassa Fever,Nigeria,Kaduna,Kaduna LGA2,2024,10,490,50,10,128.2,25.9,48.4
Lassa Fever,Nigeria,Lagos,Lagos LGA1,2024,10,490,50,10,10.6,35.4,83.3
CSM,Nigeria,Kano,Kano LGA2,2024,10,265,7,21,113.3,35.1,36.1
CSM,Nigeria,Oyo,Oyo LGA1,2024,10,265,7,21,47.3,26.0,48.6
CSM,Nigeria,Kano,Kano LGA1,2024,10,265,7,21,134.7,33.8,39.6
Yellow Fever,Nigeria,Kano,Kano LGA1,2024,10,57,1,0,62.0,29.2,75.6
Yellow Fever,Nigeria,Kano,Kano LGA1,2024,10,57,1,0,75.7,36.4,87.8
Yellow Fever,Nigeria,Oyo,Oyo LGA1,2024,10,57,1,0,69.7,37.9,51.2
Cholera,Nigeria,Enugu,Enugu LGA2,2024,10,54,0,0,173.0,29.4,93.4
Cholera,Nigeria,Enugu,Enugu LGA1,2024,10,54,0,0,175.6,29.6,80.4
Cholera,Nigeria,Kano,Kano LGA1,2024,10,54,0,0,235.7,30.7,77.3
Measles,Nigeria,Kaduna,Kaduna LGA1,2024,10,755,81,11,48.2,26.6,40.8
Measles,Nigeria,Oyo,Oyo LGA2,2024,10,755,81,11,61.7,34.7,82.8
Measles,Nigeria,Lagos,Lagos LGA1,2024,10,755,81,11,73.4,31.7,72.7
Mpox,Nigeria,Ogun,Ogun LGA2,2024,10,40,4,0,127.3,27.9,76.5
Mpox,Nigeria,Oyo,Oyo LGA1,2024,10,40,4,0,87.1,37.8,75.2
Mpox,Nigeria,FCT,FCT LGA1,2024,10,40,4,0,74.6,27.1,75.1
AFP,Nigeria,Kano,Kano LGA2,2024,10,172,0,0,117.0,33.7,35.7
AFP,Nigeria,Enugu,Enugu LGA1,2024,10,172,0,0,83.3,37.3,80.3
AFP,Nigeria,Enugu,Enugu LGA1,2024,10,172,0,0,60.0,36.9,74.4
Lassa Fever,Nigeria,Rivers,Rivers LGA2,2024,11,325,35,4,81.4,37.2,84.7
Lassa Fever,Nigeria,Oyo,Oyo LGA2,2024,11,325,35,4,159.6,26.7,27.2
Lassa Fever,Nigeria,Enugu,Enugu LGA2,2024,11,325,35,4,159.7,34.8,60.1
CSM,Nigeria,Oyo,Oyo LGA2,2024,11,189,1,7,94.0,27.2,30.9
CSM,Nigeria,Kano,Kano LGA2,2024,11,189,1,7,54.4,35.5,64.0
CSM,Nigeria,Kano,Kano LGA2,2024,11,189,1,7,157.5,34.8,27.4
Yellow Fever,Nigeria,Ogun,Ogun LGA2,2024,11,65,0,1,105.2,24.8,30.5
Yellow Fever,Nigeria,FCT,FCT LGA2,2024,11,65,0,1,117.7,28.1,51.7
Yellow Fever,Nigeria,Lagos,Lagos LGA2,2024,11,65,0,1,164.3,28.2,31.2
Cholera,Nigeria,Lagos,Lagos LGA1,2024,11,34,1,1,148.9,29.6,80.1
Cholera,Nigeria,Kano,Kano LGA2,2024,11,34,1,1,246.2,27.3,83.2
Cholera,Nigeria,Kaduna,Kaduna LGA1,2024,11,34,1,1,133.0,27.8,91.1
Measles,Nigeria,Enugu,Enugu LGA2,2024,11,661,67,1,165.6,35.1,68.9
Measles,Nigeria,Rivers,Rivers LGA1,2024,11,661,67,1,170.1,35.1,83.0
Measles,Nigeria,Rivers,Rivers LGA1,2024,11,661,67,1,104.8,30.1,41.0
Mpox,Nigeria,Lagos,Lagos LGA1,2024,11,22,2,0,18.7,37.1,65.1
Mpox,Nigeria,Oyo,Oyo LGA1,2024,11,22,2,0,104.8,29.2,26.9
Mpox,Nigeria,Kano,Kano LGA2,2024,11,22,2,0,114.8,30.2,27.4
AFP,Nigeria,Rivers,Rivers LGA2,2024,11,137,0,0,42.5,28.1,67.7
AFP,Nigeria,FCT,FCT LGA1,2024,11,137,0,0,143.9,31.1,61.0
AFP,Nigeria,FCT,FCT LGA2,2024,11,137,0,0,67.4,26.6,52.5
Lassa Fever,Nigeria,Kaduna,Kaduna LGA2,2024,12,303,25,6,149.6,30.2,52.1
Lassa Fever,Nigeria,Enugu,Enugu LGA2,2024,12,303,25,6,20.6,36.6,26.1
Lassa Fever,Nigeria,Rivers,Rivers LGA2,2024,12,303,25,6,49.1,35.3,35.6
CSM,Nigeria,Kano,Kano LGA2,2024,12,163,5,5,17.5,25.6,80.3
CSM,Nigeria,Enugu,Enugu LGA1,2024,12,163,5,5,123.9,24.9,78.7
CSM,Nigeria,Lagos,Lagos LGA1,2024,12,163,5,5,140.2,33.5,20.7
Yellow Fever,Nigeria,Kano,Kano LGA2,2024,12,58,0,0,90.5,34.5,81.0
Yellow Fever,Nigeria,Oyo,Oyo LGA1,2024,12,58,0,0,111.8,26.9,52.8
Yellow Fever,Nigeria,Enugu,Enugu LGA1,2024,12,58,0,0,45.4,26.1,24.9
Cholera,Nigeria,Kaduna,Kaduna LGA2,2024,12,112,0,1,197.8,28.9,91.7
Cholera,Nigeria,Kano,Kano LGA1,2024,12,112,0,1,186.7,27.4,82.1
Cholera,Nigeria,Enugu,Enugu LGA2,2024,12,112,0,1,210.6,27.5,94.7
Measles,Nigeria,Kano,Kano LGA2,2024,12,586,72,4,144.1,36.5,28.9
Measles,Nigeria,Kano,Kano LGA1,2024,12,586,72,4,89.8,36.9,73.4
Measles,Nigeria,Rivers,Rivers LGA1,2024,12,586,72,4,114.1,30.2,31.1
Mpox,Nigeria,Lagos,Lagos LGA1,2024,12,27,0,0,87.4,25.4,73.9
Mpox,Nigeria,FCT,FCT LGA2,2024,12,27,0,0,13.3,31.6,30.1
Mpox,Nigeria,Kano,Kano LGA2,2024,12,27,0,0,49.4,28.6,48.3
AFP,Nigeria,Oyo,Oyo LGA1,2024,12,156,0,0,82.5,25.2,66.4
AFP,Nigeria,Oyo,Oyo LGA1,2024,12,156,0,0,135.1,24.4,72.4
AFP,Nigeria,Kaduna,Kaduna LGA2,2024,12,156,0,0,127.3,25.8,22.1
Lassa Fever,Nigeria,Kano,Kano LGA2,2024,13,266,15,2,12.4,25.5,26.6
Lassa Fever,Nigeria,Kano,Kano LGA2,2024,13,266,15,2,9.1,25.1,89.6
Lassa Fever,Nigeria,Lagos,Lagos LGA2,2024,13,266,15,2,24.8,37.4,89.1
CSM,Nigeria,Ogun,Ogun LGA2,2024,13,247,0,7,137.4,35.6,78.4
CSM,Nigeria,Kaduna,Kaduna LGA1,2024,13,247,0,7,52.5,34.8,50.2
CSM,Nigeria,Ogun,Ogun LGA1,2024,13,247,0,7,107.2,33.8,52.8
Yellow Fever,Nigeria,Oyo,Oyo LGA2,2024,13,31,0,0,83.5,34.0,37.5
Yellow Fever,Nigeria,Kano,Kano LGA2,2024,13,31,0,0,12.1,28.3,41.8
Yellow Fever,Nigeria,Kaduna,Kaduna LGA2,2024,13,31,0,0,51.6,36.0,34.8
Cholera,Nigeria,Oyo,Oyo LGA1,2024,13,24,0,0,249.3,29.1,77.7
Cholera,Nigeria,Kaduna,Kaduna LGA1,2024,13,24,0,0,211.9,30.5,83.6
Cholera,Nigeria,Lagos,Lagos LGA1,2024,13,24,0,0,223.4,28.1,94.4
Measles,Nigeria,Lagos,Lagos LGA1,2024,13,535,57,0,31.9,32.3,38.7
Measles,Nigeria,Ogun,Ogun LGA1,2024,13,535,57,0,42.1,32.2,85.9
Measles,Nigeria,Kaduna,Kaduna LGA2,2024,13,535,57,0,110.3,29.6,78.3
Mpox,Nigeria,Ogun,Ogun LGA2,2024,13,55,6,0,118.1,34.5,79.8
Mpox,Nigeria,Lagos,Lagos LGA1,2024,13,55,6,0,177.2,25.9,62.7
Mpox,Nigeria,Lagos,Lagos LGA1,2024,13,55,6,0,125.9,26.8,39.4
AFP,Nigeria,Lagos,Lagos LGA1,2024,13,129,0,0,15.4,34.8,53.3
AFP,Nigeria,Kaduna,Kaduna LGA1,2024,13,129,0,0,55.9,32.2,33.1
AFP,Nigeria,Ogun,Ogun LGA2,2024,13,129,0,0,41.0,27.0,63.5
Lassa Fever,Nigeria,Kano,Kano LGA1,2024,9,694,109,20,86.5,31.7,47.1
Lassa Fever,Nigeria,Kano,Kano LGA2,2024,9,694,109,20,127.4,28.8,22.0
Lassa Fever,Nigeria,Ogun,Ogun LGA2,2024,9,694,109,20,177.6,25.5,39.2
CSM,Nigeria,Enugu,Enugu LGA2,2024,9,315,12,15,49.8,31.4,46.9
CSM,Nigeria,Rivers,Rivers LGA2,2024,9,315,12,15,128.0,26.2,88.4
CSM,Nigeria,Oyo,Oyo LGA1,2024,9,315,12,15,89.5,31.5,76.2
Yellow Fever,Nigeria,Lagos,Lagos LGA2,2024,9,52,0,0,44.6,35.9,40.8
Yellow Fever,Nigeria,Lagos,Lagos LGA2,2024,9,52,0,0,90.7,33.0,75.2
Yellow Fever,Nigeria,FCT,FCT LGA2,2024,9,52,0,0,159.5,29.5,53.7
Cholera,Nigeria,Kaduna,Kaduna LGA2,2024,9,93,1,3,155.8,29.7,80.0
Cholera,Nigeria,Kaduna,Kaduna LGA1,2024,9,93,1,3,214.2,29.5,77.5
Cholera,Nigeria,Rivers,Rivers LGA1,2024,9,93,1,3,160.9,29.9,91.7
Measles,Nigeria,Ogun,Ogun LGA2,2024,9,882,117,6,24.2,36.4,70.6
Measles,Nigeria,Oyo,Oyo LGA1,2024,9,882,117,6,98.1,31.5,42.9
Measles,Nigeria,Kaduna,Kaduna LGA2,2024,9,882,117,6,171.2,34.6,81.8
Mpox,Nigeria,Enugu,Enugu LGA1,2024,9,41,0,0,91.2,26.9,52.8
Mpox,Nigeria,Rivers,Rivers LGA1,2024,9,41,0,0,122.3,37.6,41.1
Mpox,Nigeria,Oyo,Oyo LGA2,2024,9,41,0,0,141.9,25.4,69.6
AFP,Nigeria,Lagos,Lagos LGA2,2024,9,246,0,0,153.8,24.2,66.8
AFP,Nigeria,Kaduna,Kaduna LGA1,2024,9,246,0,0,122.9,33.6,58.4
AFP,Nigeria,Ogun,Ogun LGA1,2024,9,246,0,0,78.7,33.0,33.7
Lassa Fever,Nigeria,Enugu,Enugu LGA1,2024,14,180,11,0,170.2,32.9,77.9
Lassa Fever,Nigeria,Ogun,Ogun LGA1,2024,14,180,11,0,43.2,25.7,34.3
Lassa Fever,Nigeria,Rivers,Rivers LGA1,2024,14,180,11,0,76.9,35.4,24.0
CSM,Nigeria,Kano,Kano LGA2,2024,14,175,1,0,123.5,34.4,47.7
CSM,Nigeria,Lagos,Lagos LGA2,2024,14,175,1,0,60.0,36.8,72.2
CSM,Nigeria,Oyo,Oyo LGA1,2024,14,175,1,0,34.9,29.3,21.1
Yellow Fever,Nigeria,Oyo,Oyo LGA2,2024,14,42,0,0,132.4,29.4,46.0
Yellow Fever,Nigeria,Kano,Kano LGA1,2024,14,42,0,0,96.4,34.1,42.5
Yellow Fever,Nigeria,Rivers,Rivers LGA1,2024,14,42,0,0,84.2,27.8,67.4
Cholera,Nigeria,Kano,Kano LGA2,2024,14,15,0,0,197.9,30.2,82.6
Cholera,Nigeria,Lagos,Lagos LGA1,2024,14,15,0,0,218.3,27.9,82.4
Cholera,Nigeria,Oyo,Oyo LGA2,2024,14,15,0,0,165.0,29.4,93.9
Measles,Nigeria,Lagos,Lagos LGA2,2024,14,497,53,1,178.1,29.1,65.9
Measles,Nigeria,Lagos,Lagos LGA1,2024,14,497,53,1,73.4,30.4,82.2
Measles,Nigeria,Enugu,Enugu LGA1,2024,14,497,53,1,133.6,25.0,36.6
Mpox,Nigeria,Kaduna,Kaduna LGA1,2024,14,29,1,0,163.5,24.2,51.5
Mpox,Nigeria,Enugu,Enugu LGA2,2024,14,29,1,0,67.5,32.9,24.2
Mpox,Nigeria,Enugu,Enugu LGA2,2024,14,29,1,0,37.9,27.5,73.3
AFP,Nigeria,Enugu,Enugu LGA1,2024,14,108,0,0,43.9,36.3,64.7
AFP,Nigeria,Lagos,Lagos LGA1,2024,14,108,0,0,85.4,25.9,47.1
AFP,Nigeria,Lagos,Lagos LGA1,2024,14,108,0,0,102.9,29.6,40.9
Lassa Fever,Nigeria,Lagos,Lagos LGA1,2024,15,188,15,1,74.5,37.5,45.4
Lassa Fever,Nigeria,Rivers,Rivers LGA1,2024,15,188,15,1,115.1,33.6,82.1
Lassa Fever,Nigeria,Kaduna,Kaduna LGA1,2024,15,188,15,1,17.1,33.0,81.6
CSM,Nigeria,Ogun,Ogun LGA2,2024,15,176,0,1,103.7,30.9,50.7
CSM,Nigeria,Kaduna,Kaduna LGA2,2024,15,176,0,1,136.0,36.8,54.1
CSM,Nigeria,Lagos,Lagos LGA1,2024,15,176,0,1,175.3,27.8,55.0
Yellow Fever,Nigeria,Enugu,Enugu LGA1,2024,15,55,0,0,38.3,24.5,39.0
Yellow Fever,Nigeria,FCT,FCT LGA1,2024,15,55,0,0,45.4,25.2,35.8
Yellow Fever,Nigeria,Ogun,Ogun LGA1,2024,15,55,0,0,76.2,29.2,84.6
Cholera,Nigeria,Oyo,Oyo LGA2,2024,15,25,0,1,228.1,28.7,88.3
Cholera,Nigeria,Ogun,Ogun LGA2,2024,15,25,0,1,210.0,29.0,83.3
Cholera,Nigeria,Ogun,Ogun LGA2,2024,15,25,0,1,125.8,27.1,75.5
Measles,Nigeria,Kaduna,Kaduna LGA2,2024,15,409,24,1,91.6,28.3,76.2
Measles,Nigeria,Kaduna,Kaduna LGA2,2024,15,409,24,1,23.2,26.3,87.6
Measles,Nigeria,Kaduna,Kaduna LGA2,2024,15,409,24,1,165.6,25.3,77.9
Mpox,Nigeria,Rivers,Rivers LGA2,2024,15,27,1,0,143.1,26.0,26.7
Mpox,Nigeria,Kaduna,Kaduna LGA2,2024,15,27,1,0,29.7,29.5,52.6
Mpox,Nigeria,Kano,Kano LGA1,2024,15,27,1,0,126.1,33.9,25.2
AFP,Nigeria,Kano,Kano LGA2,2024,15,136,0,0,86.2,28.2,28.4
AFP,Nigeria,Kaduna,Kaduna LGA2,2024,15,136,0,0,41.7,26.3,46.3
AFP,Nigeria,Lagos,Lagos LGA1,2024,15,136,0,0,41.5,31.7,29.6
Lassa Fever,Nigeria,Rivers,Rivers LGA1,2024,16,159,11,3,135.9,32.9,50.4
Lassa Fever,Nigeria,FCT,FCT LGA2,2024,16,159,11,3,31.3,29.3,42.1
Lassa Fever,Nigeria,FCT,FCT LGA1,2024,16,159,11,3,160.3,26.1,33.6
CSM,Nigeria,Oyo,Oyo LGA2,2024,16,155,0,2,56.1,26.2,37.2
CSM,Nigeria,Oyo,Oyo LGA1,2024,16,155,0,2,13.6,37.4,54.4
CSM,Nigeria,Rivers,Rivers LGA2,2024,16,155,0,2,65.1,28.3,29.5
Yellow Fever,Nigeria,Rivers,Rivers LGA2,2024,16,62,0,0,37.6,33.7,26.1
Yellow Fever,Nigeria,Enugu,Enugu LGA1,2024,16,62,0,0,163.1,31.3,82.0
Yellow Fever,Nigeria,Rivers,Rivers LGA2,2024,16,62,0,0,41.7,26.4,86.9
Cholera,Nigeria,Kaduna,Kaduna LGA1,2024,16,66,0,2,160.3,29.6,81.9
Cholera,Nigeria,Kaduna,Kaduna LGA2,2024,16,66,0,2,149.6,28.4,81.8
Cholera,Nigeria,Enugu,Enugu LGA2,2024,16,66,0,2,160.3,28.5,78.6
Measles,Nigeria,Kaduna,Kaduna LGA1,2024,16,586,28,2,87.0,29.1,88.0
Measles,Nigeria,Oyo,Oyo LGA1,2024,16,586,28,2,58.3,34.5,51.0
Measles,Nigeria,Ogun,Ogun LGA2,2024,16,586,28,2,49.9,30.2,22.6
Mpox,Nigeria,Kano,Kano LGA2,2024,16,20,0,0,39.5,29.1,65.7
Mpox,Nigeria,Rivers,Rivers LGA2,2024,16,20,0,0,144.7,33.8,27.5
Mpox,Nigeria,FCT,FCT LGA1,2024,16,20,0,0,112.2,30.8,40.1
AFP,Nigeria,Ogun,Ogun LGA1,2024,16,180,0,0,6.3,27.3,78.0
AFP,Nigeria,Kaduna,Kaduna LGA2,2024,16,180,0,0,177.6,35.1,27.5
AFP,Nigeria,Rivers,Rivers LGA1,2024,16,180,0,0,65.6,31.2,87.6
Lassa Fever,Nigeria,FCT,FCT LGA2,2024,17,135,14,1,35.5,26.0,85.6
Lassa Fever,Nigeria,Oyo,Oyo LGA1,2024,17,135,14,1,61.7,37.9,29.5
Lassa Fever,Nigeria,Lagos,Lagos LGA1,2024,17,135,14,1,153.2,24.2,50.6
CSM,Nigeria,FCT,FCT LGA2,2024,17,140,1,1,40.2,30.9,75.2
CSM,Nigeria,Kaduna,Kaduna LGA1,2024,17,140,1,1,25.1,33.9,23.3
CSM,Nigeria,Enugu,Enugu LGA2,2024,17,140,1,1,162.7,31.5,86.4
Yellow Fever,Nigeria,Ogun,Ogun LGA2,2024,17,55,0,0,43.1,26.2,74.8
Yellow Fever,Nigeria,Ogun,Ogun LGA2,2024,17,55,0,0,154.5,25.2,34.5
Yellow Fever,Nigeria,Enugu,Enugu LGA2,2024,17,55,0,0,66.8,37.4,78.1
Cholera,Nigeria,FCT,FCT LGA1,2024,17,44,0,0,151.7,30.7,85.1
Cholera,Nigeria,FCT,FCT LGA2,2024,17,44,0,0,167.5,29.7,88.7
Cholera,Nigeria,Kano,Kano LGA1,2024,17,44,0,0,167.1,27.3,83.8
Measles,Nigeria,FCT,FCT LGA1,2024,17,414,16,0,79.5,32.1,51.0
Measles,Nigeria,Enugu,Enugu LGA1,2024,17,414,16,0,75.5,34.3,40.1
Measles,Nigeria,Kaduna,Kaduna LGA2,2024,17,414,16,0,23.8,27.3,50.0
Mpox,Nigeria,Ogun,Ogun LGA2,2024,17,13,2,0,80.4,37.1,89.3
Mpox,Nigeria,Enugu,Enugu LGA1,2024,17,13,2,0,110.1,28.2,41.7
Mpox,Nigeria,Ogun,Ogun LGA1,2024,17,13,2,0,6.5,36.1,49.1
AFP,Nigeria,Lagos,Lagos LGA2,2024,17,141,0,0,25.2,28.8,41.2
AFP,Nigeria,Kaduna,Kaduna LGA2,2024,17,141,0,0,159.7,26.3,76.5
AFP,Nigeria,Lagos,Lagos LGA1,2024,17,141,0,0,175.1,33.4,85.0
Lassa Fever,Nigeria,Oyo,Oyo LGA1,2024,18,134,10,1,89.6,34.2,24.5
Lassa Fever,Nigeria,Kano,Kano LGA2,2024,18,134,10,1,104.5,26.9,84.7
Lassa Fever,Nigeria,Kano,Kano LGA2,2024,18,134,10,1,115.9,25.1,66.7
CSM,Nigeria,Enugu,Enugu LGA1,2024,18,68,1,1,158.2,24.7,22.0
CSM,Nigeria,FCT,FCT LGA2,2024,18,68,1,1,30.7,33.7,35.5
CSM,Nigeria,Ogun,Ogun LGA2,2024,18,68,1,1,133.8,27.0,33.8
Yellow Fever,Nigeria,Oyo,Oyo LGA2,2024,18,75,2,0,17.3,26.4,86.6
Yellow Fever,Nigeria,Kaduna,Kaduna LGA1,2024,18,75,2,0,101.2,35.9,47.3
Yellow Fever,Nigeria,Kano,Kano LGA1,2024,18,75,2,0,92.6,32.1,38.8
Cholera,Nigeria,Kano,Kano LGA1,2024,18,24,0,1,176.5,27.8,76.8
Cholera,Nigeria,Ogun,Ogun LGA2,2024,18,24,0,1,188.0,28.9,93.5
Cholera,Nigeria,Lagos,Lagos LGA2,2024,18,24,0,1,224.0,28.3,77.7
Measles,Nigeria,Oyo,Oyo LGA1,2024,18,519,21,0,80.4,34.3,63.5
Measles,Nigeria,Kano,Kano LGA2,2024,18,519,21,0,114.1,34.9,36.0
Measles,Nigeria,Kano,Kano LGA2,2024,18,519,21,0,102.2,33.4,37.8
Mpox,Nigeria,Enugu,Enugu LGA1,2024,18,19,2,0,123.2,25.4,80.9
Mpox,Nigeria,Ogun,Ogun LGA1,2024,18,19,2,0,22.1,31.4,89.2
Mpox,Nigeria,Rivers,Rivers LGA2,2024,18,19,2,0,113.3,27.2,75.0
AFP,Nigeria,Enugu,Enugu LGA1,2024,18,144,0,0,68.8,26.3,65.7
AFP,Nigeria,Oyo,Oyo LGA2,2024,18,144,0,0,41.3,31.5,46.6
AFP,Nigeria,Lagos,Lagos LGA2,2024,18,144,0,0,9.3,30.8,22.0
Lassa Fever,Nigeria,FCT,FCT LGA1,2024,19,120,14,3,130.5,31.4,34.2
Lassa Fever,Nigeria,Kano,Kano LGA2,2024,19,120,14,3,103.1,35.0,72.9
Lassa Fever,Nigeria,Lagos,Lagos LGA1,2024,19,120,14,3,13.2,24.3,58.3
CSM,Nigeria,Ogun,Ogun LGA1,2024,19,40,0,0,14.8,37.8,45.8
CSM,Nigeria,Kaduna,Kaduna LGA2,2024,19,40,0,0,6.6,37.0,47.3
CSM,Nigeria,Kano,Kano LGA1,2024,19,40,0,0,165.9,26.6,22.2
Yellow Fever,Nigeria,Ogun,Ogun LGA2,2024,19,74,2,0,23.4,34.1,67.1
Yellow Fever,Nigeria,Ogun,Ogun LGA1,2024,19,74,2,0,31.4,32.0,24.7
Yellow Fever,Nigeria,Rivers,Rivers LGA2,2024,19,74,2,0,158.6,32.9,68.2
Cholera,Nigeria,Rivers,Rivers LGA2,2024,19,10,0,0,221.8,30.6,83.0
Cholera,Nigeria,Lagos,Lagos LGA2,2024,19,10,0,0,221.3,29.0,90.9
Cholera,Nigeria,Oyo,Oyo LGA2,2024,19,10,0,0,209.5,28.6,93.7
Measles,Nigeria,FCT,FCT LGA2,2024,19,545,24,2,108.3,34.6,49.7
Measles,Nigeria,Kaduna,Kaduna LGA1,2024,19,545,24,2,78.2,37.9,42.9
Measles,Nigeria,Oyo,Oyo LGA1,2024,19,545,24,2,153.3,33.6,54.1
Mpox,Nigeria,Kaduna,Kaduna LGA2,2024,19,25,0,0,115.1,24.5,37.8
Mpox,Nigeria,Enugu,Enugu LGA2,2024,19,25,0,0,72.4,32.7,76.5
Mpox,Nigeria,Rivers,Rivers LGA1,2024,19,25,0,0,120.9,24.5,87.8
AFP,Nigeria,Kaduna,Kaduna LGA1,2024,19,117,0,0,84.5,28.5,53.7
AFP,Nigeria,Ogun,Ogun LGA1,2024,19,117,0,0,21.6,25.0,79.8
AFP,Nigeria,Kano,Kano LGA1,2024,19,117,0,0,154.5,30.3,57.3
Lassa Fever,Nigeria,Ogun,Ogun LGA2,2024,20,119,4,2,124.8,31.3,31.1
Lassa Fever,Nigeria,FCT,FCT LGA1,2024,20,119,4,2,101.9,25.1,68.9
Lassa Fever,Nigeria,Lagos,Lagos LGA1,2024,20,119,4,2,26.4,30.9,40.3
CSM,Nigeria,Ogun,Ogun LGA2,2024,20,59,0,0,45.7,36.2,53.5
CSM,Nigeria,Enugu,Enugu LGA1,2024,20,59,0,0,8.8,26.3,22.9
CSM,Nigeria,Oyo,Oyo LGA2,2024,20,59,0,0,12.5,25.3,39.5
Yellow Fever,Nigeria,Kano,Kano LGA1,2024,20,60,0,0,168.1,35.3,78.9
Yellow Fever,Nigeria,Oyo,Oyo LGA2,2024,20,60,0,0,68.4,34.4,82.8
Yellow Fever,Nigeria,Lagos,Lagos LGA1,2024,20,60,0,0,42.3,35.5,87.7
Cholera,Nigeria,Kano,Kano LGA1,2024,20,26,0,0,196.8,30.1,87.8
Cholera,Nigeria,Enugu,Enugu LGA1,2024,20,26,0,0,152.6,28.6,93.9
Cholera,Nigeria,Enugu,Enugu LGA2,2024,20,26,0,0,126.3,29.4,90.2
Measles,Nigeria,Oyo,Oyo LGA1,2024,20,336,16,0,122.9,31.0,75.2
Measles,Nigeria,Oyo,Oyo LGA2,2024,20,336,16,0,41.4,32.1,47.1
Measles,Nigeria,FCT,FCT LGA2,2024,20,336,16,0,162.6,34.6,48.5
Mpox,Nigeria,Rivers,Rivers LGA1,2024,20,40,0,0,145.0,36.4,37.9
Mpox,Nigeria,Kaduna,Kaduna LGA2,2024,20,40,0,0,25.4,25.5,77.7
Mpox,Nigeria,Lagos,Lagos LGA1,2024,20,40,0,0,97.2,33.3,54.3
AFP,Nigeria,Kano,Kano LGA2,2024,20,113,0,0,130.5,34.2,38.3
AFP,Nigeria,Oyo,Oyo LGA1,2024,20,113,0,0,85.6,29.4,35.0
AFP,Nigeria,Rivers,Rivers LGA1,2024,20,113,0,0,107.1,30.0,63.3
Lassa Fever,Nigeria,Ogun,Ogun LGA1,2024,21,119,10,0,96.3,32.4,76.3
Lassa Fever,Nigeria,FCT,FCT LGA2,2024,21,119,10,0,42.9,25.1,88.0
Lassa Fever,Nigeria,Kano,Kano LGA1,2024,21,119,10,0,156.9,27.5,57.1
CSM,Nigeria,Kano,Kano LGA1,2024,21,27,0,0,17.2,28.0,67.1
CSM,Nigeria,Oyo,Oyo LGA1,2024,21,27,0,0,90.4,34.2,87.7
CSM,Nigeria,Rivers,Rivers LGA2,2024,21,27,0,0,26.7,26.9,41.5
Yellow Fever,Nigeria,Enugu,Enugu LGA2,2024,21,70,0,0,160.2,28.2,35.0
Yellow Fever,Nigeria,Ogun,Ogun LGA2,2024,21,70,0,0,12.8,32.1,40.7
Yellow Fever,Nigeria,Ogun,Ogun LGA1,2024,21,70,0,0,170.2,29.0,55.3
Cholera,Nigeria,Rivers,Rivers LGA2,2024,21,49,0,0,139.4,27.7,90.0
Cholera,Nigeria,Ogun,Ogun LGA1,2024,21,49,0,0,235.8,30.2,89.6
Cholera,Nigeria,Kano,Kano LGA2,2024,21,49,0,0,235.1,28.0,92.0
Measles,Nigeria,Rivers,Rivers LGA1,2024,21,297,17,0,168.1,35.1,56.6
Measles,Nigeria,Enugu,Enugu LGA1,2024,21,297,17,0,159.4,35.1,85.2
Measles,Nigeria,Rivers,Rivers LGA1,2024,21,297,17,0,76.9,24.1,89.5
Mpox,Nigeria,Enugu,Enugu LGA2,2024,21,15,2,0,12.2,24.6,21.7
Mpox,Nigeria,FCT,FCT LGA1,2024,21,15,2,0,19.2,32.2,42.3
Mpox,Nigeria,Rivers,Rivers LGA2,2024,21,15,2,0,90.6,29.5,76.5
AFP,Nigeria,Lagos,Lagos LGA1,2024,21,92,0,0,88.3,35.4,40.1
AFP,Nigeria,Kaduna,Kaduna LGA1,2024,21,92,0,0,31.0,33.0,76.2
AFP,Nigeria,Kano,Kano LGA1,2024,21,92,0,0,119.0,33.7,37.6
Lassa Fever,Nigeria,Enugu,Enugu LGA1,2024,22,128,10,0,42.4,37.2,63.9
Lassa Fever,Nigeria,Ogun,Ogun LGA2,2024,22,128,10,0,130.6,30.4,76.3
Lassa Fever,Nigeria,Enugu,Enugu LGA2,2024,22,128,10,0,35.5,31.2,22.5
CSM,Nigeria,Enugu,Enugu LGA2,2024,22,32,0,0,30.1,32.4,62.2
CSM,Nigeria,Enugu,Enugu LGA1,2024,22,32,0,0,145.6,37.9,76.7
CSM,Nigeria,Oyo,Oyo LGA1,2024,22,32,0,0,14.8,35.8,39.8
Yellow Fever,Nigeria,Ogun,Ogun LGA2,2024,22,60,0,0,58.3,35.8,64.2
Yellow Fever,Nigeria,Rivers,Rivers LGA1,2024,22,60,0,0,32.2,26.4,39.1
Yellow Fever,Nigeria,Rivers,Rivers LGA1,2024,22,60,0,0,126.1,34.8,61.8
Cholera,Nigeria,Lagos,Lagos LGA2,2024,22,25,0,1,224.9,27.1,85.8
Cholera,Nigeria,Ogun,Ogun LGA1,2024,22,25,0,1,186.1,28.4,95.0
Cholera,Nigeria,Oyo,Oyo LGA2,2024,22,25,0,1,199.3,29.2,78.5
Measles,Nigeria,Ogun,Ogun LGA2,2024,22,210,11,0,170.7,29.3,41.0
Measles,Nigeria,Kano,Kano LGA1,2024,22,210,11,0,169.7,27.1,69.0
Measles,Nigeria,Rivers,Rivers LGA1,2024,22,210,11,0,32.4,35.4,27.3
Mpox,Nigeria,Lagos,Lagos LGA2,2024,22,42,1,0,9.9,27.4,21.7
Mpox,Nigeria,Enugu,Enugu LGA1,2024,22,42,1,0,28.3,26.2,26.7
Mpox,Nigeria,Rivers,Rivers LGA2,2024,22,42,1,0,119.5,33.9,84.4
AFP,Nigeria,Kaduna,Kaduna LGA2,2024,22,87,0,0,21.9,36.0,80.3
AFP,Nigeria,Lagos,Lagos LGA2,2024,22,87,0,0,65.5,27.4,64.5
AFP,Nigeria,Kaduna,Kaduna LGA2,2024,22,87,0,0,99.6,31.8,81.8
Lassa Fever,Nigeria,Enugu,Enugu LGA2,2024,23,112,4,0,174.2,29.3,75.1
Lassa Fever,Nigeria,Oyo,Oyo LGA1,2024,23,112,4,0,80.2,27.7,47.0
Lassa Fever,Nigeria,Lagos,Lagos LGA2,2024,23,112,4,0,76.3,30.7,85.0
CSM,Nigeria,Enugu,Enugu LGA2,2024,23,10,0,0,97.9,29.3,66.5
CSM,Nigeria,FCT,FCT LGA1,2024,23,10,0,0,145.0,24.9,53.7
CSM,Nigeria,FCT,FCT LGA1,2024,23,10,0,0,8.6,24.0,50.9
Yellow Fever,Nigeria,Enugu,Enugu LGA1,2024,23,52,0,0,6.5,37.3,78.3
Yellow Fever,Nigeria,FCT,FCT LGA1,2024,23,52,0,0,178.1,37.0,74.4
Yellow Fever,Nigeria,Kaduna,Kaduna LGA2,2024,23,52,0,0,59.9,30.8,35.7
Cholera,Nigeria,Ogun,Ogun LGA1,2024,23,241,6,0,245.9,29.7,88.5
Cholera,Nigeria,Oyo,Oyo LGA2,2024,23,241,6,0,121.3,30.2,90.0
Cholera,Nigeria,Oyo,Oyo LGA2,2024,23,241,6,0,163.4,28.3,86.6
Measles,Nigeria,Kano,Kano LGA1,2024,23,161,16,0,153.7,28.2,50.2
Measles,Nigeria,Enugu,Enugu LGA2,2024,23,161,16,0,14.3,33.0,72.5
Measles,Nigeria,FCT,FCT LGA1,2024,23,161,16,0,122.3,30.7,89.0
Mpox,Nigeria,Enugu,Enugu LGA1,2024,23,33,1,0,77.5,26.4,57.8
Mpox,Nigeria,Oyo,Oyo LGA2,2024,23,33,1,0,29.8,37.6,71.2
Mpox,Nigeria,Oyo,Oyo LGA2,2024,23,33,1,0,13.1,28.0,33.6
AFP,Nigeria,Kano,Kano LGA1,2024,23,97,0,0,75.0,36.1,72.4
AFP,Nigeria,Kaduna,Kaduna LGA1,2024,23,97,0,0,100.4,26.6,84.3
AFP,Nigeria,Oyo,Oyo LGA1,2024,23,97,0,0,151.3,32.4,47.8
Lassa Fever,Nigeria,Enugu,Enugu LGA1,2024,24,124,7,0,106.1,29.5,79.2
Lassa Fever,Nigeria,Kano,Kano LGA2,2024,24,124,7,0,67.2,26.8,57.0
Lassa Fever,Nigeria,Ogun,Ogun LGA1,2024,24,124,7,0,132.8,29.2,56.3
CSM,Nigeria,Kano,Kano LGA2,2024,24,4,0,0,168.1,26.8,65.2
CSM,Nigeria,FCT,FCT LGA2,2024,24,4,0,0,72.8,37.0,27.3
CSM,Nigeria,Kaduna,Kaduna LGA1,2024,24,4,0,0,87.6,26.1,28.1
Yellow Fever,Nigeria,Ogun,Ogun LGA2,2024,24,49,0,0,145.3,37.6,35.7
Yellow Fever,Nigeria,Kano,Kano LGA2,2024,24,49,0,0,140.8,29.2,78.8
Yellow Fever,Nigeria,Lagos,Lagos LGA1,2024,24,49,0,0,22.1,29.1,88.7
Cholera,Nigeria,Kaduna,Kaduna LGA2,2024,24,709,27,35,202.6,30.7,93.7
Cholera,Nigeria,Ogun,Ogun LGA2,2024,24,709,27,35,138.8,27.4,87.5
Cholera,Nigeria,Ogun,Ogun LGA1,2024,24,709,27,35,233.8,28.8,88.2
Measles,Nigeria,Rivers,Rivers LGA1,2024,24,115,5,0,174.0,27.5,76.9
Measles,Nigeria,Ogun,Ogun LGA2,2024,24,115,5,0,14.2,24.9,76.2
Measles,Nigeria,Oyo,Oyo LGA2,2024,24,115,5,0,168.3,36.7,58.9
Mpox,Nigeria,Kaduna,Kaduna LGA2,2024,24,25,2,0,9.5,29.7,40.7
Mpox,Nigeria,Oyo,Oyo LGA2,2024,24,25,2,0,62.5,29.3,32.8
Mpox,Nigeria,Kaduna,Kaduna LGA1,2024,24,25,2,0,80.6,28.7,81.7
AFP,Nigeria,Rivers,Rivers LGA2,2024,24,123,0,0,122.6,24.5,47.9
AFP,Nigeria,Enugu,Enugu LGA2,2024,24,123,0,0,172.5,24.5,62.2
AFP,Nigeria,Kaduna,Kaduna LGA1,2024,24,123,0,0,55.6,35.8,60.1
Lassa Fever,Nigeria,Oyo,Oyo LGA2,2024,25,74,2,0,151.9,37.2,59.1
Lassa Fever,Nigeria,Oyo,Oyo LGA2,2024,25,74,2,0,61.9,24.3,43.4
Lassa Fever,Nigeria,Lagos,Lagos LGA1,2024,25,74,2,0,36.4,37.3,39.7
CSM,Nigeria,FCT,FCT LGA1,2024,25,2,0,0,45.5,26.2,21.9
CSM,Nigeria,Kaduna,Kaduna LGA1,2024,25,2,0,0,44.7,34.5,84.6
CSM,Nigeria,Ogun,Ogun LGA1,2024,25,2,0,0,166.9,36.7,52.5
Yellow Fever,Nigeria,Lagos,Lagos LGA1,2024,25,41,0,0,83.1,31.5,72.8
Yellow Fever,Nigeria,Lagos,Lagos LGA2,2024,25,41,0,0,97.6,30.7,66.3
Yellow Fever,Nigeria,Kano,Kano LGA1,2024,25,41,0,0,146.2,36.2,28.6
Cholera,Nigeria,Enugu,Enugu LGA1,2024,25,713,8,26,213.3,27.3,87.9
Cholera,Nigeria,Kaduna,Kaduna LGA2,2024,25,713,8,26,230.8,27.1,90.7
Cholera,Nigeria,FCT,FCT LGA2,2024,25,713,8,26,188.6,30.5,92.2
Measles,Nigeria,FCT,FCT LGA1,2024,25,112,6,0,106.2,35.8,37.4
Measles,Nigeria,Kaduna,Kaduna LGA1,2024,25,112,6,0,38.2,29.8,41.5
Measles,Nigeria,Ogun,Ogun LGA2,2024,25,112,6,0,142.1,27.5,46.4
Mpox,Nigeria,Kano,Kano LGA2,2024,25,10,0,0,73.1,27.8,74.5
Mpox,Nigeria,Kano,Kano LGA2,2024,25,10,0,0,116.8,25.9,46.6
Mpox,Nigeria,FCT,FCT LGA1,2024,25,10,0,0,95.2,31.7,24.8
AFP,Nigeria,Rivers,Rivers LGA2,2024,25,162,0,0,53.4,27.4,44.6
AFP,Nigeria,Oyo,Oyo LGA2,2024,25,162,0,0,27.2,37.5,27.0
AFP,Nigeria,FCT,FCT LGA1,2024,25,162,0,0,76.8,30.6,26.0
Lassa Fever,Nigeria,Rivers,Rivers LGA1,2024,36,87,7,1,52.3,36.4,85.0
Lassa Fever,Nigeria,Kano,Kano LGA2,2024,36,87,7,1,19.9,36.6,53.2
Lassa Fever,Nigeria,Rivers,Rivers LGA1,2024,36,87,7,1,21.1,33.6,20.6
CSM,Nigeria,FCT,FCT LGA1,2024,36,0,0,0,151.0,27.2,75.7
CSM,Nigeria,Rivers,Rivers LGA2,2024,36,0,0,0,41.6,33.6,37.0
CSM,Nigeria,Kaduna,Kaduna LGA2,2024,36,0,0,0,74.0,24.4,40.2
Yellow Fever,Nigeria,Kaduna,Kaduna LGA1,2024,36,70,2,0,88.5,33.2,69.3
Yellow Fever,Nigeria,Oyo,Oyo LGA1,2024,36,70,2,0,155.7,31.4,55.9
Yellow Fever,Nigeria,Kaduna,Kaduna LGA1,2024,36,70,2,0,64.9,32.7,26.9
Cholera,Nigeria,Enugu,Enugu LGA2,2024,36,729,11,30,229.4,27.8,89.9
Cholera,Nigeria,Lagos,Lagos LGA1,2024,36,729,11,30,232.4,30.0,92.2
Cholera,Nigeria,Kano,Kano LGA1,2024,36,729,11,30,179.6,28.2,93.8
Measles,Nigeria,Oyo,Oyo LGA1,2024,36,148,15,0,173.7,34.3,50.7
Measles,Nigeria,Kano,Kano LGA1,2024,36,148,15,0,111.3,33.4,56.1
Measles,Nigeria,Oyo,Oyo LGA2,2024,36,148,15,0,116.8,25.2,50.8
Mpox,Nigeria,FCT,FCT LGA2,2024,36,35,2,0,36.9,29.1,24.3
Mpox,Nigeria,Ogun,Ogun LGA2,2024,36,35,2,0,71.6,27.5,34.7
Mpox,Nigeria,Kaduna,Kaduna LGA2,2024,36,35,2,0,93.6,30.8,54.4
AFP,Nigeria,Lagos,Lagos LGA2,2024,36,93,0,0,92.0,24.4,89.1
AFP,Nigeria,Kaduna,Kaduna LGA1,2024,36,93,0,0,158.1,25.2,41.4
AFP,Nigeria,Kaduna,Kaduna LGA2,2024,36,93,0,0,179.7,30.8,27.4
Lassa Fever,Nigeria,Lagos,Lagos LGA1,2024,37,115,5,1,175.8,25.4,58.6
Lassa Fever,Nigeria,FCT,FCT LGA2,2024,37,115,5,1,92.8,31.5,43.3
Lassa Fever,Nigeria,Ogun,Ogun LGA2,2024,37,115,5,1,93.6,34.2,72.7
CSM,Nigeria,Kaduna,Kaduna LGA2,2024,37,0,0,0,6.2,37.8,23.0
CSM,Nigeria,Kano,Kano LGA1,2024,37,0,0,0,158.6,35.7,86.0
CSM,Nigeria,Oyo,Oyo LGA1,2024,37,0,0,0,125.1,35.9,69.0
Yellow Fever,Nigeria,Enugu,Enugu LGA2,2024,37,43,0,0,34.1,35.7,67.8
Yellow Fever,Nigeria,Kaduna,Kaduna LGA1,2024,37,43,0,0,144.3,34.2,51.8
Yellow Fever,Nigeria,Oyo,Oyo LGA2,2024,37,43,0,0,136.0,26.7,45.7
Cholera,Nigeria,Kano,Kano LGA1,2024,37,1228,68,73,135.0,31.0,92.8
Cholera,Nigeria,Lagos,Lagos LGA1,2024,37,1228,68,73,145.1,27.3,93.4
Cholera,Nigeria,FCT,FCT LGA1,2024,37,1228,68,73,139.2,29.4,82.2
Measles,Nigeria,Kaduna,Kaduna LGA1,2024,37,151,29,0,90.8,26.0,88.7
Measles,Nigeria,Kano,Kano LGA2,2024,37,151,29,0,175.9,24.3,80.7
Measles,Nigeria,Ogun,Ogun LGA2,2024,37,151,29,0,90.3,28.7,56.0
Mpox,Nigeria,Oyo,Oyo LGA2,2024,37,30,4,0,109.5,34.3,30.4
Mpox,Nigeria,Rivers,Rivers LGA1,2024,37,30,4,0,6.4,31.1,29.5
Mpox,Nigeria,Kano,Kano LGA2,2024,37,30,4,0,116.1,36.7,88.4
AFP,Nigeria,Rivers,Rivers LGA1,2024,37,93,0,0,57.8,24.7,47.2
AFP,Nigeria,Lagos,Lagos LGA1,2024,37,93,0,0,103.7,24.4,50.1
AFP,Nigeria,Kano,Kano LGA2,2024,37,93,0,0,68.3,35.4,26.3
Lassa Fever,Nigeria,Kaduna,Kaduna LGA2,2024,38,70,4,1,25.3,33.5,88.8
Lassa Fever,Nigeria,FCT,FCT LGA2,2024,38,70,4,1,103.3,28.5,88.2
Lassa Fever,Nigeria,Lagos,Lagos LGA2,2024,38,70,4,1,168.1,33.4,32.4
CSM,Nigeria,Enugu,Enugu LGA2,2024,38,0,0,0,21.7,32.0,74.5
CSM,Nigeria,FCT,FCT LGA2,2024,38,0,0,0,62.1,34.3,63.3
CSM,Nigeria,FCT,FCT LGA1,2024,38,0,0,0,115.4,25.9,33.6
Yellow Fever,Nigeria,Rivers,Rivers LGA2,2024,38,41,0,0,156.0,36.1,60.6
Yellow Fever,Nigeria,Lagos,Lagos LGA1,2024,38,41,0,0,136.8,29.9,78.4
Yellow Fever,Nigeria,FCT,FCT LGA2,2024,38,41,0,0,138.8,30.8,57.3
Cholera,Nigeria,Ogun,Ogun LGA1,2024,38,1323,39,51,169.3,28.6,79.7
Cholera,Nigeria,Kaduna,Kaduna LGA1,2024,38,1323,39,51,212.5,27.1,91.0
Cholera,Nigeria,FCT,FCT LGA2,2024,38,1323,39,51,160.3,27.5,93.4
Measles,Nigeria,FCT,FCT LGA2,2024,38,121,9,0,139.7,25.3,20.2
Measles,Nigeria,Enugu,Enugu LGA2,2024,38,121,9,0,94.9,26.7,37.5
Measles,Nigeria,Ogun,Ogun LGA1,2024,38,121,9,0,17.5,30.4,83.1
Mpox,Nigeria,Lagos,Lagos LGA1,2024,38,27,0,0,97.0,27.9,64.3
Mpox,Nigeria,Ogun,Ogun LGA1,2024,38,27,0,0,101.0,32.0,29.0
Mpox,Nigeria,Lagos,Lagos LGA1,2024,38,27,0,0,143.5,34.8,58.8
AFP,Nigeria,Oyo,Oyo LGA2,2024,38,88,0,0,141.1,28.0,68.5
AFP,Nigeria,Kaduna,Kaduna LGA2,2024,38,88,0,0,137.8,31.2,46.5
AFP,Nigeria,Enugu,Enugu LGA1,2024,38,88,0,0,81.8,24.1,86.3
Lassa Fever,Nigeria,Enugu,Enugu LGA1,2024,39,90,9,1,37.8,33.5,64.0
Lassa Fever,Nigeria,Lagos,Lagos LGA1,2024,39,90,9,1,116.3,26.2,78.9
Lassa Fever,Nigeria,Kano,Kano LGA1,2024,39,90,9,1,20.5,24.5,69.3
CSM,Nigeria,Enugu,Enugu LGA2,2024,39,0,0,0,109.1,37.3,29.4
CSM,Nigeria,Lagos,Lagos LGA2,2024,39,0,0,0,120.9,24.5,70.7
CSM,Nigeria,Ogun,Ogun LGA1,2024,39,0,0,0,140.2,31.1,85.1
Yellow Fever,Nigeria,Enugu,Enugu LGA1,2024,39,13,0,0,122.7,36.6,71.0
Yellow Fever,Nigeria,Oyo,Oyo LGA1,2024,39,13,0,0,138.4,29.7,24.7
Yellow Fever,Nigeria,Kaduna,Kaduna LGA1,2024,39,13,0,0,18.3,32.9,23.8
Cholera,Nigeria,Enugu,Enugu LGA1,2024,39,1452,42,73,237.5,27.3,85.8
Cholera,Nigeria,FCT,FCT LGA2,2024,39,1452,42,73,207.5,27.4,76.1
Cholera,Nigeria,FCT,FCT LGA2,2024,39,1452,42,73,174.9,29.9,82.2
Measles,Nigeria,Ogun,Ogun LGA2,2024,39,108,19,0,43.0,31.8,24.3
Measles,Nigeria,Lagos,Lagos LGA1,2024,39,108,19,0,96.9,27.7,87.4
Measles,Nigeria,Ogun,Ogun LGA2,2024,39,108,19,0,6.3,38.0,48.5
Mpox,Nigeria,Kano,Kano LGA1,2024,39,27,1,0,130.2,26.9,82.2
Mpox,Nigeria,Kaduna,Kaduna LGA2,2024,39,27,1,0,135.3,33.1,86.7
Mpox,Nigeria,FCT,FCT LGA1,2024,39,27,1,0,26.9,35.8,48.3
AFP,Nigeria,Ogun,Ogun LGA1,2024,39,70,0,0,90.0,27.7,69.4
AFP,Nigeria,Ogun,Ogun LGA1,2024,39,70,0,0,38.6,35.7,20.1
AFP,Nigeria,Oyo,Oyo LGA1,2024,39,70,0,0,145.6,27.9,46.0
Lassa Fever,Nigeria,Kano,Kano LGA1,2025,40,119,13,4,89.8,36.1,82.7
Lassa Fever,Nigeria,Enugu,Enugu LGA1,2025,40,119,13,4,107.0,27.3,45.7
Lassa Fever,Nigeria,Oyo,Oyo LGA1,2025,40,119,13,4,44.1,28.9,27.9
CSM,Nigeria,Rivers,Rivers LGA2,2025,40,62,0,4,14.6,33.0,23.6
CSM,Nigeria,FCT,FCT LGA1,2025,40,62,0,4,40.9,31.5,77.6
CSM,Nigeria,Oyo,Oyo LGA2,2025,40,62,0,4,152.6,27.8,38.8
Yellow Fever,Nigeria,Ogun,Ogun LGA1,2025,40,46,0,0,125.9,25.6,45.2
Yellow Fever,Nigeria,Kano,Kano LGA2,2025,40,46,0,0,149.5,24.5,51.1
Yellow Fever,Nigeria,Oyo,Oyo LGA1,2025,40,46,0,0,24.1,29.1,52.5
Cholera,Nigeria,Oyo,Oyo LGA1,2025,40,1137,2,0,190.7,28.0,85.1
Cholera,Nigeria,Enugu,Enugu LGA2,2025,40,1137,2,0,158.3,30.7,94.3
Cholera,Nigeria,Kaduna,Kaduna LGA1,2025,40,1137,2,0,188.5,28.6,94.4
Measles,Nigeria,Rivers,Rivers LGA1,2025,40,70,15,0,56.6,27.3,32.4
Measles,Nigeria,Enugu,Enugu LGA2,2025,40,70,15,0,80.5,34.0,54.3
Measles,Nigeria,Enugu,Enugu LGA1,2025,40,70,15,0,84.3,30.3,45.3
Mpox,Nigeria,FCT,FCT LGA2,2025,40,22,1,0,47.2,37.4,43.4
Mpox,Nigeria,Ogun,Ogun LGA1,2025,40,22,1,0,165.1,25.0,54.5
Mpox,Nigeria,Enugu,Enugu LGA2,2025,40,22,1,0,5.1,29.5,65.9
AFP,Nigeria,Lagos,Lagos LGA2,2025,40,157,1,2,177.6,30.6,76.2
AFP,Nigeria,Enugu,Enugu LGA1,2025,40,157,1,2,121.4,26.2,77.9
AFP,Nigeria,Rivers,Rivers LGA1,2025,40,157,1,2,10.8,27.1,72.1
COVID-19,Nigeria,FCT,FCT LGA1,2025,40,34,0,0,174.3,36.2,65.2
COVID-19,Nigeria,Kano,Kano LGA2,2025,40,34,0,0,98.1,36.5,34.0
COVID-19,Nigeria,Lagos,Lagos LGA2,2025,40,34,0,0,166.4,34.0,54.1
Diphtheria,Nigeria,Rivers,Rivers LGA1,2025,40,394,346,16,118.0,33.9,82.4
Diphtheria,Nigeria,FCT,FCT LGA1,2025,40,394,346,16,8.8,37.4,76.4
Diphtheria,Nigeria,Enugu,Enugu LGA2,2025,40,394,346,16,13.8,32.0,72.5
Lassa Fever,Nigeria,Lagos,Lagos LGA1,2025,41,115,11,2,5.0,30.5,87.4
Lassa Fever,Nigeria,Lagos,Lagos LGA1,2025,41,115,11,2,98.1,36.2,68.3
Lassa Fever,Nigeria,Kaduna,Kaduna LGA2,2025,41,115,11,2,125.7,33.0,75.6
CSM,Nigeria,Ogun,Ogun LGA1,2025,41,6,0,0,7.5,28.2,51.5
CSM,Nigeria,Oyo,Oyo LGA2,2025,41,6,0,0,43.8,35.4,60.3
CSM,Nigeria,Kano,Kano LGA1,2025,41,6,0,0,164.2,34.0,59.6
Yellow Fever,Nigeria,Oyo,Oyo LGA2,2025,41,45,0,0,52.4,26.7,76.0
Yellow Fever,Nigeria,FCT,FCT LGA2,2025,41,45,0,0,81.7,31.9,28.6
Yellow Fever,Nigeria,Rivers,Rivers LGA2,2025,41,45,0,0,18.2,30.4,60.4
Cholera,Nigeria,FCT,FCT LGA2,2025,41,690,0,18,140.0,30.8,80.0
Cholera,Nigeria,Kaduna,Kaduna LGA1,2025,41,690,0,18,215.9,27.6,81.0
Cholera,Nigeria,Enugu,Enugu LGA1,2025,41,690,0,18,248.8,28.9,79.3
Measles,Nigeria,Kaduna,Kaduna LGA2,2025,41,45,4,0,125.3,31.4,45.3
Measles,Nigeria,Kano,Kano LGA2,2025,41,45,4,0,177.8,29.5,48.4
Measles,Nigeria,Oyo,Oyo LGA2,2025,41,45,4,0,149.7,36.2,32.3
Mpox,Nigeria,Enugu,Enugu LGA1,2025,41,38,5,0,152.3,35.0,27.4
Mpox,Nigeria,Oyo,Oyo LGA2,2025,41,38,5,0,17.9,36.7,24.6
Mpox,Nigeria,Enugu,Enugu LGA1,2025,41,38,5,0,153.6,30.3,32.7
AFP,Nigeria,Kaduna,Kaduna LGA1,2025,41,144,0,0,78.2,29.3,69.2
AFP,Nigeria,Kaduna,Kaduna LGA2,2025,41,144,0,0,167.9,28.6,30.0
AFP,Nigeria,Rivers,Rivers LGA1,2025,41,144,0,0,7.4,30.0,67.1
COVID-19,Nigeria,FCT,FCT LGA1,2025,41,83,0,0,136.2,35.0,54.6
COVID-19,Nigeria,Kano,Kano LGA2,2025,41,83,0,0,172.8,36.2,30.6
COVID-19,Nigeria,Enugu,Enugu LGA2,2025,41,83,0,0,114.1,36.5,84.5
Diphtheria,Nigeria,Kaduna,Kaduna LGA2,2025,41,389,333,16,110.5,35.7,47.8
Diphtheria,Nigeria,FCT,FCT LGA1,2025,41,389,333,16,106.2,26.0,51.5
Diphtheria,Nigeria,Enugu,Enugu LGA2,2025,41,389,333,16,6.6,37.0,25.3
Lassa Fever,Nigeria,Kaduna,Kaduna LGA1,2025,42,118,8,1,43.5,27.3,82.7
Lassa Fever,Nigeria,Enugu,Enugu LGA2,2025,42,118,8,1,111.4,28.7,42.9
Lassa Fever,Nigeria,Rivers,Rivers LGA2,2025,42,118,8,1,64.0,31.2,32.5
CSM,Nigeria,Rivers,Rivers LGA2,2025,42,6,0,0,124.1,30.7,38.8
CSM,Nigeria,Kano,Kano LGA2,2025,42,6,0,0,110.8,24.3,57.8
CSM,Nigeria,FCT,FCT LGA2,2025,42,6,0,0,129.3,25.7,29.6
Yellow Fever,Nigeria,Kaduna,Kaduna LGA1,2025,42,42,0,0,75.0,35.7,38.1
Yellow Fever,Nigeria,Oyo,Oyo LGA2,2025,42,42,0,0,166.8,34.6,34.5
Yellow Fever,Nigeria,Kaduna,Kaduna LGA1,2025,42,42,0,0,149.4,29.7,52.2
Cholera,Nigeria,Enugu,Enugu LGA1,2025,42,233,0,1,197.6,28.6,93.6
Cholera,Nigeria,Lagos,Lagos LGA2,2025,42,233,0,1,172.8,27.5,82.8
Cholera,Nigeria,Lagos,Lagos LGA1,2025,42,233,0,1,229.4,27.1,82.8
Measles,Nigeria,Kano,Kano LGA2,2025,42,20,1,0,150.8,29.5,63.8
Measles,Nigeria,Ogun,Ogun LGA1,2025,42,20,1,0,51.8,31.1,75.6
Measles,Nigeria,Oyo,Oyo LGA1,2025,42,20,1,0,67.8,30.6,24.5
Mpox,Nigeria,Kano,Kano LGA1,2025,42,20,4,0,69.2,30.6,27.9
Mpox,Nigeria,Lagos,Lagos LGA1,2025,42,20,4,0,176.2,26.1,76.7
Mpox,Nigeria,Enugu,Enugu LGA1,2025,42,20,4,0,146.8,34.8,74.4
AFP,Nigeria,Rivers,Rivers LGA1,2025,42,165,1,0,142.9,29.4,35.5
AFP,Nigeria,Enugu,Enugu LGA2,2025,42,165,1,0,68.9,33.0,87.1
AFP,Nigeria,Kaduna,Kaduna LGA2,2025,42,165,1,0,159.8,37.5,54.9
COVID-19,Nigeria,Rivers,Rivers LGA2,2025,42,106,0,0,131.1,30.2,36.7
COVID-19,Nigeria,FCT,FCT LGA1,2025,42,106,0,0,52.1,36.4,63.4
COVID-19,Nigeria,Ogun,Ogun LGA2,2025,42,106,0,0,173.3,27.5,31.9
Diphtheria,Nigeria,Oyo,Oyo LGA2,2025,42,380,299,22,43.1,29.6,41.9
Diphtheria,Nigeria,Rivers,Rivers LGA1,2025,42,380,299,22,140.0,24.1,46.6
Diphtheria,Nigeria,Ogun,Ogun LGA1,2025,42,380,299,22,127.8,28.9,38.9
Lassa Fever,Nigeria,Enugu,Enugu LGA2,2025,43,99,11,1,121.1,26.3,60.5
Lassa Fever,Nigeria,Kano,Kano LGA2,2025,43,99,11,1,85.9,26.7,75.4
Lassa Fever,Nigeria,Kano,Kano LGA1,2025,43,99,11,1,60.8,26.4,40.2
CSM,Nigeria,Rivers,Rivers LGA1,2025,43,3,0,0,83.4,28.8,44.6
CSM,Nigeria,FCT,FCT LGA1,2025,43,3,0,0,134.2,27.9,76.7
CSM,Nigeria,Kano,Kano LGA2,2025,43,3,0,0,103.4,35.0,75.8
Yellow Fever,Nigeria,Rivers,Rivers LGA2,2025,43,50,0,0,59.8,34.1,39.3
Yellow Fever,Nigeria,Kano,Kano LGA2,2025,43,50,0,0,37.1,32.1,29.6
Yellow Fever,Nigeria,Enugu,Enugu LGA1,2025,43,50,0,0,120.0,32.5,52.1
Cholera,Nigeria,Oyo,Oyo LGA2,2025,43,246,0,5,213.1,30.5,85.9
Cholera,Nigeria,Lagos,Lagos LGA2,2025,43,246,0,5,134.9,30.5,84.6
Cholera,Nigeria,Enugu,Enugu LGA2,2025,43,246,0,5,207.7,29.4,75.2
Measles,Nigeria,Ogun,Ogun LGA2,2025,43,8,0,0,92.6,26.3,28.9
Measles,Nigeria,Oyo,Oyo LGA1,2025,43,8,0,0,105.7,31.0,29.0
Measles,Nigeria,Rivers,Rivers LGA2,2025,43,8,0,0,124.3,37.6,21.6
Mpox,Nigeria,Enugu,Enugu LGA2,2025,43,24,10,0,74.6,28.1,31.9
Mpox,Nigeria,Kaduna,Kaduna LGA2,2025,43,24,10,0,153.6,37.0,40.5
Mpox,Nigeria,Lagos,Lagos LGA1,2025,43,24,10,0,51.9,32.3,46.4
AFP,Nigeria,Oyo,Oyo LGA2,2025,43,121,0,1,166.5,32.1,54.7
AFP,Nigeria,Kaduna,Kaduna LGA1,2025,43,121,0,1,170.7,28.6,39.8
AFP,Nigeria,Kano,Kano LGA1,2025,43,121,0,1,10.1,26.3,77.6
COVID-19,Nigeria,Ogun,Ogun LGA2,2025,43,0,0,0,174.5,36.2,38.7
COVID-19,Nigeria,Kano,Kano LGA1,2025,43,0,0,0,47.6,34.8,47.8
COVID-19,Nigeria,Rivers,Rivers LGA1,2025,43,0,0,0,172.1,28.1,52.9
Diphtheria,Nigeria,Oyo,Oyo LGA1,2025,43,336,283,18,114.3,25.4,63.7
Diphtheria,Nigeria,Ogun,Ogun LGA1,2025,43,336,283,18,121.3,24.0,36.4
Diphtheria,Nigeria,Enugu,Enugu LGA2,2025,43,336,283,18,160.9,25.4,41.2
Lassa Fever,Nigeria,Ogun,Ogun LGA2,2025,44,96,12,1,68.0,25.1,51.1
Lassa Fever,Nigeria,Kaduna,Kaduna LGA2,2025,44,96,12,1,72.6,30.3,39.5
Lassa Fever,Nigeria,Enugu,Enugu LGA1,2025,44,96,12,1,20.6,24.2,50.6
CSM,Nigeria,Kaduna,Kaduna LGA2,2025,44,1,0,0,99.4,29.0,34.2
CSM,Nigeria,Lagos,Lagos LGA2,2025,44,1,0,0,132.8,26.0,21.8
CSM,Nigeria,Kaduna,Kaduna LGA1,2025,44,1,0,0,82.1,36.9,27.5
Yellow Fever,Nigeria,Oyo,Oyo LGA2,2025,44,34,0,0,94.6,26.9,54.2
Yellow Fever,Nigeria,Ogun,Ogun LGA1,2025,44,34,0,0,79.7,33.5,26.3
Yellow Fever,Nigeria,Enugu,Enugu LGA1,2025,44,34,0,0,143.9,32.9,79.1
Cholera,Nigeria,Ogun,Ogun LGA1,2025,44,125,2,8,229.5,27.7,77.2
Cholera,Nigeria,Rivers,Rivers LGA2,2025,44,125,2,8,191.9,27.5,83.1
Cholera,Nigeria,Kaduna,Kaduna LGA1,2025,44,125,2,8,173.0,28.9,88.3
Measles,Nigeria,Kano,Kano LGA1,2025,44,0,0,0,153.0,30.8,46.6
Measles,Nigeria,Oyo,Oyo LGA1,2025,44,0,0,0,63.8,37.6,49.4
Measles,Nigeria,Ogun,Ogun LGA2,2025,44,0,0,0,100.4,31.8,35.4
Mpox,Nigeria,Rivers,Rivers LGA1,2025,44,38,6,0,48.4,35.0,21.6
Mpox,Nigeria,Ogun,Ogun LGA1,2025,44,38,6,0,85.9,34.7,23.6
Mpox,Nigeria,Enugu,Enugu LGA2,2025,44,38,6,0,29.4,28.9,62.1
AFP,Nigeria,Kano,Kano LGA1,2025,44,108,0,0,9.5,25.3,20.7
AFP,Nigeria,Lagos,Lagos LGA1,2025,44,108,0,0,12.5,28.0,32.7
AFP,Nigeria,Ogun,Ogun LGA2,2025,44,108,0,0,152.3,37.0,26.7
COVID-19,Nigeria,Rivers,Rivers LGA1,2025,44,149,1,0,164.7,34.6,67.3
COVID-19,Nigeria,Rivers,Rivers LGA2,2025,44,149,1,0,102.9,35.9,38.2
COVID-19,Nigeria,FCT,FCT LGA1,2025,44,149,1,0,110.8,24.5,62.4
Diphtheria,Nigeria,FCT,FCT LGA2,2025,44,116,99,4,14.9,36.3,61.8
Diphtheria,Nigeria,Enugu,Enugu LGA1,2025,44,116,99,4,55.5,28.5,75.8
Diphtheria,Nigeria,Oyo,Oyo LGA2,2025,44,116,99,4,27.0,36.7,39.4
Lassa Fever,Nigeria,Oyo,Oyo LGA2,2025,45,84,10,1,91.8,27.0,35.5
Lassa Fever,Nigeria,Rivers,Rivers LGA2,2025,45,84,10,1,38.3,36.7,50.1
Lassa Fever,Nigeria,Ogun,Ogun LGA2,2025,45,84,10,1,146.8,29.8,33.9
CSM,Nigeria,Ogun,Ogun LGA1,2025,45,1,0,0,70.1,26.5,28.1
CSM,Nigeria,Kano,Kano LGA1,2025,45,1,0,0,28.9,32.4,55.4
CSM,Nigeria,Oyo,Oyo LGA1,2025,45,1,0,0,43.8,32.4,35.8
Yellow Fever,Nigeria,Rivers,Rivers LGA1,2025,45,15,0,0,24.2,26.2,21.1
Yellow Fever,Nigeria,Oyo,Oyo LGA1,2025,45,15,0,0,18.8,26.9,38.8
Yellow Fever,Nigeria,Kano,Kano LGA2,2025,45,15,0,0,9.4,25.6,30.9
Cholera,Nigeria,Oyo,Oyo LGA2,2025,45,39,0,0,171.2,29.9,84.7
Cholera,Nigeria,Enugu,Enugu LGA1,2025,45,39,0,0,154.5,27.3,77.5
Cholera,Nigeria,Lagos,Lagos LGA2,2025,45,39,0,0,147.9,30.3,94.0
Measles,Nigeria,Rivers,Rivers LGA1,2025,45,0,0,0,123.6,27.4,24.7
Measles,Nigeria,Kano,Kano LGA1,2025,45,0,0,0,50.5,31.3,48.4
Measles,Nigeria,Kaduna,Kaduna LGA1,2025,45,0,0,0,18.8,37.8,58.8
Mpox,Nigeria,Kaduna,Kaduna LGA1,2025,45,48,18,0,28.6,30.5,55.0
Mpox,Nigeria,Kano,Kano LGA2,2025,45,48,18,0,175.3,37.0,58.9
Mpox,Nigeria,Kaduna,Kaduna LGA1,2025,45,48,18,0,19.0,32.8,60.4
AFP,Nigeria,Oyo,Oyo LGA2,2025,45,111,0,1,57.7,29.7,32.4
AFP,Nigeria,Oyo,Oyo LGA1,2025,45,111,0,1,137.9,33.2,26.6
AFP,Nigeria,Oyo,Oyo LGA2,2025,45,111,0,1,151.5,32.0,51.4
COVID-19,Nigeria,Lagos,Lagos LGA1,2025,45,0,0,0,80.0,26.5,70.7
COVID-19,Nigeria,Enugu,Enugu LGA1,2025,45,0,0,0,126.5,32.7,65.9
COVID-19,Nigeria,FCT,FCT LGA2,2025,45,0,0,0,82.9,30.2,79.1
Diphtheria,Nigeria,Lagos,Lagos LGA1,2025,45,145,118,1,30.8,27.3,53.7
Diphtheria,Nigeria,FCT,FCT LGA1,2025,45,145,118,1,51.1,26.4,48.3
Diphtheria,Nigeria,Ogun,Ogun LGA2,2025,45,145,118,1,17.4,27.4,26.7
Lassa Fever,Nigeria,FCT,FCT LGA2,2025,46,126,19,0,75.4,37.6,84.2
Lassa Fever,Nigeria,Kano,Kano LGA1,2025,46,126,19,0,105.2,31.0,74.5
Lassa Fever,Nigeria,Ogun,Ogun LGA2,2025,46,126,19,0,174.4,34.2,25.7
CSM,Nigeria,Kaduna,Kaduna LGA2,2025,46,4,0,0,129.1,25.8,29.5
CSM,Nigeria,Kano,Kano LGA1,2025,46,4,0,0,160.8,30.2,69.4
CSM,Nigeria,Lagos,Lagos LGA2,2025,46,4,0,0,31.1,35.3,68.8
Yellow Fever,Nigeria,Kano,Kano LGA2,2025,46,36,0,0,60.3,36.2,44.0
Yellow Fever,Nigeria,Enugu,Enugu LGA2,2025,46,36,0,0,34.4,24.8,58.8
Yellow Fever,Nigeria,Oyo,Oyo LGA1,2025,46,36,0,0,127.0,26.2,39.4
Cholera,Nigeria,Oyo,Oyo LGA1,2025,46,94,0,0,156.3,27.5,87.7
Cholera,Nigeria,Lagos,Lagos LGA2,2025,46,94,0,0,203.1,27.5,83.7
Cholera,Nigeria,Ogun,Ogun LGA1,2025,46,94,0,0,247.5,28.6,79.5
Measles,Nigeria,Oyo,Oyo LGA2,2025,46,15,0,0,179.4,36.6,77.6
Measles,Nigeria,Kano,Kano LGA2,2025,46,15,0,0,94.2,30.5,49.3
Measles,Nigeria,Rivers,Rivers LGA1,2025,46,15,0,0,44.9,30.3,64.4
Mpox,Nigeria,Ogun,Ogun LGA1,2025,46,24,1,0,117.9,30.8,50.4
Mpox,Nigeria,Ogun,Ogun LGA1,2025,46,24,1,0,41.4,28.2,86.3
Mpox,Nigeria,FCT,FCT LGA2,2025,46,24,1,0,86.0,31.5,74.0
AFP,Nigeria,Rivers,Rivers LGA2,2025,46,133,0,1,88.6,37.7,51.4
AFP,Nigeria,FCT,FCT LGA1,2025,46,133,0,1,87.1,25.9,74.7
AFP,Nigeria,Oyo,Oyo LGA2,2025,46,133,0,1,143.4,31.2,25.3
COVID-19,Nigeria,FCT,FCT LGA2,2025,46,26,0,0,16.2,35.2,32.8
COVID-19,Nigeria,Kaduna,Kaduna LGA1,2025,46,26,0,0,97.9,30.3,58.1
COVID-19,Nigeria,FCT,FCT LGA2,2025,46,26,0,0,137.4,27.7,38.5
Diphtheria,Nigeria,Kano,Kano LGA1,2025,46,874,738,24,65.4,29.0,31.2
Diphtheria,Nigeria,Ogun,Ogun LGA1,2025,46,874,738,24,97.3,26.2,39.3
Diphtheria,Nigeria,Lagos,Lagos LGA2,2025,46,874,738,24,39.7,29.1,27.9
Lassa Fever,Nigeria,Lagos,Lagos LGA1,2025,47,119,17,0,69.5,34.8,21.2
Lassa Fever,Nigeria,Kaduna,Kaduna LGA1,2025,47,119,17,0,166.9,30.4,33.1
Lassa Fever,Nigeria,Lagos,Lagos LGA1,2025,47,119,17,0,24.7,33.4,49.3
CSM,Nigeria,Kaduna,Kaduna LGA2,2025,47,0,0,0,168.3,37.4,40.6
CSM,Nigeria,FCT,FCT LGA2,2025,47,0,0,0,172.1,33.8,50.4
CSM,Nigeria,Ogun,Ogun LGA2,2025,47,0,0,0,69.6,33.7,27.3
Yellow Fever,Nigeria,Kaduna,Kaduna LGA2,2025,47,47,0,0,95.2,27.0,39.7
Yellow Fever,Nigeria,Ogun,Ogun LGA1,2025,47,47,0,0,144.8,36.3,48.5
Yellow Fever,Nigeria,FCT,FCT LGA1,2025,47,47,0,0,164.4,33.6,75.5
Cholera,Nigeria,Oyo,Oyo LGA2,2025,47,101,0,0,133.2,28.1,77.8
Cholera,Nigeria,Kaduna,Kaduna LGA2,2025,47,101,0,0,228.7,30.7,75.3
Cholera,Nigeria,Ogun,Ogun LGA2,2025,47,101,0,0,215.5,29.1,78.4
Measles,Nigeria,Kano,Kano LGA2,2025,47,2,0,0,66.7,29.1,28.0
Measles,Nigeria,Ogun,Ogun LGA1,2025,47,2,0,0,5.2,26.3,85.0
Measles,Nigeria,Kano,Kano LGA2,2025,47,2,0,0,103.1,32.7,40.1
Mpox,Nigeria,Lagos,Lagos LGA1,2025,47,46,8,0,141.9,28.1,33.6
Mpox,Nigeria,Ogun,Ogun LGA1,2025,47,46,8,0,38.6,25.5,60.2
Mpox,Nigeria,FCT,FCT LGA1,2025,47,46,8,0,144.4,34.8,39.8
AFP,Nigeria,Rivers,Rivers LGA1,2025,47,174,0,0,21.2,24.7,53.6
AFP,Nigeria,Kano,Kano LGA1,2025,47,174,0,0,166.7,37.2,84.9
AFP,Nigeria,Kaduna,Kaduna LGA2,2025,47,174,0,0,179.3,26.2,43.2
COVID-19,Nigeria,Kaduna,Kaduna LGA1,2025,47,27,0,0,90.6,32.1,24.4
COVID-19,Nigeria,Kaduna,Kaduna LGA2,2025,47,27,0,0,135.0,30.7,33.2
COVID-19,Nigeria,FCT,FCT LGA2,2025,47,27,0,0,95.5,32.1,74.6
Diphtheria,Nigeria,FCT,FCT LGA1,2025,47,736,679,29,105.7,28.9,81.4
Diphtheria,Nigeria,Kaduna,Kaduna LGA2,2025,47,736,679,29,137.7,24.1,32.7
Diphtheria,Nigeria,Oyo,Oyo LGA2,2025,47,736,679,29,138.2,34.0,48.0
Lassa Fever,Nigeria,Kaduna,Kaduna LGA1,2025,48,97,24,0,89.6,29.2,58.7
Lassa Fever,Nigeria,Ogun,Ogun LGA1,2025,48,97,24,0,127.0,29.9,59.2
Lassa Fever,Nigeria,Oyo,Oyo LGA2,2025,48,97,24,0,25.4,28.2,79.9
CSM,Nigeria,Oyo,Oyo LGA2,2025,48,7,0,1,154.4,29.9,29.4
CSM,Nigeria,Rivers,Rivers LGA2,2025,48,7,0,1,153.2,28.5,54.7
CSM,Nigeria,Kano,Kano LGA1,2025,48,7,0,1,131.7,26.9,52.9
Yellow Fever,Nigeria,Oyo,Oyo LGA1,2025,48,35,0,0,9.1,33.8,47.9
Yellow Fever,Nigeria,Enugu,Enugu LGA1,2025,48,35,0,0,18.3,29.6,39.6
Yellow Fever,Nigeria,Oyo,Oyo LGA1,2025,48,35,0,0,173.9,30.1,62.3
Cholera,Nigeria,FCT,FCT LGA1,2025,48,135,0,2,190.1,27.6,75.7
Cholera,Nigeria,Rivers,Rivers LGA2,2025,48,135,0,2,173.5,27.2,94.3
Cholera,Nigeria,Kano,Kano LGA1,2025,48,135,0,2,156.6,29.6,83.3
Measles,Nigeria,Ogun,Ogun LGA1,2025,48,86,0,0,174.9,25.3,82.5
Measles,Nigeria,Ogun,Ogun LGA2,2025,48,86,0,0,125.6,29.9,73.1
Measles,Nigeria,Enugu,Enugu LGA2,2025,48,86,0,0,169.1,31.0,85.7
Mpox,Nigeria,Lagos,Lagos LGA1,2025,48,48,9,0,127.7,30.9,60.1
Mpox,Nigeria,Kaduna,Kaduna LGA1,2025,48,48,9,0,131.3,28.2,35.3
Mpox,Nigeria,FCT,FCT LGA2,2025,48,48,9,0,21.7,30.8,43.9
AFP,Nigeria,Kaduna,Kaduna LGA1,2025,48,98,1,0,90.3,34.5,65.1
AFP,Nigeria,Lagos,Lagos LGA1,2025,48,98,1,0,14.5,33.1,57.2
AFP,Nigeria,Kaduna,Kaduna LGA1,2025,48,98,1,0,90.3,25.7,71.4
COVID-19,Nigeria,Rivers,Rivers LGA1,2025,48,22,0,0,130.9,28.2,71.5
COVID-19,Nigeria,Kaduna,Kaduna LGA2,2025,48,22,0,0,146.4,29.1,50.6
COVID-19,Nigeria,Rivers,Rivers LGA1,2025,48,22,0,0,38.8,30.6,40.8
Diphtheria,Nigeria,Kano,Kano LGA2,2025,48,644,584,13,82.1,37.7,64.3
Diphtheria,Nigeria,Ogun,Ogun LGA1,2025,48,644,584,13,42.5,24.2,46.7
Diphtheria,Nigeria,Kaduna,Kaduna LGA2,2025,48,644,584,13,177.5,26.2,81.4
Lassa Fever,Nigeria,FCT,FCT LGA2,2025,49,145,34,0,146.4,26.1,32.2
Lassa Fever,Nigeria,Lagos,Lagos LGA2,2025,49,145,34,0,61.1,37.1,27.4
Lassa Fever,Nigeria,Enugu,Enugu LGA1,2025,49,145,34,0,31.6,33.8,55.5
CSM,Nigeria,Lagos,Lagos LGA2,2025,49,4,0,1,158.2,27.6,34.3
CSM,Nigeria,Enugu,Enugu LGA1,2025,49,4,0,1,17.3,25.2,64.5
CSM,Nigeria,Oyo,Oyo LGA2,2025,49,4,0,1,160.1,26.8,31.9
Yellow Fever,Nigeria,Enugu,Enugu LGA2,2025,49,20,0,0,15.1,37.1,70.5
Yellow Fever,Nigeria,Ogun,Ogun LGA2,2025,49,20,0,0,98.1,35.1,39.2
Yellow Fever,Nigeria,Rivers,Rivers LGA2,2025,49,20,0,0,97.7,24.9,75.4
Cholera,Nigeria,Rivers,Rivers LGA1,2025,49,141,0,2,207.3,27.9,91.6
Cholera,Nigeria,Enugu,Enugu LGA1,2025,49,141,0,2,120.8,30.2,84.1
Cholera,Nigeria,Ogun,Ogun LGA2,2025,49,141,0,2,123.7,30.4,85.2
Measles,Nigeria,Oyo,Oyo LGA1,2025,49,94,0,0,153.7,32.4,71.5
Measles,Nigeria,Rivers,Rivers LGA2,2025,49,94,0,0,6.2,33.2,76.7
Measles,Nigeria,Ogun,Ogun LGA2,2025,49,94,0,0,30.2,36.6,35.3
Mpox,Nigeria,FCT,FCT LGA1,2025,49,16,3,0,178.3,32.1,20.1
Mpox,Nigeria,Rivers,Rivers LGA1,2025,49,16,3,0,87.0,32.6,78.6
Mpox,Nigeria,Oyo,Oyo LGA1,2025,49,16,3,0,66.3,32.2,43.9
AFP,Nigeria,Rivers,Rivers LGA1,2025,49,72,0,2,32.3,30.9,74.6
AFP,Nigeria,Ogun,Ogun LGA1,2025,49,72,0,2,161.9,27.0,38.7
AFP,Nigeria,Kaduna,Kaduna LGA1,2025,49,72,0,2,144.6,35.8,87.0
COVID-19,Nigeria,Kaduna,Kaduna LGA2,2025,49,9,0,0,43.6,37.2,41.1
COVID-19,Nigeria,Ogun,Ogun LGA2,2025,49,9,0,0,178.6,35.6,89.5
COVID-19,Nigeria,Kaduna,Kaduna LGA2,2025,49,9,0,0,169.2,31.5,69.1
Diphtheria,Nigeria,Enugu,Enugu LGA1,2025,49,551,512,8,94.1,25.3,43.1
Diphtheria,Nigeria,FCT,FCT LGA1,2025,49,551,512,8,135.7,26.8,83.0
Diphtheria,Nigeria,Oyo,Oyo LGA1,2025,49,551,512,8,54.7,37.9,31.3
Lassa Fever,Nigeria,Enugu,Enugu LGA2,2025,50,123,28,0,141.5,26.9,57.7
Lassa Fever,Nigeria,Oyo,Oyo LGA1,2025,50,123,28,0,177.9,37.4,84.2
Lassa Fever,Nigeria,Kano,Kano LGA2,2025,50,123,28,0,171.9,33.8,27.3
CSM,Nigeria,Enugu,Enugu LGA1,2025,50,15,0,4,74.9,36.5,71.5
CSM,Nigeria,Kano,Kano LGA1,2025,50,15,0,4,22.4,28.5,71.1
CSM,Nigeria,Lagos,Lagos LGA2,2025,50,15,0,4,31.4,24.8,76.9
Yellow Fever,Nigeria,Kano,Kano LGA1,2025,50,2,0,0,113.7,25.7,45.6
Yellow Fever,Nigeria,Kaduna,Kaduna LGA2,2025,50,2,0,0,28.9,31.8,42.8
Yellow Fever,Nigeria,Enugu,Enugu LGA1,2025,50,2,0,0,128.7,37.3,33.7
Cholera,Nigeria,Lagos,Lagos LGA2,2025,50,125,1,0,128.6,29.1,90.2
Cholera,Nigeria,Oyo,Oyo LGA2,2025,50,125,1,0,171.9,28.8,89.7
Cholera,Nigeria,FCT,FCT LGA1,2025,50,125,1,0,201.3,29.4,93.0
Measles,Nigeria,Rivers,Rivers LGA1,2025,50,31,0,0,68.6,35.3,72.6
Measles,Nigeria,Lagos,Lagos LGA1,2025,50,31,0,0,46.1,34.4,49.3
Measles,Nigeria,Rivers,Rivers LGA1,2025,50,31,0,0,141.1,27.2,35.2
Mpox,Nigeria,Oyo,Oyo LGA1,2025,50,33,3,0,111.8,33.2,45.3
Mpox,Nigeria,Oyo,Oyo LGA1,2025,50,33,3,0,149.6,36.9,22.8
Mpox,Nigeria,Rivers,Rivers LGA2,2025,50,33,3,0,6.2,27.8,21.5
AFP,Nigeria,Rivers,Rivers LGA1,2025,50,59,0,0,79.4,29.9,55.8
AFP,Nigeria,Enugu,Enugu LGA2,2025,50,59,0,0,141.7,32.7,58.8
AFP,Nigeria,Kano,Kano LGA1,2025,50,59,0,0,137.4,31.8,28.9
COVID-19,Nigeria,Ogun,Ogun LGA1,2025,50,8,0,0,130.5,34.4,36.9
COVID-19,Nigeria,Ogun,Ogun LGA1,2025,50,8,0,0,102.1,36.2,65.2
COVID-19,Nigeria,Rivers,Rivers LGA2,2025,50,8,0,0,152.6,26.6,50.8
Diphtheria,Nigeria,Rivers,Rivers LGA2,2025,50,444,422,3,148.4,31.4,26.5
Diphtheria,Nigeria,Rivers,Rivers LGA2,2025,50,444,422,3,129.4,34.9,58.5
Diphtheria,Nigeria,FCT,FCT LGA1,2025,50,444,422,3,131.1,31.1,78.7
Lassa Fever,Nigeria,Oyo,Oyo LGA1,2025,51,117,23,0,86.3,24.5,84.7
Lassa Fever,Nigeria,Kaduna,Kaduna LGA1,2025,51,117,23,0,122.0,30.8,73.8
Lassa Fever,Nigeria,Ogun,Ogun LGA2,2025,51,117,23,0,68.4,30.5,73.0
CSM,Nigeria,Oyo,Oyo LGA1,2025,51,26,0,4,73.2,24.5,71.9
CSM,Nigeria,Enugu,Enugu LGA2,2025,51,26,0,4,67.7,35.0,55.7
CSM,Nigeria,FCT,FCT LGA1,2025,51,26,0,4,127.7,24.2,33.6
Yellow Fever,Nigeria,Rivers,Rivers LGA1,2025,51,0,0,0,53.2,30.0,60.1
Yellow Fever,Nigeria,Kaduna,Kaduna LGA2,2025,51,0,0,0,178.4,33.9,47.5
Yellow Fever,Nigeria,Kano,Kano LGA1,2025,51,0,0,0,6.6,30.9,80.5
Cholera,Nigeria,Enugu,Enugu LGA1,2025,51,11,2,0,148.7,30.0,75.5
Cholera,Nigeria,FCT,FCT LGA1,2025,51,11,2,0,190.2,30.2,93.6
Cholera,Nigeria,Kaduna,Kaduna LGA2,2025,51,11,2,0,171.6,30.0,94.4
Measles,Nigeria,Enugu,Enugu LGA2,2025,51,6,0,0,6.3,34.6,36.1
Measles,Nigeria,FCT,FCT LGA2,2025,51,6,0,0,112.9,32.4,56.6
Measles,Nigeria,FCT,FCT LGA1,2025,51,6,0,0,123.0,34.2,34.7
Mpox,Nigeria,Oyo,Oyo LGA1,2025,51,34,4,0,59.4,30.0,60.3
Mpox,Nigeria,Kaduna,Kaduna LGA1,2025,51,34,4,0,42.5,25.5,42.7
Mpox,Nigeria,FCT,FCT LGA1,2025,51,34,4,0,41.4,35.9,25.3
AFP,Nigeria,Enugu,Enugu LGA2,2025,51,18,0,0,78.5,28.1,58.4
AFP,Nigeria,Oyo,Oyo LGA1,2025,51,18,0,0,168.5,31.2,81.8
AFP,Nigeria,Rivers,Rivers LGA1,2025,51,18,0,0,125.2,33.7,87.5
COVID-19,Nigeria,Ogun,Ogun LGA2,2025,51,9,1,0,76.0,24.8,74.0
COVID-19,Nigeria,Kaduna,Kaduna LGA1,2025,51,9,1,0,15.0,30.0,82.7
COVID-19,Nigeria,Rivers,Rivers LGA2,2025,51,9,1,0,173.7,24.9,38.2
Diphtheria,Nigeria,Oyo,Oyo LGA2,2025,51,283,281,4,73.1,29.4,66.6
Diphtheria,Nigeria,Rivers,Rivers LGA2,2025,51,283,281,4,68.0,37.1,74.9
Diphtheria,Nigeria,Ogun,Ogun LGA2,2025,51,283,281,4,44.9,37.1,35.0
Lassa Fever,Nigeria,Lagos,Lagos LGA1,2025,52,101,27,0,47.1,24.5,54.8
Lassa Fever,Nigeria,FCT,FCT LGA1,2025,52,101,27,0,124.8,30.1,55.2
Lassa Fever,Nigeria,Oyo,Oyo LGA1,2025,52,101,27,0,175.4,29.8,26.7
CSM,Nigeria,Rivers,Rivers LGA1,2025,52,8,0,0,50.4,28.5,76.7
CSM,Nigeria,Rivers,Rivers LGA1,2025,52,8,0,0,35.0,28.1,82.6
CSM,Nigeria,Rivers,Rivers LGA2,2025,52,8,0,0,45.3,37.1,70.1
Yellow Fever,Nigeria,Kano,Kano LGA2,2025,52,0,0,0,88.9,35.1,55.4
Yellow Fever,Nigeria,Rivers,Rivers LGA1,2025,52,0,0,0,89.9,25.8,61.2
Yellow Fever,Nigeria,Rivers,Rivers LGA1,2025,52,0,0,0,13.1,37.8,38.5
Cholera,Nigeria,Ogun,Ogun LGA1,2025,52,7,5,0,133.2,30.2,80.6
Cholera,Nigeria,Lagos,Lagos LGA1,2025,52,7,5,0,230.7,30.8,91.6
Cholera,Nigeria,Enugu,Enugu LGA2,2025,52,7,5,0,133.9,27.8,75.1
Measles,Nigeria,Kano,Kano LGA1,2025,52,1,0,0,6.6,29.1,51.4
Measles,Nigeria,Oyo,Oyo LGA1,2025,52,1,0,0,77.3,31.8,30.7
Measles,Nigeria,Kaduna,Kaduna LGA1,2025,52,1,0,0,116.7,34.1,55.6
Mpox,Nigeria,Enugu,Enugu LGA1,2025,52,23,3,0,132.6,25.7,72.2
Mpox,Nigeria,Ogun,Ogun LGA2,2025,52,23,3,0,35.0,25.8,46.2
Mpox,Nigeria,Lagos,Lagos LGA1,2025,52,23,3,0,97.9,33.7,56.2
AFP,Nigeria,Kaduna,Kaduna LGA1,2025,52,0,0,0,126.1,25.3,50.7
AFP,Nigeria,FCT,FCT LGA1,2025,52,0,0,0,14.3,24.2,26.0
AFP,Nigeria,Oyo,Oyo LGA1,2025,52,0,0,0,115.2,26.2,54.8
COVID-19,Nigeria,Lagos,Lagos LGA1,2025,52,0,0,0,93.0,37.0,26.1
COVID-19,Nigeria,Kano,Kano LGA1,2025,52,0,0,0,7.4,32.5,89.6
COVID-19,Nigeria,Kano,Kano LGA1,2025,52,0,0,0,53.0,37.6,49.6
Diphtheria,Nigeria,Kano,Kano LGA1,2025,52,57,57,0,165.6,33.1,62.7
Diphtheria,Nigeria,Ogun,Ogun LGA1,2025,52,57,57,0,52.6,30.8,49.9
Diphtheria,Nigeria,Lagos,Lagos LGA2,2025,52,57,57,0,86.0,25.4,35.1
Lassa Fever,Nigeria,Lagos,Lagos LGA2,2025,1,196,54,10,174.9,35.2,86.9
Lassa Fever,Nigeria,Kano,Kano LGA2,2025,1,196,54,10,174.8,27.1,42.0
Lassa Fever,Nigeria,Ogun,Ogun LGA2,2025,1,196,54,10,106.1,27.3,74.8
CSM,Nigeria,Ogun,Ogun LGA2,2025,1,12,0,0,93.5,26.2,63.9
CSM,Nigeria,Kaduna,Kaduna LGA1,2025,1,12,0,0,118.5,37.3,26.7
CSM,Nigeria,Ogun,Ogun LGA1,2025,1,12,0,0,44.4,37.3,67.1
Yellow Fever,Nigeria,Ogun,Ogun LGA2,2025,1,41,0,0,121.9,33.2,23.0
Yellow Fever,Nigeria,Enugu,Enugu LGA1,2025,1,41,0,0,19.3,37.4,74.5
Yellow Fever,Nigeria,FCT,FCT LGA2,2025,1,41,0,0,11.3,32.2,89.7
Cholera,Nigeria,Enugu,Enugu LGA2,2025,1,17,1,2,206.1,28.1,94.2
Cholera,Nigeria,FCT,FCT LGA1,2025,1,17,1,2,173.8,29.3,87.6
Cholera,Nigeria,Ogun,Ogun LGA2,2025,1,17,1,2,173.8,29.0,75.4
Measles,Nigeria,Ogun,Ogun LGA1,2025,1,73,1,0,111.2,34.1,46.1
Measles,Nigeria,Kano,Kano LGA1,2025,1,73,1,0,154.6,25.6,24.3
Measles,Nigeria,Kano,Kano LGA2,2025,1,73,1,0,147.3,28.8,27.7
Mpox,Nigeria,Ogun,Ogun LGA1,2025,1,54,2,0,125.9,28.3,47.6
Mpox,Nigeria,Ogun,Ogun LGA2,2025,1,54,2,0,21.2,30.1,36.3
Mpox,Nigeria,Rivers,Rivers LGA2,2025,1,54,2,0,29.6,36.3,84.9
AFP,Nigeria,Kano,Kano LGA1,2025,1,79,0,0,107.0,25.0,36.1
AFP,Nigeria,Kaduna,Kaduna LGA1,2025,1,79,0,0,102.7,25.3,84.3
AFP,Nigeria,Rivers,Rivers LGA1,2025,1,79,0,0,93.8,36.0,89.7
Lassa Fever,Nigeria,Kaduna,Kaduna LGA2,2025,2,196,54,10,40.2,31.7,36.5
Lassa Fever,Nigeria,Oyo,Oyo LGA2,2025,2,196,54,10,102.3,27.7,43.3
Lassa Fever,Nigeria,Oyo,Oyo LGA1,2025,2,196,54,10,140.4,25.0,59.4
CSM,Nigeria,Ogun,Ogun LGA1,2025,2,12,0,0,29.9,33.1,34.4
CSM,Nigeria,Ogun,Ogun LGA1,2025,2,12,0,0,97.3,28.7,56.0
CSM,Nigeria,Kaduna,Kaduna LGA2,2025,2,12,0,0,64.7,31.5,34.6
Yellow Fever,Nigeria,Oyo,Oyo LGA1,2025,2,41,0,0,111.5,28.0,52.3
Yellow Fever,Nigeria,Ogun,Ogun LGA2,2025,2,41,0,0,171.3,25.5,80.0
Yellow Fever,Nigeria,Ogun,Ogun LGA2,2025,2,41,0,0,30.2,25.5,53.6
Cholera,Nigeria,Kano,Kano LGA1,2025,2,17,1,2,205.5,27.8,82.0
Cholera,Nigeria,FCT,FCT LGA1,2025,2,17,1,2,179.2,29.7,88.7
Cholera,Nigeria,Rivers,Rivers LGA2,2025,2,17,1,2,180.4,29.4,93.0
Measles,Nigeria,Kano,Kano LGA1,2025,2,73,1,0,114.3,30.7,82.8
Measles,Nigeria,Kano,Kano LGA1,2025,2,73,1,0,13.0,28.4,76.0
Measles,Nigeria,Oyo,Oyo LGA1,2025,2,73,1,0,91.4,29.5,57.4
Mpox,Nigeria,Kaduna,Kaduna LGA2,2025,2,54,2,0,104.8,27.8,42.4
Mpox,Nigeria,FCT,FCT LGA1,2025,2,54,2,0,81.9,30.3,84.4
Mpox,Nigeria,FCT,FCT LGA2,2025,2,54,2,0,50.6,35.0,59.8
AFP,Nigeria,Lagos,Lagos LGA2,2025,2,79,0,0,102.5,31.2,70.8
AFP,Nigeria,Kano,Kano LGA2,2025,2,79,0,0,48.5,28.6,24.4
AFP,Nigeria,Kano,Kano LGA2,2025,2,79,0,0,112.6,29.1,27.2
Lassa Fever,Nigeria,Enugu,Enugu LGA1,2025,3,359,71,17,144.8,32.8,80.5
Lassa Fever,Nigeria,Lagos,Lagos LGA1,2025,3,359,71,17,84.8,31.6,67.4
Lassa Fever,Nigeria,Oyo,Oyo LGA1,2025,3,359,71,17,13.3,36.9,89.4
CSM,Nigeria,Lagos,Lagos LGA1,2025,3,12,0,1,151.7,31.3,27.0
CSM,Nigeria,Enugu,Enugu LGA2,2025,3,12,0,1,41.2,26.9,21.0
CSM,Nigeria,Enugu,Enugu LGA1,2025,3,12,0,1,87.0,25.7,61.5
Yellow Fever,Nigeria,FCT,FCT LGA2,2025,3,60,0,0,161.2,29.8,20.0
Yellow Fever,Nigeria,Rivers,Rivers LGA2,2025,3,60,0,0,133.4,37.0,44.3
Yellow Fever,Nigeria,Kaduna,Kaduna LGA2,2025,3,60,0,0,141.5,24.6,88.5
Cholera,Nigeria,Ogun,Ogun LGA2,2025,3,69,2,4,195.4,27.7,80.2
Cholera,Nigeria,Lagos,Lagos LGA2,2025,3,69,2,4,211.5,28.3,86.1
Cholera,Nigeria,Enugu,Enugu LGA1,2025,3,69,2,4,197.1,28.6,90.4
Measles,Nigeria,Enugu,Enugu LGA2,2025,3,92,27,0,66.6,24.6,55.4
Measles,Nigeria,Kano,Kano LGA1,2025,3,92,27,0,50.2,29.1,89.6
Measles,Nigeria,Lagos,Lagos LGA1,2025,3,92,27,0,74.0,35.8,85.8
Mpox,Nigeria,FCT,FCT LGA2,2025,3,42,6,0,61.6,28.1,73.9
Mpox,Nigeria,Enugu,Enugu LGA2,2025,3,42,6,0,159.1,27.8,28.4
Mpox,Nigeria,Rivers,Rivers LGA2,2025,3,42,6,0,151.0,32.9,56.7
AFP,Nigeria,Lagos,Lagos LGA1,2025,3,76,0,0,152.7,36.8,28.3
AFP,Nigeria,FCT,FCT LGA1,2025,3,76,0,0,170.7,31.6,50.4
AFP,Nigeria,Rivers,Rivers LGA2,2025,3,76,0,0,107.4,36.5,71.1
Lassa Fever,Nigeria,Kano,Kano LGA2,2025,4,328,76,12,41.8,25.1,74.2
Lassa Fever,Nigeria,Lagos,Lagos LGA1,2025,4,328,76,12,75.7,35.2,32.9
Lassa Fever,Nigeria,Kaduna,Kaduna LGA1,2025,4,328,76,12,134.9,29.9,45.9
CSM,Nigeria,Ogun,Ogun LGA1,2025,4,24,5,2,109.7,35.6,68.2
CSM,Nigeria,Kano,Kano LGA1,2025,4,24,5,2,72.9,36.4,50.2
CSM,Nigeria,Rivers,Rivers LGA2,2025,4,24,5,2,91.7,32.4,52.1
Yellow Fever,Nigeria,Enugu,Enugu LGA1,2025,4,72,0,0,60.0,33.4,28.5
Yellow Fever,Nigeria,Enugu,Enugu LGA1,2025,4,72,0,0,55.8,31.4,69.0
Yellow Fever,Nigeria,Ogun,Ogun LGA2,2025,4,72,0,0,173.3,24.7,60.1
Cholera,Nigeria,Lagos,Lagos LGA2,2025,4,27,0,2,148.8,29.3,86.5
Cholera,Nigeria,Kaduna,Kaduna LGA1,2025,4,27,0,2,208.2,27.3,89.5
Cholera,Nigeria,Lagos,Lagos LGA2,2025,4,27,0,2,242.8,28.6,84.2
Measles,Nigeria,Kano,Kano LGA2,2025,4,43,12,0,147.3,24.2,51.9
Measles,Nigeria,Kaduna,Kaduna LGA2,2025,4,43,12,0,173.9,31.7,85.4
Measles,Nigeria,Oyo,Oyo LGA2,2025,4,43,12,0,159.4,24.4,31.6
Mpox,Nigeria,Ogun,Ogun LGA1,2025,4,44,6,0,77.6,27.1,60.6
Mpox,Nigeria,Kaduna,Kaduna LGA1,2025,4,44,6,0,176.7,30.7,23.5
Mpox,Nigeria,Lagos,Lagos LGA1,2025,4,44,6,0,161.6,28.4,43.1
AFP,Nigeria,Lagos,Lagos LGA2,2025,4,25,0,0,127.5,33.5,26.7
AFP,Nigeria,FCT,FCT LGA2,2025,4,25,0,0,23.1,36.1,57.6
AFP,Nigeria,Kano,Kano LGA1,2025,4,25,0,0,173.4,38.0,43.4
CSM,Nigeria,Enugu,Enugu LGA1,2025,5,26,3,2,139.7,27.2,33.9
CSM,Nigeria,Ogun,Ogun LGA2,2025,5,26,3,2,133.7,25.7,56.7
CSM,Nigeria,Rivers,Rivers LGA1,2025,5,26,3,2,110.7,30.4,21.0
Cholera,Nigeria,Oyo,Oyo LGA1,2025,5,140,2,0,157.7,27.1,89.0
Cholera,Nigeria,Kaduna,Kaduna LGA2,2025,5,140,2,0,172.5,28.3,93.5
Cholera,Nigeria,Lagos,Lagos LGA1,2025,5,140,2,0,124.6,27.2,91.0
Measles,Nigeria,Oyo,Oyo LGA2,2025,5,352,79,0,135.8,29.4,76.5
Measles,Nigeria,Rivers,Rivers LGA1,2025,5,352,79,0,75.0,24.1,49.5
Measles,Nigeria,Enugu,Enugu LGA2,2025,5,352,79,0,141.4,36.1,77.5
Mpox,Nigeria,Kano,Kano LGA2,2025,5,52,10,0,6.1,29.0,80.4
Mpox,Nigeria,Oyo,Oyo LGA2,2025,5,52,10,0,153.9,28.0,44.2
Mpox,Nigeria,Enugu,Enugu LGA1,2025,5,52,10,0,135.2,36.6,71.5
AFP,Nigeria,Oyo,Oyo LGA1,2025,5,107,0,0,133.8,34.8,88.5
AFP,Nigeria,Rivers,Rivers LGA2,2025,5,107,0,0,93.3,34.6,21.5
AFP,Nigeria,FCT,FCT LGA1,2025,5,107,0,0,85.2,31.6,86.3
COVID-19,Nigeria,Enugu,Enugu LGA1,2025,5,71,6,0,62.4,29.5,69.4
COVID-19,Nigeria,Enugu,Enugu LGA1,2025,5,71,6,0,76.7,34.5,42.4
COVID-19,Nigeria,Lagos,Lagos LGA2,2025,5,71,6,0,6.0,24.5,48.9
Diphtheria,Nigeria,Ogun,Ogun LGA1,2025,5,148,107,1,96.8,37.7,65.3
Diphtheria,Nigeria,Kaduna,Kaduna LGA2,2025,5,148,107,1,84.5,37.8,31.9
Diphtheria,Nigeria,Enugu,Enugu LGA2,2025,5,148,107,1,13.0,32.3,46.1
Lassa Fever,Nigeria,FCT,FCT LGA2,2025,6,363,54,10,25.3,31.5,88.8
Lassa Fever,Nigeria,Enugu,Enugu LGA1,2025,6,363,54,10,80.4,32.6,59.0
Lassa Fever,Nigeria,Rivers,Rivers LGA1,2025,6,363,54,10,164.8,24.4,31.6
CSM,Nigeria,Kaduna,Kaduna LGA2,2025,6,31,6,4,147.4,37.2,47.4
CSM,Nigeria,Kaduna,Kaduna LGA1,2025,6,31,6,4,15.0,35.8,44.4
CSM,Nigeria,Ogun,Ogun LGA2,2025,6,31,6,4,24.8,26.6,65.8
Yellow Fever,Nigeria,Kaduna,Kaduna LGA1,2025,6,42,0,0,163.9,25.3,63.8
Yellow Fever,Nigeria,Lagos,Lagos LGA2,2025,6,42,0,0,166.7,32.7,86.7
Yellow Fever,Nigeria,FCT,FCT LGA1,2025,6,42,0,0,144.6,25.1,39.8
Cholera,Nigeria,Ogun,Ogun LGA2,2025,6,72,0,3,214.0,28.9,78.8
Cholera,Nigeria,Kano,Kano LGA1,2025,6,72,0,3,240.2,28.4,88.9
Cholera,Nigeria,Ogun,Ogun LGA1,2025,6,72,0,3,173.2,27.2,88.4
Measles,Nigeria,FCT,FCT LGA2,2025,6,293,60,0,108.8,29.2,77.7
Measles,Nigeria,Ogun,Ogun LGA1,2025,6,293,60,0,172.7,37.4,30.7
Measles,Nigeria,Enugu,Enugu LGA2,2025,6,293,60,0,35.6,30.8,44.6
Mpox,Nigeria,Kano,Kano LGA1,2025,6,64,25,1,158.6,31.4,38.6
Mpox,Nigeria,Rivers,Rivers LGA1,2025,6,64,25,1,162.0,28.8,23.8
Mpox,Nigeria,Enugu,Enugu LGA2,2025,6,64,25,1,47.3,28.6,68.1
AFP,Nigeria,Rivers,Rivers LGA1,2025,6,138,0,0,24.2,28.8,40.7
AFP,Nigeria,Kaduna,Kaduna LGA2,2025,6,138,0,0,83.9,31.4,47.2
AFP,Nigeria,Kaduna,Kaduna LGA1,2025,6,138,0,0,66.6,24.1,27.3
COVID-19,Nigeria,Kaduna,Kaduna LGA2,2025,6,51,0,0,52.6,31.6,80.2
COVID-19,Nigeria,Oyo,Oyo LGA2,2025,6,51,0,0,132.2,28.5,75.3
COVID-19,Nigeria,Lagos,Lagos LGA1,2025,6,51,0,0,147.4,38.0,23.9
Diphtheria,Nigeria,Oyo,Oyo LGA1,2025,6,127,98,0,158.7,29.2,68.2
Diphtheria,Nigeria,Kano,Kano LGA2,2025,6,127,98,0,31.3,37.8,37.5
Diphtheria,Nigeria,Lagos,Lagos LGA2,2025,6,127,98,0,72.0,31.7,34.8
Lassa Fever,Nigeria,Kano,Kano LGA2,2025,7,267,38,9,40.6,27.4,61.5
Lassa Fever,Nigeria,Rivers,Rivers LGA2,2025,7,267,38,9,149.3,24.6,68.4
Lassa Fever,Nigeria,Kano,Kano LGA1,2025,7,267,38,9,158.9,37.2,23.9
CSM,Nigeria,Lagos,Lagos LGA2,2025,7,26,2,1,93.6,34.3,33.8
CSM,Nigeria,FCT,FCT LGA1,2025,7,26,2,1,70.7,37.9,85.0
CSM,Nigeria,Kaduna,Kaduna LGA2,2025,7,26,2,1,156.8,29.0,56.9
Yellow Fever,Nigeria,Oyo,Oyo LGA2,2025,7,23,0,0,76.7,35.7,57.0
Yellow Fever,Nigeria,Lagos,Lagos LGA1,2025,7,23,0,0,87.6,36.1,52.8
Yellow Fever,Nigeria,Enugu,Enugu LGA2,2025,7,23,0,0,104.7,31.2,31.2
Cholera,Nigeria,Oyo,Oyo LGA2,2025,7,53,3,5,152.6,29.3,75.2
Cholera,Nigeria,Lagos,Lagos LGA2,2025,7,53,3,5,245.4,27.5,89.2
Cholera,Nigeria,FCT,FCT LGA1,2025,7,53,3,5,185.8,30.0,77.2
Measles,Nigeria,Rivers,Rivers LGA1,2025,7,248,36,0,133.2,38.0,49.1
Measles,Nigeria,Kaduna,Kaduna LGA2,2025,7,248,36,0,70.9,32.8,20.2
Measles,Nigeria,Enugu,Enugu LGA1,2025,7,248,36,0,9.5,28.3,77.1
Mpox,Nigeria,Lagos,Lagos LGA2,2025,7,42,6,1,88.9,26.8,50.5
Mpox,Nigeria,Enugu,Enugu LGA2,2025,7,42,6,1,67.7,33.1,30.1
Mpox,Nigeria,Oyo,Oyo LGA1,2025,7,42,6,1,172.2,32.1,60.7
AFP,Nigeria,Rivers,Rivers LGA2,2025,7,132,0,0,79.7,31.5,21.4
AFP,Nigeria,Kaduna,Kaduna LGA1,2025,7,132,0,0,8.1,28.1,24.8
AFP,Nigeria,Oyo,Oyo LGA1,2025,7,132,0,0,58.9,35.7,45.7
COVID-19,Nigeria,Oyo,Oyo LGA1,2025,7,67,1,0,57.2,35.1,27.3
COVID-19,Nigeria,Rivers,Rivers LGA2,2025,7,67,1,0,83.4,35.9,76.2
COVID-19,Nigeria,Enugu,Enugu LGA1,2025,7,67,1,0,132.9,34.6,31.3
Diphtheria,Nigeria,Oyo,Oyo LGA1,2025,7,128,112,6,158.1,31.8,20.3
Diphtheria,Nigeria,Kaduna,Kaduna LGA2,2025,7,128,112,6,139.7,29.4,86.2
Diphtheria,Nigeria,Oyo,Oyo LGA1,2025,7,128,112,6,87.7,26.1,61.6
Lassa Fever,Nigeria,Oyo,Oyo LGA1,2025,8,314,54,6,131.7,35.3,74.4
Lassa Fever,Nigeria,Enugu,Enugu LGA1,2025,8,314,54,6,114.8,35.0,61.9
Lassa Fever,Nigeria,Ogun,Ogun LGA2,2025,8,314,54,6,83.9,35.8,82.8
CSM,Nigeria,Oyo,Oyo LGA1,2025,8,2,0,0,20.7,27.3,54.3
CSM,Nigeria,Kano,Kano LGA2,2025,8,2,0,0,180.0,25.3,56.7
CSM,Nigeria,FCT,FCT LGA1,2025,8,2,0,0,131.9,37.6,55.0
Yellow Fever,Nigeria,Rivers,Rivers LGA1,2025,8,3,0,0,76.3,34.3,79.7
Yellow Fever,Nigeria,Kano,Kano LGA2,2025,8,3,0,0,96.8,24.9,63.6
Yellow Fever,Nigeria,Enugu,Enugu LGA1,2025,8,3,0,0,127.2,30.8,75.7
Cholera,Nigeria,Ogun,Ogun LGA2,2025,8,18,0,4,128.2,27.9,84.8
Cholera,Nigeria,Oyo,Oyo LGA1,2025,8,18,0,4,136.0,30.9,78.6
Cholera,Nigeria,Kano,Kano LGA1,2025,8,18,0,4,186.6,29.5,88.0
Measles,Nigeria,Ogun,Ogun LGA2,2025,8,76,2,0,73.5,34.4,39.7
Measles,Nigeria,FCT,FCT LGA1,2025,8,76,2,0,127.1,32.0,70.5
Measles,Nigeria,FCT,FCT LGA2,2025,8,76,2,0,169.3,24.2,21.0
Mpox,Nigeria,Enugu,Enugu LGA2,2025,8,47,7,0,106.9,24.5,66.5
Mpox,Nigeria,Oyo,Oyo LGA1,2025,8,47,7,0,98.8,25.6,80.3
Mpox,Nigeria,Kaduna,Kaduna LGA2,2025,8,47,7,0,158.4,35.4,54.1
AFP,Nigeria,Ogun,Ogun LGA2,2025,8,67,0,0,108.8,31.0,50.8
AFP,Nigeria,Enugu,Enugu LGA1,2025,8,67,0,0,24.6,34.8,75.3
AFP,Nigeria,Rivers,Rivers LGA1,2025,8,67,0,0,165.9,28.5,69.5
COVID-19,Nigeria,Kaduna,Kaduna LGA1,2025,8,42,0,0,143.1,27.7,50.2
COVID-19,Nigeria,Rivers,Rivers LGA1,2025,8,42,0,0,39.0,24.6,57.0
COVID-19,Nigeria,FCT,FCT LGA1,2025,8,42,0,0,17.9,36.0,71.9
Diphtheria,Nigeria,FCT,FCT LGA2,2025,8,111,96,9,135.1,24.2,34.7
Diphtheria,Nigeria,Oyo,Oyo LGA1,2025,8,111,96,9,24.7,27.4,41.1
Diphtheria,Nigeria,Enugu,Enugu LGA2,2025,8,111,96,9,134.5,28.5,78.9
Lassa Fever,Nigeria,Enugu,Enugu LGA2,2025,10,232,28,3,67.5,32.3,87.2
Lassa Fever,Nigeria,Oyo,Oyo LGA1,2025,10,232,28,3,62.8,30.8,87.3
Lassa Fever,Nigeria,Rivers,Rivers LGA1,2025,10,232,28,3,97.4,32.5,38.5
CSM,Nigeria,Enugu,Enugu LGA1,2025,10,309,11,36,86.5,24.7,77.4
CSM,Nigeria,Rivers,Rivers LGA1,2025,10,309,11,36,155.8,33.0,80.7
CSM,Nigeria,Ogun,Ogun LGA2,2025,10,309,11,36,65.1,36.5,73.7
Yellow Fever,Nigeria,Oyo,Oyo LGA1,2025,10,19,0,0,117.6,33.1,30.0
Yellow Fever,Nigeria,Kano,Kano LGA1,2025,10,19,0,0,35.4,28.7,60.8
Yellow Fever,Nigeria,Oyo,Oyo LGA2,2025,10,19,0,0,109.5,30.1,32.3
Cholera,Nigeria,Kaduna,Kaduna LGA1,2025,10,21,2,0,187.0,29.9,91.4
Cholera,Nigeria,FCT,FCT LGA1,2025,10,21,2,0,142.5,28.7,87.3
Cholera,Nigeria,FCT,FCT LGA1,2025,10,21,2,0,174.6,27.2,89.4
Measles,Nigeria,Enugu,Enugu LGA2,2025,10,285,50,0,169.3,32.3,77.4
Measles,Nigeria,Ogun,Ogun LGA2,2025,10,285,50,0,17.4,37.8,55.9
Measles,Nigeria,Oyo,Oyo LGA1,2025,10,285,50,0,60.2,28.2,53.0
Mpox,Nigeria,Oyo,Oyo LGA1,2025,10,48,9,0,47.2,29.8,38.9
Mpox,Nigeria,FCT,FCT LGA2,2025,10,48,9,0,102.5,35.5,56.7
Mpox,Nigeria,Ogun,Ogun LGA2,2025,10,48,9,0,123.1,36.1,81.0
AFP,Nigeria,Ogun,Ogun LGA1,2025,10,166,0,0,114.0,31.7,58.5
AFP,Nigeria,Kaduna,Kaduna LGA2,2025,10,166,0,0,72.6,34.1,82.2
AFP,Nigeria,Ogun,Ogun LGA1,2025,10,166,0,0,92.8,34.1,64.1
COVID-19,Nigeria,FCT,FCT LGA2,2025,10,46,1,0,73.3,34.9,65.7
COVID-19,Nigeria,Enugu,Enugu LGA2,2025,10,46,1,0,35.4,31.4,86.7
COVID-19,Nigeria,Enugu,Enugu LGA2,2025,10,46,1,0,25.2,29.8,28.9
Diphtheria,Nigeria,Kaduna,Kaduna LGA1,2025,10,108,54,6,25.0,28.0,79.9
Diphtheria,Nigeria,FCT,FCT LGA1,2025,10,108,54,6,163.5,30.6,88.9
Diphtheria,Nigeria,Kano,Kano LGA1,2025,10,108,54,6,161.6,24.8,62.1
Lassa Fever,Nigeria,FCT,FCT LGA1,2025,11,262,40,10,90.6,28.5,80.9
Lassa Fever,Nigeria,Kano,Kano LGA2,2025,11,262,40,10,102.0,28.9,64.7
Lassa Fever,Nigeria,Kaduna,Kaduna LGA1,2025,11,262,40,10,80.6,26.1,67.8
CSM,Nigeria,Ogun,Ogun LGA1,2025,11,571,37,43,77.2,33.6,45.8
CSM,Nigeria,Kaduna,Kaduna LGA1,2025,11,571,37,43,123.0,26.5,34.5
CSM,Nigeria,Rivers,Rivers LGA2,2025,11,571,37,43,171.3,32.1,83.2
Yellow Fever,Nigeria,Kaduna,Kaduna LGA2,2025,11,3,0,0,110.0,30.2,89.8
Yellow Fever,Nigeria,Kaduna,Kaduna LGA2,2025,11,3,0,0,171.8,27.5,31.7
Yellow Fever,Nigeria,Rivers,Rivers LGA1,2025,11,3,0,0,23.5,38.0,85.4
Cholera,Nigeria,Ogun,Ogun LGA2,2025,11,21,2,0,198.7,29.8,81.2
Cholera,Nigeria,Kaduna,Kaduna LGA2,2025,11,21,2,0,133.1,28.3,80.8
Cholera,Nigeria,Enugu,Enugu LGA2,2025,11,21,2,0,222.2,28.4,87.3
Measles,Nigeria,Ogun,Ogun LGA2,2025,11,222,26,0,76.8,29.2,33.8
Measles,Nigeria,Ogun,Ogun LGA2,2025,11,222,26,0,40.7,25.3,64.7
Measles,Nigeria,Kano,Kano LGA1,2025,11,222,26,0,81.7,32.0,68.2
Mpox,Nigeria,Kaduna,Kaduna LGA1,2025,11,53,10,0,89.3,37.4,81.4
Mpox,Nigeria,Rivers,Rivers LGA2,2025,11,53,10,0,60.0,31.8,73.8
Mpox,Nigeria,Oyo,Oyo LGA1,2025,11,53,10,0,29.9,35.2,68.5
AFP,Nigeria,FCT,FCT LGA1,2025,11,131,0,0,143.0,34.6,86.4
AFP,Nigeria,Ogun,Ogun LGA2,2025,11,131,0,0,89.9,30.7,43.7
AFP,Nigeria,Kano,Kano LGA1,2025,11,131,0,0,76.5,36.1,48.6
COVID-19,Nigeria,Enugu,Enugu LGA2,2025,11,56,2,0,45.8,26.3,28.3
COVID-19,Nigeria,Ogun,Ogun LGA2,2025,11,56,2,0,57.4,37.1,37.4
COVID-19,Nigeria,Kaduna,Kaduna LGA2,2025,11,56,2,0,166.0,32.7,34.9
Diphtheria,Nigeria,Enugu,Enugu LGA2,2025,11,33,7,2,45.9,24.5,35.4
Diphtheria,Nigeria,Rivers,Rivers LGA1,2025,11,33,7,2,140.2,24.6,84.5
Diphtheria,Nigeria,Lagos,Lagos LGA2,2025,11,33,7,2,72.6,34.8,86.6
Lassa Fever,Nigeria,Lagos,Lagos LGA1,2025,12,242,41,6,179.3,31.3,33.6
Lassa Fever,Nigeria,Enugu,Enugu LGA2,2025,12,242,41,6,51.1,34.9,61.4
Lassa Fever,Nigeria,Kaduna,Kaduna LGA1,2025,12,242,41,6,86.4,31.9,77.8
CSM,Nigeria,Lagos,Lagos LGA1,2025,12,535,38,31,154.3,25.4,43.4
CSM,Nigeria,FCT,FCT LGA2,2025,12,535,38,31,119.2,30.9,43.0
CSM,Nigeria,Kaduna,Kaduna LGA1,2025,12,535,38,31,83.9,29.4,33.1
Yellow Fever,Nigeria,Lagos,Lagos LGA2,2025,12,44,0,0,75.3,28.5,36.5
Yellow Fever,Nigeria,Kano,Kano LGA2,2025,12,44,0,0,67.1,27.1,83.8
Yellow Fever,Nigeria,FCT,FCT LGA2,2025,12,44,0,0,15.8,27.3,50.9
Cholera,Nigeria,Lagos,Lagos LGA1,2025,12,19,0,0,194.4,30.8,89.7
Cholera,Nigeria,Enugu,Enugu LGA2,2025,12,19,0,0,190.6,30.0,79.4
Cholera,Nigeria,Kaduna,Kaduna LGA2,2025,12,19,0,0,222.8,30.5,79.0
Measles,Nigeria,Oyo,Oyo LGA1,2025,12,78,11,0,93.7,26.2,66.1
Measles,Nigeria,Oyo,Oyo LGA1,2025,12,78,11,0,104.1,29.8,68.9
Measles,Nigeria,Ogun,Ogun LGA2,2025,12,78,11,0,167.5,33.5,27.7
Mpox,Nigeria,FCT,FCT LGA2,2025,12,39,7,0,102.0,24.1,31.9
Mpox,Nigeria,FCT,FCT LGA2,2025,12,39,7,0,58.1,24.9,39.4
Mpox,Nigeria,Enugu,Enugu LGA1,2025,12,39,7,0,153.6,29.4,26.1
AFP,Nigeria,Kaduna,Kaduna LGA2,2025,12,107,0,0,116.5,36.2,85.1
AFP,Nigeria,Lagos,Lagos LGA2,2025,12,107,0,0,30.6,31.6,61.5
AFP,Nigeria,Rivers,Rivers LGA1,2025,12,107,0,0,68.3,32.3,25.8
COVID-19,Nigeria,Enugu,Enugu LGA1,2025,12,62,2,0,13.8,34.2,67.6
COVID-19,Nigeria,Rivers,Rivers LGA1,2025,12,62,2,0,67.4,30.0,75.4
COVID-19,Nigeria,Kaduna,Kaduna LGA2,2025,12,62,2,0,67.4,32.5,88.8
Diphtheria,Nigeria,Enugu,Enugu LGA2,2025,12,18,3,2,38.0,26.5,27.4
Diphtheria,Nigeria,Kaduna,Kaduna LGA1,2025,12,18,3,2,170.6,31.9,36.8
Diphtheria,Nigeria,Kano,Kano LGA2,2025,12,18,3,2,144.2,29.6,24.0
Lassa Fever,Nigeria,Kaduna,Kaduna LGA1,2025,13,315,14,3,13.4,36.1,34.5
Lassa Fever,Nigeria,Ogun,Ogun LGA2,2025,13,315,14,3,159.1,30.3,39.5
Lassa Fever,Nigeria,Ogun,Ogun LGA1,2025,13,315,14,3,147.0,24.4,46.9
CSM,Nigeria,Kano,Kano LGA1,2025,13,372,30,27,14.8,31.5,71.5
CSM,Nigeria,Kano,Kano LGA1,2025,13,372,30,27,162.7,36.1,57.4
CSM,Nigeria,Lagos,Lagos LGA2,2025,13,372,30,27,37.9,33.4,75.5
Yellow Fever,Nigeria,Kano,Kano LGA1,2025,13,31,0,0,135.0,31.0,61.3
Yellow Fever,Nigeria,Kaduna,Kaduna LGA2,2025,13,31,0,0,103.2,30.9,61.6
Yellow Fever,Nigeria,Ogun,Ogun LGA2,2025,13,31,0,0,131.3,33.3,49.0
Cholera,Nigeria,Kano,Kano LGA2,2025,13,2,0,0,242.9,27.3,94.8
Cholera,Nigeria,Ogun,Ogun LGA1,2025,13,2,0,0,246.7,29.5,90.7
Cholera,Nigeria,Kano,Kano LGA1,2025,13,2,0,0,156.0,29.1,84.8
Measles,Nigeria,FCT,FCT LGA1,2025,13,218,39,0,27.8,32.3,69.2
Measles,Nigeria,FCT,FCT LGA2,2025,13,218,39,0,45.6,24.8,69.7
Measles,Nigeria,Kano,Kano LGA1,2025,13,218,39,0,97.5,32.3,87.6
Mpox,Nigeria,Enugu,Enugu LGA1,2025,13,41,3,1,65.1,28.6,82.7
Mpox,Nigeria,Kaduna,Kaduna LGA1,2025,13,41,3,1,12.1,28.0,54.2
Mpox,Nigeria,Lagos,Lagos LGA2,2025,13,41,3,1,169.6,35.0,25.6
AFP,Nigeria,Lagos,Lagos LGA2,2025,13,33,0,0,162.6,37.2,79.0
AFP,Nigeria,Ogun,Ogun LGA2,2025,13,33,0,0,140.2,25.6,34.2
AFP,Nigeria,Rivers,Rivers LGA1,2025,13,33,0,0,100.2,27.6,89.1
COVID-19,Nigeria,Rivers,Rivers LGA1,2025,13,30,0,0,104.7,26.0,68.9
COVID-19,Nigeria,Ogun,Ogun LGA2,2025,13,30,0,0,28.5,35.4,76.5
COVID-19,Nigeria,Rivers,Rivers LGA1,2025,13,30,0,0,149.2,26.1,50.6
Diphtheria,Nigeria,Enugu,Enugu LGA1,2025,13,71,33,5,26.3,34.4,59.7
Diphtheria,Nigeria,Kaduna,Kaduna LGA1,2025,13,71,33,5,125.1,29.6,84.0
Diphtheria,Nigeria,FCT,FCT LGA2,2025,13,71,33,5,110.8,26.7,89.7
Lassa Fever,Nigeria,Kaduna,Kaduna LGA1,2025,9,236,29,5,100.2,34.1,75.0
Lassa Fever,Nigeria,Rivers,Rivers LGA2,2025,9,236,29,5,93.0,33.1,35.5
Lassa Fever,Nigeria,Lagos,Lagos LGA1,2025,9,236,29,5,52.3,36.1,56.4
CSM,Nigeria,Kaduna,Kaduna LGA1,2025,9,188,7,28,9.5,28.2,69.7
CSM,Nigeria,Rivers,Rivers LGA2,2025,9,188,7,28,170.1,25.5,68.1
CSM,Nigeria,Enugu,Enugu LGA2,2025,9,188,7,28,145.4,34.0,71.6
Yellow Fever,Nigeria,Kaduna,Kaduna LGA1,2025,9,47,0,0,54.9,36.2,60.3
Yellow Fever,Nigeria,Oyo,Oyo LGA1,2025,9,47,0,0,66.4,37.5,21.0
Yellow Fever,Nigeria,Enugu,Enugu LGA2,2025,9,47,0,0,48.3,28.4,54.9
Cholera,Nigeria,Enugu,Enugu LGA1,2025,9,5,3,0,157.8,28.4,88.1
Cholera,Nigeria,Ogun,Ogun LGA1,2025,9,5,3,0,205.3,29.1,81.7
Cholera,Nigeria,Enugu,Enugu LGA2,2025,9,5,3,0,196.7,29.0,80.6
Measles,Nigeria,Ogun,Ogun LGA1,2025,9,436,80,0,154.5,32.0,63.8
Measles,Nigeria,FCT,FCT LGA1,2025,9,436,80,0,105.0,33.7,71.7
Measles,Nigeria,Kaduna,Kaduna LGA2,2025,9,436,80,0,62.9,24.2,70.0
Mpox,Nigeria,Enugu,Enugu LGA1,2025,9,47,13,0,111.2,30.8,85.6
Mpox,Nigeria,Lagos,Lagos LGA1,2025,9,47,13,0,88.4,31.8,22.1
Mpox,Nigeria,Kano,Kano LGA1,2025,9,47,13,0,30.3,34.5,47.7
AFP,Nigeria,Kano,Kano LGA1,2025,9,181,0,0,87.2,31.6,27.9
AFP,Nigeria,FCT,FCT LGA2,2025,9,181,0,0,40.4,36.4,72.9
AFP,Nigeria,Enugu,Enugu LGA1,2025,9,181,0,0,94.2,24.6,88.7
COVID-19,Nigeria,Oyo,Oyo LGA2,2025,9,75,3,0,105.4,34.4,22.7
COVID-19,Nigeria,Enugu,Enugu LGA2,2025,9,75,3,0,137.3,24.4,27.9
COVID-19,Nigeria,Lagos,Lagos LGA2,2025,9,75,3,0,66.5,25.0,85.2
Diphtheria,Nigeria,Kaduna,Kaduna LGA2,2025,9,98,89,8,98.2,32.9,61.5
Diphtheria,Nigeria,Oyo,Oyo LGA2,2025,9,98,89,8,71.7,30.4,77.9
Diphtheria,Nigeria,Oyo,Oyo LGA2,2025,9,98,89,8,141.4,34.3,88.1
Lassa Fever,Nigeria,FCT,FCT LGA2,2025,14,246,15,5,139.3,37.9,88.2
Lassa Fever,Nigeria,Lagos,Lagos LGA2,2025,14,246,15,5,72.0,26.8,84.2
Lassa Fever,Nigeria,Rivers,Rivers LGA2,2025,14,246,15,5,83.5,24.3,64.6
CSM,Nigeria,Kaduna,Kaduna LGA1,2025,14,387,32,21,159.6,28.0,38.8
CSM,Nigeria,Rivers,Rivers LGA2,2025,14,387,32,21,165.5,29.3,82.2
CSM,Nigeria,Enugu,Enugu LGA2,2025,14,387,32,21,159.7,31.3,51.2
Yellow Fever,Nigeria,Rivers,Rivers LGA2,2025,14,54,0,0,9.6,26.3,35.4
Yellow Fever,Nigeria,Rivers,Rivers LGA2,2025,14,54,0,0,147.9,28.7,23.2
Yellow Fever,Nigeria,Oyo,Oyo LGA1,2025,14,54,0,0,65.5,27.7,74.1
Cholera,Nigeria,Oyo,Oyo LGA2,2025,14,50,1,1,179.7,28.9,90.4
Cholera,Nigeria,Lagos,Lagos LGA2,2025,14,50,1,1,148.8,30.8,85.6
Cholera,Nigeria,FCT,FCT LGA2,2025,14,50,1,1,141.5,29.0,87.9
Measles,Nigeria,Lagos,Lagos LGA1,2025,14,257,54,0,55.4,38.0,80.0
Measles,Nigeria,Kano,Kano LGA1,2025,14,257,54,0,173.7,28.6,27.9
Measles,Nigeria,FCT,FCT LGA1,2025,14,257,54,0,106.7,37.5,66.8
Mpox,Nigeria,Ogun,Ogun LGA2,2025,14,49,16,0,102.0,25.5,50.8
Mpox,Nigeria,Oyo,Oyo LGA2,2025,14,49,16,0,147.6,33.4,26.7
Mpox,Nigeria,Rivers,Rivers LGA1,2025,14,49,16,0,94.7,28.4,28.5
AFP,Nigeria,Enugu,Enugu LGA2,2025,14,12,0,0,7.7,33.0,48.2
AFP,Nigeria,Rivers,Rivers LGA1,2025,14,12,0,0,69.6,34.3,88.1
AFP,Nigeria,Ogun,Ogun LGA2,2025,14,12,0,0,37.4,29.4,28.8
COVID-19,Nigeria,Rivers,Rivers LGA2,2025,14,71,0,0,77.3,37.0,45.4
COVID-19,Nigeria,FCT,FCT LGA2,2025,14,71,0,0,99.2,25.0,87.5
COVID-19,Nigeria,FCT,FCT LGA2,2025,14,71,0,0,145.0,29.3,51.5
Diphtheria,Nigeria,Lagos,Lagos LGA2,2025,14,91,81,5,111.0,29.5,31.8
Diphtheria,Nigeria,Lagos,Lagos LGA2,2025,14,91,81,5,17.9,32.1,33.9
Diphtheria,Nigeria,Oyo,Oyo LGA2,2025,14,91,81,5,77.2,36.8,24.4
Lassa Fever,Nigeria,Oyo,Oyo LGA2,2025,15,231,12,1,48.1,27.5,30.8
Lassa Fever,Nigeria,Rivers,Rivers LGA2,2025,15,231,12,1,154.1,35.4,75.0
Lassa Fever,Nigeria,Lagos,Lagos LGA1,2025,15,231,12,1,93.6,29.0,60.7
CSM,Nigeria,Enugu,Enugu LGA2,2025,15,334,12,15,112.3,28.5,38.0
CSM,Nigeria,Rivers,Rivers LGA2,2025,15,334,12,15,72.8,29.8,58.8
CSM,Nigeria,Lagos,Lagos LGA2,2025,15,334,12,15,148.8,25.6,26.1
Yellow Fever,Nigeria,Ogun,Ogun LGA1,2025,15,47,0,0,114.5,30.4,84.8
Yellow Fever,Nigeria,Lagos,Lagos LGA2,2025,15,47,0,0,144.6,34.3,58.9
Yellow Fever,Nigeria,Rivers,Rivers LGA2,2025,15,47,0,0,166.2,35.9,43.9
Cholera,Nigeria,Ogun,Ogun LGA2,2025,15,50,1,1,126.5,29.5,78.5
Cholera,Nigeria,Oyo,Oyo LGA2,2025,15,50,1,1,181.8,28.7,86.8
Cholera,Nigeria,Lagos,Lagos LGA2,2025,15,50,1,1,243.6,28.5,80.4
Measles,Nigeria,Kaduna,Kaduna LGA2,2025,15,248,65,0,30.2,31.8,42.2
Measles,Nigeria,FCT,FCT LGA2,2025,15,248,65,0,129.7,26.6,30.5
Measles,Nigeria,Lagos,Lagos LGA2,2025,15,248,65,0,120.9,24.1,69.8
Mpox,Nigeria,Oyo,Oyo LGA1,2025,15,22,6,0,94.7,34.6,69.7
Mpox,Nigeria,Lagos,Lagos LGA2,2025,15,22,6,0,22.5,24.3,51.3
Mpox,Nigeria,Enugu,Enugu LGA2,2025,15,22,6,0,31.5,26.7,43.7
AFP,Nigeria,Rivers,Rivers LGA2,2025,15,121,0,0,56.9,32.6,75.4
AFP,Nigeria,Ogun,Ogun LGA2,2025,15,121,0,0,66.4,38.0,55.8
AFP,Nigeria,FCT,FCT LGA2,2025,15,121,0,0,70.1,37.8,41.8
COVID-19,Nigeria,Kano,Kano LGA2,2025,15,45,0,0,66.9,28.7,62.7
COVID-19,Nigeria,Kaduna,Kaduna LGA2,2025,15,45,0,0,48.5,24.9,38.7
COVID-19,Nigeria,FCT,FCT LGA1,2025,15,45,0,0,138.7,28.3,69.5
Diphtheria,Nigeria,Ogun,Ogun LGA1,2025,15,73,60,1,68.9,24.2,52.9
Diphtheria,Nigeria,Kaduna,Kaduna LGA1,2025,15,73,60,1,45.5,37.3,67.8
Diphtheria,Nigeria,FCT,FCT LGA1,2025,15,73,60,1,166.4,34.6,22.2
Lassa Fever,Nigeria,Kaduna,Kaduna LGA2,2025,16,258,10,3,26.5,26.2,27.3
Lassa Fever,Nigeria,Lagos,Lagos LGA2,2025,16,258,10,3,48.0,37.7,63.4
Lassa Fever,Nigeria,Rivers,Rivers LGA1,2025,16,258,10,3,177.7,34.7,29.1
CSM,Nigeria,Kano,Kano LGA1,2025,16,319,25,13,26.8,38.0,28.6
CSM,Nigeria,FCT,FCT LGA2,2025,16,319,25,13,11.9,33.1,50.4
CSM,Nigeria,Lagos,Lagos LGA1,2025,16,319,25,13,15.0,31.5,81.2
Yellow Fever,Nigeria,Kaduna,Kaduna LGA2,2025,16,40,0,0,155.7,26.0,21.5
Yellow Fever,Nigeria,Kano,Kano LGA1,2025,16,40,0,0,7.2,29.4,77.4
Yellow Fever,Nigeria,Lagos,Lagos LGA1,2025,16,40,0,0,6.4,26.7,54.5
Cholera,Nigeria,Lagos,Lagos LGA1,2025,16,52,0,2,201.0,30.0,76.0
Cholera,Nigeria,Oyo,Oyo LGA2,2025,16,52,0,2,215.8,27.1,81.6
Cholera,Nigeria,Ogun,Ogun LGA1,2025,16,52,0,2,227.0,30.4,80.2
Measles,Nigeria,Kano,Kano LGA1,2025,16,213,33,0,76.0,37.1,30.7
Measles,Nigeria,Lagos,Lagos LGA2,2025,16,213,33,0,120.8,36.4,73.6
Measles,Nigeria,Rivers,Rivers LGA1,2025,16,213,33,0,135.4,36.0,71.1
Mpox,Nigeria,Enugu,Enugu LGA1,2025,16,24,2,0,86.1,30.4,82.7
Mpox,Nigeria,Ogun,Ogun LGA2,2025,16,24,2,0,49.1,35.3,25.2
Mpox,Nigeria,Lagos,Lagos LGA2,2025,16,24,2,0,119.2,30.8,81.4
AFP,Nigeria,Kaduna,Kaduna LGA2,2025,16,111,0,0,165.3,32.5,66.6
AFP,Nigeria,FCT,FCT LGA1,2025,16,111,0,0,178.1,33.2,20.4
AFP,Nigeria,Lagos,Lagos LGA2,2025,16,111,0,0,174.3,25.5,29.8
COVID-19,Nigeria,Ogun,Ogun LGA2,2025,16,97,0,0,37.2,27.5,82.1
COVID-19,Nigeria,Ogun,Ogun LGA2,2025,16,97,0,0,147.0,35.0,70.1
COVID-19,Nigeria,Kaduna,Kaduna LGA1,2025,16,97,0,0,163.7,28.5,83.6
Diphtheria,Nigeria,Kano,Kano LGA1,2025,16,49,41,6,109.0,33.8,76.5
Diphtheria,Nigeria,Enugu,Enugu LGA2,2025,16,49,41,6,26.0,37.6,87.0
Diphtheria,Nigeria,Rivers,Rivers LGA2,2025,16,49,41,6,59.6,27.4,80.0
Lassa Fever,Nigeria,Lagos,Lagos LGA1,2025,17,160,11,3,84.0,37.2,27.7
Lassa Fever,Nigeria,Rivers,Rivers LGA1,2025,17,160,11,3,169.2,36.3,68.5
Lassa Fever,Nigeria,Rivers,Rivers LGA1,2025,17,160,11,3,138.8,33.9,82.7
CSM,Nigeria,FCT,FCT LGA2,2025,17,178,30,4,152.9,28.2,88.4
CSM,Nigeria,Lagos,Lagos LGA1,2025,17,178,30,4,148.3,28.6,83.2
CSM,Nigeria,Enugu,Enugu LGA2,2025,17,178,30,4,65.5,34.0,52.3
Yellow Fever,Nigeria,Kaduna,Kaduna LGA1,2025,17,26,0,0,153.9,35.2,89.0
Yellow Fever,Nigeria,Ogun,Ogun LGA2,2025,17,26,0,0,18.3,30.3,73.4
Yellow Fever,Nigeria,Rivers,Rivers LGA1,2025,17,26,0,0,58.6,25.6,61.5
Cholera,Nigeria,Enugu,Enugu LGA1,2025,17,31,1,1,237.0,29.8,89.3
Cholera,Nigeria,Oyo,Oyo LGA1,2025,17,31,1,1,190.4,28.7,94.7
Cholera,Nigeria,Enugu,Enugu LGA1,2025,17,31,1,1,172.9,27.7,77.1
Measles,Nigeria,Kano,Kano LGA2,2025,17,189,36,0,7.9,37.7,25.6
Measles,Nigeria,FCT,FCT LGA2,2025,17,189,36,0,43.0,34.6,37.2
Measles,Nigeria,Enugu,Enugu LGA2,2025,17,189,36,0,179.3,31.5,83.4
Mpox,Nigeria,Oyo,Oyo LGA2,2025,17,47,6,0,146.3,27.1,89.5
Mpox,Nigeria,Enugu,Enugu LGA1,2025,17,47,6,0,75.9,34.6,38.6
Mpox,Nigeria,Enugu,Enugu LGA1,2025,17,47,6,0,90.7,31.7,82.2
AFP,Nigeria,Lagos,Lagos LGA1,2025,17,159,0,0,155.2,33.5,20.5
AFP,Nigeria,FCT,FCT LGA1,2025,17,159,0,0,105.6,27.2,74.7
AFP,Nigeria,Enugu,Enugu LGA1,2025,17,159,0,0,138.9,33.5,83.3
COVID-19,Nigeria,Kano,Kano LGA2,2025,17,95,0,0,5.7,37.2,67.1
COVID-19,Nigeria,Lagos,Lagos LGA1,2025,17,95,0,0,10.8,30.2,24.9
COVID-19,Nigeria,Rivers,Rivers LGA1,2025,17,95,0,0,66.5,37.2,61.4
Diphtheria,Nigeria,FCT,FCT LGA1,2025,17,45,33,3,161.3,34.6,27.0
Diphtheria,Nigeria,FCT,FCT LGA2,2025,17,45,33,3,29.4,26.6,68.8
Diphtheria,Nigeria,Ogun,Ogun LGA1,2025,17,45,33,3,53.2,31.2,36.5
Lassa Fever,Nigeria,Ogun,Ogun LGA2,2025,18,209,10,3,41.7,27.3,89.1
Lassa Fever,Nigeria,FCT,FCT LGA1,2025,18,209,10,3,45.4,31.0,59.4
Lassa Fever,Nigeria,Rivers,Rivers LGA2,2025,18,209,10,3,172.7,28.8,77.1
CSM,Nigeria,Lagos,Lagos LGA1,2025,18,183,13,3,17.3,35.6,40.8
CSM,Nigeria,Kano,Kano LGA1,2025,18,183,13,3,141.7,36.0,47.2
CSM,Nigeria,Rivers,Rivers LGA1,2025,18,183,13,3,76.6,36.7,22.6
Yellow Fever,Nigeria,Lagos,Lagos LGA1,2025,18,26,0,0,70.4,29.1,22.9
Yellow Fever,Nigeria,Lagos,Lagos LGA2,2025,18,26,0,0,121.9,33.8,31.1
Yellow Fever,Nigeria,Rivers,Rivers LGA2,2025,18,26,0,0,44.7,25.8,59.2
Cholera,Nigeria,Kaduna,Kaduna LGA2,2025,18,35,2,1,121.6,30.4,88.4
Cholera,Nigeria,Oyo,Oyo LGA1,2025,18,35,2,1,182.6,27.7,84.0
Cholera,Nigeria,Ogun,Ogun LGA1,2025,18,35,2,1,143.0,28.7,95.0
Measles,Nigeria,Lagos,Lagos LGA1,2025,18,168,21,0,59.3,24.0,36.3
Measles,Nigeria,FCT,FCT LGA2,2025,18,168,21,0,49.1,31.4,76.6
Measles,Nigeria,Kano,Kano LGA1,2025,18,168,21,0,12.5,25.6,53.7
Mpox,Nigeria,Ogun,Ogun LGA1,2025,18,9,2,0,77.8,33.1,34.6
Mpox,Nigeria,Kaduna,Kaduna LGA2,2025,18,9,2,0,111.3,34.2,85.7
Mpox,Nigeria,Kaduna,Kaduna LGA2,2025,18,9,2,0,158.3,24.8,33.0
AFP,Nigeria,Lagos,Lagos LGA2,2025,18,107,0,0,141.0,36.7,31.5
AFP,Nigeria,Oyo,Oyo LGA1,2025,18,107,0,0,9.8,35.1,86.3
AFP,Nigeria,Ogun,Ogun LGA1,2025,18,107,0,0,26.6,28.2,21.7
COVID-19,Nigeria,Rivers,Rivers LGA2,2025,18,103,2,0,119.1,29.1,76.4
COVID-19,Nigeria,FCT,FCT LGA2,2025,18,103,2,0,103.8,29.1,84.1
COVID-19,Nigeria,Rivers,Rivers LGA1,2025,18,103,2,0,21.2,31.9,58.9
Diphtheria,Nigeria,FCT,FCT LGA1,2025,18,67,58,2,138.0,26.8,67.4
Diphtheria,Nigeria,Rivers,Rivers LGA1,2025,18,67,58,2,135.8,34.7,37.2
Diphtheria,Nigeria,Rivers,Rivers LGA2,2025,18,67,58,2,151.7,33.3,24.2
Lassa Fever,Nigeria,Enugu,Enugu LGA1,2025,19,82,3,2,83.1,29.9,48.4
Lassa Fever,Nigeria,Kaduna,Kaduna LGA2,2025,19,82,3,2,127.9,38.0,27.2
Lassa Fever,Nigeria,Enugu,Enugu LGA1,2025,19,82,3,2,62.7,24.2,65.8
CSM,Nigeria,Oyo,Oyo LGA2,2025,19,141,10,1,99.1,32.7,86.3
CSM,Nigeria,Lagos,Lagos LGA2,2025,19,141,10,1,33.2,25.8,43.6
CSM,Nigeria,Oyo,Oyo LGA1,2025,19,141,10,1,65.0,32.0,60.3
Yellow Fever,Nigeria,Kaduna,Kaduna LGA2,2025,19,21,0,0,146.9,26.8,58.1
Yellow Fever,Nigeria,Ogun,Ogun LGA1,2025,19,21,0,0,175.1,35.8,52.5
Yellow Fever,Nigeria,Enugu,Enugu LGA1,2025,19,21,0,0,156.3,27.1,52.1
Cholera,Nigeria,Kano,Kano LGA2,2025,19,62,1,5,220.6,30.8,83.6
Cholera,Nigeria,Kaduna,Kaduna LGA2,2025,19,62,1,5,186.6,27.7,81.1
Cholera,Nigeria,Kaduna,Kaduna LGA1,2025,19,62,1,5,133.1,29.0,92.4
Measles,Nigeria,Enugu,Enugu LGA1,2025,19,181,27,0,14.3,27.5,85.4
Measles,Nigeria,Kano,Kano LGA1,2025,19,181,27,0,61.8,29.4,70.3
Measles,Nigeria,Oyo,Oyo LGA2,2025,19,181,27,0,120.3,37.9,83.7
Mpox,Nigeria,Ogun,Ogun LGA2,2025,19,16,3,0,79.8,29.2,72.6
Mpox,Nigeria,FCT,FCT LGA1,2025,19,16,3,0,71.9,26.7,62.9
Mpox,Nigeria,Lagos,Lagos LGA2,2025,19,16,3,0,160.0,35.0,28.4
AFP,Nigeria,Kano,Kano LGA1,2025,19,105,0,0,64.5,34.0,68.4
AFP,Nigeria,Enugu,Enugu LGA2,2025,19,105,0,0,69.5,29.9,40.1
AFP,Nigeria,Enugu,Enugu LGA1,2025,19,105,0,0,117.0,30.4,38.5
COVID-19,Nigeria,FCT,FCT LGA1,2025,19,43,0,0,50.6,24.6,23.9
COVID-19,Nigeria,Oyo,Oyo LGA1,2025,19,43,0,0,178.1,32.4,41.4
COVID-19,Nigeria,Enugu,Enugu LGA1,2025,19,43,0,0,139.1,34.3,39.0
Diphtheria,Nigeria,FCT,FCT LGA1,2025,19,50,41,1,89.3,26.3,81.8
Diphtheria,Nigeria,Lagos,Lagos LGA1,2025,19,50,41,1,155.6,37.0,89.4
Diphtheria,Nigeria,Rivers,Rivers LGA1,2025,19,50,41,1,169.7,36.5,62.6
Lassa Fever,Nigeria,Kaduna,Kaduna LGA2,2025,20,155,13,1,116.6,33.7,89.9
Lassa Fever,Nigeria,Lagos,Lagos LGA2,2025,20,155,13,1,129.7,31.0,81.6
Lassa Fever,Nigeria,Kaduna,Kaduna LGA1,2025,20,155,13,1,97.7,25.0,21.2
CSM,Nigeria,Kaduna,Kaduna LGA2,2025,20,116,1,4,109.3,24.8,38.3
CSM,Nigeria,FCT,FCT LGA2,2025,20,116,1,4,12.5,27.7,37.9
CSM,Nigeria,Kano,Kano LGA1,2025,20,116,1,4,68.4,35.6,83.4
Yellow Fever,Nigeria,FCT,FCT LGA1,2025,20,2,0,0,9.2,25.0,22.4
Yellow Fever,Nigeria,Kano,Kano LGA1,2025,20,2,0,0,115.7,32.6,73.4
Yellow Fever,Nigeria,Lagos,Lagos LGA1,2025,20,2,0,0,76.4,35.3,40.7
Cholera,Nigeria,Lagos,Lagos LGA2,2025,20,65,0,1,195.3,30.9,75.0
Cholera,Nigeria,Oyo,Oyo LGA2,2025,20,65,0,1,235.1,27.4,82.6
Cholera,Nigeria,Rivers,Rivers LGA2,2025,20,65,0,1,140.5,28.2,80.0
Measles,Nigeria,FCT,FCT LGA2,2025,20,146,19,0,39.1,33.1,27.9
Measles,Nigeria,Ogun,Ogun LGA1,2025,20,146,19,0,99.2,36.4,57.5
Measles,Nigeria,Rivers,Rivers LGA2,2025,20,146,19,0,119.2,25.8,70.3
Mpox,Nigeria,Rivers,Rivers LGA2,2025,20,23,10,0,158.5,32.9,68.0
Mpox,Nigeria,Lagos,Lagos LGA2,2025,20,23,10,0,24.2,36.6,37.6
Mpox,Nigeria,Ogun,Ogun LGA2,2025,20,23,10,0,39.0,34.3,41.2
AFP,Nigeria,Rivers,Rivers LGA2,2025,20,66,0,0,153.5,24.2,49.1
AFP,Nigeria,Kaduna,Kaduna LGA2,2025,20,66,0,0,145.6,26.3,60.6
AFP,Nigeria,Kano,Kano LGA2,2025,20,66,0,0,136.9,26.2,26.6
COVID-19,Nigeria,FCT,FCT LGA2,2025,20,88,0,0,172.4,32.0,56.7
COVID-19,Nigeria,Lagos,Lagos LGA1,2025,20,88,0,0,104.0,30.9,31.2
COVID-19,Nigeria,Lagos,Lagos LGA2,2025,20,88,0,0,94.4,32.0,59.2
Diphtheria,Nigeria,Rivers,Rivers LGA2,2025,20,28,17,1,26.8,28.9,81.3
Diphtheria,Nigeria,Oyo,Oyo LGA1,2025,20,28,17,1,172.2,27.4,58.4
Diphtheria,Nigeria,Ogun,Ogun LGA2,2025,20,28,17,1,13.6,35.9,53.1
Lassa Fever,Nigeria,Rivers,Rivers LGA2,2025,21,124,6,0,62.0,35.4,44.1
Lassa Fever,Nigeria,FCT,FCT LGA1,2025,21,124,6,0,54.1,37.5,39.6
Lassa Fever,Nigeria,Ogun,Ogun LGA2,2025,21,124,6,0,142.7,35.0,25.6
CSM,Nigeria,Lagos,Lagos LGA1,2025,21,16,0,0,160.3,30.4,82.7
CSM,Nigeria,Kano,Kano LGA1,2025,21,16,0,0,70.4,37.3,73.9
CSM,Nigeria,Oyo,Oyo LGA2,2025,21,16,0,0,157.5,24.8,58.4
Yellow Fever,Nigeria,Ogun,Ogun LGA1,2025,21,43,0,0,46.1,31.8,40.9
Yellow Fever,Nigeria,Lagos,Lagos LGA2,2025,21,43,0,0,7.4,26.6,40.1
Yellow Fever,Nigeria,Lagos,Lagos LGA1,2025,21,43,0,0,8.3,28.8,84.2
Cholera,Nigeria,FCT,FCT LGA2,2025,21,50,0,1,202.6,30.5,83.8
Cholera,Nigeria,Enugu,Enugu LGA2,2025,21,50,0,1,161.3,30.9,84.7
Cholera,Nigeria,Rivers,Rivers LGA2,2025,21,50,0,1,137.5,30.8,79.4
Measles,Nigeria,Rivers,Rivers LGA1,2025,21,724,577,0,32.6,28.8,76.7
Measles,Nigeria,Ogun,Ogun LGA1,2025,21,724,577,0,35.9,26.8,33.7
Measles,Nigeria,Enugu,Enugu LGA1,2025,21,724,577,0,176.2,27.8,77.5
Mpox,Nigeria,Rivers,Rivers LGA1,2025,21,16,2,0,36.7,28.3,76.1
Mpox,Nigeria,Enugu,Enugu LGA1,2025,21,16,2,0,33.6,32.3,81.6
Mpox,Nigeria,Lagos,Lagos LGA2,2025,21,16,2,0,134.1,34.0,54.4
AFP,Nigeria,Lagos,Lagos LGA2,2025,21,81,0,0,21.9,35.0,89.5
AFP,Nigeria,FCT,FCT LGA1,2025,21,81,0,0,73.3,31.1,28.3
AFP,Nigeria,Kano,Kano LGA1,2025,21,81,0,0,31.6,31.5,85.0
COVID-19,Nigeria,Lagos,Lagos LGA1,2025,21,114,2,0,39.9,37.2,38.1
COVID-19,Nigeria,Kaduna,Kaduna LGA1,2025,21,114,2,0,112.3,26.1,30.9
COVID-19,Nigeria,Oyo,Oyo LGA1,2025,21,114,2,0,135.0,27.4,48.0
Diphtheria,Nigeria,Oyo,Oyo LGA2,2025,21,162,115,10,24.0,34.3,73.6
Diphtheria,Nigeria,Kano,Kano LGA2,2025,21,162,115,10,80.9,24.5,32.5
Diphtheria,Nigeria,FCT,FCT LGA1,2025,21,162,115,10,99.5,27.0,46.4
Lassa Fever,Nigeria,Ogun,Ogun LGA2,2025,22,155,8,0,131.1,26.9,32.2
Lassa Fever,Nigeria,FCT,FCT LGA1,2025,22,155,8,0,63.7,25.6,32.2
Lassa Fever,Nigeria,Lagos,Lagos LGA1,2025,22,155,8,0,141.5,33.4,60.5
CSM,Nigeria,Rivers,Rivers LGA2,2025,22,11,0,0,152.8,35.3,57.4
CSM,Nigeria,Rivers,Rivers LGA1,2025,22,11,0,0,64.8,36.3,31.6
CSM,Nigeria,Kaduna,Kaduna LGA1,2025,22,11,0,0,39.9,26.6,78.2
Yellow Fever,Nigeria,FCT,FCT LGA1,2025,22,30,0,1,116.8,31.5,76.2
Yellow Fever,Nigeria,Kano,Kano LGA2,2025,22,30,0,1,58.6,36.0,42.6
Yellow Fever,Nigeria,Kano,Kano LGA2,2025,22,30,0,1,112.5,24.6,37.1
Cholera,Nigeria,Rivers,Rivers LGA1,2025,22,26,0,0,174.6,28.7,84.8
Cholera,Nigeria,Rivers,Rivers LGA2,2025,22,26,0,0,185.6,29.7,79.1
Cholera,Nigeria,Enugu,Enugu LGA2,2025,22,26,0,0,155.5,30.8,75.6
Measles,Nigeria,Oyo,Oyo LGA2,2025,22,255,169,0,147.9,28.3,30.7
Measles,Nigeria,FCT,FCT LGA2,2025,22,255,169,0,68.5,30.8,33.4
Measles,Nigeria,Lagos,Lagos LGA2,2025,22,255,169,0,116.6,30.3,24.6
Mpox,Nigeria,Lagos,Lagos LGA1,2025,22,15,3,0,153.2,32.8,38.7
Mpox,Nigeria,FCT,FCT LGA2,2025,22,15,3,0,14.7,25.1,50.2
Mpox,Nigeria,Kaduna,Kaduna LGA1,2025,22,15,3,0,94.1,30.5,64.6
AFP,Nigeria,Ogun,Ogun LGA1,2025,22,62,0,0,39.8,26.1,34.3
AFP,Nigeria,Rivers,Rivers LGA1,2025,22,62,0,0,121.6,33.8,73.7
AFP,Nigeria,Lagos,Lagos LGA2,2025,22,62,0,0,47.9,35.0,65.5
COVID-19,Nigeria,Kano,Kano LGA2,2025,22,45,0,0,153.6,32.3,88.0
COVID-19,Nigeria,Oyo,Oyo LGA1,2025,22,45,0,0,9.0,24.1,24.6
COVID-19,Nigeria,Kano,Kano LGA1,2025,22,45,0,0,67.4,36.9,51.5
Diphtheria,Nigeria,Kano,Kano LGA2,2025,22,138,86,3,96.8,26.6,81.0
Diphtheria,Nigeria,FCT,FCT LGA2,2025,22,138,86,3,106.6,26.9,28.8
Diphtheria,Nigeria,Ogun,Ogun LGA2,2025,22,138,86,3,64.4,28.2,56.4
Lassa Fever,Nigeria,Enugu,Enugu LGA1,2025,23,146,11,1,150.9,32.9,89.3
Lassa Fever,Nigeria,Rivers,Rivers LGA2,2025,23,146,11,1,177.2,34.5,43.1
Lassa Fever,Nigeria,Enugu,Enugu LGA2,2025,23,146,11,1,168.0,27.4,50.6
CSM,Nigeria,Oyo,Oyo LGA2,2025,23,4,0,0,31.0,32.3,20.6
CSM,Nigeria,Ogun,Ogun LGA2,2025,23,4,0,0,17.3,28.0,59.6
CSM,Nigeria,Lagos,Lagos LGA2,2025,23,4,0,0,102.5,31.4,35.1
Yellow Fever,Nigeria,Oyo,Oyo LGA2,2025,23,31,0,0,42.7,29.2,23.4
Yellow Fever,Nigeria,Kano,Kano LGA2,2025,23,31,0,0,148.3,31.3,85.6
Yellow Fever,Nigeria,Kaduna,Kaduna LGA1,2025,23,31,0,0,147.7,30.5,81.3
Cholera,Nigeria,Enugu,Enugu LGA2,2025,23,11,0,0,186.0,30.0,83.7
Cholera,Nigeria,Lagos,Lagos LGA2,2025,23,11,0,0,209.8,30.6,92.7
Cholera,Nigeria,Oyo,Oyo LGA2,2025,23,11,0,0,199.2,28.3,80.1
Measles,Nigeria,Ogun,Ogun LGA1,2025,23,305,230,0,5.5,36.8,35.9
Measles,Nigeria,Rivers,Rivers LGA2,2025,23,305,230,0,141.6,27.3,26.8
Measles,Nigeria,Oyo,Oyo LGA2,2025,23,305,230,0,90.5,26.3,54.5
Mpox,Nigeria,Kano,Kano LGA1,2025,23,26,10,0,27.4,35.2,60.3
Mpox,Nigeria,Kaduna,Kaduna LGA1,2025,23,26,10,0,30.2,33.0,85.7
Mpox,Nigeria,Lagos,Lagos LGA2,2025,23,26,10,0,96.9,31.2,26.7
AFP,Nigeria,FCT,FCT LGA2,2025,23,35,0,0,122.4,24.6,67.5
AFP,Nigeria,Oyo,Oyo LGA2,2025,23,35,0,0,41.5,24.6,77.3
AFP,Nigeria,Kaduna,Kaduna LGA1,2025,23,35,0,0,8.0,29.1,54.5
COVID-19,Nigeria,FCT,FCT LGA2,2025,23,59,0,0,86.6,29.6,79.8
COVID-19,Nigeria,Lagos,Lagos LGA1,2025,23,59,0,0,143.7,27.2,69.5
COVID-19,Nigeria,Enugu,Enugu LGA2,2025,23,59,0,0,16.5,36.1,52.7
Diphtheria,Nigeria,Kaduna,Kaduna LGA2,2025,23,141,91,4,127.7,29.9,85.7
Diphtheria,Nigeria,Lagos,Lagos LGA2,2025,23,141,91,4,71.3,31.3,45.5
Diphtheria,Nigeria,Lagos,Lagos LGA2,2025,23,141,91,4,122.9,26.4,73.8
Lassa Fever,Nigeria,FCT,FCT LGA2,2025,24,138,8,2,126.1,37.6,75.5
Lassa Fever,Nigeria,Kaduna,Kaduna LGA2,2025,24,138,8,2,77.9,26.2,58.7
Lassa Fever,Nigeria,Oyo,Oyo LGA2,2025,24,138,8,2,88.4,32.1,79.7
CSM,Nigeria,Rivers,Rivers LGA2,2025,24,2,0,0,137.8,24.9,60.8
CSM,Nigeria,Rivers,Rivers LGA1,2025,24,2,0,0,83.1,24.1,80.9
CSM,Nigeria,Ogun,Ogun LGA1,2025,24,2,0,0,63.0,37.5,60.0
Yellow Fever,Nigeria,Ogun,Ogun LGA1,2025,24,46,0,0,59.1,35.8,28.7
Yellow Fever,Nigeria,Enugu,Enugu LGA1,2025,24,46,0,0,152.5,25.6,85.9
Yellow Fever,Nigeria,Ogun,Ogun LGA2,2025,24,46,0,0,34.4,37.0,74.4
Cholera,Nigeria,Lagos,Lagos LGA2,2025,24,1,0,0,235.1,30.9,77.9
Cholera,Nigeria,Lagos,Lagos LGA2,2025,24,1,0,0,121.7,28.4,81.7
Cholera,Nigeria,Kano,Kano LGA1,2025,24,1,0,0,163.6,30.8,77.6
Measles,Nigeria,Lagos,Lagos LGA2,2025,24,270,171,0,166.1,33.1,67.2
Measles,Nigeria,Oyo,Oyo LGA2,2025,24,270,171,0,133.3,27.9,64.2
Measles,Nigeria,Oyo,Oyo LGA1,2025,24,270,171,0,156.0,25.0,23.2
Mpox,Nigeria,FCT,FCT LGA2,2025,24,22,11,0,156.7,37.5,26.3
Mpox,Nigeria,Enugu,Enugu LGA1,2025,24,22,11,0,177.4,30.8,49.0
Mpox,Nigeria,Kaduna,Kaduna LGA2,2025,24,22,11,0,13.5,36.5,73.5
AFP,Nigeria,Lagos,Lagos LGA1,2025,24,16,0,0,83.3,33.5,30.0
AFP,Nigeria,Oyo,Oyo LGA1,2025,24,16,0,0,45.1,31.2,53.3
AFP,Nigeria,Oyo,Oyo LGA1,2025,24,16,0,0,73.4,36.3,87.0
COVID-19,Nigeria,Rivers,Rivers LGA2,2025,24,58,1,0,21.3,31.5,41.5
COVID-19,Nigeria,Ogun,Ogun LGA1,2025,24,58,1,0,169.9,28.9,44.2
COVID-19,Nigeria,Lagos,Lagos LGA2,2025,24,58,1,0,59.5,36.9,33.0
Diphtheria,Nigeria,Kaduna,Kaduna LGA1,2025,24,170,90,3,23.1,37.4,69.3
Diphtheria,Nigeria,Oyo,Oyo LGA2,2025,24,170,90,3,84.8,35.5,51.1
Diphtheria,Nigeria,Ogun,Ogun LGA2,2025,24,170,90,3,160.9,34.2,57.6
Lassa Fever,Nigeria,Rivers,Rivers LGA2,2025,25,197,10,0,109.7,37.1,86.7
Lassa Fever,Nigeria,Kano,Kano LGA2,2025,25,197,10,0,166.5,27.0,53.0
Lassa Fever,Nigeria,FCT,FCT LGA1,2025,25,197,10,0,83.0,28.0,76.6
CSM,Nigeria,Ogun,Ogun LGA1,2025,25,0,0,0,154.4,26.8,78.6
CSM,Nigeria,Lagos,Lagos LGA1,2025,25,0,0,0,100.0,37.3,55.1
CSM,Nigeria,FCT,FCT LGA1,2025,25,0,0,0,165.3,24.2,81.7
Yellow Fever,Nigeria,Lagos,Lagos LGA2,2025,25,34,0,0,164.4,30.4,88.7
Yellow Fever,Nigeria,Kano,Kano LGA1,2025,25,34,0,0,137.7,25.5,30.1
Yellow Fever,Nigeria,Enugu,Enugu LGA2,2025,25,34,0,0,126.5,32.6,57.3
Cholera,Nigeria,Kano,Kano LGA2,2025,25,306,2,9,233.5,27.7,88.0
Cholera,Nigeria,Oyo,Oyo LGA2,2025,25,306,2,9,149.7,29.7,81.2
Cholera,Nigeria,Lagos,Lagos LGA2,2025,25,306,2,9,216.0,29.0,86.4
Measles,Nigeria,Kaduna,Kaduna LGA1,2025,25,208,120,0,77.4,27.4,49.5
Measles,Nigeria,Rivers,Rivers LGA1,2025,25,208,120,0,120.1,25.7,35.1
Measles,Nigeria,FCT,FCT LGA1,2025,25,208,120,0,92.6,32.0,53.8
Mpox,Nigeria,Lagos,Lagos LGA1,2025,25,20,7,0,71.0,31.0,33.3
Mpox,Nigeria,Rivers,Rivers LGA2,2025,25,20,7,0,24.9,29.2,27.4
Mpox,Nigeria,Lagos,Lagos LGA2,2025,25,20,7,0,88.5,37.3,56.6
AFP,Nigeria,Ogun,Ogun LGA1,2025,25,2,0,0,113.5,24.8,37.2
AFP,Nigeria,Kaduna,Kaduna LGA2,2025,25,2,0,0,119.2,31.0,23.6
AFP,Nigeria,Oyo,Oyo LGA1,2025,25,2,0,0,119.5,32.8,58.2
COVID-19,Nigeria,Oyo,Oyo LGA1,2025,25,80,3,0,42.8,30.7,40.1
COVID-19,Nigeria,Rivers,Rivers LGA2,2025,25,80,3,0,93.2,37.9,50.3
COVID-19,Nigeria,Kano,Kano LGA1,2025,25,80,3,0,31.6,35.6,28.8
Diphtheria,Nigeria,FCT,FCT LGA2,2025,25,173,97,6,34.4,28.8,80.8
Diphtheria,Nigeria,Ogun,Ogun LGA1,2025,25,173,97,6,23.0,27.5,52.2
Diphtheria,Nigeria,Enugu,Enugu LGA1,2025,25,173,97,6,42.4,26.7,50.3
Lassa Fever,Nigeria,Enugu,Enugu LGA2,2025,26,148,9,3,139.8,24.6,31.8
Lassa Fever,Nigeria,Kano,Kano LGA2,2025,26,148,9,3,27.0,29.6,54.2
Lassa Fever,Nigeria,Enugu,Enugu LGA2,2025,26,148,9,3,162.8,26.5,50.9
CSM,Nigeria,Oyo,Oyo LGA1,2025,26,0,0,0,111.3,29.2,74.2
CSM,Nigeria,Ogun,Ogun LGA1,2025,26,0,0,0,108.1,24.8,56.9
CSM,Nigeria,Lagos,Lagos LGA2,2025,26,0,0,0,20.2,28.9,73.9
Yellow Fever,Nigeria,Kaduna,Kaduna LGA1,2025,26,37,0,0,103.8,37.2,73.4
Yellow Fever,Nigeria,Enugu,Enugu LGA2,2025,26,37,0,0,20.8,26.5,37.8
Yellow Fever,Nigeria,Ogun,Ogun LGA2,2025,26,37,0,0,65.3,26.6,34.0
Cholera,Nigeria,Rivers,Rivers LGA1,2025,26,420,0,11,144.2,30.0,80.4
Cholera,Nigeria,FCT,FCT LGA2,2025,26,420,0,11,124.4,29.8,91.6
Cholera,Nigeria,Kano,Kano LGA2,2025,26,420,0,11,133.5,28.7,78.7
Measles,Nigeria,Kaduna,Kaduna LGA1,2025,26,198,128,0,67.1,30.9,88.9
Measles,Nigeria,Oyo,Oyo LGA1,2025,26,198,128,0,70.4,31.6,48.3
Measles,Nigeria,Lagos,Lagos LGA2,2025,26,198,128,0,61.8,33.2,41.0
Mpox,Nigeria,Rivers,Rivers LGA2,2025,26,19,13,0,176.0,24.2,70.2
Mpox,Nigeria,Kano,Kano LGA2,2025,26,19,13,0,161.6,34.1,65.7
Mpox,Nigeria,Kano,Kano LGA1,2025,26,19,13,0,122.2,32.0,52.1
AFP,Nigeria,Kaduna,Kaduna LGA2,2025,26,143,0,0,164.6,26.5,87.0
AFP,Nigeria,Rivers,Rivers LGA1,2025,26,143,0,0,133.3,37.2,88.6
AFP,Nigeria,Enugu,Enugu LGA1,2025,26,143,0,0,22.4,28.4,80.0
COVID-19,Nigeria,Kano,Kano LGA1,2025,26,62,0,0,96.5,36.6,75.6
COVID-19,Nigeria,Oyo,Oyo LGA2,2025,26,62,0,0,127.1,25.7,68.2
COVID-19,Nigeria,Oyo,Oyo LGA1,2025,26,62,0,0,170.4,36.9,22.8
Diphtheria,Nigeria,Kaduna,Kaduna LGA1,2025,26,162,105,8,101.8,35.7,71.8
Diphtheria,Nigeria,Oyo,Oyo LGA1,2025,26,162,105,8,178.9,34.0,47.2
Diphtheria,Nigeria,FCT,FCT LGA1,2025,26,162,105,8,99.2,27.5,87.0
Lassa Fever,Nigeria,Kano,Kano LGA2,2025,27,149,11,3,15.1,33.8,83.1
Lassa Fever,Nigeria,FCT,FCT LGA2,2025,27,149,11,3,128.9,28.7,84.4
Lassa Fever,Nigeria,FCT,FCT LGA1,2025,27,149,11,3,66.8,31.3,81.7
CSM,Nigeria,FCT,FCT LGA1,2025,27,0,0,0,138.5,31.8,65.6
CSM,Nigeria,Enugu,Enugu LGA1,2025,27,0,0,0,111.9,24.7,61.7
CSM,Nigeria,Lagos,Lagos LGA2,2025,27,0,0,0,143.1,26.5,56.7
Yellow Fever,Nigeria,Lagos,Lagos LGA1,2025,27,41,0,0,76.8,32.6,37.4
Yellow Fever,Nigeria,Ogun,Ogun LGA2,2025,27,41,0,0,177.3,29.9,58.0
Yellow Fever,Nigeria,Ogun,Ogun LGA1,2025,27,41,0,0,177.6,38.0,54.0
Cholera,Nigeria,Enugu,Enugu LGA1,2025,27,547,1,12,242.5,28.2,84.7
Cholera,Nigeria,Enugu,Enugu LGA1,2025,27,547,1,12,224.3,29.5,79.5
Cholera,Nigeria,Kaduna,Kaduna LGA1,2025,27,547,1,12,144.4,27.9,76.4
Measles,Nigeria,Oyo,Oyo LGA2,2025,27,105,43,0,76.6,32.8,66.2
Measles,Nigeria,Kano,Kano LGA1,2025,27,105,43,0,57.7,31.7,37.7
Measles,Nigeria,Oyo,Oyo LGA2,2025,27,105,43,0,141.1,37.8,51.7
Mpox,Nigeria,Lagos,Lagos LGA1,2025,27,28,13,0,126.9,34.1,50.1
Mpox,Nigeria,Kano,Kano LGA1,2025,27,28,13,0,83.1,34.5,68.3
Mpox,Nigeria,Lagos,Lagos LGA1,2025,27,28,13,0,69.7,29.9,86.5
AFP,Nigeria,FCT,FCT LGA2,2025,27,121,0,0,19.7,30.7,47.2
AFP,Nigeria,Kano,Kano LGA1,2025,27,121,0,0,105.4,27.3,55.4
AFP,Nigeria,Oyo,Oyo LGA1,2025,27,121,0,0,19.5,33.5,74.5
COVID-19,Nigeria,Enugu,Enugu LGA2,2025,27,102,3,0,147.8,30.8,51.4
COVID-19,Nigeria,Rivers,Rivers LGA2,2025,27,102,3,0,99.5,26.3,75.5
COVID-19,Nigeria,Ogun,Ogun LGA2,2025,27,102,3,0,45.5,26.6,41.7
Diphtheria,Nigeria,Rivers,Rivers LGA1,2025,27,274,198,17,22.1,30.5,54.5
Diphtheria,Nigeria,Kano,Kano LGA1,2025,27,274,198,17,104.0,31.9,69.9
Diphtheria,Nigeria,Oyo,Oyo LGA2,2025,27,274,198,17,138.0,26.3,74.7
Lassa Fever,Nigeria,Oyo,Oyo LGA1,2025,28,265,11,1,13.2,27.5,70.2
Lassa Fever,Nigeria,Kaduna,Kaduna LGA1,2025,28,265,11,1,12.3,35.6,40.2
Lassa Fever,Nigeria,Kano,Kano LGA2,2025,28,265,11,1,88.0,27.0,70.4
CSM,Nigeria,Lagos,Lagos LGA2,2025,28,0,0,0,154.4,26.8,31.7
CSM,Nigeria,Ogun,Ogun LGA2,2025,28,0,0,0,175.2,25.0,80.6
CSM,Nigeria,Oyo,Oyo LGA2,2025,28,0,0,0,133.5,26.6,46.0
Yellow Fever,Nigeria,Kano,Kano LGA2,2025,28,42,0,0,29.5,31.4,73.4
Yellow Fever,Nigeria,Kano,Kano LGA2,2025,28,42,0,0,123.2,26.3,74.6
Yellow Fever,Nigeria,Oyo,Oyo LGA2,2025,28,42,0,0,7.9,25.4,55.7
Cholera,Nigeria,Oyo,Oyo LGA1,2025,28,538,0,8,145.4,28.6,93.0
Cholera,Nigeria,FCT,FCT LGA1,2025,28,538,0,8,128.2,27.3,83.5
Cholera,Nigeria,Lagos,Lagos LGA2,2025,28,538,0,8,233.8,28.2,94.7
Measles,Nigeria,Oyo,Oyo LGA2,2025,28,63,14,0,97.4,36.4,50.9
Measles,Nigeria,Lagos,Lagos LGA2,2025,28,63,14,0,57.8,32.5,33.2
Measles,Nigeria,FCT,FCT LGA1,2025,28,63,14,0,42.8,26.3,74.4
Mpox,Nigeria,Lagos,Lagos LGA1,2025,28,26,7,0,154.3,25.8,72.3
Mpox,Nigeria,Kano,Kano LGA2,2025,28,26,7,0,121.4,30.3,44.7
Mpox,Nigeria,Kaduna,Kaduna LGA2,2025,28,26,7,0,117.6,24.6,57.6
AFP,Nigeria,Rivers,Rivers LGA2,2025,28,110,0,0,178.3,30.5,48.4
AFP,Nigeria,Kaduna,Kaduna LGA2,2025,28,110,0,0,17.3,27.3,41.7
AFP,Nigeria,Ogun,Ogun LGA2,2025,28,110,0,0,86.6,37.6,47.9
COVID-19,Nigeria,Kaduna,Kaduna LGA2,2025,28,90,2,0,36.5,37.8,72.4
COVID-19,Nigeria,Rivers,Rivers LGA2,2025,28,90,2,0,44.5,37.7,36.5
COVID-19,Nigeria,Kaduna,Kaduna LGA1,2025,28,90,2,0,134.9,24.0,49.1
Diphtheria,Nigeria,Oyo,Oyo LGA1,2025,28,252,154,22,167.5,24.6,84.2
Diphtheria,Nigeria,Lagos,Lagos LGA2,2025,28,252,154,22,41.2,32.0,47.6
Diphtheria,Nigeria,Oyo,Oyo LGA2,2025,28,252,154,22,166.8,32.0,53.4
Lassa Fever,Nigeria,Enugu,Enugu LGA2,2025,29,120,11,3,96.1,25.6,39.6
Lassa Fever,Nigeria,Lagos,Lagos LGA2,2025,29,120,11,3,80.1,26.9,23.7
Lassa Fever,Nigeria,Lagos,Lagos LGA2,2025,29,120,11,3,171.2,25.6,48.5
CSM,Nigeria,Oyo,Oyo LGA2,2025,29,0,0,0,32.9,33.7,31.1
CSM,Nigeria,Kaduna,Kaduna LGA1,2025,29,0,0,0,140.0,32.6,20.2
CSM,Nigeria,Enugu,Enugu LGA2,2025,29,0,0,0,10.4,26.8,35.1
Yellow Fever,Nigeria,Ogun,Ogun LGA2,2025,29,25,0,0,7.0,30.6,32.7
Yellow Fever,Nigeria,FCT,FCT LGA1,2025,29,25,0,0,135.5,29.5,64.5
Yellow Fever,Nigeria,Enugu,Enugu LGA1,2025,29,25,0,0,105.3,28.7,29.3
Cholera,Nigeria,Oyo,Oyo LGA2,2025,29,660,0,10,232.9,29.0,80.7
Cholera,Nigeria,Kaduna,Kaduna LGA2,2025,29,660,0,10,216.5,30.9,86.2
Cholera,Nigeria,Enugu,Enugu LGA1,2025,29,660,0,10,170.8,30.0,85.8
Measles,Nigeria,Rivers,Rivers LGA1,2025,29,22,4,0,28.9,28.8,81.3
Measles,Nigeria,Rivers,Rivers LGA2,2025,29,22,4,0,67.6,32.8,51.5
Measles,Nigeria,Ogun,Ogun LGA2,2025,29,22,4,0,28.3,24.7,51.5
Mpox,Nigeria,Rivers,Rivers LGA2,2025,29,9,3,0,128.7,32.1,24.8
Mpox,Nigeria,Kano,Kano LGA2,2025,29,9,3,0,6.2,34.3,77.0
Mpox,Nigeria,FCT,FCT LGA2,2025,29,9,3,0,33.1,32.7,79.1
AFP,Nigeria,FCT,FCT LGA2,2025,29,76,0,0,92.0,33.8,64.0
AFP,Nigeria,Lagos,Lagos LGA1,2025,29,76,0,0,6.9,37.2,43.0
AFP,Nigeria,Enugu,Enugu LGA2,2025,29,76,0,0,122.4,35.1,61.8
COVID-19,Nigeria,Lagos,Lagos LGA1,2025,29,66,1,0,92.0,27.4,59.4
COVID-19,Nigeria,Kaduna,Kaduna LGA1,2025,29,66,1,0,89.9,25.5,84.9
COVID-19,Nigeria,Kaduna,Kaduna LGA2,2025,29,66,1,0,35.8,36.7,30.5
Diphtheria,Nigeria,Rivers,Rivers LGA1,2025,29,107,29,3,143.8,25.6,34.1
Diphtheria,Nigeria,Rivers,Rivers LGA2,2025,29,107,29,3,64.6,28.1,56.4
Diphtheria,Nigeria,FCT,FCT LGA2,2025,29,107,29,3,121.3,24.4,82.3
Lassa Fever,Nigeria,Enugu,Enugu LGA1,2025,30,91,3,0,26.4,31.9,22.5
Lassa Fever,Nigeria,FCT,FCT LGA1,2025,30,91,3,0,145.2,32.4,30.0
Lassa Fever,Nigeria,FCT,FCT LGA1,2025,30,91,3,0,96.3,24.1,27.2
CSM,Nigeria,Enugu,Enugu LGA2,2025,30,0,0,0,136.6,25.7,44.1
CSM,Nigeria,Oyo,Oyo LGA1,2025,30,0,0,0,129.3,36.3,38.9
CSM,Nigeria,Ogun,Ogun LGA2,2025,30,0,0,0,139.5,30.8,73.7
Yellow Fever,Nigeria,Kaduna,Kaduna LGA2,2025,30,34,0,0,129.7,33.3,50.9
Yellow Fever,Nigeria,Ogun,Ogun LGA1,2025,30,34,0,0,11.4,35.5,43.0
Yellow Fever,Nigeria,Enugu,Enugu LGA1,2025,30,34,0,0,99.2,29.3,22.3
Cholera,Nigeria,Kaduna,Kaduna LGA1,2025,30,702,0,12,217.7,28.4,85.6
Cholera,Nigeria,Kano,Kano LGA1,2025,30,702,0,12,168.2,27.4,75.2
Cholera,Nigeria,Lagos,Lagos LGA2,2025,30,702,0,12,130.9,29.9,85.5
Measles,Nigeria,Rivers,Rivers LGA2,2025,30,98,38,0,22.7,30.8,26.4
Measles,Nigeria,Ogun,Ogun LGA1,2025,30,98,38,0,58.1,38.0,89.7
Measles,Nigeria,Rivers,Rivers LGA1,2025,30,98,38,0,115.5,28.0,45.1
Mpox,Nigeria,Lagos,Lagos LGA2,2025,30,15,3,0,113.7,31.7,51.5
Mpox,Nigeria,Ogun,Ogun LGA2,2025,30,15,3,0,96.7,32.5,86.1
Mpox,Nigeria,Lagos,Lagos LGA1,2025,30,15,3,0,162.8,33.3,38.8
AFP,Nigeria,Oyo,Oyo LGA2,2025,30,113,0,0,137.3,30.0,25.1
AFP,Nigeria,Oyo,Oyo LGA1,2025,30,113,0,0,30.1,32.8,39.9
AFP,Nigeria,Lagos,Lagos LGA1,2025,30,113,0,0,86.4,25.3,44.9
COVID-19,Nigeria,Lagos,Lagos LGA2,2025,30,100,1,0,158.7,26.0,33.2
COVID-19,Nigeria,Lagos,Lagos LGA1,2025,30,100,1,0,166.5,34.2,36.0
COVID-19,Nigeria,Kaduna,Kaduna LGA2,2025,30,100,1,0,42.3,28.1,47.0
Diphtheria,Nigeria,Lagos,Lagos LGA1,2025,30,237,185,14,167.9,27.1,44.3
Diphtheria,Nigeria,Ogun,Ogun LGA1,2025,30,237,185,14,118.4,36.1,79.2
Diphtheria,Nigeria,Kaduna,Kaduna LGA1,2025,30,237,185,14,27.7,29.3,47.2
Lassa Fever,Nigeria,Oyo,Oyo LGA2,2025,31,96,9,1,49.0,28.6,22.3
Lassa Fever,Nigeria,FCT,FCT LGA2,2025,31,96,9,1,87.9,28.1,62.4
Lassa Fever,Nigeria,Enugu,Enugu LGA2,2025,31,96,9,1,80.2,35.1,87.2
CSM,Nigeria,FCT,FCT LGA1,2025,31,0,0,0,131.9,27.4,89.4
CSM,Nigeria,Enugu,Enugu LGA2,2025,31,0,0,0,89.0,32.7,81.9
CSM,Nigeria,Kaduna,Kaduna LGA1,2025,31,0,0,0,121.0,32.5,63.2
Yellow Fever,Nigeria,Ogun,Ogun LGA1,2025,31,31,0,0,26.7,31.3,67.5
Yellow Fever,Nigeria,Kaduna,Kaduna LGA1,2025,31,31,0,0,68.2,25.3,89.2
Yellow Fever,Nigeria,Ogun,Ogun LGA2,2025,31,31,0,0,107.9,30.2,70.4
Cholera,Nigeria,Enugu,Enugu LGA2,2025,31,734,0,13,180.0,27.1,83.4
Cholera,Nigeria,Enugu,Enugu LGA2,2025,31,734,0,13,196.1,29.5,94.2
Cholera,Nigeria,Rivers,Rivers LGA2,2025,31,734,0,13,124.7,29.1,75.9
Mpox,Nigeria,Rivers,Rivers LGA2,2025,31,22,10,0,78.9,32.0,43.4
Mpox,Nigeria,Lagos,Lagos LGA1,2025,31,22,10,0,121.9,34.9,74.4
Mpox,Nigeria,Kaduna,Kaduna LGA1,2025,31,22,10,0,60.2,35.3,84.5
AFP,Nigeria,FCT,FCT LGA2,2025,31,117,0,0,131.9,36.4,24.8
AFP,Nigeria,Kaduna,Kaduna LGA2,2025,31,117,0,0,130.8,26.9,78.5
AFP,Nigeria,Ogun,Ogun LGA1,2025,31,117,0,0,177.9,26.5,36.5
COVID-19,Nigeria,Oyo,Oyo LGA1,2025,31,75,0,0,122.2,33.6,78.3
COVID-19,Nigeria,Kano,Kano LGA2,2025,31,75,0,0,170.5,28.0,61.0
COVID-19,Nigeria,Rivers,Rivers LGA1,2025,31,75,0,0,135.1,25.9,50.1
Diphtheria,Nigeria,Kaduna,Kaduna LGA1,2025,31,302,260,32,103.2,30.6,62.5
Diphtheria,Nigeria,Kano,Kano LGA1,2025,31,302,260,32,70.5,36.4,69.4
Diphtheria,Nigeria,Lagos,Lagos LGA1,2025,31,302,260,32,45.3,31.5,32.9
Lassa Fever,Nigeria,Kano,Kano LGA2,2025,32,86,12,3,17.5,36.3,38.9
Lassa Fever,Nigeria,FCT,FCT LGA1,2025,32,86,12,3,56.3,32.6,51.0
Lassa Fever,Nigeria,Enugu,Enugu LGA2,2025,32,86,12,3,105.9,28.5,84.7
CSM,Nigeria,Rivers,Rivers LGA1,2025,32,0,0,0,49.6,29.5,30.7
CSM,Nigeria,Rivers,Rivers LGA1,2025,32,0,0,0,115.6,30.6,50.2
CSM,Nigeria,Rivers,Rivers LGA1,2025,32,0,0,0,85.0,25.9,42.7
Yellow Fever,Nigeria,Lagos,Lagos LGA1,2025,32,28,0,0,57.4,31.0,37.8
Yellow Fever,Nigeria,Enugu,Enugu LGA2,2025,32,28,0,0,59.3,29.5,89.9
Yellow Fever,Nigeria,FCT,FCT LGA2,2025,32,28,0,0,129.9,24.7,55.3
Cholera,Nigeria,Lagos,Lagos LGA1,2025,32,970,0,18,128.0,28.4,79.7
Cholera,Nigeria,Rivers,Rivers LGA2,2025,32,970,0,18,146.8,28.6,91.3
Cholera,Nigeria,Lagos,Lagos LGA1,2025,32,970,0,18,141.3,28.3,88.3
Measles,Nigeria,Ogun,Ogun LGA1,2025,32,77,20,0,176.9,25.4,21.0
Measles,Nigeria,Kaduna,Kaduna LGA1,2025,32,77,20,0,147.8,31.3,71.1
Measles,Nigeria,Rivers,Rivers LGA1,2025,32,77,20,0,126.9,32.1,34.7
Mpox,Nigeria,Kaduna,Kaduna LGA2,2025,32,35,13,0,119.6,27.0,73.0
Mpox,Nigeria,Ogun,Ogun LGA2,2025,32,35,13,0,151.2,24.4,48.2
Mpox,Nigeria,Rivers,Rivers LGA1,2025,32,35,13,0,157.5,32.1,61.4
AFP,Nigeria,Lagos,Lagos LGA2,2025,32,106,0,0,70.7,27.9,71.8
AFP,Nigeria,Kaduna,Kaduna LGA1,2025,32,106,0,0,17.2,28.3,60.3
AFP,Nigeria,Kaduna,Kaduna LGA1,2025,32,106,0,0,114.3,31.4,43.5
COVID-19,Nigeria,Kano,Kano LGA2,2025,32,113,2,0,58.4,37.4,23.5
COVID-19,Nigeria,Rivers,Rivers LGA2,2025,32,113,2,0,119.6,25.1,72.3
COVID-19,Nigeria,Enugu,Enugu LGA2,2025,32,113,2,0,127.4,24.2,89.9
Diphtheria,Nigeria,Oyo,Oyo LGA1,2025,32,293,243,34,51.9,32.8,82.5
Diphtheria,Nigeria,FCT,FCT LGA2,2025,32,293,243,34,135.9,36.3,64.6
Diphtheria,Nigeria,Lagos,Lagos LGA2,2025,32,293,243,34,55.1,26.2,59.0
Lassa Fever,Nigeria,Rivers,Rivers LGA1,2025,33,94,5,0,68.6,34.8,67.1
Lassa Fever,Nigeria,Kaduna,Kaduna LGA2,2025,33,94,5,0,84.1,37.3,25.5
Lassa Fever,Nigeria,FCT,FCT LGA2,2025,33,94,5,0,35.6,30.7,71.8
CSM,Nigeria,Oyo,Oyo LGA2,2025,33,0,0,0,53.6,36.4,50.2
CSM,Nigeria,Kaduna,Kaduna LGA1,2025,33,0,0,0,33.4,24.5,87.6
CSM,Nigeria,Lagos,Lagos LGA2,2025,33,0,0,0,27.8,30.2,29.2
Yellow Fever,Nigeria,Kano,Kano LGA2,2025,33,20,0,0,50.3,30.1,46.8
Yellow Fever,Nigeria,Enugu,Enugu LGA1,2025,33,20,0,0,88.3,32.5,36.9
Yellow Fever,Nigeria,Rivers,Rivers LGA1,2025,33,20,0,0,34.7,34.1,63.3
Cholera,Nigeria,FCT,FCT LGA2,2025,33,519,0,19,213.0,29.2,75.0
Cholera,Nigeria,Oyo,Oyo LGA2,2025,33,519,0,19,125.7,29.6,90.8
Cholera,Nigeria,Kaduna,Kaduna LGA1,2025,33,519,0,19,130.4,29.4,76.1
Measles,Nigeria,Ogun,Ogun LGA2,2025,33,22,4,0,6.8,35.6,30.7
Measles,Nigeria,Kaduna,Kaduna LGA1,2025,33,22,4,0,29.9,25.5,52.5
Measles,Nigeria,Rivers,Rivers LGA1,2025,33,22,4,0,106.0,30.5,78.9
Mpox,Nigeria,Kano,Kano LGA1,2025,33,13,9,0,59.5,28.8,67.6
Mpox,Nigeria,Lagos,Lagos LGA2,2025,33,13,9,0,80.1,35.7,53.8
Mpox,Nigeria,Kaduna,Kaduna LGA1,2025,33,13,9,0,83.7,26.9,24.2
AFP,Nigeria,Enugu,Enugu LGA2,2025,33,115,0,0,53.7,26.4,83.5
AFP,Nigeria,Rivers,Rivers LGA2,2025,33,115,0,0,87.8,35.9,58.5
AFP,Nigeria,Oyo,Oyo LGA1,2025,33,115,0,0,167.5,25.6,61.0
COVID-19,Nigeria,Rivers,Rivers LGA2,2025,33,69,1,0,58.7,26.0,42.0
COVID-19,Nigeria,FCT,FCT LGA1,2025,33,69,1,0,69.8,28.2,68.9
COVID-19,Nigeria,Ogun,Ogun LGA2,2025,33,69,1,0,161.7,29.0,84.1
Diphtheria,Nigeria,FCT,FCT LGA1,2025,33,182,160,12,159.9,30.9,35.1
Diphtheria,Nigeria,Lagos,Lagos LGA1,2025,33,182,160,12,88.5,37.2,51.5
Diphtheria,Nigeria,Ogun,Ogun LGA1,2025,33,182,160,12,54.2,32.4,42.9
Lassa Fever,Nigeria,Ogun,Ogun LGA2,2025,34,126,3,1,52.4,33.2,76.9
Lassa Fever,Nigeria,Ogun,Ogun LGA2,2025,34,126,3,1,102.2,30.9,62.9
Lassa Fever,Nigeria,Kaduna,Kaduna LGA1,2025,34,126,3,1,126.3,28.4,66.0
CSM,Nigeria,Kaduna,Kaduna LGA1,2025,34,0,0,0,148.8,25.4,38.9
CSM,Nigeria,Oyo,Oyo LGA1,2025,34,0,0,0,176.5,26.0,82.3
CSM,Nigeria,Oyo,Oyo LGA1,2025,34,0,0,0,80.5,33.3,29.8
Yellow Fever,Nigeria,FCT,FCT LGA1,2025,34,27,0,0,8.2,27.0,20.7
Yellow Fever,Nigeria,Rivers,Rivers LGA1,2025,34,27,0,0,50.2,24.9,79.6
Yellow Fever,Nigeria,Rivers,Rivers LGA1,2025,34,27,0,0,125.7,31.9,59.6
Cholera,Nigeria,FCT,FCT LGA1,2025,34,647,0,17,159.9,30.9,85.9
Cholera,Nigeria,Kano,Kano LGA2,2025,34,647,0,17,135.3,30.2,77.0
Cholera,Nigeria,Lagos,Lagos LGA2,2025,34,647,0,17,210.3,27.7,89.2
Measles,Nigeria,Kano,Kano LGA2,2025,34,7,2,0,95.7,29.5,25.4
Measles,Nigeria,Enugu,Enugu LGA1,2025,34,7,2,0,125.0,32.7,84.4
Measles,Nigeria,Kano,Kano LGA1,2025,34,7,2,0,180.0,25.1,64.0
Mpox,Nigeria,Ogun,Ogun LGA2,2025,34,45,25,0,21.1,34.7,63.3
Mpox,Nigeria,Lagos,Lagos LGA1,2025,34,45,25,0,38.2,34.3,26.7
Mpox,Nigeria,Oyo,Oyo LGA1,2025,34,45,25,0,171.6,28.1,85.8
AFP,Nigeria,FCT,FCT LGA1,2025,34,89,0,0,104.6,35.2,22.3
AFP,Nigeria,FCT,FCT LGA2,2025,34,89,0,0,94.5,24.5,33.3
AFP,Nigeria,Lagos,Lagos LGA2,2025,34,89,0,0,22.0,35.5,80.5
COVID-19,Nigeria,Kaduna,Kaduna LGA1,2025,34,55,0,0,116.6,24.2,49.6
COVID-19,Nigeria,Oyo,Oyo LGA2,2025,34,55,0,0,92.2,29.4,20.4
COVID-19,Nigeria,FCT,FCT LGA1,2025,34,55,0,0,107.3,35.6,55.4
Diphtheria,Nigeria,Oyo,Oyo LGA1,2025,34,114,105,6,149.6,28.7,25.7
Diphtheria,Nigeria,FCT,FCT LGA1,2025,34,114,105,6,121.0,26.5,27.8
Diphtheria,Nigeria,Kaduna,Kaduna LGA2,2025,34,114,105,6,127.0,31.4,70.6
Lassa Fever,Nigeria,Kano,Kano LGA1,2025,35,125,10,2,144.0,29.9,23.5
Lassa Fever,Nigeria,Ogun,Ogun LGA2,2025,35,125,10,2,10.8,24.1,31.3
Lassa Fever,Nigeria,Kaduna,Kaduna LGA1,2025,35,125,10,2,10.6,33.1,33.9
CSM,Nigeria,Rivers,Rivers LGA1,2025,35,0,0,0,129.3,35.5,71.7
CSM,Nigeria,Kaduna,Kaduna LGA2,2025,35,0,0,0,12.5,34.3,23.4
CSM,Nigeria,Oyo,Oyo LGA1,2025,35,0,0,0,33.8,33.4,49.8
Yellow Fever,Nigeria,Ogun,Ogun LGA2,2025,35,9,0,0,121.9,27.3,69.1
Yellow Fever,Nigeria,Kano,Kano LGA2,2025,35,9,0,0,163.6,36.5,44.3
Yellow Fever,Nigeria,Kano,Kano LGA2,2025,35,9,0,0,116.5,36.3,45.0
Cholera,Nigeria,Kaduna,Kaduna LGA2,2025,35,459,7,2,171.1,28.2,76.8
Cholera,Nigeria,Kaduna,Kaduna LGA1,2025,35,459,7,2,137.6,28.3,90.3
Cholera,Nigeria,Ogun,Ogun LGA2,2025,35,459,7,2,218.8,29.6,82.5
Measles,Nigeria,Enugu,Enugu LGA1,2025,35,1,0,0,58.2,31.7,49.7
Measles,Nigeria,Lagos,Lagos LGA1,2025,35,1,0,0,6.1,36.5,46.0
Measles,Nigeria,Ogun,Ogun LGA1,2025,35,1,0,0,131.0,35.4,79.8
Mpox,Nigeria,Oyo,Oyo LGA2,2025,35,26,6,0,19.1,25.3,61.4
Mpox,Nigeria,Kaduna,Kaduna LGA2,2025,35,26,6,0,7.0,26.5,50.0
Mpox,Nigeria,FCT,FCT LGA1,2025,35,26,6,0,99.8,34.2,79.5
AFP,Nigeria,Oyo,Oyo LGA1,2025,35,28,0,0,23.2,27.4,25.7
AFP,Nigeria,Rivers,Rivers LGA2,2025,35,28,0,0,54.7,25.8,22.9
AFP,Nigeria,Rivers,Rivers LGA2,2025,35,28,0,0,79.9,30.2,49.1
COVID-19,Nigeria,Oyo,Oyo LGA1,2025,35,9,0,0,174.8,25.0,22.7
COVID-19,Nigeria,Kano,Kano LGA1,2025,35,9,0,0,142.8,25.8,42.3
COVID-19,Nigeria,Ogun,Ogun LGA2,2025,35,9,0,0,33.9,36.2,24.2
Diphtheria,Nigeria,Kaduna,Kaduna LGA1,2025,35,166,102,6,135.4,29.3,32.7
Diphtheria,Nigeria,Ogun,Ogun LGA2,2025,35,166,102,6,61.8,28.3,47.9
Diphtheria,Nigeria,FCT,FCT LGA2,2025,35,166,102,6,142.4,26.8,78.2
Lassa Fever,Nigeria,Rivers,Rivers LGA1,2025,36,147,13,4,112.6,29.9,63.2
Lassa Fever,Nigeria,Enugu,Enugu LGA1,2025,36,147,13,4,80.1,24.4,45.6
Lassa Fever,Nigeria,Lagos,Lagos LGA2,2025,36,147,13,4,21.0,30.3,68.2
CSM,Nigeria,Enugu,Enugu LGA1,2025,36,0,0,0,106.5,33.2,25.1
CSM,Nigeria,Enugu,Enugu LGA1,2025,36,0,0,0,41.7,27.4,75.3
CSM,Nigeria,Lagos,Lagos LGA1,2025,36,0,0,0,44.2,31.0,30.5
Yellow Fever,Nigeria,Kano,Kano LGA1,2025,36,31,0,0,86.0,31.4,29.7
Yellow Fever,Nigeria,Oyo,Oyo LGA1,2025,36,31,0,0,15.0,35.7,51.2
Yellow Fever,Nigeria,Kaduna,Kaduna LGA2,2025,36,31,0,0,59.1,29.0,75.1
Cholera,Nigeria,Kaduna,Kaduna LGA1,2025,36,312,0,1,138.9,30.0,93.8
Cholera,Nigeria,Enugu,Enugu LGA1,2025,36,312,0,1,205.7,29.9,91.6
Cholera,Nigeria,Enugu,Enugu LGA2,2025,36,312,0,1,133.1,29.6,79.8
Measles,Nigeria,Lagos,Lagos LGA1,2025,36,29,5,0,45.4,37.7,73.7
Measles,Nigeria,Lagos,Lagos LGA1,2025,36,29,5,0,117.8,32.2,74.1
Measles,Nigeria,Lagos,Lagos LGA2,2025,36,29,5,0,24.3,37.0,30.8
Mpox,Nigeria,Oyo,Oyo LGA1,2025,36,28,9,0,72.2,37.3,55.2
Mpox,Nigeria,Enugu,Enugu LGA1,2025,36,28,9,0,46.0,32.3,73.3
Mpox,Nigeria,Rivers,Rivers LGA2,2025,36,28,9,0,80.2,25.8,49.7
AFP,Nigeria,Enugu,Enugu LGA2,2025,36,63,0,0,156.3,28.6,40.5
AFP,Nigeria,Kano,Kano LGA2,2025,36,63,0,0,75.1,34.1,35.7
AFP,Nigeria,Kaduna,Kaduna LGA2,2025,36,63,0,0,64.9,30.2,53.7
COVID-19,Nigeria,Kano,Kano LGA2,2025,36,48,0,0,138.5,24.4,65.1
COVID-19,Nigeria,Rivers,Rivers LGA2,2025,36,48,0,0,113.5,31.6,48.6
COVID-19,Nigeria,Rivers,Rivers LGA1,2025,36,48,0,0,135.0,34.4,70.4
Diphtheria,Nigeria,Rivers,Rivers LGA2,2025,36,47,36,0,30.9,25.5,77.2
Diphtheria,Nigeria,Rivers,Rivers LGA1,2025,36,47,36,0,54.4,38.0,80.4
Diphtheria,Nigeria,Lagos,Lagos LGA2,2025,36,47,36,0,123.1,32.0,54.9
Lassa Fever,Nigeria,Rivers,Rivers LGA1,2025,37,146,11,2,63.0,33.1,76.3
Lassa Fever,Nigeria,Oyo,Oyo LGA1,2025,37,146,11,2,150.9,35.0,50.3
Lassa Fever,Nigeria,Oyo,Oyo LGA1,2025,37,146,11,2,21.2,29.8,75.7
CSM,Nigeria,Kaduna,Kaduna LGA1,2025,37,0,0,0,151.6,35.9,60.5
CSM,Nigeria,Kano,Kano LGA1,2025,37,0,0,0,121.5,29.1,44.4
CSM,Nigeria,Kano,Kano LGA2,2025,37,0,0,0,133.1,32.3,37.0
Yellow Fever,Nigeria,Enugu,Enugu LGA2,2025,37,13,1,0,5.2,28.9,51.2
Yellow Fever,Nigeria,Ogun,Ogun LGA2,2025,37,13,1,0,153.2,35.8,71.7
Yellow Fever,Nigeria,Kano,Kano LGA2,2025,37,13,1,0,144.8,25.0,33.2
Cholera,Nigeria,FCT,FCT LGA2,2025,37,303,0,9,153.4,27.4,83.9
Cholera,Nigeria,Oyo,Oyo LGA1,2025,37,303,0,9,229.1,28.6,90.5
Cholera,Nigeria,Lagos,Lagos LGA1,2025,37,303,0,9,228.2,29.0,81.3
Measles,Nigeria,Enugu,Enugu LGA2,2025,37,3,0,0,135.7,36.1,33.0
Measles,Nigeria,Enugu,Enugu LGA1,2025,37,3,0,0,68.6,30.6,77.9
Measles,Nigeria,Kano,Kano LGA2,2025,37,3,0,0,99.5,31.0,62.8
Mpox,Nigeria,FCT,FCT LGA1,2025,37,25,7,0,103.3,35.2,54.5
Mpox,Nigeria,Oyo,Oyo LGA1,2025,37,25,7,0,109.6,29.2,86.9
Mpox,Nigeria,Rivers,Rivers LGA1,2025,37,25,7,0,10.5,29.3,59.6
AFP,Nigeria,Lagos,Lagos LGA1,2025,37,22,0,0,169.6,31.9,89.6
AFP,Nigeria,Enugu,Enugu LGA2,2025,37,22,0,0,169.0,36.2,68.3
AFP,Nigeria,Enugu,Enugu LGA1,2025,37,22,0,0,28.4,28.6,73.0
COVID-19,Nigeria,Enugu,Enugu LGA1,2025,37,53,0,0,84.8,31.4,24.8
COVID-19,Nigeria,Kaduna,Kaduna LGA1,2025,37,53,0,0,142.2,30.0,20.4
COVID-19,Nigeria,Ogun,Ogun LGA2,2025,37,53,0,0,94.4,30.0,24.6
Diphtheria,Nigeria,Oyo,Oyo LGA1,2025,37,2,0,0,6.5,25.6,52.7
Diphtheria,Nigeria,Enugu,Enugu LGA2,2025,37,2,0,0,77.0,29.0,36.3
Diphtheria,Nigeria,Rivers,Rivers LGA1,2025,37,2,0,0,22.4,31.8,48.7
Lassa Fever,Nigeria,Oyo,Oyo LGA2,2025,38,118,11,2,118.7,28.6,53.7
Lassa Fever,Nigeria,Ogun,Ogun LGA1,2025,38,118,11,2,68.1,37.5,27.0
Lassa Fever,Nigeria,Rivers,Rivers LGA1,2025,38,118,11,2,150.6,36.7,31.9
CSM,Nigeria,Enugu,Enugu LGA2,2025,38,0,0,0,162.3,27.2,76.7
CSM,Nigeria,Enugu,Enugu LGA1,2025,38,0,0,0,69.1,36.9,55.0
CSM,Nigeria,Oyo,Oyo LGA1,2025,38,0,0,0,102.7,31.0,70.7
Yellow Fever,Nigeria,Ogun,Ogun LGA1,2025,38,3,0,0,131.7,29.3,73.3
Yellow Fever,Nigeria,Ogun,Ogun LGA2,2025,38,3,0,0,71.1,26.6,73.4
Yellow Fever,Nigeria,Kaduna,Kaduna LGA1,2025,38,3,0,0,177.5,31.4,66.1
Cholera,Nigeria,Lagos,Lagos LGA2,2025,38,0,0,0,247.1,30.2,84.7
Cholera,Nigeria,Rivers,Rivers LGA2,2025,38,0,0,0,181.3,27.5,76.9
Cholera,Nigeria,Kano,Kano LGA1,2025,38,0,0,0,242.0,30.5,85.1
Measles,Nigeria,Enugu,Enugu LGA1,2025,38,0,0,0,151.0,29.2,21.4
Measles,Nigeria,Kano,Kano LGA1,2025,38,0,0,0,42.1,33.7,50.4
Measles,Nigeria,FCT,FCT LGA2,2025,38,0,0,0,82.1,33.0,33.9
Mpox,Nigeria,Lagos,Lagos LGA1,2025,38,24,7,0,169.4,33.8,82.8
Mpox,Nigeria,Enugu,Enugu LGA2,2025,38,24,7,0,84.2,32.8,73.3
Mpox,Nigeria,Ogun,Ogun LGA2,2025,38,24,7,0,120.0,25.5,65.1
AFP,Nigeria,FCT,FCT LGA2,2025,38,12,0,0,126.6,24.8,27.0
AFP,Nigeria,Ogun,Ogun LGA1,2025,38,12,0,0,132.3,35.0,71.6
AFP,Nigeria,Enugu,Enugu LGA2,2025,38,12,0,0,23.1,27.6,40.2
COVID-19,Nigeria,Ogun,Ogun LGA1,2025,38,11,0,0,20.0,25.8,82.1
COVID-19,Nigeria,Kano,Kano LGA2,2025,38,11,0,0,116.2,29.8,26.4
COVID-19,Nigeria,Enugu,Enugu LGA1,2025,38,11,0,0,9.0,30.4,79.3
Diphtheria,Nigeria,Rivers,Rivers LGA1,2025,38,73,47,2,46.0,27.0,63.6
Diphtheria,Nigeria,Kaduna,Kaduna LGA1,2025,38,73,47,2,6.9,27.6,49.2
Diphtheria,Nigeria,Rivers,Rivers LGA1,2025,38,73,47,2,108.1,27.5,37.4
Lassa Fever,Nigeria,Lagos,Lagos LGA1,2025,39,117,4,0,83.2,38.0,82.3
Lassa Fever,Nigeria,Rivers,Rivers LGA2,2025,39,117,4,0,35.7,28.3,45.7
Lassa Fever,Nigeria,Ogun,Ogun LGA1,2025,39,117,4,0,74.4,28.6,62.3
CSM,Nigeria,Ogun,Ogun LGA1,2025,39,0,0,0,168.5,32.6,76.5
CSM,Nigeria,Rivers,Rivers LGA2,2025,39,0,0,0,118.9,36.2,31.8
CSM,Nigeria,Enugu,Enugu LGA1,2025,39,0,0,0,89.7,32.1,72.5
Yellow Fever,Nigeria,Oyo,Oyo LGA1,2025,39,32,0,0,148.3,27.8,39.2
Yellow Fever,Nigeria,Rivers,Rivers LGA1,2025,39,32,0,0,10.6,36.8,77.5
Yellow Fever,Nigeria,Kano,Kano LGA2,2025,39,32,0,0,63.9,33.7,83.8
Cholera,Nigeria,Enugu,Enugu LGA2,2025,39,584,1,5,213.4,27.9,88.6
Cholera,Nigeria,Oyo,Oyo LGA1,2025,39,584,1,5,239.8,27.5,79.1
Cholera,Nigeria,Kaduna,Kaduna LGA1,2025,39,584,1,5,184.8,28.3,85.6
Measles,Nigeria,Oyo,Oyo LGA1,2025,39,14,5,0,144.6,37.8,21.6
Measles,Nigeria,Kano,Kano LGA1,2025,39,14,5,0,138.5,30.5,34.8
Measles,Nigeria,Lagos,Lagos LGA2,2025,39,14,5,0,108.8,29.6,82.8
Mpox,Nigeria,FCT,FCT LGA2,2025,39,41,10,0,48.2,28.4,86.6
Mpox,Nigeria,Ogun,Ogun LGA1,2025,39,41,10,0,72.3,34.3,63.7
Mpox,Nigeria,Rivers,Rivers LGA2,2025,39,41,10,0,165.9,27.9,72.4
AFP,Nigeria,Ogun,Ogun LGA2,2025,39,116,0,0,95.1,32.9,30.8
AFP,Nigeria,Kano,Kano LGA2,2025,39,116,0,0,11.0,26.7,63.2
AFP,Nigeria,Rivers,Rivers LGA1,2025,39,116,0,0,147.1,25.6,68.9
COVID-19,Nigeria,Kaduna,Kaduna LGA1,2025,39,58,0,0,126.7,37.3,35.7
COVID-19,Nigeria,Kaduna,Kaduna LGA2,2025,39,58,0,0,120.8,29.7,27.2
COVID-19,Nigeria,FCT,FCT LGA1,2025,39,58,0,0,155.2,32.1,26.7
Diphtheria,Nigeria,FCT,FCT LGA1,2025,39,122,102,10,115.7,33.0,74.6
Diphtheria,Nigeria,Enugu,Enugu LGA2,2025,39,122,102,10,62.6,24.4,80.2
Diphtheria,Nigeria,Kaduna,Kaduna LGA1,2025,39,122,102,10,27.8,30.4,23.5
Lassa Fever,Nigeria,Lagos,Lagos LGA2,2026,1,104,21,9,28.6,24.1,72.1
Lassa Fever,Nigeria,Kano,Kano LGA2,2026,1,104,21,9,90.6,33.6,44.3
Lassa Fever,Nigeria,FCT,FCT LGA2,2026,1,104,21,9,92.6,32.5,65.3
CSM,Nigeria,Ogun,Ogun LGA2,2026,1,12,1,1,170.0,29.8,31.7
CSM,Nigeria,Kaduna,Kaduna LGA2,2026,1,12,1,1,97.1,28.8,28.1
CSM,Nigeria,Oyo,Oyo LGA1,2026,1,12,1,1,78.7,31.0,59.2
Yellow Fever,Nigeria,Ogun,Ogun LGA2,2026,1,23,0,0,149.8,35.6,83.0
Yellow Fever,Nigeria,Enugu,Enugu LGA2,2026,1,23,0,0,5.5,35.4,28.7
Yellow Fever,Nigeria,Rivers,Rivers LGA2,2026,1,23,0,0,94.5,37.8,66.9
Cholera,Nigeria,Rivers,Rivers LGA2,2026,1,16,11,0,232.5,29.4,92.3
Cholera,Nigeria,Lagos,Lagos LGA2,2026,1,16,11,0,182.3,29.2,91.2
Cholera,Nigeria,FCT,FCT LGA2,2026,1,16,11,0,157.5,27.3,77.0
Measles,Nigeria,Ogun,Ogun LGA2,2026,1,74,15,0,67.4,36.4,23.2
Measles,Nigeria,Kano,Kano LGA2,2026,1,74,15,0,173.1,34.7,74.5
Measles,Nigeria,Kaduna,Kaduna LGA2,2026,1,74,15,0,19.9,25.5,78.6
Mpox,Nigeria,Kano,Kano LGA1,2026,1,7,3,0,128.5,32.8,80.5
Mpox,Nigeria,Enugu,Enugu LGA2,2026,1,7,3,0,162.8,31.5,60.6
Mpox,Nigeria,Lagos,Lagos LGA1,2026,1,7,3,0,112.0,25.6,68.6
AFP,Nigeria,Ogun,Ogun LGA1,2026,1,12,0,1,71.8,30.6,26.2
AFP,Nigeria,Lagos,Lagos LGA2,2026,1,12,0,1,25.2,34.0,21.7
AFP,Nigeria,Ogun,Ogun LGA1,2026,1,12,0,1,80.3,32.5,49.5
COVID-19,Nigeria,Lagos,Lagos LGA2,2026,1,1,0,0,39.9,35.6,81.5
COVID-19,Nigeria,Enugu,Enugu LGA2,2026,1,1,0,0,48.7,24.9,52.9
COVID-19,Nigeria,FCT,FCT LGA2,2026,1,1,0,0,169.1,34.3,26.4
Diphtheria,Nigeria,Kano,Kano LGA1,2026,1,461,371,24,114.4,36.6,75.5
Diphtheria,Nigeria,Kaduna,Kaduna LGA1,2026,1,461,371,24,124.1,27.4,87.5
Diphtheria,Nigeria,Ogun,Ogun LGA2,2026,1,461,371,24,87.9,31.6,84.8
Lassa Fever,Nigeria,Kaduna,Kaduna LGA2,2026,2,144,33,2,168.7,27.4,51.0
Lassa Fever,Nigeria,Enugu,Enugu LGA2,2026,2,144,33,2,106.4,26.9,48.5
Lassa Fever,Nigeria,Lagos,Lagos LGA1,2026,2,144,33,2,5.3,30.5,59.6
CSM,Nigeria,FCT,FCT LGA1,2026,2,20,0,0,65.0,36.7,67.0
CSM,Nigeria,Ogun,Ogun LGA2,2026,2,20,0,0,147.7,34.7,39.7
CSM,Nigeria,Ogun,Ogun LGA1,2026,2,20,0,0,117.2,28.4,73.6
Yellow Fever,Nigeria,Lagos,Lagos LGA1,2026,2,22,0,0,141.7,28.9,64.4
Yellow Fever,Nigeria,Enugu,Enugu LGA2,2026,2,22,0,0,28.1,31.4,52.5
Yellow Fever,Nigeria,Oyo,Oyo LGA1,2026,2,22,0,0,54.3,29.9,51.5
Cholera,Nigeria,FCT,FCT LGA1,2026,2,55,13,0,220.6,29.2,75.8
Cholera,Nigeria,Enugu,Enugu LGA1,2026,2,55,13,0,200.7,28.0,88.7
Cholera,Nigeria,Kaduna,Kaduna LGA1,2026,2,55,13,0,238.2,28.1,83.2
Measles,Nigeria,FCT,FCT LGA1,2026,2,147,38,0,167.8,24.7,29.3
Measles,Nigeria,Rivers,Rivers LGA2,2026,2,147,38,0,155.2,32.3,88.3
Measles,Nigeria,FCT,FCT LGA2,2026,2,147,38,0,123.9,33.8,71.3
Mpox,Nigeria,Enugu,Enugu LGA1,2026,2,16,0,0,97.5,31.9,34.4
Mpox,Nigeria,Kano,Kano LGA1,2026,2,16,0,0,123.2,34.6,63.3
Mpox,Nigeria,Rivers,Rivers LGA2,2026,2,16,0,0,146.5,31.4,70.2
AFP,Nigeria,Kaduna,Kaduna LGA1,2026,2,46,0,0,90.3,32.1,37.6
AFP,Nigeria,Kaduna,Kaduna LGA2,2026,2,46,0,0,48.4,29.0,30.8
AFP,Nigeria,Ogun,Ogun LGA2,2026,2,46,0,0,147.7,33.8,47.0
COVID-19,Nigeria,Ogun,Ogun LGA2,2026,2,14,0,0,176.4,24.8,68.3
COVID-19,Nigeria,Rivers,Rivers LGA1,2026,2,14,0,0,52.7,34.2,52.2
COVID-19,Nigeria,Ogun,Ogun LGA1,2026,2,14,0,0,48.2,32.6,24.8
Diphtheria,Nigeria,Enugu,Enugu LGA2,2026,2,529,420,12,24.0,32.0,51.9
Diphtheria,Nigeria,Enugu,Enugu LGA1,2026,2,529,420,12,23.0,33.9,35.7
Diphtheria,Nigeria,Oyo,Oyo LGA1,2026,2,529,420,12,94.3,26.9,42.7
Lassa Fever,Nigeria,Kano,Kano LGA2,2026,3,162,41,8,119.4,30.7,73.5
Lassa Fever,Nigeria,Oyo,Oyo LGA1,2026,3,162,41,8,160.3,38.0,60.1
Lassa Fever,Nigeria,Kaduna,Kaduna LGA1,2026,3,162,41,8,112.0,31.2,77.9
CSM,Nigeria,Rivers,Rivers LGA2,2026,3,11,1,1,158.8,34.9,42.1
CSM,Nigeria,Kaduna,Kaduna LGA2,2026,3,11,1,1,44.9,27.6,62.2
CSM,Nigeria,Rivers,Rivers LGA1,2026,3,11,1,1,133.8,26.6,50.2
Yellow Fever,Nigeria,Rivers,Rivers LGA1,2026,3,16,0,0,129.5,34.9,61.1
Yellow Fever,Nigeria,Ogun,Ogun LGA1,2026,3,16,0,0,106.1,32.5,36.9
Yellow Fever,Nigeria,FCT,FCT LGA1,2026,3,16,0,0,166.2,24.2,29.9
Cholera,Nigeria,FCT,FCT LGA2,2026,3,56,11,0,154.6,29.1,84.5
Cholera,Nigeria,Kano,Kano LGA2,2026,3,56,11,0,235.9,28.3,83.8
Cholera,Nigeria,Kaduna,Kaduna LGA2,2026,3,56,11,0,200.7,27.1,85.2
Measles,Nigeria,FCT,FCT LGA2,2026,3,116,36,0,59.8,25.1,66.4
Measles,Nigeria,Oyo,Oyo LGA1,2026,3,116,36,0,77.8,37.8,23.8
Measles,Nigeria,Ogun,Ogun LGA2,2026,3,116,36,0,122.0,25.9,59.2
Mpox,Nigeria,Oyo,Oyo LGA2,2026,3,22,3,0,34.0,30.6,70.8
Mpox,Nigeria,Kaduna,Kaduna LGA2,2026,3,22,3,0,76.3,29.3,44.6
Mpox,Nigeria,Enugu,Enugu LGA1,2026,3,22,3,0,37.9,35.2,63.7
AFP,Nigeria,Rivers,Rivers LGA2,2026,3,27,0,0,63.2,31.8,58.2
AFP,Nigeria,Enugu,Enugu LGA1,2026,3,27,0,0,157.6,36.9,49.3
AFP,Nigeria,FCT,FCT LGA1,2026,3,27,0,0,127.8,30.4,28.1
COVID-19,Nigeria,FCT,FCT LGA2,2026,3,13,0,0,148.1,37.6,85.8
COVID-19,Nigeria,Ogun,Ogun LGA1,2026,3,13,0,0,121.5,25.1,21.5
COVID-19,Nigeria,Kaduna,Kaduna LGA1,2026,3,13,0,0,159.5,27.6,89.9
Diphtheria,Nigeria,Ogun,Ogun LGA2,2026,3,517,454,18,110.1,24.3,88.2
Diphtheria,Nigeria,Ogun,Ogun LGA2,2026,3,517,454,18,173.4,37.0,48.5
Diphtheria,Nigeria,FCT,FCT LGA1,2026,3,517,454,18,15.9,35.3,71.6
Lassa Fever,Nigeria,Rivers,Rivers LGA2,2026,4,189,28,7,35.7,32.5,55.5
Lassa Fever,Nigeria,Kaduna,Kaduna LGA2,2026,4,189,28,7,45.3,36.2,41.5
Lassa Fever,Nigeria,Rivers,Rivers LGA2,2026,4,189,28,7,136.5,34.8,78.5
CSM,Nigeria,FCT,FCT LGA1,2026,4,16,0,5,137.9,25.9,62.1
CSM,Nigeria,Rivers,Rivers LGA1,2026,4,16,0,5,149.5,28.4,73.1
CSM,Nigeria,Ogun,Ogun LGA2,2026,4,16,0,5,64.3,36.2,39.4
Yellow Fever,Nigeria,Enugu,Enugu LGA2,2026,4,8,0,0,167.2,31.3,54.2
Yellow Fever,Nigeria,Enugu,Enugu LGA1,2026,4,8,0,0,102.3,37.9,61.8
Yellow Fever,Nigeria,Kano,Kano LGA1,2026,4,8,0,0,112.9,36.8,63.4
Cholera,Nigeria,Kano,Kano LGA1,2026,4,5,0,0,149.2,30.3,79.9
Cholera,Nigeria,Rivers,Rivers LGA1,2026,4,5,0,0,168.7,30.7,83.7
Cholera,Nigeria,Lagos,Lagos LGA1,2026,4,5,0,0,172.8,29.8,79.8
Measles,Nigeria,Kano,Kano LGA2,2026,4,83,19,0,71.9,29.9,51.8
Measles,Nigeria,Kano,Kano LGA2,2026,4,83,19,0,104.2,27.2,76.9
Measles,Nigeria,Ogun,Ogun LGA1,2026,4,83,19,0,102.5,34.5,36.4
Mpox,Nigeria,Enugu,Enugu LGA1,2026,4,12,1,0,116.1,32.7,63.9
Mpox,Nigeria,Rivers,Rivers LGA2,2026,4,12,1,0,85.8,37.5,26.3
Mpox,Nigeria,Oyo,Oyo LGA2,2026,4,12,1,0,64.5,35.8,80.4
AFP,Nigeria,Rivers,Rivers LGA1,2026,4,3,0,0,21.6,33.5,41.6
AFP,Nigeria,Rivers,Rivers LGA1,2026,4,3,0,0,24.5,24.2,50.3
AFP,Nigeria,Oyo,Oyo LGA2,2026,4,3,0,0,152.4,32.8,20.9
COVID-19,Nigeria,Kano,Kano LGA2,2026,4,7,0,0,60.0,37.1,47.8
COVID-19,Nigeria,Ogun,Ogun LGA1,2026,4,7,0,0,15.5,24.7,83.7
COVID-19,Nigeria,Kano,Kano LGA2,2026,4,7,0,0,107.5,30.4,88.3
Diphtheria,Nigeria,Oyo,Oyo LGA2,2026,4,443,400,18,113.3,27.6,37.5
Diphtheria,Nigeria,Enugu,Enugu LGA2,2026,4,443,400,18,19.8,38.0,34.8
Diphtheria,Nigeria,FCT,FCT LGA2,2026,4,443,400,18,12.2,25.6,74.2
Lassa Fever,Nigeria,Oyo,Oyo LGA2,2026,5,155,42,10,167.0,29.2,34.7
Lassa Fever,Nigeria,FCT,FCT LGA1,2026,5,155,42,10,118.0,28.1,56.7
Lassa Fever,Nigeria,Oyo,Oyo LGA2,2026,5,155,42,10,111.2,28.3,52.2
CSM,Nigeria,Enugu,Enugu LGA1,2026,5,31,0,3,173.7,35.6,50.1
CSM,Nigeria,Oyo,Oyo LGA1,2026,5,31,0,3,49.2,27.0,54.0
CSM,Nigeria,Kaduna,Kaduna LGA1,2026,5,31,0,3,107.7,36.3,58.8
Yellow Fever,Nigeria,Ogun,Ogun LGA1,2026,5,18,0,0,91.1,36.8,83.8
Yellow Fever,Nigeria,FCT,FCT LGA2,2026,5,18,0,0,67.4,36.5,39.3
Yellow Fever,Nigeria,Kano,Kano LGA1,2026,5,18,0,0,140.1,36.8,68.6
Cholera,Nigeria,Ogun,Ogun LGA2,2026,5,9,1,0,221.1,27.7,76.3
Cholera,Nigeria,Enugu,Enugu LGA1,2026,5,9,1,0,126.3,30.5,85.8
Cholera,Nigeria,Oyo,Oyo LGA2,2026,5,9,1,0,177.0,30.5,89.3
Measles,Nigeria,Enugu,Enugu LGA1,2026,5,168,108,0,69.7,33.9,71.2
Measles,Nigeria,Kano,Kano LGA2,2026,5,168,108,0,164.4,33.7,57.0
Measles,Nigeria,Ogun,Ogun LGA1,2026,5,168,108,0,95.1,27.6,58.2
Mpox,Nigeria,Rivers,Rivers LGA1,2026,5,19,0,0,111.8,33.7,67.1
Mpox,Nigeria,Ogun,Ogun LGA2,2026,5,19,0,0,48.1,32.4,28.9
Mpox,Nigeria,Rivers,Rivers LGA2,2026,5,19,0,0,15.4,31.0,84.8
AFP,Nigeria,Ogun,Ogun LGA2,2026,5,0,0,0,121.7,34.7,85.7
AFP,Nigeria,Lagos,Lagos LGA2,2026,5,0,0,0,142.9,25.3,83.9
AFP,Nigeria,Lagos,Lagos LGA1,2026,5,0,0,0,12.1,31.5,78.3
COVID-19,Nigeria,Enugu,Enugu LGA1,2026,5,18,0,0,16.9,28.5,33.8
COVID-19,Nigeria,Enugu,Enugu LGA2,2026,5,18,0,0,126.5,32.3,84.9
COVID-19,Nigeria,FCT,FCT LGA1,2026,5,18,0,0,155.6,32.5,61.7
Diphtheria,Nigeria,Kaduna,Kaduna LGA1,2026,5,305,244,12,53.3,32.1,20.8
Diphtheria,Nigeria,Oyo,Oyo LGA2,2026,5,305,244,12,96.3,29.6,63.8
Diphtheria,Nigeria,FCT,FCT LGA1,2026,5,305,244,12,155.5,37.2,65.1
Lassa Fever,Nigeria,FCT,FCT LGA1,2026,6,309,78,15,147.4,25.8,89.4
Lassa Fever,Nigeria,Ogun,Ogun LGA2,2026,6,309,78,15,119.7,29.4,68.6
Lassa Fever,Nigeria,FCT,FCT LGA1,2026,6,309,78,15,120.5,35.4,37.2
CSM,Nigeria,FCT,FCT LGA1,2026,6,37,0,1,173.1,36.9,37.1
CSM,Nigeria,Enugu,Enugu LGA1,2026,6,37,0,1,141.7,30.9,47.1
CSM,Nigeria,Lagos,Lagos LGA1,2026,6,37,0,1,122.5,34.6,74.6
Yellow Fever,Nigeria,Ogun,Ogun LGA1,2026,6,24,0,0,62.1,33.6,74.1
Yellow Fever,Nigeria,Kano,Kano LGA2,2026,6,24,0,0,21.6,27.4,55.3
Yellow Fever,Nigeria,Kano,Kano LGA1,2026,6,24,0,0,160.9,26.4,46.6
Cholera,Nigeria,Lagos,Lagos LGA1,2026,6,9,3,0,249.2,30.3,87.3
Cholera,Nigeria,Enugu,Enugu LGA1,2026,6,9,3,0,180.4,29.8,93.0
Cholera,Nigeria,Oyo,Oyo LGA2,2026,6,9,3,0,136.9,28.5,82.9
Measles,Nigeria,Lagos,Lagos LGA2,2026,6,189,132,0,75.4,31.8,40.3
Measles,Nigeria,Rivers,Rivers LGA2,2026,6,189,132,0,101.5,33.5,37.2
Measles,Nigeria,FCT,FCT LGA2,2026,6,189,132,0,18.2,35.0,61.9
Mpox,Nigeria,Enugu,Enugu LGA2,2026,6,12,0,0,18.1,28.8,42.7
Mpox,Nigeria,FCT,FCT LGA2,2026,6,12,0,0,71.0,24.5,32.7
Mpox,Nigeria,Enugu,Enugu LGA2,2026,6,12,0,0,120.2,34.1,74.3
AFP,Nigeria,Enugu,Enugu LGA1,2026,6,24,0,0,42.9,36.0,67.2
AFP,Nigeria,Enugu,Enugu LGA2,2026,6,24,0,0,165.6,30.2,30.9
AFP,Nigeria,Enugu,Enugu LGA2,2026,6,24,0,0,94.7,25.7,54.4
COVID-19,Nigeria,Enugu,Enugu LGA1,2026,6,14,2,0,20.9,34.3,52.8
COVID-19,Nigeria,FCT,FCT LGA1,2026,6,14,2,0,40.5,36.2,44.7
COVID-19,Nigeria,Ogun,Ogun LGA2,2026,6,14,2,0,140.6,26.1,39.9
Diphtheria,Nigeria,Enugu,Enugu LGA1,2026,6,325,229,7,110.2,30.3,69.6
Diphtheria,Nigeria,Enugu,Enugu LGA2,2026,6,325,229,7,109.8,28.0,68.0
Diphtheria,Nigeria,FCT,FCT LGA2,2026,6,325,229,7,10.3,28.4,76.8
Lassa Fever,Nigeria,Rivers,Rivers LGA1,2026,7,464,83,0,82.2,35.8,62.6
Lassa Fever,Nigeria,Kaduna,Kaduna LGA1,2026,7,464,83,0,136.0,28.9,40.8
Lassa Fever,Nigeria,Ogun,Ogun LGA1,2026,7,464,83,0,94.2,28.2,81.6
CSM,Nigeria,Rivers,Rivers LGA2,2026,7,43,0,3,39.3,24.2,37.8
CSM,Nigeria,Ogun,Ogun LGA2,2026,7,43,0,3,60.8,26.4,28.1
CSM,Nigeria,Rivers,Rivers LGA1,2026,7,43,0,3,50.6,25.8,53.2
Yellow Fever,Nigeria,Rivers,Rivers LGA2,2026,7,22,0,0,95.0,24.9,73.1
Yellow Fever,Nigeria,FCT,FCT LGA1,2026,7,22,0,0,6.6,24.6,42.6
Yellow Fever,Nigeria,Kaduna,Kaduna LGA2,2026,7,22,0,0,117.2,36.4,25.0
Cholera,Nigeria,Kaduna,Kaduna LGA2,2026,7,2,0,0,200.2,28.6,91.5
Cholera,Nigeria,Lagos,Lagos LGA2,2026,7,2,0,0,198.7,29.3,79.5
Cholera,Nigeria,Lagos,Lagos LGA2,2026,7,2,0,0,131.2,27.9,94.1
Measles,Nigeria,Kaduna,Kaduna LGA1,2026,7,205,171,0,153.9,30.3,88.1
Measles,Nigeria,Rivers,Rivers LGA2,2026,7,205,171,0,166.1,33.4,75.2
Measles,Nigeria,FCT,FCT LGA2,2026,7,205,171,0,41.2,35.0,46.1
Mpox,Nigeria,Enugu,Enugu LGA1,2026,7,14,0,0,134.6,30.4,64.5
Mpox,Nigeria,Enugu,Enugu LGA1,2026,7,14,0,0,75.4,27.2,35.0
Mpox,Nigeria,FCT,FCT LGA1,2026,7,14,0,0,62.4,24.5,29.9
AFP,Nigeria,Rivers,Rivers LGA2,2026,7,70,0,0,10.7,27.0,66.0
AFP,Nigeria,Rivers,Rivers LGA1,2026,7,70,0,0,59.5,28.0,87.6
AFP,Nigeria,Kaduna,Kaduna LGA2,2026,7,70,0,0,87.2,30.5,74.1
COVID-19,Nigeria,Rivers,Rivers LGA2,2026,7,22,0,0,163.7,32.6,69.5
COVID-19,Nigeria,Kano,Kano LGA2,2026,7,22,0,0,64.6,29.6,66.7
COVID-19,Nigeria,Enugu,Enugu LGA2,2026,7,22,0,0,79.9,27.8,89.3
Diphtheria,Nigeria,FCT,FCT LGA1,2026,7,242,206,2,169.2,28.7,30.1
Diphtheria,Nigeria,Enugu,Enugu LGA1,2026,7,242,206,2,46.5,29.9,29.6
Diphtheria,Nigeria,Enugu,Enugu LGA1,2026,7,242,206,2,177.4,38.0,75.9
Lassa Fever,Nigeria,Lagos,Lagos LGA1,2026,8,446,77,0,82.4,30.3,41.7
Lassa Fever,Nigeria,Lagos,Lagos LGA1,2026,8,446,77,0,103.9,35.3,38.7
Lassa Fever,Nigeria,Rivers,Rivers LGA1,2026,8,446,77,0,144.1,34.9,29.6
CSM,Nigeria,Ogun,Ogun LGA1,2026,8,21,0,4,172.0,25.9,69.4
CSM,Nigeria,Enugu,Enugu LGA1,2026,8,21,0,4,169.7,32.2,58.3
CSM,Nigeria,Kaduna,Kaduna LGA2,2026,8,21,0,4,28.7,36.5,27.7
Yellow Fever,Nigeria,Kaduna,Kaduna LGA1,2026,8,19,0,0,34.9,25.1,30.2
Yellow Fever,Nigeria,Ogun,Ogun LGA2,2026,8,19,0,0,135.2,35.4,34.3
Yellow Fever,Nigeria,Rivers,Rivers LGA1,2026,8,19,0,0,76.9,24.8,48.5
Cholera,Nigeria,Oyo,Oyo LGA2,2026,8,8,0,0,159.3,28.8,92.2
Cholera,Nigeria,Enugu,Enugu LGA1,2026,8,8,0,0,153.7,28.6,87.3
Cholera,Nigeria,FCT,FCT LGA1,2026,8,8,0,0,195.8,28.2,77.7
Measles,Nigeria,Oyo,Oyo LGA2,2026,8,174,169,0,52.1,33.4,88.2
Measles,Nigeria,Lagos,Lagos LGA2,2026,8,174,169,0,95.4,34.7,69.9
Measles,Nigeria,Lagos,Lagos LGA2,2026,8,174,169,0,45.2,33.4,23.0
Mpox,Nigeria,Ogun,Ogun LGA2,2026,8,10,2,0,136.6,34.1,58.0
Mpox,Nigeria,Rivers,Rivers LGA1,2026,8,10,2,0,175.9,30.1,77.7
Mpox,Nigeria,Kaduna,Kaduna LGA1,2026,8,10,2,0,36.0,32.3,47.1
AFP,Nigeria,Kano,Kano LGA2,2026,8,60,0,0,78.9,37.7,51.7
AFP,Nigeria,Kaduna,Kaduna LGA1,2026,8,60,0,0,98.3,37.5,26.6
AFP,Nigeria,Ogun,Ogun LGA1,2026,8,60,0,0,146.6,24.6,25.9
COVID-19,Nigeria,Ogun,Ogun LGA1,2026,8,77,4,0,129.8,33.3,29.6
COVID-19,Nigeria,Lagos,Lagos LGA2,2026,8,77,4,0,54.6,28.2,22.0
COVID-19,Nigeria,Kaduna,Kaduna LGA2,2026,8,77,4,0,163.4,27.1,66.2
Diphtheria,Nigeria,Kano,Kano LGA2,2026,8,218,190,1,6.3,37.4,49.9
Diphtheria,Nigeria,Enugu,Enugu LGA1,2026,8,218,190,1,163.3,30.7,26.0
Diphtheria,Nigeria,Enugu,Enugu LGA2,2026,8,218,190,1,69.4,32.1,68.4
Lassa Fever,Nigeria,Enugu,Enugu LGA2,2026,9,522,74,14,97.8,29.1,50.3
Lassa Fever,Nigeria,FCT,FCT LGA2,2026,9,522,74,14,51.0,28.0,62.3
Lassa Fever,Nigeria,Lagos,Lagos LGA2,2026,9,522,74,14,49.3,28.7,21.4
CSM,Nigeria,Enugu,Enugu LGA2,2026,9,13,0,1,66.7,28.2,51.6
CSM,Nigeria,Ogun,Ogun LGA1,2026,9,13,0,1,107.6,35.4,83.0
CSM,Nigeria,Ogun,Ogun LGA2,2026,9,13,0,1,45.8,32.8,65.0
Yellow Fever,Nigeria,Lagos,Lagos LGA1,2026,9,13,0,0,73.7,30.6,40.2
Yellow Fever,Nigeria,Rivers,Rivers LGA2,2026,9,13,0,0,126.6,29.7,51.4
Yellow Fever,Nigeria,FCT,FCT LGA1,2026,9,13,0,0,88.7,37.2,27.5
Cholera,Nigeria,Ogun,Ogun LGA1,2026,9,1,0,0,235.8,27.1,77.9
Cholera,Nigeria,Ogun,Ogun LGA1,2026,9,1,0,0,148.1,28.4,81.8
Cholera,Nigeria,Oyo,Oyo LGA1,2026,9,1,0,0,148.7,27.8,83.6
Measles,Nigeria,Oyo,Oyo LGA2,2026,9,164,158,0,159.9,26.5,86.7
Measles,Nigeria,Enugu,Enugu LGA1,2026,9,164,158,0,84.1,36.3,67.2
Measles,Nigeria,Kano,Kano LGA2,2026,9,164,158,0,169.7,34.5,54.2
Mpox,Nigeria,Kano,Kano LGA2,2026,9,6,0,0,178.3,33.8,45.8
Mpox,Nigeria,Oyo,Oyo LGA2,2026,9,6,0,0,174.9,27.8,56.5
Mpox,Nigeria,Rivers,Rivers LGA2,2026,9,6,0,0,166.0,37.9,50.6
AFP,Nigeria,Lagos,Lagos LGA2,2026,9,37,0,0,71.7,33.2,78.0
AFP,Nigeria,Lagos,Lagos LGA2,2026,9,37,0,0,77.7,32.1,59.6
AFP,Nigeria,Kano,Kano LGA2,2026,9,37,0,0,100.3,37.2,69.5
COVID-19,Nigeria,FCT,FCT LGA2,2026,9,16,0,0,54.4,27.2,33.8
COVID-19,Nigeria,Lagos,Lagos LGA2,2026,9,16,0,0,42.1,36.1,67.2
COVID-19,Nigeria,Kaduna,Kaduna LGA1,2026,9,16,0,0,80.7,26.6,70.0
Diphtheria,Nigeria,Rivers,Rivers LGA2,2026,9,110,87,1,102.3,25.4,63.4
Diphtheria,Nigeria,Lagos,Lagos LGA2,2026,9,110,87,1,176.5,35.3,76.2
Diphtheria,Nigeria,Enugu,Enugu LGA1,2026,9,110,87,1,44.9,34.9,56.2
