year,month,epi_week,disease,weekly_suspected,weekly_confirmed,weekly_deaths,states_affected,lgas_affected,source,ytd_year_prev,ytd_susp_prev,ytd_conf_prev,ytd_death_prev,ytd_cfr_prev,ytd_year_curr,ytd_susp_curr,ytd_conf_curr,ytd_death_curr,ytd_cfr_curr
2016,9,37,CSM,2648.0,,,27.0,135.0,original_prose_parser_2016_2018,,,,,,,,,,
2016,9,37,Cholera,14.0,,,2.0,2.0,original_prose_parser_2016_2018,,,,,,,,,,
2016,9,37,Lassa Fever,7.0,,,,,original_prose_parser_2016_2018,,,,,,,,,,
2016,9,37,Measles,19082.0,,,36.0,,original_prose_parser_2016_2018,,,,,,,,,,
2016,9,39,CSM,2653.0,,,28.0,137.0,original_prose_parser_2016_2018,,,,,,,,,,
2016,9,39,Cholera,36.0,,,3.0,13.0,original_prose_parser_2016_2018,,,,,,,,,,
2016,9,39,Lassa Fever,227.0,,,28.0,135.0,original_prose_parser_2016_2018,,,,,,,,,,
2016,9,39,Measles,19834.0,,,36.0,,original_prose_parser_2016_2018,,,,,,,,,,
2016,10,40,CSM,2655.0,,,29.0,139.0,original_prose_parser_2016_2018,,,,,,,,,,
2016,10,40,Cholera,3.0,,,2.0,2.0,original_prose_parser_2016_2018,,,,,,,,,,
2016,10,40,Lassa Fever,227.0,,,28.0,135.0,original_prose_parser_2016_2018,,,,,,,,,,
2016,10,40,Measles,20005.0,,,36.0,,original_prose_parser_2016_2018,,,,,,,,,,
2016,10,41,CSM,2656.0,,,29.0,140.0,original_prose_parser_2016_2018,,,,,,,,,,
2016,10,41,Cholera,13.0,,,2.0,2.0,original_prose_parser_2016_2018,,,,,,,,,,
2016,10,41,Lassa Fever,3.0,,,3.0,3.0,original_prose_parser_2016_2018,,,,,,,,,,
2016,10,41,Measles,20250.0,,,36.0,,original_prose_parser_2016_2018,,,,,,,,,,
2016,10,42,CSM,2663.0,,,30.0,142.0,original_prose_parser_2016_2018,,,,,,,,,,
2016,10,42,Cholera,6.0,,,4.0,11.0,original_prose_parser_2016_2018,,,,,,,,,,
2016,10,42,Lassa Fever,2.0,,,2.0,2.0,original_prose_parser_2016_2018,,,,,,,,,,
2016,10,42,Measles,20504.0,,,36.0,,original_prose_parser_2016_2018,,,,,,,,,,
2016,10,43,CSM,2667.0,,,31.0,144.0,original_prose_parser_2016_2018,,,,,,,,,,
2016,10,43,Cholera,0.0,,,3.0,5.0,original_prose_parser_2016_2018,,,,,,,,,,
2016,10,43,Lassa Fever,1.0,,,,,original_prose_parser_2016_2018,,,,,,,,,,
2016,10,43,Measles,20983.0,,,36.0,,original_prose_parser_2016_2018,,,,,,,,,,
2016,11,44,CSM,2670.0,,,31.0,144.0,original_prose_parser_2016_2018,,,,,,,,,,
2016,11,44,Cholera,0.0,,,2.0,2.0,original_prose_parser_2016_2018,,,,,,,,,,
2016,11,44,Lassa Fever,1.0,,,,,original_prose_parser_2016_2018,,,,,,,,,,
2016,11,44,Measles,21519.0,,,36.0,,original_prose_parser_2016_2018,,,,,,,,,,
2016,11,45,CSM,2672.0,,,31.0,147.0,original_prose_parser_2016_2018,,,,,,,,,,
2016,11,45,Cholera,2.0,,,,3.0,original_prose_parser_2016_2018,,,,,,,,,,
2016,11,45,Lassa Fever,5.0,,,4.0,4.0,original_prose_parser_2016_2018,,,,,,,,,,
2016,11,45,Measles,21852.0,,,36.0,,original_prose_parser_2016_2018,,,,,,,,,,
2016,11,46,CSM,2676.0,,,31.0,148.0,original_prose_parser_2016_2018,,,,,,,,,,
2016,11,46,Lassa Fever,4.0,,,3.0,3.0,original_prose_parser_2016_2018,,,,,,,,,,
2016,11,46,Measles,22222.0,,,36.0,,original_prose_parser_2016_2018,,,,,,,,,,
2016,11,47,CSM,14.0,,,8.0,10.0,original_prose_parser_2016_2018,,,,,,,,,,
2016,11,47,Cholera,1.0,,,,,original_prose_parser_2016_2018,,,,,,,,,,
2016,11,47,Lassa Fever,6.0,,,3.0,4.0,original_prose_parser_2016_2018,,,,,,,,,,
2016,11,47,Measles,22567.0,,,36.0,,original_prose_parser_2016_2018,,,,,,,,,,
2016,12,51,CSM,2706.0,,,31.0,154.0,original_prose_parser_2016_2018,,,,,,,,,,
2016,12,51,Cholera,0.0,,,,,original_prose_parser_2016_2018,,,,,,,,,,
2016,12,51,Lassa Fever,2.0,,,5.0,10.0,original_prose_parser_2016_2018,,,,,,,,,,
2016,12,51,Measles,23970.0,,,36.0,,original_prose_parser_2016_2018,,,,,,,,,,
2016,12,52,CSM,2709.0,,,31.0,154.0,original_prose_parser_2016_2018,,,,,,,,,,
2016,12,52,Cholera,0.0,,,,,original_prose_parser_2016_2018,,,,,,,,,,
2016,12,52,Lassa Fever,2.0,,,4.0,7.0,original_prose_parser_2016_2018,,,,,,,,,,
2016,12,52,Measles,24203.0,,,36.0,,original_prose_parser_2016_2018,,,,,,,,,,
2017,1,1,CSM,2709.0,,,31.0,154.0,original_prose_parser_2016_2018,,,,,,,,,,
2017,1,1,Cholera,0.0,,,,2.0,original_prose_parser_2016_2018,,,,,,,,,,
2017,1,1,Lassa Fever,3.0,,,,,original_prose_parser_2016_2018,,,,,,,,,,
2017,1,1,Measles,24317.0,,,36.0,,original_prose_parser_2016_2018,,,,,,,,,,
2017,2,6,CSM,39.0,,,18.0,36.0,original_prose_parser_2016_2018,,,,,,,,,,
2017,2,6,Cholera,5.0,,,2.0,2.0,original_prose_parser_2016_2018,,,,,,,,,,
2017,2,6,Lassa Fever,22.0,,,7.0,7.0,original_prose_parser_2016_2018,,,,,,,,,,
2017,2,6,Measles,2515.0,,,34.0,,original_prose_parser_2016_2018,,,,,,,,,,
2017,2,7,CSM,71.0,,,21.0,49.0,original_prose_parser_2016_2018,,,,,,,,,,
2017,2,7,Cholera,71.0,,10.0,11.0,18.0,original_prose_parser_2016_2018,,,,,,,,,,
2017,2,7,Lassa Fever,30.0,,,7.0,7.0,original_prose_parser_2016_2018,,,,,,,,,,
2017,2,7,Measles,3461.0,,,35.0,,original_prose_parser_2016_2018,,,,,,,,,,
2017,2,8,CSM,102.0,,,21.0,56.0,original_prose_parser_2016_2018,,,,,,,,,,
2017,2,8,Cholera,1.0,,,,,original_prose_parser_2016_2018,,,,,,,,,,
2017,2,8,Lassa Fever,8.0,,,6.0,6.0,original_prose_parser_2016_2018,,,,,,,,,,
2017,2,8,Measles,4503.0,,,36.0,,original_prose_parser_2016_2018,,,,,,,,,,
2017,3,9,CSM,444.0,,,,5.0,original_prose_parser_2016_2018,,,,,,,,,,
2017,3,9,Cholera,89.0,,14.0,10.0,22.0,original_prose_parser_2016_2018,,,,,,,,,,
2017,3,9,Lassa Fever,6.0,,,5.0,5.0,original_prose_parser_2016_2018,,,,,,,,,,
2017,3,9,Measles,629.0,,,29.0,,original_prose_parser_2016_2018,,,,,,,,,,
2017,3,10,CSM,153.0,,,22.0,83.0,original_prose_parser_2016_2018,,,,,,,,,,
2017,3,10,Cholera,7.0,,,3.0,3.0,original_prose_parser_2016_2018,,,,,,,,,,
2017,3,10,Lassa Fever,8.0,,,4.0,4.0,original_prose_parser_2016_2018,,,,,,,,,,
2017,3,10,Measles,619.0,,,32.0,,original_prose_parser_2016_2018,,,,,,,,,,
2017,3,11,CSM,218.0,21.0,,22.0,98.0,original_prose_parser_2016_2018,,,,,,,,,,
2017,3,11,Cholera,1.0,,,2.0,2.0,original_prose_parser_2016_2018,,,,,,,,,,
2017,3,11,Lassa Fever,173.0,,17.0,12.0,32.0,original_prose_parser_2016_2018,,,,,,,,,,
2017,3,11,Measles,631.0,,,34.0,,original_prose_parser_2016_2018,,,,,,,,,,
2017,3,12,CSM,274.0,25.0,,24.0,108.0,original_prose_parser_2016_2018,,,,,,,,,,
2017,3,12,Cholera,254.0,,26.0,12.0,38.0,original_prose_parser_2016_2018,,,,,,,,,,
2017,3,12,Lassa Fever,27.0,,,6.0,10.0,original_prose_parser_2016_2018,,,,,,,,,,
2017,3,12,Measles,594.0,,,32.0,,original_prose_parser_2016_2018,,,,,,,,,,
2017,4,16,CSM,29.0,16.0,,23.0,113.0,original_prose_parser_2016_2018,,,,,,,,,,
2017,4,16,Cholera,1517.0,,114.0,23.0,113.0,original_prose_parser_2016_2018,,,,,,,,,,
2017,4,16,Lassa Fever,4.0,,,3.0,3.0,original_prose_parser_2016_2018,,,,,,,,,,
2017,4,16,Measles,623.0,,,30.0,,original_prose_parser_2016_2018,,,,,,,,,,
2017,4,17,CSM,3.0,,,,,original_prose_parser_2016_2018,,,,,,,,,,
2017,4,17,Cholera,7.0,,,,2.0,original_prose_parser_2016_2018,,,,,,,,,,
2017,4,17,Lassa Fever,3.0,,,3.0,3.0,original_prose_parser_2016_2018,,,,,,,,,,
2017,4,17,Measles,425.0,,,30.0,,original_prose_parser_2016_2018,,,,,,,,,,
2017,5,18,CSM,3.0,,,21.0,89.0,original_prose_parser_2016_2018,,,,,,,,,,
2017,5,18,Cholera,1.0,,,,2.0,original_prose_parser_2016_2018,,,,,,,,,,
2017,5,18,Lassa Fever,2.0,,,4.0,4.0,original_prose_parser_2016_2018,,,,,,,,,,
2017,5,18,Measles,556.0,,,33.0,,original_prose_parser_2016_2018,,,,,,,,,,
2017,5,19,CSM,11.0,,,16.0,88.0,original_prose_parser_2016_2018,,,,,,,,,,
2017,5,19,Cholera,1041.0,,50.0,16.0,88.0,original_prose_parser_2016_2018,,,,,,,,,,
2017,5,19,Lassa Fever,2.0,,,2.0,2.0,original_prose_parser_2016_2018,,,,,,,,,,
2017,5,19,Measles,628.0,,,31.0,,original_prose_parser_2016_2018,,,,,,,,,,
2017,5,20,CSM,4.0,,,13.0,66.0,original_prose_parser_2016_2018,,,,,,,,,,
2017,5,20,Cholera,631.0,,27.0,13.0,66.0,original_prose_parser_2016_2018,,,,,,,,,,
2017,5,20,Lassa Fever,11.0,,,2.0,3.0,original_prose_parser_2016_2018,,,,,,,,,,
2017,5,20,Measles,418.0,,,31.0,,original_prose_parser_2016_2018,,,,,,,,,,
2017,5,21,CSM,9.0,,,15.0,58.0,original_prose_parser_2016_2018,,,,,,,,,,
2017,5,21,Cholera,5.0,,,2.0,2.0,original_prose_parser_2016_2018,,,,,,,,,,
2017,5,21,Lassa Fever,2.0,,,2.0,2.0,original_prose_parser_2016_2018,,,,,,,,,,
2017,5,21,Measles,406.0,,,31.0,,original_prose_parser_2016_2018,,,,,,,,,,
2017,6,22,CSM,3.0,,,12.0,45.0,original_prose_parser_2016_2018,,,,,,,,,,
2017,6,22,Cholera,3.0,,,,,original_prose_parser_2016_2018,,,,,,,,,,
2017,6,22,Lassa Fever,4.0,,,3.0,4.0,original_prose_parser_2016_2018,,,,,,,,,,
2017,6,22,Measles,422.0,,,27.0,,original_prose_parser_2016_2018,,,,,,,,,,
2017,6,23,CSM,2.0,,0.0,,,original_prose_parser_2016_2018,,,,,,,,,,
2017,6,23,Cholera,2.0,,,,,original_prose_parser_2016_2018,,,,,,,,,,
2017,6,23,Lassa Fever,1.0,,,,,original_prose_parser_2016_2018,,,,,,,,,,
2017,6,23,Measles,386.0,,,27.0,,original_prose_parser_2016_2018,,,,,,,,,,
2017,6,24,CSM,1.0,,,10.0,22.0,original_prose_parser_2016_2018,,,,,,,,,,
2017,6,24,Cholera,77.0,,,2.0,4.0,original_prose_parser_2016_2018,,,,,,,,,,
2017,6,24,Lassa Fever,10.0,,,5.0,8.0,original_prose_parser_2016_2018,,,,,,,,,,
2017,6,24,Measles,361.0,,,33.0,,original_prose_parser_2016_2018,,,,,,,,,,
2017,6,25,CSM,8.0,,,5.0,5.0,original_prose_parser_2016_2018,,,,,,,,,,
2017,6,25,Cholera,83.0,,,,6.0,original_prose_parser_2016_2018,,,,,,,,,,
2017,6,25,Lassa Fever,9.0,,,4.0,5.0,original_prose_parser_2016_2018,,,,,,,,,,
2017,6,25,Measles,338.0,,,27.0,,original_prose_parser_2016_2018,,,,,,,,,,
2017,6,26,CSM,3.0,,,5.0,7.0,original_prose_parser_2016_2018,,,,,,,,,,
2017,6,26,Cholera,1617.0,,17.0,,,original_prose_parser_2016_2018,,,,,,,,,,
2017,6,26,Lassa Fever,3.0,,,,,original_prose_parser_2016_2018,,,,,,,,,,
2017,6,26,Measles,377.0,,,28.0,,original_prose_parser_2016_2018,,,,,,,,,,
2017,7,27,CSM,4.0,,,4.0,7.0,original_prose_parser_2016_2018,,,,,,,,,,
2017,7,27,Cholera,1617.0,,17.0,,,original_prose_parser_2016_2018,,,,,,,,,,
2017,7,27,Lassa Fever,12.0,,,3.0,4.0,original_prose_parser_2016_2018,,,,,,,,,,
2017,7,27,Measles,409.0,,,30.0,,original_prose_parser_2016_2018,,,,,,,,,,
2017,7,28,CSM,8.0,,,8.0,10.0,original_prose_parser_2016_2018,,,,,,,,,,
2017,7,28,Cholera,36.0,,,2.0,3.0,original_prose_parser_2016_2018,,,,,,,,,,
2017,7,28,Lassa Fever,6.0,,,3.0,5.0,original_prose_parser_2016_2018,,,,,,,,,,
2017,7,28,Measles,399.0,,,31.0,,original_prose_parser_2016_2018,,,,,,,,,,
2017,7,29,CSM,13.0,,,10.0,10.0,original_prose_parser_2016_2018,,,,,,,,,,
2017,7,29,Cholera,81.0,,,5.0,8.0,original_prose_parser_2016_2018,,,,,,,,,,
2017,7,29,Lassa Fever,5.0,,,,5.0,original_prose_parser_2016_2018,,,,,,,,,,
2017,7,29,Measles,281.0,,,33.0,,original_prose_parser_2016_2018,,,,,,,,,,
2017,7,30,CSM,14.0,,,8.0,10.0,original_prose_parser_2016_2018,,,,,,,,,,
2017,7,30,Cholera,2.0,,,,,original_prose_parser_2016_2018,,,,,,,,,,
2017,7,30,Lassa Fever,12.0,,,3.0,4.0,original_prose_parser_2016_2018,,,,,,,,,,
2017,7,30,Measles,449.0,,,33.0,,original_prose_parser_2016_2018,,,,,,,,,,
2017,8,31,CSM,8.0,,,8.0,9.0,original_prose_parser_2016_2018,,,,,,,,,,
2017,8,31,Cholera,23.0,,,3.0,4.0,original_prose_parser_2016_2018,,,,,,,,,,
2017,8,31,Lassa Fever,5.0,,,4.0,5.0,original_prose_parser_2016_2018,,,,,,,,,,
2017,8,31,Measles,315.0,,,32.0,,original_prose_parser_2016_2018,,,,,,,,,,
2017,8,32,CSM,20.0,,,6.0,6.0,original_prose_parser_2016_2018,,,,,,,,,,
2017,8,32,Cholera,92.0,,,4.0,8.0,original_prose_parser_2016_2018,,,,,,,,,,
2017,8,32,Lassa Fever,764.0,,,19.0,,original_prose_parser_2016_2018,,,,,,,,,,
2017,8,32,Measles,375.0,,,30.0,,original_prose_parser_2016_2018,,,,,,,,,,
2017,8,33,CSM,9.0,,,3.0,4.0,original_prose_parser_2016_2018,,,,,,,,,,
2017,8,33,Cholera,24.0,,,3.0,3.0,original_prose_parser_2016_2018,,,,,,,,,,
2017,8,33,Lassa Fever,39.0,,,8.0,11.0,original_prose_parser_2016_2018,,,,,,,,,,
2017,8,33,Measles,485.0,,,30.0,,original_prose_parser_2016_2018,,,,,,,,,,
2017,8,34,CSM,3.0,,,3.0,3.0,original_prose_parser_2016_2018,,,,,,,,,,
2017,8,34,Cholera,106.0,,,2.0,6.0,original_prose_parser_2016_2018,,,,,,,,,,
2017,8,34,Lassa Fever,54.0,,,5.0,7.0,original_prose_parser_2016_2018,,,,,,,,,,
2017,8,34,Measles,344.0,,,30.0,,original_prose_parser_2016_2018,,,,,,,,,,
2017,8,35,CSM,12.0,,,4.0,4.0,original_prose_parser_2016_2018,,,,,,,,,,
2017,8,35,Cholera,424.0,,,3.0,7.0,original_prose_parser_2016_2018,,,,,,,,,,
2017,8,35,Lassa Fever,16.0,,,7.0,8.0,original_prose_parser_2016_2018,,,,,,,,,,
2017,8,35,Measles,155.0,,,24.0,,original_prose_parser_2016_2018,,,,,,,,,,
2017,9,36,CSM,26.0,,,6.0,7.0,original_prose_parser_2016_2018,,,,,,,,,,
2017,9,36,Cholera,708.0,,,6.0,10.0,original_prose_parser_2016_2018,,,,,,,,,,
2017,9,36,Lassa Fever,21.0,,,6.0,7.0,original_prose_parser_2016_2018,,,,,,,,,,
2017,9,36,Measles,206.0,,,31.0,,original_prose_parser_2016_2018,,,,,,,,,,
2017,9,36,Yellow Fever,708.0,,18.0,6.0,10.0,original_prose_parser_2016_2018,,,,,,,,,,
2017,9,37,CSM,16.0,,,2.0,2.0,original_prose_parser_2016_2018,,,,,,,,,,
2017,9,37,Cholera,907.0,,,6.0,8.0,original_prose_parser_2016_2018,,,,,,,,,,
2017,9,37,Lassa Fever,8.0,,,4.0,5.0,original_prose_parser_2016_2018,,,,,,,,,,
2017,9,37,Measles,209.0,,,29.0,,original_prose_parser_2016_2018,,,,,,,,,,
2017,9,38,CSM,30.0,,,6.0,7.0,original_prose_parser_2016_2018,,,,,,,,,,
2017,9,38,Cholera,107.0,,,5.0,6.0,original_prose_parser_2016_2018,,,,,,,,,,
2017,9,38,Lassa Fever,15.0,,,3.0,3.0,original_prose_parser_2016_2018,,,,,,,,,,
2017,9,38,Measles,265.0,,,26.0,,original_prose_parser_2016_2018,,,,,,,,,,
2017,9,38,Yellow Fever,107.0,,2.0,5.0,6.0,original_prose_parser_2016_2018,,,,,,,,,,
2017,9,39,CSM,15.0,,,4.0,5.0,original_prose_parser_2016_2018,,,,,,,,,,
2017,9,39,Cholera,20.0,,,5.0,7.0,original_prose_parser_2016_2018,,,,,,,,,,
2017,9,39,Lassa Fever,1.0,,,,,original_prose_parser_2016_2018,,,,,,,,,,
2017,9,39,Measles,244.0,,,28.0,,original_prose_parser_2016_2018,,,,,,,,,,
2017,9,39,Mpox,20.0,,0.0,5.0,7.0,original_prose_parser_2016_2018,,,,,,,,,,
2017,10,40,CSM,11.0,,,2.0,2.0,original_prose_parser_2016_2018,,,,,,,,,,
2017,10,40,Cholera,50.0,,,8.0,8.0,original_prose_parser_2016_2018,,,,,,,,,,
2017,10,40,Lassa Fever,11.0,,,8.0,8.0,original_prose_parser_2016_2018,,,,,,,,,,
2017,10,40,Measles,244.0,,,34.0,,original_prose_parser_2016_2018,,,,,,,,,,
2017,10,40,Mpox,50.0,,,4.0,4.0,original_prose_parser_2016_2018,,,,,,,,,,
2017,10,41,CSM,11.0,,,6.0,7.0,original_prose_parser_2016_2018,,,,,,,,,,
2017,10,41,Cholera,19.0,,,,2.0,original_prose_parser_2016_2018,,,,,,,,,,
2017,10,41,Lassa Fever,11.0,,,6.0,6.0,original_prose_parser_2016_2018,,,,,,,,,,
2017,10,41,Measles,397.0,,,32.0,,original_prose_parser_2016_2018,,,,,,,,,,
2017,10,42,CSM,5.0,,,2.0,2.0,original_prose_parser_2016_2018,,,,,,,,,,
2017,10,42,Cholera,79.0,,,,,original_prose_parser_2016_2018,,,,,,,,,,
2017,10,42,Lassa Fever,21.0,,,6.0,11.0,original_prose_parser_2016_2018,,,,,,,,,,
2017,10,42,Measles,294.0,,,30.0,,original_prose_parser_2016_2018,,,,,,,,,,
2017,10,43,CSM,11.0,,,6.0,6.0,original_prose_parser_2016_2018,,,,,,,,,,
2017,10,43,Cholera,108.0,,,4.0,6.0,original_prose_parser_2016_2018,,,,,,,,,,
2017,10,43,Lassa Fever,8.0,,,4.0,5.0,original_prose_parser_2016_2018,,,,,,,,,,
2017,10,43,Measles,321.0,,,34.0,,original_prose_parser_2016_2018,,,,,,,,,,
2017,10,44,CSM,13.0,,,8.0,8.0,original_prose_parser_2016_2018,,,,,,,,,,
2017,10,44,Cholera,14.0,,,3.0,3.0,original_prose_parser_2016_2018,,,,,,,,,,
2017,10,44,Lassa Fever,4.0,,,2.0,4.0,original_prose_parser_2016_2018,,,,,,,,,,
2017,10,44,Measles,362.0,,,34.0,,original_prose_parser_2016_2018,,,,,,,,,,
2017,11,45,CSM,10.0,,,6.0,6.0,original_prose_parser_2016_2018,,,,,,,,,,
2017,11,45,Cholera,22.0,,,4.0,8.0,original_prose_parser_2016_2018,,,,,,,,,,
2017,11,45,Lassa Fever,2.0,,,2.0,2.0,original_prose_parser_2016_2018,,,,,,,,,,
2017,11,45,Measles,309.0,,,36.0,,original_prose_parser_2016_2018,,,,,,,,,,
2017,11,46,CSM,10.0,,,8.0,11.0,original_prose_parser_2016_2018,,,,,,,,,,
2017,11,46,Cholera,10.0,,,3.0,3.0,original_prose_parser_2016_2018,,,,,,,,,,
2017,11,46,Lassa Fever,10.0,,0.0,3.0,3.0,original_prose_parser_2016_2018,,,,,,,,,,
2017,11,46,Measles,265.0,,,33.0,,original_prose_parser_2016_2018,,,,,,,,,,
2017,11,47,CSM,10.0,,,5.0,9.0,original_prose_parser_2016_2018,,,,,,,,,,
2017,11,47,Cholera,7.0,,,3.0,3.0,original_prose_parser_2016_2018,,,,,,,,,,
2017,11,47,Lassa Fever,25.0,,,3.0,4.0,original_prose_parser_2016_2018,,,,,,,,,,
2017,11,47,Measles,282.0,,,30.0,,original_prose_parser_2016_2018,,,,,,,,,,
2017,11,48,CSM,7.0,,,6.0,8.0,original_prose_parser_2016_2018,,,,,,,,,,
2017,11,48,Cholera,8.0,,,5.0,6.0,original_prose_parser_2016_2018,,,,,,,,,,
2017,11,48,Lassa Fever,16.0,,,2.0,7.0,original_prose_parser_2016_2018,,,,,,,,,,
2017,11,48,Measles,278.0,,,33.0,,original_prose_parser_2016_2018,,,,,,,,,,
2017,12,49,CSM,9.0,,,5.0,9.0,original_prose_parser_2016_2018,,,,,,,,,,
2017,12,49,Cholera,11.0,,,2.0,3.0,original_prose_parser_2016_2018,,,,,,,,,,
2017,12,49,Lassa Fever,18.0,,,4.0,6.0,original_prose_parser_2016_2018,,,,,,,,,,
2017,12,49,Measles,238.0,,,31.0,,original_prose_parser_2016_2018,,,,,,,,,,
2017,12,50,CSM,4.0,,,4.0,13.0,original_prose_parser_2016_2018,,,,,,,,,,
2017,12,50,Cholera,165.0,,,2.0,14.0,original_prose_parser_2016_2018,,,,,,,,,,
2017,12,50,Lassa Fever,6.0,,,4.0,4.0,original_prose_parser_2016_2018,,,,,,,,,,
2017,12,50,Measles,298.0,,,31.0,,original_prose_parser_2016_2018,,,,,,,,,,
2017,12,51,CSM,3.0,,,5.0,13.0,original_prose_parser_2016_2018,,,,,,,,,,
2017,12,51,Cholera,172.0,,,2.0,16.0,original_prose_parser_2016_2018,,,,,,,,,,
2017,12,51,Lassa Fever,8.0,,,6.0,7.0,original_prose_parser_2016_2018,,,,,,,,,,
2017,12,51,Measles,183.0,,,23.0,,original_prose_parser_2016_2018,,,,,,,,,,
2017,12,52,CSM,2.0,,,4.0,18.0,original_prose_parser_2016_2018,,,,,,,,,,
2017,12,52,Cholera,121.0,,,,18.0,original_prose_parser_2016_2018,,,,,,,,,,
2017,12,52,Lassa Fever,5.0,,,3.0,4.0,original_prose_parser_2016_2018,,,,,,,,,,
2017,12,52,Measles,90.0,,,21.0,,original_prose_parser_2016_2018,,,,,,,,,,
2018,1,1,CSM,22.0,,,6.0,20.0,original_prose_parser_2016_2018,,,,,,,,,,
2018,1,1,Cholera,84.0,,,4.0,13.0,original_prose_parser_2016_2018,,,,,,,,,,
2018,1,1,Lassa Fever,4.0,,,4.0,4.0,original_prose_parser_2016_2018,,,,,,,,,,
2018,1,1,Measles,144.0,,,23.0,,original_prose_parser_2016_2018,,,,,,,,,,
2018,1,2,CSM,33.0,,,6.0,20.0,original_prose_parser_2016_2018,,,,,,,,,,
2018,1,2,Cholera,40.0,,,3.0,11.0,original_prose_parser_2016_2018,,,,,,,,,,
2018,1,2,Lassa Fever,107.0,53.0,,7.0,,original_prose_parser_2016_2018,,,,,,,,,,
2018,1,2,Measles,212.0,,,33.0,,original_prose_parser_2016_2018,,,,,,,,,,
2018,1,3,CSM,21.0,,,11.0,31.0,original_prose_parser_2016_2018,,,,,,,,,,
2018,1,3,Cholera,25.0,,,,10.0,original_prose_parser_2016_2018,,,,,,,,,,
2018,1,3,Lassa Fever,53.0,,,13.0,27.0,original_prose_parser_2016_2018,,,,,,,,,,
2018,1,3,Measles,331.0,,,34.0,,original_prose_parser_2016_2018,,,,,,,,,,
2018,1,4,CSM,13.0,,,8.0,21.0,original_prose_parser_2016_2018,,,,,,,,,,
2018,1,4,Cholera,8.0,,,3.0,3.0,original_prose_parser_2016_2018,,,,,,,,,,
2018,1,4,Lassa Fever,116.0,,,19.0,44.0,original_prose_parser_2016_2018,,,,,,,,,,
2018,1,4,Measles,357.0,,,35.0,,original_prose_parser_2016_2018,,,,,,,,,,
2018,2,5,CSM,51.0,,,12.0,27.0,original_prose_parser_2016_2018,,,,,,,,,,
2018,2,5,Cholera,15.0,,,2.0,2.0,original_prose_parser_2016_2018,,,,,,,,,,
2018,2,5,Lassa Fever,615.0,,43.0,17.0,,original_prose_parser_2016_2018,,,,,,,,,,
2018,2,5,Measles,460.0,,,33.0,,original_prose_parser_2016_2018,,,,,,,,,,
2018,2,6,CSM,71.0,,,16.0,41.0,original_prose_parser_2016_2018,,,,,,,,,,
2018,2,6,Cholera,12.0,,,3.0,5.0,original_prose_parser_2016_2018,,,,,,,,,,
2018,2,6,Lassa Fever,87.0,,,12.0,35.0,original_prose_parser_2016_2018,,,,,,,,,,
2018,2,6,Measles,434.0,,,35.0,,original_prose_parser_2016_2018,,,,,,,,,,
2018,2,7,CSM,26.0,,,14.0,45.0,original_prose_parser_2016_2018,,,,,,,,,,
2018,2,7,Cholera,3.0,,,,,original_prose_parser_2016_2018,,,,,,,,,,
2018,2,7,Lassa Fever,55.0,,,11.0,21.0,original_prose_parser_2016_2018,,,,,,,,,,
2018,2,7,Measles,507.0,,,34.0,,original_prose_parser_2016_2018,,,,,,,,,,
2018,2,8,CSM,89.0,,,14.0,58.0,original_prose_parser_2016_2018,,,,,,,,,,
2018,2,8,Cholera,11.0,,,3.0,3.0,original_prose_parser_2016_2018,,,,,,,,,,
2018,2,8,Lassa Fever,1121.0,353.0,,,,original_prose_parser_2016_2018,,,,,,,,,,
2018,2,8,Measles,517.0,,,36.0,,original_prose_parser_2016_2018,,,,,,,,,,
2018,3,9,CSM,153.0,,,15.0,75.0,original_prose_parser_2016_2018,,,,,,,,,,
2018,3,9,Cholera,12.0,,,3.0,3.0,original_prose_parser_2016_2018,,,,,,,,,,
2018,3,9,Lassa Fever,12.0,,,3.0,3.0,original_prose_parser_2016_2018,,,,,,,,,,
2018,3,9,Measles,534.0,,,34.0,,original_prose_parser_2016_2018,,,,,,,,,,
2018,3,10,CSM,173.0,,,14.0,62.0,original_prose_parser_2016_2018,,,,,,,,,,
2018,3,10,Cholera,189.0,,,4.0,5.0,original_prose_parser_2016_2018,,,,,,,,,,
2018,3,10,Lassa Fever,189.0,,,4.0,5.0,original_prose_parser_2016_2018,,,,,,,,,,
2018,3,10,Measles,623.0,,,34.0,,original_prose_parser_2016_2018,,,,,,,,,,
2018,3,11,CSM,254.0,,,16.0,59.0,original_prose_parser_2016_2018,,,,,,,,,,
2018,3,11,Cholera,175.0,,,4.0,6.0,original_prose_parser_2016_2018,,,,,,,,,,
2018,3,11,Lassa Fever,18.0,,,7.0,10.0,original_prose_parser_2016_2018,,,,,,,,,,
2018,3,11,Measles,605.0,,,36.0,,original_prose_parser_2016_2018,,,,,,,,,,
2018,3,12,CSM,499.0,,,14.0,65.0,original_prose_parser_2016_2018,,,,,,,,,,
2018,3,12,Cholera,351.0,,,7.0,9.0,original_prose_parser_2016_2018,,,,,,,,,,
2018,3,12,Lassa Fever,27.0,,,9.0,12.0,original_prose_parser_2016_2018,,,,,,,,,,
2018,3,12,Measles,782.0,,,34.0,,original_prose_parser_2016_2018,,,,,,,,,,
2018,4,13,CSM,1343.0,,,15.0,73.0,original_prose_parser_2016_2018,,,,,,,,,,
2018,4,13,Cholera,337.0,,,7.0,8.0,original_prose_parser_2016_2018,,,,,,,,,,
2018,4,13,Lassa Fever,19.0,,,8.0,10.0,original_prose_parser_2016_2018,,,,,,,,,,
2018,4,13,Measles,542.0,,,36.0,,original_prose_parser_2016_2018,,,,,,,,,,
2018,4,14,CSM,1517.0,,,15.0,66.0,original_prose_parser_2016_2018,,,,,,,,,,
2018,4,14,Cholera,602.0,,,9.0,11.0,original_prose_parser_2016_2018,,,,,,,,,,
2018,4,14,Lassa Fever,19.0,,,8.0,10.0,original_prose_parser_2016_2018,,,,,,,,,,
2018,4,14,Measles,730.0,,,35.0,,original_prose_parser_2016_2018,,,,,,,,,,
2018,4,15,CSM,2048.0,,,13.0,72.0,original_prose_parser_2016_2018,,,,,,,,,,
2018,4,15,Cholera,615.0,,,8.0,10.0,original_prose_parser_2016_2018,,,,,,,,,,
2018,4,15,Lassa Fever,615.0,,,8.0,10.0,original_prose_parser_2016_2018,,,,,,,,,,
2018,4,15,Measles,723.0,,,37.0,,original_prose_parser_2016_2018,,,,,,,,,,
2018,4,16,CSM,660.0,,,13.0,57.0,original_prose_parser_2016_2018,,,,,,,,,,
2018,4,16,Cholera,599.0,,,7.0,10.0,original_prose_parser_2016_2018,,,,,,,,,,
2018,4,16,Lassa Fever,9.0,,,7.0,8.0,original_prose_parser_2016_2018,,,,,,,,,,
2018,4,16,Measles,561.0,,,33.0,,original_prose_parser_2016_2018,,,,,,,,,,
2018,5,17,CSM,1041.0,,,11.0,26.0,original_prose_parser_2016_2018,,,,,,,,,,
2018,5,17,Cholera,527.0,,,6.0,7.0,original_prose_parser_2016_2018,,,,,,,,,,
2018,5,17,Lassa Fever,527.0,,,6.0,7.0,original_prose_parser_2016_2018,,,,,,,,,,
2018,5,17,Measles,508.0,,,32.0,,original_prose_parser_2016_2018,,,,,,,,,,
2018,5,18,CSM,631.0,,,9.0,39.0,original_prose_parser_2016_2018,,,,,,,,,,
2018,5,18,Cholera,297.0,,,6.0,8.0,original_prose_parser_2016_2018,,,,,,,,,,
2018,5,18,Lassa Fever,7.0,,,5.0,6.0,original_prose_parser_2016_2018,,,,,,,,,,
2018,5,18,Measles,411.0,,,33.0,,original_prose_parser_2016_2018,,,,,,,,,,
2018,5,19,CSM,343.0,,,5.0,8.0,original_prose_parser_2016_2018,,,,,,,,,,
2018,5,19,Cholera,733.0,,0.0,4.0,8.0,original_prose_parser_2016_2018,,,,,,,,,,
2018,5,19,Lassa Fever,13.0,,,7.0,10.0,original_prose_parser_2016_2018,,,,,,,,,,
2018,5,19,Measles,320.0,,,30.0,,original_prose_parser_2016_2018,,,,,,,,,,
2018,5,20,CSM,128.0,,,5.0,12.0,original_prose_parser_2016_2018,,,,,,,,,,
2018,5,20,Cholera,190.0,,,7.0,11.0,original_prose_parser_2016_2018,,,,,,,,,,
2018,5,20,Lassa Fever,11.0,,,6.0,10.0,original_prose_parser_2016_2018,,,,,,,,,,
2018,5,20,Measles,284.0,,,29.0,,original_prose_parser_2016_2018,,,,,,,,,,
2018,5,21,CSM,128.0,,,9.0,13.0,original_prose_parser_2016_2018,,,,,,,,,,
2018,5,21,Cholera,832.0,,,6.0,16.0,original_prose_parser_2016_2018,,,,,,,,,,
2018,5,21,Lassa Fever,0.0,,,,,original_prose_parser_2016_2018,,,,,,,,,,
2018,5,21,Measles,284.0,,,29.0,,original_prose_parser_2016_2018,,,,,,,,,,
2018,6,22,CSM,42.0,,,10.0,18.0,original_prose_parser_2016_2018,,,,,,,,,,
2018,6,22,Cholera,910.0,,,6.0,16.0,original_prose_parser_2016_2018,,,,,,,,,,
2018,6,22,Lassa Fever,5.0,,,2.0,2.0,original_prose_parser_2016_2018,,,,,,,,,,
2018,6,22,Measles,306.0,,,31.0,,original_prose_parser_2016_2018,,,,,,,,,,
2018,6,23,CSM,50.0,,,6.0,7.0,original_prose_parser_2016_2018,,,,,,,,,,
2018,6,23,Cholera,11696.0,,,10.0,,original_prose_parser_2016_2018,,,,,,,,,,
2018,6,23,Lassa Fever,4.0,,,4.0,4.0,original_prose_parser_2016_2018,,,,,,,,,,
2018,6,23,Measles,245.0,,,28.0,,original_prose_parser_2016_2018,,,,,,,,,,
2018,6,24,CSM,41.0,,,4.0,10.0,original_prose_parser_2016_2018,,,,,,,,,,
2018,6,24,Cholera,725.0,,,8.0,19.0,original_prose_parser_2016_2018,,,,,,,,,,
2018,6,24,Lassa Fever,6.0,,,2.0,3.0,original_prose_parser_2016_2018,,,,,,,,,,
2018,6,24,Measles,188.0,,,28.0,,original_prose_parser_2016_2018,,,,,,,,,,
2018,6,24,Yellow Fever,88.0,,,,,original_prose_parser_2016_2018,,,,,,,,,,
2018,6,25,CSM,7.0,,,8.0,12.0,original_prose_parser_2016_2018,,,,,,,,,,
2018,6,25,Cholera,828.0,36.0,,12.0,34.0,original_prose_parser_2016_2018,,,,,,,,,,
2018,6,25,Measles,222.0,,,33.0,,original_prose_parser_2016_2018,,,,,,,,,,
2018,6,25,Yellow Fever,178.0,,,,,original_prose_parser_2016_2018,,,,,,,,,,
2018,7,26,CSM,10.0,,,3.0,3.0,original_prose_parser_2016_2018,,,,,,,,,,
2018,7,26,Cholera,744.0,22.0,,11.0,34.0,original_prose_parser_2016_2018,,,,,,,,,,
2018,7,26,Measles,283.0,,,31.0,,original_prose_parser_2016_2018,,,,,,,,,,
2018,7,26,Yellow Fever,56.0,,,,,original_prose_parser_2016_2018,,,,,,,,,,
2018,7,27,CSM,11.0,,,2.0,4.0,original_prose_parser_2016_2018,,,,,,,,,,
2018,7,27,Cholera,469.0,16.0,,11.0,34.0,original_prose_parser_2016_2018,,,,,,,,,,
2018,7,27,Measles,226.0,,,27.0,,original_prose_parser_2016_2018,,,,,,,,,,
2018,7,27,Yellow Fever,91.0,,,,,original_prose_parser_2016_2018,,,,,,,,,,
2018,7,28,CSM,14.0,,,7.0,7.0,original_prose_parser_2016_2018,,,,,,,,,,
2018,7,28,Cholera,671.0,,,9.0,40.0,original_prose_parser_2016_2018,,,,,,,,,,
2018,7,28,Measles,221.0,,,30.0,,original_prose_parser_2016_2018,,,,,,,,,,
2018,7,28,Yellow Fever,91.0,,,,,original_prose_parser_2016_2018,,,,,,,,,,
2018,7,29,AFP,4797.0,,,37.0,717.0,original_prose_parser_2016_2018,,,,,,,,,,
2018,7,29,CSM,10.0,,,4.0,6.0,original_prose_parser_2016_2018,,,,,,,,,,
2018,7,29,Cholera,191.0,17.0,,7.0,17.0,original_prose_parser_2016_2018,,,,,,,,,,
2018,7,29,Measles,239.0,,,32.0,,original_prose_parser_2016_2018,,,,,,,,,,
2018,7,29,Yellow Fever,91.0,,,,,original_prose_parser_2016_2018,,,,,,,,,,
2018,7,30,AFP,4995.0,,,37.0,718.0,original_prose_parser_2016_2018,,,,,,,,,,
2018,7,30,CSM,17.0,,,5.0,7.0,original_prose_parser_2016_2018,,,,,,,,,,
2018,7,30,Cholera,534.0,23.0,,11.0,37.0,original_prose_parser_2016_2018,,,,,,,,,,
2018,7,30,Measles,246.0,,,30.0,,original_prose_parser_2016_2018,,,,,,,,,,
2018,7,30,Yellow Fever,18.0,,,,,original_prose_parser_2016_2018,,,,,,,,,,
2018,8,31,AFP,5159.0,,,37.0,720.0,original_prose_parser_2016_2018,,,,,,,,,,
2018,8,31,CSM,12.0,,,2.0,4.0,original_prose_parser_2016_2018,,,,,,,,,,
2018,8,31,Cholera,595.0,,,11.0,38.0,original_prose_parser_2016_2018,,,,,,,,,,
2018,8,31,Measles,275.0,,,30.0,,original_prose_parser_2016_2018,,,,,,,,,,
2018,8,31,Yellow Fever,18.0,,,,,original_prose_parser_2016_2018,,,,,,,,,,
2018,8,32,AFP,5322.0,,,37.0,725.0,original_prose_parser_2016_2018,,,,,,,,,,
2018,8,32,CSM,8.0,,,8.0,10.0,original_prose_parser_2016_2018,,,,,,,,,,
2018,8,32,Cholera,962.0,21.0,,10.0,43.0,original_prose_parser_2016_2018,,,,,,,,,,
2018,8,32,Measles,172.0,,,30.0,,original_prose_parser_2016_2018,,,,,,,,,,
2018,8,32,Yellow Fever,163.0,,,,,original_prose_parser_2016_2018,,,,,,,,,,
2018,8,33,AFP,5459.0,,,37.0,728.0,original_prose_parser_2016_2018,,,,,,,,,,
2018,8,33,CSM,4.0,,,3.0,5.0,original_prose_parser_2016_2018,,,,,,,,,,
2018,8,33,Cholera,467.0,,,6.0,27.0,original_prose_parser_2016_2018,,,,,,,,,,
2018,8,33,Measles,159.0,,,28.0,,original_prose_parser_2016_2018,,,,,,,,,,
2018,8,33,Yellow Fever,188.0,,,,,original_prose_parser_2016_2018,,,,,,,,,,
2018,8,34,AFP,5573.0,,,37.0,729.0,original_prose_parser_2016_2018,,,,,,,,,,
2018,8,34,CSM,8.0,,,4.0,5.0,original_prose_parser_2016_2018,,,,,,,,,,
2018,8,34,Cholera,452.0,,,5.0,34.0,original_prose_parser_2016_2018,,,,,,,,,,
2018,8,34,Measles,154.0,,,24.0,,original_prose_parser_2016_2018,,,,,,,,,,
2018,8,34,Yellow Fever,19.0,,,,,original_prose_parser_2016_2018,,,,,,,,,,
2018,9,35,AFP,5737.0,,,37.0,731.0,original_prose_parser_2016_2018,,,,,,,,,,
2018,9,35,CSM,5.0,,,3.0,4.0,original_prose_parser_2016_2018,,,,,,,,,,
2018,9,35,Cholera,1446.0,,,10.0,54.0,original_prose_parser_2016_2018,,,,,,,,,,
2018,9,35,Measles,151.0,,,25.0,,original_prose_parser_2016_2018,,,,,,,,,,
2018,9,35,Yellow Fever,50.0,,,,,original_prose_parser_2016_2018,,,,,,,,,,
2018,9,36,AFP,5938.0,,,37.0,731.0,original_prose_parser_2016_2018,,,,,,,,,,
2018,9,36,CSM,9.0,,,5.0,9.0,original_prose_parser_2016_2018,,,,,,,,,,
2018,9,36,Cholera,1715.0,,,10.0,48.0,original_prose_parser_2016_2018,,,,,,,,,,
2018,9,36,Measles,194.0,,,29.0,,original_prose_parser_2016_2018,,,,,,,,,,
2018,9,36,Yellow Fever,178.0,,,,,original_prose_parser_2016_2018,,,,,,,,,,
2018,9,37,AFP,6095.0,,,37.0,743.0,original_prose_parser_2016_2018,,,,,,,,,,
2018,9,37,CSM,2.0,,,9.0,15.0,original_prose_parser_2016_2018,,,,,,,,,,
2018,9,37,Cholera,2126.0,,,13.0,52.0,original_prose_parser_2016_2018,,,,,,,,,,
2018,9,37,Measles,171.0,,,31.0,,original_prose_parser_2016_2018,,,,,,,,,,
2018,9,37,Yellow Fever,178.0,,,,,original_prose_parser_2016_2018,,,,,,,,,,
2018,9,38,AFP,6336.0,,,37.0,743.0,original_prose_parser_2016_2018,,,,,,,,,,
2018,9,38,CSM,7.0,,,8.0,8.0,original_prose_parser_2016_2018,,,,,,,,,,
2018,9,38,Cholera,2492.0,,,10.0,58.0,original_prose_parser_2016_2018,,,,,,,,,,
2018,9,38,Lassa Fever,2576.0,,,22.0,,original_prose_parser_2016_2018,,,,,,,,,,
2018,9,38,Measles,227.0,,,32.0,,original_prose_parser_2016_2018,,,,,,,,,,
2018,9,38,Yellow Fever,86.0,,,,,original_prose_parser_2016_2018,,,,,,,,,,
2018,10,39,AFP,6509.0,,,37.0,748.0,original_prose_parser_2016_2018,,,,,,,,,,
2018,10,39,CSM,5.0,,,5.0,5.0,original_prose_parser_2016_2018,,,,,,,,,,
2018,10,39,Cholera,2052.0,,,7.0,42.0,original_prose_parser_2016_2018,,,,,,,,,,
2018,10,39,Measles,124.0,,,30.0,,original_prose_parser_2016_2018,,,,,,,,,,
2018,10,39,Yellow Fever,18.0,,,,,original_prose_parser_2016_2018,,,,,,,,,,
2018,10,41,AFP,6679.0,,,37.0,750.0,original_prose_parser_2016_2018,,,,,,,,,,
2018,10,41,CSM,2.0,,,6.0,7.0,original_prose_parser_2016_2018,,,,,,,,,,
2018,10,41,Cholera,2042.0,,,10.0,54.0,original_prose_parser_2016_2018,,,,,,,,,,
2018,10,41,Measles,232.0,,,29.0,,original_prose_parser_2016_2018,,,,,,,,,,
2018,10,41,Yellow Fever,43.0,,,,,original_prose_parser_2016_2018,,,,,,,,,,
2018,10,42,AFP,7036.0,,,37.0,750.0,original_prose_parser_2016_2018,,,,,,,,,,
2018,10,42,CSM,1.0,,,8.0,9.0,original_prose_parser_2016_2018,,,,,,,,,,
2018,10,42,Cholera,954.0,,,8.0,38.0,original_prose_parser_2016_2018,,,,,,,,,,
2018,10,42,Measles,215.0,,,28.0,,original_prose_parser_2016_2018,,,,,,,,,,
2018,10,42,Yellow Fever,18.0,,,,,original_prose_parser_2016_2018,,,,,,,,,,
2018,10,43,AFP,7245.0,,,37.0,750.0,original_prose_parser_2016_2018,,,,,,,,,,
2018,10,43,CSM,8.0,,,8.0,9.0,original_prose_parser_2016_2018,,,,,,,,,,
2018,10,43,Cholera,454.0,,,8.0,29.0,original_prose_parser_2016_2018,,,,,,,,,,
2018,10,43,Measles,178.0,,,27.0,,original_prose_parser_2016_2018,,,,,,,,,,
2018,10,43,Yellow Fever,89.0,,,,,original_prose_parser_2016_2018,,,,,,,,,,
2018,11,44,AFP,7443.0,,,37.0,750.0,original_prose_parser_2016_2018,,,,,,,,,,
2018,11,44,CSM,16.0,,,8.0,11.0,original_prose_parser_2016_2018,,,,,,,,,,
2018,11,44,Cholera,14.0,,,13.0,34.0,original_prose_parser_2016_2018,,,,,,,,,,
2018,11,44,Measles,233.0,,,31.0,,original_prose_parser_2016_2018,,,,,,,,,,
2018,11,45,AFP,7660.0,,,37.0,750.0,original_prose_parser_2016_2018,,,,,,,,,,
2018,11,45,CSM,13.0,,,4.0,7.0,original_prose_parser_2016_2018,,,,,,,,,,
2018,11,45,Cholera,175.0,,,8.0,19.0,original_prose_parser_2016_2018,,,,,,,,,,
2018,11,45,Lassa Fever,3016.0,,,22.0,,original_prose_parser_2016_2018,,,,,,,,,,
2018,11,45,Measles,205.0,,,28.0,,original_prose_parser_2016_2018,,,,,,,,,,
2018,11,45,Yellow Fever,85.0,,,,,original_prose_parser_2016_2018,,,,,,,,,,
2018,11,46,AFP,7841.0,,,37.0,751.0,original_prose_parser_2016_2018,,,,,,,,,,
2018,11,46,CSM,22.0,,,6.0,8.0,original_prose_parser_2016_2018,,,,,,,,,,
2018,11,46,Cholera,47.0,,,7.0,11.0,original_prose_parser_2016_2018,,,,,,,,,,
2018,11,46,Measles,214.0,,,26.0,,original_prose_parser_2016_2018,,,,,,,,,,
2018,11,46,Yellow Fever,85.0,,,20.0,31.0,original_prose_parser_2016_2018,,,,,,,,,,
2018,11,47,AFP,7992.0,,,37.0,752.0,original_prose_parser_2016_2018,,,,,,,,,,
2018,11,47,CSM,23.0,,,6.0,11.0,original_prose_parser_2016_2018,,,,,,,,,,
2018,11,47,Cholera,61.0,,,8.0,13.0,original_prose_parser_2016_2018,,,,,,,,,,
2018,11,47,Measles,216.0,,,33.0,,original_prose_parser_2016_2018,,,,,,,,,,
2018,12,48,AFP,145.0,,,35.0,114.0,original_prose_parser_2016_2018,,,,,,,,,,
2018,12,48,CSM,16.0,,,8.0,13.0,original_prose_parser_2016_2018,,,,,,,,,,
2018,12,48,Cholera,62.0,,,6.0,10.0,original_prose_parser_2016_2018,,,,,,,,,,
2018,12,48,Measles,240.0,,,31.0,,original_prose_parser_2016_2018,,,,,,,,,,
2018,12,49,AFP,116.0,,,32.0,103.0,original_prose_parser_2016_2018,,,,,,,,,,
2018,12,49,CSM,11.0,,,5.0,10.0,original_prose_parser_2016_2018,,,,,,,,,,
2018,12,49,Cholera,37.0,,,6.0,7.0,original_prose_parser_2016_2018,,,,,,,,,,
2018,12,49,Lassa Fever,3276.0,,,23.0,,original_prose_parser_2016_2018,,,,,,,,,,
2018,12,49,Measles,227.0,,,29.0,,original_prose_parser_2016_2018,,,,,,,,,,
2018,12,51,AFP,94.0,,,31.0,82.0,original_prose_parser_2016_2018,,,,,,,,,,
2018,12,51,CSM,17.0,,,4.0,8.0,original_prose_parser_2016_2018,,,,,,,,,,
2018,12,51,Cholera,6.0,,,2.0,3.0,original_prose_parser_2016_2018,,,,,,,,,,
2018,12,51,Measles,230.0,,,25.0,,original_prose_parser_2016_2018,,,,,,,,,,
2018,12,51,Yellow Fever,387.0,,,,,original_prose_parser_2016_2018,,,,,,,,,,
2018,12,52,AFP,60.0,,,28.0,54.0,original_prose_parser_2016_2018,,,,,,,,,,
2018,12,52,CSM,33.0,,,6.0,7.0,original_prose_parser_2016_2018,,,,,,,,,,
2018,12,52,Cholera,8.0,,,,18.0,original_prose_parser_2016_2018,,,,,,,,,,
2018,12,52,Measles,250.0,,,26.0,,original_prose_parser_2016_2018,,,,,,,,,,
2018,12,52,Yellow Fever,8.0,,,,,original_prose_parser_2016_2018,,,,,,,,,,
2019,4,14,AFP,137.0,0.0,0.0,32.0,124.0,perseWeeWeek_fixed_2019_2026,,,,,,,,,,
2019,4,14,CSM,66.0,0.0,1.0,17.0,44.0,perseWeeWeek_fixed_2019_2026,,,,,,,,,,
2019,4,14,Cholera,12.0,0.0,0.0,3.0,7.0,perseWeeWeek_fixed_2019_2026,,,,,,,,,,
2019,4,14,Lassa Fever,63.0,11.0,1.0,5.0,12.0,perseWeeWeek_fixed_2019_2026,2018.0,719.0,408.0,102.0,25.0,2019.0,787.0,537.0,122.0,22.7
2019,4,14,Measles,2051.0,0.0,8.0,31.0,248.0,perseWeeWeek_fixed_2019_2026,,,,,,,,,,
2019,4,14,Yellow Fever,53.0,0.0,0.0,24.0,50.0,perseWeeWeek_fixed_2019_2026,2018.0,664.0,8.0,0.0,0.0,2019.0,726.0,9.0,1.0,0.1
2019,4,15,AFP,138.0,0.0,0.0,30.0,122.0,perseWeeWeek_fixed_2019_2026,,,,,,,,,,
2019,4,15,CSM,44.0,0.0,1.0,15.0,25.0,perseWeeWeek_fixed_2019_2026,,,,,,,,,,
2019,4,15,Cholera,91.0,0.0,4.0,5.0,8.0,perseWeeWeek_fixed_2019_2026,,,,,,,,,,
2019,4,15,Lassa Fever,48.0,3.0,0.0,7.0,12.0,perseWeeWeek_fixed_2019_2026,,,,,,,,,,
2019,4,15,Measles,1925.0,8.0,5.0,33.0,246.0,perseWeeWeek_fixed_2019_2026,,,,,,,,,,
2019,4,15,Yellow Fever,54.0,0.0,1.0,20.0,42.0,perseWeeWeek_fixed_2019_2026,2018.0,713.0,8.0,0.0,0.0,2019.0,718.0,12.0,1.0,0.1
2019,4,16,AFP,182.0,0.0,0.0,34.0,145.0,perseWeeWeek_fixed_2019_2026,,,,,,,,,,
2019,4,16,CSM,59.0,0.0,2.0,19.0,42.0,perseWeeWeek_fixed_2019_2026,,,,,,,,,,
2019,4,16,Cholera,96.0,0.0,0.0,2.0,4.0,perseWeeWeek_fixed_2019_2026,,,,,,,,,,
2019,4,16,Lassa Fever,71.0,6.0,0.0,10.0,19.0,perseWeeWeek_fixed_2019_2026,,,,,,,,,,
2019,4,16,Measles,1977.0,0.0,9.0,33.0,237.0,perseWeeWeek_fixed_2019_2026,,,,,,,,,,
2019,4,16,Yellow Fever,45.0,1.0,0.0,22.0,39.0,perseWeeWeek_fixed_2019_2026,2018.0,758.0,8.0,0.0,1.4,2019.0,768.0,12.0,1.0,1.3
2019,4,17,AFP,146.0,0.0,0.0,32.0,116.0,perseWeeWeek_fixed_2019_2026,,,,,,,,,,
2019,4,17,CSM,34.0,1.0,0.0,10.0,20.0,perseWeeWeek_fixed_2019_2026,,,,,,,,,,
2019,4,17,Cholera,85.0,0.0,0.0,3.0,5.0,perseWeeWeek_fixed_2019_2026,,,,,,,,,,
2019,4,17,Lassa Fever,36.0,8.0,1.0,9.0,16.0,perseWeeWeek_fixed_2019_2026,,,,,,,,,,
2019,4,17,Measles,1901.0,2.0,16.0,32.0,228.0,perseWeeWeek_fixed_2019_2026,,,,,,,,,,
2019,4,17,Mpox,1.0,1.0,0.0,1.0,1.0,perseWeeWeek_fixed_2019_2026,2018.0,42.0,21.0,1.0,2.4,2019.0,36.0,20.0,0.0,0.0
2019,4,17,Yellow Fever,62.0,2.0,1.0,18.0,46.0,perseWeeWeek_fixed_2019_2026,2018.0,808.0,8.0,0.0,0.0,2019.0,830.0,12.0,2.0,0.2
2019,5,18,AFP,155.0,0.0,0.0,32.0,134.0,perseWeeWeek_fixed_2019_2026,,,,,,,,,,
2019,5,18,CSM,47.0,0.0,0.0,15.0,32.0,perseWeeWeek_fixed_2019_2026,,,,,,,,,,
2019,5,18,Cholera,47.0,0.0,0.0,2.0,5.0,perseWeeWeek_fixed_2019_2026,,,,,,,,,,
2019,5,18,Lassa Fever,52.0,11.0,4.0,13.0,20.0,perseWeeWeek_fixed_2019_2026,,,,,,,,,,
2019,5,18,Measles,2157.0,0.0,9.0,35.0,236.0,perseWeeWeek_fixed_2019_2026,,,,,,,,,,
2019,5,18,Yellow Fever,59.0,0.0,0.0,21.0,49.0,perseWeeWeek_fixed_2019_2026,2018.0,844.0,8.0,0.0,0.0,2019.0,930.0,12.0,2.0,0.2
2019,5,19,AFP,154.0,0.0,0.0,34.0,135.0,perseWeeWeek_fixed_2019_2026,,,,,,,,,,
2019,5,19,CSM,30.0,0.0,1.0,10.0,18.0,perseWeeWeek_fixed_2019_2026,,,,,,,,,,
2019,5,19,Cholera,12.0,0.0,0.0,3.0,5.0,perseWeeWeek_fixed_2019_2026,,,,,,,,,,
2019,5,19,Lassa Fever,56.0,4.0,0.0,10.0,19.0,perseWeeWeek_fixed_2019_2026,,,,,,,,,,
2019,5,19,Measles,2092.0,0.0,2.0,36.0,241.0,perseWeeWeek_fixed_2019_2026,,,,,,,,,,
2019,5,19,Yellow Fever,62.0,0.0,0.0,21.0,51.0,perseWeeWeek_fixed_2019_2026,2018.0,889.0,8.0,0.0,0.0,2019.0,954.0,12.0,2.0,0.2
2019,5,20,AFP,153.0,0.0,0.0,34.0,136.0,perseWeeWeek_fixed_2019_2026,,,,,,,,,,
2019,5,20,CSM,27.0,0.0,0.0,10.0,12.0,perseWeeWeek_fixed_2019_2026,,,,,,,,,,
2019,5,20,Cholera,17.0,0.0,0.0,3.0,5.0,perseWeeWeek_fixed_2019_2026,,,,,,,,,,
2019,5,20,Lassa Fever,86.0,6.0,1.0,9.0,21.0,perseWeeWeek_fixed_2019_2026,,,,,,,,,,
2019,5,20,Measles,1862.0,0.0,2.0,35.0,234.0,perseWeeWeek_fixed_2019_2026,,,,,,,,,,
2019,5,20,Yellow Fever,71.0,0.0,0.0,27.0,63.0,perseWeeWeek_fixed_2019_2026,2018.0,940.0,8.0,0.0,0.0,2019.0,1025.0,15.0,2.0,0.2
2019,5,21,AFP,145.0,0.0,0.0,32.0,129.0,perseWeeWeek_fixed_2019_2026,,,,,,,,,,
2019,5,21,CSM,28.0,0.0,0.0,9.0,20.0,perseWeeWeek_fixed_2019_2026,,,,,,,,,,
2019,5,21,Cholera,26.0,0.0,0.0,2.0,4.0,perseWeeWeek_fixed_2019_2026,2018.0,3.0,146.0,142.0,1.3,2019.0,765.0,8.0,28.0,3.7
2019,5,21,Lassa Fever,81.0,3.0,0.0,10.0,21.0,perseWeeWeek_fixed_2019_2026,,,,,,,,,,
2019,5,21,Measles,1582.0,4.0,6.0,28.0,217.0,perseWeeWeek_fixed_2019_2026,2018.0,8.0,131.0,94.0,0.9,2019.0,32264.0,1492.0,97.0,0.3
2019,5,21,Yellow Fever,81.0,0.0,0.0,21.0,58.0,perseWeeWeek_fixed_2019_2026,2018.0,983.0,12.0,0.0,0.0,2019.0,1109.0,15.0,2.0,0.2
2019,6,22,AFP,105.0,0.0,0.0,29.0,91.0,perseWeeWeek_fixed_2019_2026,,,,,,,,,,
2019,6,22,CSM,9.0,0.0,0.0,6.0,8.0,perseWeeWeek_fixed_2019_2026,,,,,,,,,,
2019,6,22,Cholera,16.0,0.0,0.0,1.0,2.0,perseWeeWeek_fixed_2019_2026,2018.0,2.0,166.0,157.0,1.2,2019.0,781.0,8.0,28.0,3.6
2019,6,22,Lassa Fever,62.0,3.0,1.0,13.0,25.0,perseWeeWeek_fixed_2019_2026,,,,,,,,,,
2019,6,22,Measles,1088.0,2.0,1.0,31.0,159.0,perseWeeWeek_fixed_2019_2026,2018.0,4.0,131.0,94.0,0.9,2019.0,33371.0,1492.0,98.0,0.29
2019,6,22,Yellow Fever,79.0,0.0,0.0,20.0,48.0,perseWeeWeek_fixed_2019_2026,,,,,,,,,,
2019,6,23,AFP,78.0,0.0,0.0,26.0,72.0,perseWeeWeek_fixed_2019_2026,,,,,,,,,,
2019,6,23,CSM,10.0,0.0,0.0,7.0,7.0,perseWeeWeek_fixed_2019_2026,,,,,,,,,,
2019,6,23,Cholera,15.0,0.0,0.0,3.0,4.0,perseWeeWeek_fixed_2019_2026,2018.0,7.0,184.0,186.0,1.3,2019.0,796.0,8.0,28.0,3.5
2019,6,23,Lassa Fever,63.0,6.0,1.0,11.0,19.0,perseWeeWeek_fixed_2019_2026,,,,,,,,,,
2019,6,23,Measles,740.0,9.0,1.0,27.0,124.0,perseWeeWeek_fixed_2019_2026,2018.0,8.0,135.0,94.0,0.8,2019.0,34111.0,1492.0,99.0,0.29
2019,6,23,Yellow Fever,47.0,0.0,0.0,15.0,42.0,perseWeeWeek_fixed_2019_2026,,,,,,,,,,
2019,6,24,AFP,128.0,0.0,0.0,33.0,106.0,perseWeeWeek_fixed_2019_2026,,,,,,,,,,
2019,6,24,CSM,10.0,0.0,0.0,5.0,9.0,perseWeeWeek_fixed_2019_2026,,,,,,,,,,
2019,6,24,Cholera,86.0,0.0,1.0,4.0,10.0,perseWeeWeek_fixed_2019_2026,2018.0,0.0,202.0,211.0,1.4,2019.0,1102.0,11.0,33.0,3.0
2019,6,24,Lassa Fever,65.0,4.0,1.0,11.0,20.0,perseWeeWeek_fixed_2019_2026,,,,,,,,,,
2019,6,24,Measles,587.0,0.0,0.0,32.0,162.0,perseWeeWeek_fixed_2019_2026,2018.0,6.0,141.0,94.0,0.8,2019.0,34868.0,1492.0,99.0,0.28
2019,6,24,Yellow Fever,72.0,0.0,0.0,22.0,54.0,perseWeeWeek_fixed_2019_2026,,,,,,,,,,
2019,6,25,AFP,153.0,0.0,0.0,31.0,129.0,perseWeeWeek_fixed_2019_2026,,,,,,,,,,
2019,6,25,CSM,21.0,0.0,0.0,6.0,21.0,perseWeeWeek_fixed_2019_2026,,,,,,,,,,
2019,6,25,Cholera,75.0,0.0,0.0,4.0,8.0,perseWeeWeek_fixed_2019_2026,2018.0,0.0,242.0,249.0,1.4,2019.0,1177.0,11.0,33.0,2.8
2019,6,25,Lassa Fever,72.0,10.0,3.0,9.0,20.0,perseWeeWeek_fixed_2019_2026,,,,,,,,,,
2019,6,25,Measles,1007.0,0.0,4.0,33.0,188.0,perseWeeWeek_fixed_2019_2026,2018.0,8.0,141.0,94.0,0.8,2019.0,35825.0,1518.0,103.0,0.3
2019,6,25,Yellow Fever,77.0,0.0,0.0,22.0,59.0,perseWeeWeek_fixed_2019_2026,,,,,,,,,,
2019,6,26,AFP,145.0,0.0,0.0,32.0,126.0,perseWeeWeek_fixed_2019_2026,,,,,,,,,,
2019,6,26,CSM,12.0,0.0,0.0,7.0,8.0,perseWeeWeek_fixed_2019_2026,,,,,,,,,,
2019,6,26,Cholera,64.0,8.0,1.0,2.0,7.0,perseWeeWeek_fixed_2019_2026,2018.0,2.0,282.0,289.0,1.6,2019.0,1298.0,24.0,34.0,2.6
2019,6,26,Lassa Fever,65.0,2.0,1.0,10.0,18.0,perseWeeWeek_fixed_2019_2026,,,,,,,,,,
2019,6,26,Measles,805.0,0.0,4.0,32.0,181.0,perseWeeWeek_fixed_2019_2026,2018.0,1.0,141.0,94.0,0.8,2019.0,36633.0,1518.0,113.0,0.3
2019,6,26,Yellow Fever,58.0,0.0,0.0,20.0,43.0,perseWeeWeek_fixed_2019_2026,,,,,,,,,,
2019,7,27,AFP,9.0,27.0,2019.0,29.0,107.0,perseWeeWeek_fixed_2019_2026,,,,,,,,,,
2019,7,27,CSM,26.0,0.0,0.0,11.0,14.0,perseWeeWeek_fixed_2019_2026,,,,,,,,,,
2019,7,27,Cholera,82.0,36.0,1.0,3.0,9.0,perseWeeWeek_fixed_2019_2026,2018.0,0.0,313.0,314.0,1.6,2019.0,1473.0,76.0,36.0,2.4
2019,7,27,Lassa Fever,78.0,12.0,3.0,8.0,17.0,perseWeeWeek_fixed_2019_2026,,,,,,,,,,
2019,7,27,Measles,9.0,27.0,2019.0,30.0,155.0,perseWeeWeek_fixed_2019_2026,2018.0,2.0,14.0,94.0,0.8,2019.0,37266.0,48.0,119.0,0.3
2019,7,27,Mpox,9.0,27.0,2019.0,1.0,1.0,perseWeeWeek_fixed_2019_2026,2018.0,58.0,29.0,1.0,1.8,2019.0,52.0,26.0,1.0,2.0
2019,7,27,Yellow Fever,57.0,0.0,0.0,17.0,45.0,perseWeeWeek_fixed_2019_2026,,,,,,,,,,
2019,7,29,AFP,126.0,0.0,0.0,31.0,111.0,perseWeeWeek_fixed_2019_2026,,,,,,,,,,
2019,7,29,CSM,21.0,0.0,0.0,5.0,9.0,perseWeeWeek_fixed_2019_2026,,,,,,,,,,
2019,7,29,Cholera,225.0,13.0,2.0,5.0,10.0,perseWeeWeek_fixed_2019_2026,2018.0,3.0,353.0,373.0,1.7,2019.0,1881.0,145.0,38.0,2.0
2019,7,29,Lassa Fever,72.0,9.0,4.0,7.0,16.0,perseWeeWeek_fixed_2019_2026,,,,,,,,,,
2019,7,29,Measles,533.0,0.0,0.0,32.0,160.0,perseWeeWeek_fixed_2019_2026,2018.0,5.0,14.0,96.0,0.8,2019.0,49174.0,1969.0,252.0,0.5
2019,7,29,Mpox,4.0,2.0,0.0,2.0,3.0,perseWeeWeek_fixed_2019_2026,2018.0,60.0,29.0,1.0,1.7,2019.0,57.0,31.0,1.0,1.8
2019,7,29,Yellow Fever,75.0,0.0,10.0,21.0,49.0,perseWeeWeek_fixed_2019_2026,,,,,,,,,,
2019,7,30,AFP,127.0,0.0,0.0,26.0,116.0,perseWeeWeek_fixed_2019_2026,,,,,,,,,,
2019,7,30,CSM,15.0,0.0,0.0,4.0,9.0,perseWeeWeek_fixed_2019_2026,,,,,,,,,,
2019,7,30,Cholera,192.0,18.0,0.0,4.0,10.0,perseWeeWeek_fixed_2019_2026,,,,,,,,,,
2019,7,30,Lassa Fever,107.0,9.0,0.0,13.0,20.0,perseWeeWeek_fixed_2019_2026,,,,,,,,,,
2019,7,30,Measles,591.0,0.0,5.0,29.0,173.0,perseWeeWeek_fixed_2019_2026,2018.0,1.0,15.0,99.0,0.8,2019.0,49765.0,1969.0,257.0,0.5
2019,7,30,Mpox,3.0,2.0,1.0,2.0,2.0,perseWeeWeek_fixed_2019_2026,2018.0,61.0,29.0,1.0,1.7,2019.0,60.0,33.0,2.0,3.3
2019,7,30,Yellow Fever,76.0,0.0,0.0,24.0,58.0,perseWeeWeek_fixed_2019_2026,,,,,,,,,,
2019,8,31,AFP,122.0,0.0,0.0,28.0,103.0,perseWeeWeek_fixed_2019_2026,,,,,,,,,,
2019,8,31,CSM,11.0,0.0,0.0,6.0,8.0,perseWeeWeek_fixed_2019_2026,,,,,,,,,,
2019,8,31,Cholera,83.0,14.0,0.0,1.0,3.0,perseWeeWeek_fixed_2019_2026,2018.0,3.0,455.0,492.0,2.0,2019.0,2175.0,190.0,38.0,1.8
2019,8,31,Lassa Fever,93.0,11.0,1.0,11.0,19.0,perseWeeWeek_fixed_2019_2026,,,,,,,,,,
2019,8,31,Measles,470.0,0.0,0.0,28.0,136.0,perseWeeWeek_fixed_2019_2026,2018.0,1.0,15.0,99.0,0.8,2019.0,50241.0,1969.0,257.0,0.5
2019,8,31,Mpox,1.0,1.0,0.0,1.0,1.0,perseWeeWeek_fixed_2019_2026,2018.0,62.0,29.0,1.0,1.6,2019.0,62.0,35.0,2.0,3.2
2019,8,31,Yellow Fever,62.0,0.0,4.0,16.0,42.0,perseWeeWeek_fixed_2019_2026,,,,,,,,,,
2019,8,32,AFP,111.0,0.0,0.0,23.0,97.0,perseWeeWeek_fixed_2019_2026,,,,,,,,,,
2019,8,32,CSM,15.0,0.0,0.0,2.0,6.0,perseWeeWeek_fixed_2019_2026,,,,,,,,,,
2019,8,32,Cholera,72.0,24.0,0.0,1.0,3.0,perseWeeWeek_fixed_2019_2026,2018.0,0.0,501.0,549.0,2.1,2019.0,2247.0,214.0,38.0,1.7
2019,8,32,Lassa Fever,99.0,5.0,0.0,8.0,15.0,perseWeeWeek_fixed_2019_2026,,,,,,,,,,
2019,8,32,Measles,275.0,0.0,0.0,25.0,101.0,perseWeeWeek_fixed_2019_2026,2018.0,6.0,15.0,100.0,0.8,2019.0,50516.0,2054.0,257.0,0.5
2019,8,32,Mpox,0.0,0.0,0.0,0.0,,perseWeeWeek_fixed_2019_2026,2018.0,65.0,32.0,1.0,1.5,2019.0,62.0,35.0,2.0,3.2
2019,8,32,Yellow Fever,58.0,3.0,0.0,14.0,36.0,perseWeeWeek_fixed_2019_2026,,,,,,,,,,
2019,8,33,AFP,83.0,0.0,0.0,28.0,74.0,perseWeeWeek_fixed_2019_2026,,,,,,,,,,
2019,8,33,CSM,16.0,0.0,0.0,5.0,9.0,perseWeeWeek_fixed_2019_2026,,,,,,,,,,
2019,8,33,Cholera,57.0,19.0,0.0,2.0,4.0,perseWeeWeek_fixed_2019_2026,2018.0,0.0,529.0,596.0,2.2,2019.0,2304.0,233.0,38.0,1.7
2019,8,33,Lassa Fever,72.0,2.0,0.0,6.0,8.0,perseWeeWeek_fixed_2019_2026,,,,,,,,,,
2019,8,33,Measles,266.0,0.0,2.0,27.0,106.0,perseWeeWeek_fixed_2019_2026,2018.0,2.0,15.0,100.0,0.7,2019.0,50887.0,2089.0,259.0,0.5
2019,8,33,Mpox,1.0,0.0,0.0,1.0,1.0,perseWeeWeek_fixed_2019_2026,2018.0,70.0,36.0,1.0,1.4,2019.0,62.0,32.0,2.0,3.2
2019,8,33,Yellow Fever,63.0,0.0,0.0,18.0,40.0,perseWeeWeek_fixed_2019_2026,,,,,,,,,,
2019,8,34,AFP,70.0,0.0,0.0,27.0,63.0,perseWeeWeek_fixed_2019_2026,,,,,,,,,,
2019,8,34,CSM,17.0,0.0,0.0,5.0,9.0,perseWeeWeek_fixed_2019_2026,,,,,,,,,,
2019,8,34,Cholera,49.0,12.0,0.0,1.0,3.0,perseWeeWeek_fixed_2019_2026,2018.0,1.0,568.0,681.0,2.4,2019.0,2354.0,246.0,38.0,1.6
2019,8,34,Lassa Fever,78.0,6.0,0.0,13.0,16.0,perseWeeWeek_fixed_2019_2026,,,,,,,,,,
2019,8,34,Measles,294.0,0.0,0.0,26.0,120.0,perseWeeWeek_fixed_2019_2026,2018.0,8.0,15.0,100.0,0.7,2019.0,51175.0,2089.0,259.0,0.5
2019,8,34,Mpox,0.0,0.0,0.0,0.0,0.0,perseWeeWeek_fixed_2019_2026,2018.0,72.0,38.0,1.0,1.4,2019.0,62.0,32.0,2.0,3.2
2019,8,34,Yellow Fever,50.0,1.0,0.0,16.0,40.0,perseWeeWeek_fixed_2019_2026,,,,,,,,,,
2019,9,35,AFP,74.0,0.0,0.0,25.0,66.0,perseWeeWeek_fixed_2019_2026,,,,,,,,,,
2019,9,35,CSM,16.0,0.0,0.0,4.0,6.0,perseWeeWeek_fixed_2019_2026,,,,,,,,,,
2019,9,35,Cholera,33.0,11.0,0.0,2.0,5.0,perseWeeWeek_fixed_2019_2026,2018.0,9.0,653.0,767.0,2.4,2019.0,2416.0,257.0,38.0,1.6
2019,9,35,Lassa Fever,73.0,14.0,2.0,10.0,15.0,perseWeeWeek_fixed_2019_2026,,,,,,,,,,
2019,9,35,Measles,307.0,0.0,0.0,26.0,123.0,perseWeeWeek_fixed_2019_2026,2018.0,0.0,15.0,100.0,0.7,2019.0,54238.0,2089.0,274.0,0.5
2019,9,35,Mpox,2.0,1.0,0.0,2.0,2.0,perseWeeWeek_fixed_2019_2026,2018.0,79.0,38.0,1.0,1.2,2019.0,64.0,33.0,2.0,3.1
2019,9,35,Yellow Fever,44.0,0.0,0.0,13.0,34.0,perseWeeWeek_fixed_2019_2026,,,,,,,,,,
2019,9,36,AFP,82.0,0.0,0.0,25.0,75.0,perseWeeWeek_fixed_2019_2026,,,,,,,,,,
2019,9,36,CSM,21.0,0.0,0.0,7.0,10.0,perseWeeWeek_fixed_2019_2026,,,,,,,,,,
2019,9,36,Cholera,36.0,13.0,0.0,3.0,5.0,perseWeeWeek_fixed_2019_2026,2018.0,1.0,691.0,847.0,2.4,2019.0,2452.0,270.0,38.0,1.6
2019,9,36,Lassa Fever,83.0,9.0,0.0,13.0,15.0,perseWeeWeek_fixed_2019_2026,,,,,,,,,,
2019,9,36,Measles,337.0,0.0,0.0,29.0,139.0,perseWeeWeek_fixed_2019_2026,2018.0,6.0,15.0,133.0,0.8,2019.0,54575.0,2089.0,274.0,0.5
2019,9,36,Mpox,3.0,0.0,0.0,2.0,2.0,perseWeeWeek_fixed_2019_2026,2018.0,82.0,38.0,1.0,1.2,2019.0,65.0,31.0,2.0,3.1
2019,9,36,Yellow Fever,92.0,3.0,1.0,20.0,52.0,perseWeeWeek_fixed_2019_2026,,,,,,,,,,
2019,9,37,AFP,109.0,0.0,0.0,31.0,93.0,perseWeeWeek_fixed_2019_2026,,,,,,,,,,
2019,9,37,CSM,23.0,0.0,0.0,7.0,12.0,perseWeeWeek_fixed_2019_2026,,,,,,,,,,
2019,9,37,Cholera,21.0,0.0,0.0,2.0,4.0,perseWeeWeek_fixed_2019_2026,2018.0,3.0,736.0,944.0,2.4,2019.0,2473.0,270.0,38.0,1.5
2019,9,37,Lassa Fever,63.0,7.0,2.0,11.0,15.0,perseWeeWeek_fixed_2019_2026,,,,,,,,,,
2019,9,37,Measles,327.0,0.0,1.0,29.0,140.0,perseWeeWeek_fixed_2019_2026,2018.0,2.0,15.0,133.0,0.8,2019.0,54902.0,2089.0,275.0,0.5
2019,9,37,Mpox,4.0,2.0,0.0,2.0,2.0,perseWeeWeek_fixed_2019_2026,2018.0,86.0,38.0,1.0,1.2,2019.0,69.0,33.0,2.0,2.9
2019,9,37,Yellow Fever,117.0,0.0,3.0,26.0,73.0,perseWeeWeek_fixed_2019_2026,,,,,,,,,,
2019,9,38,AFP,107.0,0.0,0.0,30.0,98.0,perseWeeWeek_fixed_2019_2026,,,,,,,,,,
2019,9,38,CSM,24.0,0.0,0.0,5.0,12.0,perseWeeWeek_fixed_2019_2026,,,,,,,,,,
2019,9,38,Cholera,32.0,11.0,0.0,2.0,4.0,perseWeeWeek_fixed_2019_2026,2018.0,3.0,758.0,1006.0,2.4,2019.0,2477.0,287.0,38.0,1.5
2019,9,38,Lassa Fever,100.0,7.0,2.0,10.0,14.0,perseWeeWeek_fixed_2019_2026,,,,,,,,,,
2019,9,38,Measles,314.0,0.0,0.0,28.0,138.0,perseWeeWeek_fixed_2019_2026,2018.0,9.0,21.0,115.0,0.8,2019.0,55216.0,2089.0,275.0,0.5
2019,9,38,Mpox,6.0,1.0,0.0,4.0,5.0,perseWeeWeek_fixed_2019_2026,2018.0,89.0,47.0,1.0,1.1,2019.0,75.0,33.0,2.0,2.7
2019,9,38,Yellow Fever,89.0,0.0,5.0,23.0,52.0,perseWeeWeek_fixed_2019_2026,,,,,,,,,,
2019,9,39,AFP,101.0,0.0,0.0,31.0,86.0,perseWeeWeek_fixed_2019_2026,,,,,,,,,,
2019,9,39,CSM,23.0,0.0,1.0,5.0,11.0,perseWeeWeek_fixed_2019_2026,,,,,,,,,,
2019,9,39,Cholera,31.0,2.0,0.0,2.0,3.0,perseWeeWeek_fixed_2019_2026,2018.0,9.0,797.0,1042.0,2.4,2019.0,2508.0,289.0,38.0,1.5
2019,9,39,Lassa Fever,108.0,13.0,2.0,10.0,12.0,perseWeeWeek_fixed_2019_2026,,,,,,,,,,
2019,9,39,Measles,260.0,0.0,0.0,27.0,115.0,perseWeeWeek_fixed_2019_2026,2018.0,9.0,21.0,166.0,0.8,2019.0,55476.0,2150.0,275.0,0.5
2019,9,39,Mpox,3.0,3.0,0.0,2.0,2.0,perseWeeWeek_fixed_2019_2026,2018.0,89.0,47.0,1.0,1.1,2019.0,82.0,39.0,0.0,0.0
2019,9,39,Yellow Fever,116.0,0.0,2.0,23.0,70.0,perseWeeWeek_fixed_2019_2026,,,,,,,,,,
2019,10,40,AFP,110.0,0.0,0.0,29.0,91.0,perseWeeWeek_fixed_2019_2026,2018.0,0.0,0.0,0.0,0.0,2019.0,5048.0,0.0,0.0,0.0
2019,10,40,CSM,15.0,0.0,0.0,6.0,8.0,perseWeeWeek_fixed_2019_2026,,,,,,,,,,
2019,10,40,Cholera,24.0,0.0,0.0,2.0,2.0,perseWeeWeek_fixed_2019_2026,2018.0,2.0,838.0,1063.0,2.3,2019.0,2532.0,289.0,38.0,1.5
2019,10,40,Lassa Fever,88.0,7.0,1.0,10.0,15.0,perseWeeWeek_fixed_2019_2026,,,,,,,,,,
2019,10,40,Measles,270.0,0.0,0.0,29.0,121.0,perseWeeWeek_fixed_2019_2026,2018.0,1.0,21.0,116.0,0.8,2019.0,55746.0,1881.0,275.0,0.5
2019,10,40,Mpox,2.0,1.0,0.0,1.0,2.0,perseWeeWeek_fixed_2019_2026,2018.0,89.0,47.0,1.0,1.1,2019.0,83.0,40.0,0.0,0.0
2019,10,40,Yellow Fever,126.0,0.0,1.0,19.0,75.0,perseWeeWeek_fixed_2019_2026,,,,,,,,,,
2019,10,41,AFP,110.0,0.0,0.0,26.0,96.0,perseWeeWeek_fixed_2019_2026,,,,,,,,,,
2019,10,41,CSM,26.0,0.0,0.0,6.0,10.0,perseWeeWeek_fixed_2019_2026,,,,,,,,,,
2019,10,41,Cholera,15.0,7.0,0.0,2.0,3.0,perseWeeWeek_fixed_2019_2026,2018.0,3.0,854.0,1074.0,2.3,2019.0,2548.0,298.0,38.0,1.5
2019,10,41,Lassa Fever,87.0,5.0,0.0,10.0,12.0,perseWeeWeek_fixed_2019_2026,,,,,,,,,,
2019,10,41,Measles,272.0,0.0,0.0,27.0,118.0,perseWeeWeek_fixed_2019_2026,2018.0,6.0,0.0,3.0,0.02,2019.0,56038.0,2236.0,275.0,0.5
2019,10,41,Mpox,13.0,3.0,0.0,3.0,4.0,perseWeeWeek_fixed_2019_2026,2018.0,94.0,41.0,1.0,1.1,2019.0,96.0,43.0,2.0,2.1
2019,10,41,Yellow Fever,98.0,10.0,2.0,19.0,71.0,perseWeeWeek_fixed_2019_2026,,,,,,,,,,
2019,10,42,AFP,113.0,0.0,0.0,32.0,98.0,perseWeeWeek_fixed_2019_2026,,,,,,,,,,
2019,10,42,CSM,43.0,0.0,0.0,11.0,18.0,perseWeeWeek_fixed_2019_2026,,,,,,,,,,
2019,10,42,Cholera,23.0,10.0,0.0,3.0,5.0,perseWeeWeek_fixed_2019_2026,2018.0,1.0,879.0,1085.0,2.2,2019.0,2571.0,308.0,38.0,1.5
2019,10,42,Lassa Fever,113.0,13.0,2.0,9.0,12.0,perseWeeWeek_fixed_2019_2026,,,,,,,,,,
2019,10,42,Measles,378.0,0.0,0.0,31.0,137.0,perseWeeWeek_fixed_2019_2026,2018.0,3.0,21.0,120.0,0.8,2019.0,56431.0,2236.0,275.0,0.5
2019,10,42,Mpox,3.0,1.0,0.0,2.0,2.0,perseWeeWeek_fixed_2019_2026,2018.0,95.0,41.0,1.0,1.1,2019.0,99.0,42.0,2.0,2.0
2019,10,42,Yellow Fever,118.0,5.0,0.0,24.0,64.0,perseWeeWeek_fixed_2019_2026,,,,,,,,,,
2019,10,43,AFP,127.0,0.0,0.0,27.0,112.0,perseWeeWeek_fixed_2019_2026,,,,,,,,,,
2019,10,43,CSM,19.0,0.0,0.0,6.0,8.0,perseWeeWeek_fixed_2019_2026,,,,,,,,,,
2019,10,43,Cholera,25.0,7.0,0.0,4.0,7.0,perseWeeWeek_fixed_2019_2026,2018.0,2.0,889.0,1119.0,2.3,2019.0,2597.0,316.0,38.0,1.5
2019,10,43,Lassa Fever,92.0,4.0,1.0,12.0,27.0,perseWeeWeek_fixed_2019_2026,,,,,,,,,,
2019,10,43,Measles,384.0,0.0,0.0,30.0,137.0,perseWeeWeek_fixed_2019_2026,2018.0,1.0,21.0,123.0,0.8,2019.0,56821.0,1881.0,275.0,0.5
2019,10,43,Mpox,3.0,1.0,0.0,3.0,3.0,perseWeeWeek_fixed_2019_2026,2018.0,95.0,41.0,1.0,1.1,2019.0,102.0,43.0,2.0,2.0
2019,10,43,Yellow Fever,106.0,0.0,0.0,20.0,51.0,perseWeeWeek_fixed_2019_2026,,,,,,,,,,
2019,11,44,AFP,104.0,0.0,0.0,28.0,93.0,perseWeeWeek_fixed_2019_2026,,,,,,,,,,
2019,11,44,CSM,17.0,0.0,1.0,5.0,9.0,perseWeeWeek_fixed_2019_2026,,,,,,,,,,
2019,11,44,Cholera,5.0,3.0,0.0,1.0,3.0,perseWeeWeek_fixed_2019_2026,2018.0,6.0,907.0,1123.0,2.2,2019.0,2602.0,319.0,38.0,1.5
2019,11,44,Lassa Fever,101.0,11.0,1.0,11.0,40.0,perseWeeWeek_fixed_2019_2026,,,,,,,,,,
2019,11,44,Measles,403.0,0.0,2.0,29.0,126.0,perseWeeWeek_fixed_2019_2026,2018.0,8.0,21.0,123.0,0.8,2019.0,57255.0,1881.0,277.0,0.5
2019,11,44,Mpox,1.0,0.0,0.0,1.0,1.0,perseWeeWeek_fixed_2019_2026,2018.0,98.0,52.0,0.0,0.0,2019.0,102.0,43.0,0.0,0.0
2019,11,44,Yellow Fever,110.0,0.0,1.0,22.0,56.0,perseWeeWeek_fixed_2019_2026,,,,,,,,,,
2019,11,45,AFP,141.0,0.0,0.0,29.0,116.0,perseWeeWeek_fixed_2019_2026,,,,,,,,,,
2019,11,45,CSM,15.0,0.0,0.0,3.0,9.0,perseWeeWeek_fixed_2019_2026,,,,,,,,,,
2019,11,45,Cholera,33.0,11.0,0.0,3.0,6.0,perseWeeWeek_fixed_2019_2026,2018.0,7.0,926.0,1125.0,2.2,2019.0,2761.0,568.0,38.0,1.4
2019,11,45,Lassa Fever,107.0,10.0,2.0,13.0,17.0,perseWeeWeek_fixed_2019_2026,,,,,,,,,,
2019,11,45,Measles,452.0,0.0,10.0,28.0,127.0,perseWeeWeek_fixed_2019_2026,2018.0,3.0,21.0,123.0,0.8,2019.0,57707.0,12236.0,287.0,21.0
2019,11,45,Mpox,0.0,0.0,0.0,0.0,0.0,perseWeeWeek_fixed_2019_2026,2018.0,103.0,42.0,1.0,1.0,2019.0,101.0,43.0,2.0,2.0
2019,11,45,Yellow Fever,97.0,0.0,3.0,20.0,55.0,perseWeeWeek_fixed_2019_2026,,,,,,,,,,
2019,11,46,AFP,119.0,0.0,0.0,26.0,99.0,perseWeeWeek_fixed_2019_2026,,,,,,,,,,
2019,11,46,CSM,18.0,0.0,0.0,5.0,8.0,perseWeeWeek_fixed_2019_2026,,,,,,,,,,
2019,11,46,Cholera,34.0,8.0,0.0,4.0,7.0,perseWeeWeek_fixed_2019_2026,2018.0,8.0,941.0,1127.0,2.2,2019.0,2795.0,576.0,38.0,1.4
2019,11,46,Lassa Fever,101.0,13.0,0.0,12.0,19.0,perseWeeWeek_fixed_2019_2026,,,,,,,,,,
2019,11,46,Measles,427.0,0.0,0.0,27.0,133.0,perseWeeWeek_fixed_2019_2026,2018.0,3.0,21.0,123.0,0.8,2019.0,58134.0,2236.0,287.0,0.5
2019,11,46,Mpox,0.0,0.0,0.0,0.0,0.0,perseWeeWeek_fixed_2019_2026,2018.0,104.0,42.0,1.0,1.0,2019.0,101.0,43.0,2.0,2.0
2019,11,46,Yellow Fever,71.0,0.0,1.0,17.0,40.0,perseWeeWeek_fixed_2019_2026,,,,,,,,,,
2019,11,47,AFP,100.0,0.0,0.0,26.0,81.0,perseWeeWeek_fixed_2019_2026,,,,,,,,,,
2019,11,47,CSM,18.0,0.0,0.0,4.0,8.0,perseWeeWeek_fixed_2019_2026,,,,,,,,,,
2019,11,47,Cholera,4.0,2.0,0.0,2.0,3.0,perseWeeWeek_fixed_2019_2026,2018.0,6.0,956.0,1127.0,2.2,2019.0,2799.0,578.0,38.0,1.4
2019,11,47,Lassa Fever,89.0,8.0,0.0,11.0,16.0,perseWeeWeek_fixed_2019_2026,,,,,,,,,,
2019,11,47,Measles,446.0,0.0,1.0,27.0,165.0,perseWeeWeek_fixed_2019_2026,2018.0,9.0,21.0,123.0,0.8,2019.0,58580.0,1881.0,288.0,0.5
2019,11,47,Mpox,1.0,0.0,0.0,1.0,1.0,perseWeeWeek_fixed_2019_2026,2018.0,100.0,40.0,1.0,1.0,2019.0,90.0,32.0,2.0,2.2
2019,11,47,Yellow Fever,83.0,0.0,0.0,20.0,53.0,perseWeeWeek_fixed_2019_2026,,,,,,,,,,
2019,12,48,AFP,116.0,0.0,0.0,30.0,86.0,perseWeeWeek_fixed_2019_2026,,,,,,,,,,
2019,12,48,CSM,15.0,0.0,0.0,3.0,6.0,perseWeeWeek_fixed_2019_2026,,,,,,,,,,
2019,12,48,Cholera,14.0,5.0,1.0,3.0,5.0,perseWeeWeek_fixed_2019_2026,2018.0,0.0,956.0,1132.0,2.2,2019.0,3439.0,593.0,60.0,1.7
2019,12,48,Lassa Fever,90.0,8.0,2.0,9.0,14.0,perseWeeWeek_fixed_2019_2026,,,,,,,,,,
2019,12,48,Measles,346.0,0.0,1.0,30.0,152.0,perseWeeWeek_fixed_2019_2026,2018.0,9.0,21.0,124.0,0.8,2019.0,58931.0,1881.0,289.0,0.5
2019,12,48,Mpox,3.0,1.0,0.0,2.0,2.0,perseWeeWeek_fixed_2019_2026,2018.0,87.0,39.0,1.0,1.1,2019.0,106.0,44.0,2.0,1.9
2019,12,48,Yellow Fever,61.0,0.0,3.0,18.0,40.0,perseWeeWeek_fixed_2019_2026,,,,,,,,,,
2019,12,49,AFP,,,,28.0,,perseWeeWeek_fixed_2019_2026,,,,,,,,,,
2019,12,49,CSM,9.0,0.0,0.0,3.0,5.0,perseWeeWeek_fixed_2019_2026,,,,,,,,,,
2019,12,49,Cholera,60.0,2.0,11.0,3.0,4.0,perseWeeWeek_fixed_2019_2026,2018.0,2.0,956.0,1135.0,2.2,2019.0,3499.0,595.0,71.0,2.1
2019,12,49,Lassa Fever,51.0,13.0,4.0,11.0,13.0,perseWeeWeek_fixed_2019_2026,,,,,,,,,,
2019,12,49,Measles,,,,26.0,,perseWeeWeek_fixed_2019_2026,2018.0,2.0,21.0,124.0,0.7,2019.0,58931.0,122361.0,289.0,0.5
2019,12,49,Mpox,2.0,0.0,0.0,2.0,2.0,perseWeeWeek_fixed_2019_2026,2018.0,113.0,47.0,1.0,0.9,2019.0,116.0,44.0,2.0,1.7
2019,12,49,Yellow Fever,44.0,0.0,0.0,15.0,38.0,perseWeeWeek_fixed_2019_2026,,,,,,,,,,
2019,12,50,AFP,79.0,0.0,0.0,27.0,73.0,perseWeeWeek_fixed_2019_2026,,,,,,,,,,
2019,12,50,CSM,10.0,0.0,0.0,3.0,5.0,perseWeeWeek_fixed_2019_2026,,,,,,,,,,
2019,12,50,Cholera,5.0,0.0,0.0,1.0,1.0,perseWeeWeek_fixed_2019_2026,2018.0,5.0,956.0,1135.0,2.2,2019.0,3504.0,595.0,71.0,2.0
2019,12,50,Lassa Fever,79.0,4.0,1.0,7.0,13.0,perseWeeWeek_fixed_2019_2026,,,,,,,,,,
2019,12,50,Measles,265.0,0.0,0.0,26.0,117.0,perseWeeWeek_fixed_2019_2026,2018.0,2.0,22.0,127.0,0.8,2019.0,61438.0,22361.0,286.0,0.5
2019,12,50,Mpox,0.0,0.0,0.0,0.0,0.0,perseWeeWeek_fixed_2019_2026,2018.0,114.0,48.0,1.0,0.9,2019.0,116.0,44.0,2.0,1.7
2019,12,50,Yellow Fever,46.0,1.0,0.0,14.0,32.0,perseWeeWeek_fixed_2019_2026,,,,,,,,,,
2019,12,51,AFP,97.0,0.0,0.0,28.0,79.0,perseWeeWeek_fixed_2019_2026,,,,,,,,,,
2019,12,51,CSM,8.0,0.0,0.0,3.0,4.0,perseWeeWeek_fixed_2019_2026,,,,,,,,,,
2019,12,51,Cholera,0.0,0.0,0.0,0.0,0.0,perseWeeWeek_fixed_2019_2026,2018.0,1.0,956.0,1135.0,2.2,2019.0,3504.0,595.0,71.0,2.0
2019,12,51,Lassa Fever,75.0,7.0,3.0,4.0,12.0,perseWeeWeek_fixed_2019_2026,,,,,,,,,,
2019,12,51,Measles,222.0,0.0,0.0,25.0,92.0,perseWeeWeek_fixed_2019_2026,2018.0,4.0,22.0,128.0,0.7,2019.0,61670.0,2363.0,288.0,0.5
2019,12,51,Mpox,0.0,0.0,0.0,0.0,0.0,perseWeeWeek_fixed_2019_2026,2018.0,114.0,48.0,1.0,0.9,2019.0,116.0,44.0,2.0,1.7
2019,12,51,Yellow Fever,42.0,0.0,0.0,11.0,28.0,perseWeeWeek_fixed_2019_2026,,,,,,,,,,
2019,12,52,AFP,55.0,0.0,0.0,21.0,48.0,perseWeeWeek_fixed_2019_2026,,,,,,,,,,
2019,12,52,CSM,7.0,0.0,0.0,4.0,5.0,perseWeeWeek_fixed_2019_2026,,,,,,,,,,
2019,12,52,Cholera,9.0,0.0,0.0,2.0,3.0,perseWeeWeek_fixed_2019_2026,2018.0,9.0,956.0,1136.0,2.2,2019.0,3513.0,595.0,71.0,2.0
2019,12,52,Lassa Fever,93.0,16.0,4.0,9.0,16.0,perseWeeWeek_fixed_2019_2026,,,,,,,,,,
2019,12,52,Measles,209.0,0.0,3.0,19.0,72.0,perseWeeWeek_fixed_2019_2026,2018.0,4.0,22.0,128.0,0.7,2019.0,61879.0,2363.0,291.0,0.5
2019,12,52,Mpox,0.0,0.0,0.0,0.0,0.0,perseWeeWeek_fixed_2019_2026,2018.0,110.0,37.0,3.0,2.7,2019.0,120.0,68.0,5.0,4.2
2019,12,52,Yellow Fever,33.0,0.0,0.0,16.0,28.0,perseWeeWeek_fixed_2019_2026,,,,,,,,,,
2020,1,1,AFP,31.0,0.0,0.0,14.0,29.0,perseWeeWeek_fixed_2019_2026,2019.0,51.0,0.0,0.0,0.0,2020.0,31.0,0.0,0.0,0.0
2020,1,1,CSM,10.0,0.0,1.0,3.0,5.0,perseWeeWeek_fixed_2019_2026,2019.0,6.0,1.0,2.0,33.3,2020.0,10.0,0.0,0.0,0.0
2020,1,1,Cholera,33.0,0.0,2.0,2.0,2.0,perseWeeWeek_fixed_2019_2026,2019.0,1.0,0.0,0.0,0.0,2020.0,33.0,0.0,2.0,6.1
2020,1,1,Lassa Fever,98.0,18.0,1.0,9.0,16.0,perseWeeWeek_fixed_2019_2026,2019.0,57.0,25.0,7.0,28.0,2020.0,98.0,18.0,2.0,11.1
2020,1,1,Measles,183.0,0.0,0.0,21.0,83.0,perseWeeWeek_fixed_2019_2026,2019.0,181.0,0.0,0.0,0.0,2020.0,183.0,0.0,0.0,0.0
2020,1,1,Mpox,0.0,0.0,0.0,0.0,0.0,perseWeeWeek_fixed_2019_2026,2019.0,0.0,0.0,0.0,0.0,2020.0,1.0,0.0,0.0,0.0
2020,1,1,Yellow Fever,19.0,0.0,0.0,11.0,17.0,perseWeeWeek_fixed_2019_2026,2019.0,31.0,0.0,0.0,0.0,2020.0,19.0,0.0,0.0,0.0
2020,1,2,AFP,69.0,0.0,0.0,27.0,64.0,perseWeeWeek_fixed_2019_2026,2019.0,143.0,0.0,0.0,0.0,2020.0,103.0,0.0,0.0,0.0
2020,1,2,CSM,7.0,0.0,0.0,6.0,7.0,perseWeeWeek_fixed_2019_2026,2019.0,108.0,7.0,12.0,11.1,2020.0,17.0,0.0,1.0,5.9
2020,1,2,Cholera,19.0,0.0,4.0,3.0,3.0,perseWeeWeek_fixed_2019_2026,2019.0,39.0,0.0,3.0,7.7,2020.0,52.0,0.0,6.0,11.5
2020,1,2,Lassa Fever,158.0,64.0,12.0,10.0,14.0,perseWeeWeek_fixed_2019_2026,2019.0,172.0,60.0,16.0,26.7,2020.0,255.0,82.0,14.0,17.1
2020,1,2,Measles,370.0,1.0,0.0,30.0,132.0,perseWeeWeek_fixed_2019_2026,2019.0,688.0,0.0,2.0,0.3,2020.0,557.0,1.0,0.0,0.0
2020,1,2,Mpox,4.0,0.0,0.0,3.0,4.0,perseWeeWeek_fixed_2019_2026,2019.0,3.0,2.0,0.0,0.0,2020.0,5.0,0.0,0.0,0.0
2020,1,2,Yellow Fever,44.0,0.0,0.0,16.0,36.0,perseWeeWeek_fixed_2019_2026,2019.0,66.0,0.0,0.0,0.0,2020.0,63.0,0.0,0.0,0.0
2020,1,3,AFP,93.0,0.0,0.0,30.0,85.0,perseWeeWeek_fixed_2019_2026,2019.0,253.0,0.0,0.0,0.0,2020.0,196.0,0.0,0.0,0.0
2020,1,3,CSM,9.0,0.0,0.0,4.0,8.0,perseWeeWeek_fixed_2019_2026,2019.0,156.0,11.0,13.0,8.3,2020.0,26.0,0.0,1.0,3.8
2020,1,3,Cholera,20.0,0.0,0.0,3.0,3.0,perseWeeWeek_fixed_2019_2026,2019.0,75.0,1.0,4.0,5.3,2020.0,72.0,0.0,6.0,8.3
2020,1,3,Lassa Fever,159.0,81.0,10.0,6.0,17.0,perseWeeWeek_fixed_2019_2026,2019.0,379.0,141.0,33.0,23.4,2020.0,398.0,163.0,24.0,14.7
2020,1,3,Measles,470.0,0.0,3.0,30.0,136.0,perseWeeWeek_fixed_2019_2026,,,,,,,,,,
2020,1,3,Mpox,0.0,0.0,0.0,0.0,0.0,perseWeeWeek_fixed_2019_2026,2019.0,4.0,2.0,0.0,0.0,2020.0,6.0,1.0,0.0,0.0
2020,1,3,Yellow Fever,34.0,0.0,0.0,14.0,30.0,perseWeeWeek_fixed_2019_2026,2019.0,117.0,0.0,0.0,0.0,2020.0,97.0,0.0,0.0,0.0
2020,1,4,AFP,90.0,0.0,0.0,27.0,79.0,perseWeeWeek_fixed_2019_2026,2019.0,385.0,0.0,0.0,0.0,2020.0,286.0,0.0,0.0,0.0
2020,1,4,CSM,14.0,0.0,0.0,6.0,9.0,perseWeeWeek_fixed_2019_2026,2019.0,205.0,15.0,15.0,7.3,2020.0,40.0,0.0,1.0,2.5
2020,1,4,Cholera,74.0,0.0,4.0,3.0,4.0,perseWeeWeek_fixed_2019_2026,2019.0,108.0,1.0,7.0,6.5,2020.0,146.0,0.0,10.0,6.8
2020,1,4,Lassa Fever,318.0,95.0,19.0,19.0,56.0,perseWeeWeek_fixed_2019_2026,2019.0,359.0,213.0,42.0,19.7,2020.0,689.0,258.0,41.0,15.9
2020,1,4,Measles,591.0,0.0,2.0,29.0,171.0,perseWeeWeek_fixed_2019_2026,,,,,,,,,,
2020,1,4,Mpox,0.0,0.0,0.0,0.0,0.0,perseWeeWeek_fixed_2019_2026,2019.0,115.0,46.0,2.0,1.7,2020.0,6.0,0.0,0.0,0.0
2020,1,4,Yellow Fever,32.0,0.0,0.0,14.0,28.0,perseWeeWeek_fixed_2019_2026,2019.0,170.0,0.0,0.0,0.0,2020.0,129.0,0.0,0.0,0.0
2020,2,5,AFP,102.0,0.0,0.0,30.0,89.0,perseWeeWeek_fixed_2019_2026,2019.0,549.0,0.0,0.0,0.0,2020.0,388.0,0.0,0.0,0.0
2020,2,5,CSM,18.0,0.0,0.0,4.0,10.0,perseWeeWeek_fixed_2019_2026,2019.0,262.0,20.0,18.0,6.9,2020.0,58.0,0.0,1.0,1.7
2020,2,5,Cholera,198.0,0.0,9.0,1.0,5.0,perseWeeWeek_fixed_2019_2026,2019.0,135.0,1.0,8.0,5.9,2020.0,471.0,0.0,27.0,5.7
2020,2,5,Lassa Fever,531.0,104.0,6.0,15.0,39.0,perseWeeWeek_fixed_2019_2026,2019.0,794.0,294.0,52.0,17.7,2020.0,1226.0,365.0,47.0,12.9
2020,2,5,Measles,391.0,0.0,1.0,30.0,147.0,perseWeeWeek_fixed_2019_2026,,,,,,,,,,
2020,2,5,Mpox,0.0,0.0,0.0,0.0,0.0,perseWeeWeek_fixed_2019_2026,2019.0,7.0,3.0,0.0,0.0,2020.0,6.0,0.0,0.0,0.0
2020,2,5,Yellow Fever,34.0,0.0,0.0,19.0,25.0,perseWeeWeek_fixed_2019_2026,2019.0,218.0,0.0,0.0,0.0,2020.0,163.0,0.0,0.0,0.0
2020,2,6,AFP,74.0,0.0,0.0,22.0,63.0,perseWeeWeek_fixed_2019_2026,2019.0,671.0,0.0,0.0,0.0,2020.0,462.0,0.0,0.0,0.0
2020,2,6,CSM,10.0,0.0,0.0,5.0,8.0,perseWeeWeek_fixed_2019_2026,2019.0,262.0,20.0,18.0,6.9,2020.0,68.0,0.0,1.0,1.5
2020,2,6,Cholera,257.0,0.0,4.0,1.0,6.0,perseWeeWeek_fixed_2019_2026,2019.0,163.0,1.0,8.0,4.9,2020.0,728.0,0.0,31.0,4.3
2020,2,6,Lassa Fever,482.0,109.0,8.0,19.0,43.0,perseWeeWeek_fixed_2019_2026,2019.0,947.0,324.0,69.0,21.3,2020.0,1708.0,472.0,70.0,14.8
2020,2,6,Measles,521.0,17.0,1.0,30.0,180.0,perseWeeWeek_fixed_2019_2026,,,,,,,,,,
2020,2,6,Mpox,0.0,0.0,0.0,0.0,0.0,perseWeeWeek_fixed_2019_2026,2019.0,7.0,3.0,0.0,0.0,2020.0,7.0,0.0,0.0,0.0
2020,2,6,Yellow Fever,37.0,0.0,0.0,17.0,21.0,perseWeeWeek_fixed_2019_2026,2019.0,261.0,0.0,0.0,0.0,2020.0,200.0,0.0,0.0,0.0
2020,2,7,AFP,104.0,0.0,0.0,31.0,88.0,perseWeeWeek_fixed_2019_2026,2019.0,784.0,0.0,0.0,0.0,2020.0,566.0,0.0,0.0,0.0
2020,2,7,CSM,15.0,0.0,0.0,6.0,11.0,perseWeeWeek_fixed_2019_2026,2019.0,385.0,26.0,29.0,7.5,2020.0,83.0,0.0,1.0,1.2
2020,2,7,Cholera,0.0,0.0,0.0,0.0,0.0,perseWeeWeek_fixed_2019_2026,2019.0,230.0,1.0,10.0,4.3,2020.0,728.0,0.0,31.0,4.3
2020,2,7,Lassa Fever,471.0,115.0,18.0,16.0,41.0,perseWeeWeek_fixed_2019_2026,,,,,,,,,,
2020,2,7,Measles,779.0,1.0,1.0,29.0,183.0,perseWeeWeek_fixed_2019_2026,,,,,,,,,,
2020,2,7,Mpox,2.0,0.0,0.0,1.0,2.0,perseWeeWeek_fixed_2019_2026,2019.0,6.0,3.0,0.0,0.0,2020.0,10.0,1.0,0.0,0.0
2020,2,7,Yellow Fever,42.0,0.0,0.0,20.0,37.0,perseWeeWeek_fixed_2019_2026,2019.0,310.0,0.0,0.0,0.0,2020.0,369.0,6.0,0.0,0.0
2020,2,8,AFP,105.0,0.0,0.0,28.0,96.0,perseWeeWeek_fixed_2019_2026,2019.0,900.0,0.0,0.0,0.0,2020.0,671.0,0.0,0.0,0.0
2020,2,8,CSM,15.0,0.0,0.0,6.0,10.0,perseWeeWeek_fixed_2019_2026,,,,,,,,,,
2020,2,8,Cholera,1.0,0.0,0.0,1.0,1.0,perseWeeWeek_fixed_2019_2026,2019.0,282.0,4.0,17.0,6.0,2020.0,729.0,0.0,31.0,4.3
2020,2,8,Lassa Fever,456.0,102.0,13.0,18.0,46.0,perseWeeWeek_fixed_2019_2026,,,,,,,,,,
2020,2,8,Measles,871.0,6.0,5.0,29.0,186.0,perseWeeWeek_fixed_2019_2026,,,,,,,,,,
2020,2,8,Mpox,0.0,0.0,0.0,0.0,0.0,perseWeeWeek_fixed_2019_2026,,,,,,,,,,
2020,2,8,Yellow Fever,25.0,0.0,0.0,14.0,23.0,perseWeeWeek_fixed_2019_2026,2019.0,369.0,5.0,0.0,0.0,2020.0,482.0,6.0,0.0,0.0
2020,3,9,AFP,81.0,0.0,0.0,28.0,97.0,perseWeeWeek_fixed_2019_2026,,,,,,,,,,
2020,3,9,CSM,8.0,0.0,0.0,3.0,5.0,perseWeeWeek_fixed_2019_2026,2019.0,559.0,40.0,54.0,9.7,2020.0,106.0,0.0,1.0,0.9
2020,3,9,Cholera,0.0,0.0,0.0,0.0,0.0,perseWeeWeek_fixed_2019_2026,2019.0,353.0,3.0,18.0,5.1,2020.0,729.0,0.0,31.0,4.3
2020,3,9,Lassa Fever,443.0,85.0,11.0,28.0,107.0,perseWeeWeek_fixed_2019_2026,,,,,,,,,,
2020,3,9,Measles,764.0,0.0,2.0,29.0,180.0,perseWeeWeek_fixed_2019_2026,,,,,,,,,,
2020,3,9,Mpox,0.0,0.0,0.0,0.0,0.0,perseWeeWeek_fixed_2019_2026,2019.0,9.0,9.0,0.0,0.0,2020.0,9.0,0.0,0.0,0.0
2020,3,9,Yellow Fever,48.0,0.0,0.0,19.0,43.0,perseWeeWeek_fixed_2019_2026,2019.0,400.0,0.0,0.0,0.0,2020.0,530.0,6.0,0.0,0.0
2020,3,10,AFP,85.0,0.0,0.0,29.0,78.0,perseWeeWeek_fixed_2019_2026,,,,,,,,,,
2020,3,10,CSM,13.0,0.0,0.0,5.0,8.0,perseWeeWeek_fixed_2019_2026,2019.0,435.0,27.0,38.0,8.7,2020.0,119.0,0.0,1.0,0.8
2020,3,10,Cholera,0.0,0.0,0.0,0.0,0.0,perseWeeWeek_fixed_2019_2026,2019.0,323.0,4.0,19.0,5.9,2020.0,729.0,0.0,31.0,4.2
2020,3,10,Lassa Fever,378.0,81.0,10.0,28.0,34.0,perseWeeWeek_fixed_2019_2026,,,,,,,,,,
2020,3,10,Measles,921.0,0.0,5.0,26.0,199.0,perseWeeWeek_fixed_2019_2026,,,,,,,,,,
2020,3,10,Mpox,0.0,0.0,0.0,0.0,0.0,perseWeeWeek_fixed_2019_2026,2019.0,9.0,9.0,0.0,0.0,2020.0,10.0,0.0,0.0,0.0
2020,3,10,Yellow Fever,27.0,0.0,0.0,10.0,22.0,perseWeeWeek_fixed_2019_2026,2019.0,364.0,5.0,0.0,0.0,2020.0,557.0,6.0,0.0,0.0
2020,3,11,AFP,92.0,0.0,0.0,29.0,79.0,perseWeeWeek_fixed_2019_2026,,,,,,,,,,
2020,3,11,CSM,11.0,0.0,0.0,6.0,8.0,perseWeeWeek_fixed_2019_2026,2019.0,817.0,79.0,62.0,7.6,2020.0,130.0,0.0,1.0,0.8
2020,3,11,Cholera,7.0,0.0,0.0,1.0,1.0,perseWeeWeek_fixed_2019_2026,2019.0,396.0,4.0,21.0,5.3,2020.0,736.0,0.0,31.0,4.2
2020,3,11,Lassa Fever,319.0,51.0,9.0,11.0,28.0,perseWeeWeek_fixed_2019_2026,,,,,,,,,,
2020,3,11,Measles,1092.0,12.0,0.0,27.0,131.0,perseWeeWeek_fixed_2019_2026,2019.0,3.0,535.0,27.0,0.2,2020.0,6921.0,18.0,20.0,0.3
2020,3,11,Mpox,1.0,1.0,0.0,1.0,1.0,perseWeeWeek_fixed_2019_2026,2019.0,9.0,9.0,0.0,0.0,2020.0,11.0,1.0,0.0,0.0
2020,3,11,Yellow Fever,35.0,0.0,0.0,11.0,29.0,perseWeeWeek_fixed_2019_2026,2019.0,364.0,5.0,0.0,0.0,2020.0,377.0,0.0,0.0,0.0
2020,3,12,AFP,104.0,0.0,0.0,30.0,97.0,perseWeeWeek_fixed_2019_2026,,,,,,,,,,
2020,3,12,CSM,46.0,0.0,2.0,7.0,16.0,perseWeeWeek_fixed_2019_2026,2019.0,703.0,44.0,47.0,6.7,2020.0,176.0,0.0,3.0,1.7
2020,3,12,Cholera,0.0,0.0,0.0,0.0,0.0,perseWeeWeek_fixed_2019_2026,2019.0,362.0,6.0,24.0,6.6,2020.0,736.0,0.0,31.0,4.2
2020,3,12,Lassa Fever,279.0,28.0,3.0,11.0,17.0,perseWeeWeek_fixed_2019_2026,,,,,,,,,,
2020,3,12,Measles,1069.0,0.0,0.0,26.0,206.0,perseWeeWeek_fixed_2019_2026,2019.0,1.0,535.0,29.0,0.2,2020.0,7990.0,18.0,20.0,0.25
2020,3,12,Mpox,0.0,0.0,0.0,0.0,0.0,perseWeeWeek_fixed_2019_2026,2019.0,9.0,9.0,0.0,0.0,2020.0,11.0,1.0,0.0,0.0
2020,3,12,Yellow Fever,33.0,0.0,0.0,12.0,28.0,perseWeeWeek_fixed_2019_2026,2019.0,364.0,5.0,0.0,0.0,2020.0,410.0,0.0,0.0,0.0
2020,3,13,AFP,61.0,0.0,0.0,24.0,57.0,perseWeeWeek_fixed_2019_2026,,,,,,,,,,
2020,3,13,CSM,18.0,0.0,0.0,4.0,11.0,perseWeeWeek_fixed_2019_2026,,,,,,,,,,
2020,3,13,Cholera,6.0,0.0,0.0,3.0,3.0,perseWeeWeek_fixed_2019_2026,2019.0,474.0,5.0,24.0,5.1,2020.0,742.0,0.0,31.0,4.8
2020,3,13,Lassa Fever,182.0,19.0,1.0,7.0,14.0,perseWeeWeek_fixed_2019_2026,,,,,,,,,,
2020,3,13,Measles,894.0,0.0,4.0,23.0,149.0,perseWeeWeek_fixed_2019_2026,2019.0,4.0,535.0,31.0,0.2,2020.0,10105.0,636.0,29.0,0.3
2020,3,13,Mpox,2.0,1.0,0.0,1.0,1.0,perseWeeWeek_fixed_2019_2026,2019.0,15.0,9.0,0.0,0.0,2020.0,13.0,2.0,0.0,0.0
2020,3,13,Yellow Fever,29.0,0.0,0.0,12.0,21.0,perseWeeWeek_fixed_2019_2026,2019.0,364.0,5.0,0.0,0.0,2020.0,654.0,6.0,0.0,0.0
2020,4,14,AFP,40.0,0.0,0.0,22.0,39.0,perseWeeWeek_fixed_2019_2026,,,,,,,,,,
2020,4,14,CSM,17.0,0.0,0.0,8.0,11.0,perseWeeWeek_fixed_2019_2026,,,,,,,,,,
2020,4,14,Cholera,7.0,0.0,0.0,1.0,1.0,perseWeeWeek_fixed_2019_2026,2019.0,550.0,6.0,26.0,4.7,2020.0,749.0,0.0,31.0,4.1
2020,4,14,Lassa Fever,136.0,12.0,3.0,14.0,24.0,perseWeeWeek_fixed_2019_2026,,,,,,,,,,
2020,4,14,Measles,837.0,0.0,15.0,22.0,123.0,perseWeeWeek_fixed_2019_2026,2019.0,5.0,535.0,39.0,0.2,2020.0,10942.0,636.0,44.0,0.4
2020,4,14,Mpox,,,,,1.0,perseWeeWeek_fixed_2019_2026,2019.0,15.0,9.0,0.0,0.0,2020.0,14.0,0.0,0.0,0.0
2020,4,14,Yellow Fever,17.0,0.0,0.0,4.0,13.0,perseWeeWeek_fixed_2019_2026,2019.0,726.0,9.0,1.0,0.1,2020.0,671.0,6.0,0.0,0.0
2020,4,15,AFP,48.0,0.0,0.0,22.0,44.0,perseWeeWeek_fixed_2019_2026,,,,,,,,,,
2020,4,15,CSM,11.0,0.0,0.0,4.0,8.0,perseWeeWeek_fixed_2019_2026,,,,,,,,,,
2020,4,15,Cholera,0.0,0.0,0.0,0.0,0.0,perseWeeWeek_fixed_2019_2026,2019.0,679.0,9.0,30.0,6.0,2020.0,749.0,0.0,31.0,4.1
2020,4,15,Lassa Fever,99.0,10.0,0.0,5.0,6.0,perseWeeWeek_fixed_2019_2026,,,,,,,,,,
2020,4,15,Measles,632.0,0.0,1.0,21.0,113.0,perseWeeWeek_fixed_2019_2026,2019.0,5.0,757.0,44.0,0.22,2020.0,11574.0,636.0,45.0,0.4
2020,4,15,Mpox,0.0,0.0,0.0,0.0,0.0,perseWeeWeek_fixed_2019_2026,2019.0,15.0,9.0,0.0,0.0,2020.0,14.0,3.0,0.0,0.0
2020,4,15,Yellow Fever,24.0,0.0,0.0,7.0,21.0,perseWeeWeek_fixed_2019_2026,2019.0,718.0,12.0,1.0,0.1,2020.0,695.0,6.0,0.0,0.0
2020,4,16,AFP,71.0,0.0,0.0,25.0,63.0,perseWeeWeek_fixed_2019_2026,,,,,,,,,,
2020,4,16,COVID-19,,,,34.0,,perseWeeWeek_fixed_2019_2026,2019.0,0.0,0.0,0.0,0.0,2020.0,18536.0,2558.0,87.0,3.0
2020,4,16,CSM,5.0,0.0,0.0,3.0,5.0,perseWeeWeek_fixed_2019_2026,,,,,,,,,,
2020,4,16,Cholera,0.0,0.0,0.0,0.0,0.0,perseWeeWeek_fixed_2019_2026,2019.0,785.0,10.0,31.0,3.9,2020.0,749.0,0.0,31.0,4.1
2020,4,16,Lassa Fever,89.0,6.0,0.0,3.0,3.0,perseWeeWeek_fixed_2019_2026,,,,,,,,,,
2020,4,16,Measles,606.0,0.0,7.0,21.0,104.0,perseWeeWeek_fixed_2019_2026,,,,,,,,,,
2020,4,16,Mpox,0.0,0.0,0.0,0.0,0.0,perseWeeWeek_fixed_2019_2026,2019.0,15.0,9.0,0.0,0.0,2020.0,14.0,3.0,0.0,0.0
2020,4,16,Yellow Fever,24.0,0.0,0.0,9.0,17.0,perseWeeWeek_fixed_2019_2026,2019.0,768.0,12.0,1.0,0.1,2020.0,719.0,6.0,0.0,0.0
2020,4,17,AFP,47.0,0.0,0.0,23.0,39.0,perseWeeWeek_fixed_2019_2026,,,,,,,,,,
2020,4,17,CSM,6.0,0.0,0.0,2.0,2.0,perseWeeWeek_fixed_2019_2026,,,,,,,,,,
2020,4,17,Cholera,97.0,0.0,14.0,2.0,2.0,perseWeeWeek_fixed_2019_2026,2019.0,890.0,10.0,31.0,3.5,2020.0,846.0,0.0,45.0,5.3
2020,4,17,Lassa Fever,85.0,8.0,0.0,12.0,38.0,perseWeeWeek_fixed_2019_2026,,,,,,,,,,
2020,4,17,Measles,313.0,0.0,0.0,18.0,80.0,perseWeeWeek_fixed_2019_2026,2019.0,1.0,819.0,78.0,0.3,2020.0,12493.0,636.0,52.0,0.4
2020,4,17,Mpox,0.0,0.0,0.0,0.0,0.0,perseWeeWeek_fixed_2019_2026,2019.0,36.0,20.0,0.0,0.0,2020.0,14.0,3.0,0.0,0.0
2020,4,17,Yellow Fever,18.0,0.0,0.0,7.0,15.0,perseWeeWeek_fixed_2019_2026,2019.0,830.0,12.0,2.0,0.2,2020.0,737.0,6.0,0.0,0.0
2020,5,18,AFP,57.0,0.0,0.0,23.0,51.0,perseWeeWeek_fixed_2019_2026,,,,,,,,,,
2020,5,18,CSM,12.0,0.0,0.0,4.0,6.0,perseWeeWeek_fixed_2019_2026,,,,,,,,,,
2020,5,18,Cholera,0.0,0.0,0.0,0.0,0.0,perseWeeWeek_fixed_2019_2026,2019.0,944.0,11.0,31.0,3.3,2020.0,846.0,0.0,45.0,5.3
2020,5,18,Lassa Fever,64.0,5.0,2.0,15.0,37.0,perseWeeWeek_fixed_2019_2026,,,,,,,,,,
2020,5,18,Measles,338.0,0.0,0.0,17.0,86.0,perseWeeWeek_fixed_2019_2026,2019.0,4.0,819.0,93.0,0.3,2020.0,12831.0,636.0,52.0,0.41
2020,5,18,Mpox,0.0,0.0,0.0,0.0,0.0,perseWeeWeek_fixed_2019_2026,2019.0,40.0,23.0,0.0,0.0,2020.0,14.0,3.0,0.0,0.0
2020,5,18,Yellow Fever,10.0,0.0,0.0,8.0,9.0,perseWeeWeek_fixed_2019_2026,2019.0,930.0,12.0,2.0,0.2,2020.0,747.0,6.0,0.0,0.0
2020,5,19,AFP,58.0,0.0,0.0,23.0,53.0,perseWeeWeek_fixed_2019_2026,,,,,,,,,,
2020,5,19,CSM,2.0,0.0,0.0,2.0,2.0,perseWeeWeek_fixed_2019_2026,,,,,,,,,,
2020,5,19,Cholera,1.0,0.0,0.0,1.0,1.0,perseWeeWeek_fixed_2019_2026,2019.0,971.0,13.0,31.0,3.2,2020.0,847.0,0.0,45.0,5.3
2020,5,19,Lassa Fever,72.0,9.0,1.0,4.0,5.0,perseWeeWeek_fixed_2019_2026,,,,,,,,,,
2020,5,19,Measles,298.0,0.0,2.0,15.0,71.0,perseWeeWeek_fixed_2019_2026,2019.0,7.0,819.0,95.0,0.3,2020.0,15668.0,1629.0,70.0,0.4
2020,5,19,Mpox,0.0,0.0,0.0,0.0,0.0,perseWeeWeek_fixed_2019_2026,2019.0,42.0,23.0,0.0,0.0,2020.0,14.0,3.0,0.0,0.0
2020,5,19,Yellow Fever,14.0,0.0,0.0,6.0,12.0,perseWeeWeek_fixed_2019_2026,2019.0,954.0,12.0,2.0,0.2,2020.0,761.0,6.0,0.0,0.0
2020,5,20,AFP,44.0,0.0,0.0,20.0,39.0,perseWeeWeek_fixed_2019_2026,,,,,,,,,,
2020,5,20,COVID-19,,,,63882.0,,perseWeeWeek_fixed_2019_2026,,,,,,,,,,
2020,5,20,CSM,8.0,0.0,0.0,4.0,6.0,perseWeeWeek_fixed_2019_2026,,,,,,,,,,
2020,5,20,Cholera,0.0,0.0,0.0,0.0,0.0,perseWeeWeek_fixed_2019_2026,,,,,,,,,,
2020,5,20,Lassa Fever,68.0,6.0,1.0,3.0,5.0,perseWeeWeek_fixed_2019_2026,,,,,,,,,,
2020,5,20,Measles,155.0,0.0,1.0,7.0,41.0,perseWeeWeek_fixed_2019_2026,2019.0,9.0,33.0,91.0,0.3,2020.0,15823.0,1629.0,71.0,0.4
2020,5,20,Mpox,0.0,0.0,0.0,0.0,0.0,perseWeeWeek_fixed_2019_2026,2019.0,42.0,23.0,0.0,0.0,2020.0,14.0,3.0,0.0,0.0
2020,5,20,Yellow Fever,8.0,0.0,0.0,6.0,7.0,perseWeeWeek_fixed_2019_2026,,,,,,,,,,
2020,5,21,AFP,66.0,0.0,0.0,23.0,62.0,perseWeeWeek_fixed_2019_2026,,,,,,,,,,
2020,5,21,COVID-19,,,,35.0,,perseWeeWeek_fixed_2019_2026,,,,,,,,,,
2020,5,21,CSM,1.0,0.0,0.0,1.0,1.0,perseWeeWeek_fixed_2019_2026,,,,,,,,,,
2020,5,21,Cholera,1.0,0.0,0.0,1.0,1.0,perseWeeWeek_fixed_2019_2026,2019.0,765.0,8.0,28.0,3.7,2020.0,956.0,46.0,55.0,5.8
2020,5,21,Lassa Fever,80.0,9.0,2.0,10.0,37.0,perseWeeWeek_fixed_2019_2026,,,,,,,,,,
2020,5,21,Measles,94.0,0.0,0.0,13.0,39.0,perseWeeWeek_fixed_2019_2026,2019.0,4.0,1492.0,97.0,0.3,2020.0,15917.0,1629.0,71.0,0.6
2020,5,21,Mpox,0.0,0.0,0.0,0.0,0.0,perseWeeWeek_fixed_2019_2026,2019.0,49.0,25.0,0.0,0.0,2020.0,14.0,3.0,0.0,0.0
2020,5,21,Yellow Fever,10.0,0.0,0.0,6.0,7.0,perseWeeWeek_fixed_2019_2026,,,,,,,,,,
2020,5,22,AFP,77.0,0.0,0.0,25.0,70.0,perseWeeWeek_fixed_2019_2026,,,,,,,,,,
2020,5,22,COVID-19,,,,35.0,,perseWeeWeek_fixed_2019_2026,,,,,,,,,,
2020,5,22,CSM,3.0,0.0,0.0,2.0,3.0,perseWeeWeek_fixed_2019_2026,,,,,,,,,,
2020,5,22,Cholera,0.0,0.0,0.0,0.0,0.0,perseWeeWeek_fixed_2019_2026,,,,,,,,,,
2020,5,22,Lassa Fever,78.0,6.0,0.0,10.0,35.0,perseWeeWeek_fixed_2019_2026,,,,,,,,,,
2020,5,22,Measles,388.0,0.0,0.0,20.0,74.0,perseWeeWeek_fixed_2019_2026,2019.0,1.0,1492.0,98.0,0.3,2020.0,16305.0,1629.0,71.0,0.4
2020,5,22,Mpox,0.0,0.0,0.0,0.0,0.0,perseWeeWeek_fixed_2019_2026,2019.0,49.0,26.0,0.0,0.0,2020.0,14.0,3.0,0.0,0.0
2020,5,22,Yellow Fever,13.0,0.0,0.0,6.0,12.0,perseWeeWeek_fixed_2019_2026,,,,,,,,,,
2020,6,23,AFP,126.0,0.0,0.0,26.0,110.0,perseWeeWeek_fixed_2019_2026,,,,,,,,,,
2020,6,23,COVID-19,,,,35.0,,perseWeeWeek_fixed_2019_2026,,,,,,,,,,
2020,6,23,CSM,3.0,0.0,1.0,3.0,3.0,perseWeeWeek_fixed_2019_2026,,,,,,,,,,
2020,6,23,Cholera,0.0,0.0,0.0,0.0,0.0,perseWeeWeek_fixed_2019_2026,,,,,,,,,,
2020,6,23,Lassa Fever,91.0,5.0,0.0,2.0,4.0,perseWeeWeek_fixed_2019_2026,,,,,,,,,,
2020,6,23,Measles,420.0,0.0,14.0,20.0,88.0,perseWeeWeek_fixed_2019_2026,2019.0,1.0,1492.0,99.0,0.3,2020.0,16725.0,1629.0,85.0,0.5
2020,6,23,Mpox,0.0,0.0,0.0,0.0,0.0,perseWeeWeek_fixed_2019_2026,2019.0,44.0,26.0,0.0,0.0,2020.0,14.0,3.0,0.0,0.0
2020,6,23,Yellow Fever,17.0,0.0,0.0,11.0,17.0,perseWeeWeek_fixed_2019_2026,,,,,,,,,,
2020,6,24,AFP,104.0,0.0,0.0,29.0,86.0,perseWeeWeek_fixed_2019_2026,,,,,,,,,,
2020,6,24,COVID-19,,,,132304.0,,perseWeeWeek_fixed_2019_2026,,,,,,,,,,
2020,6,24,CSM,1.0,0.0,0.0,1.0,1.0,perseWeeWeek_fixed_2019_2026,,,,,,,,,,
2020,6,24,Cholera,0.0,0.0,0.0,0.0,0.0,perseWeeWeek_fixed_2019_2026,,,,,,,,,,
2020,6,24,Lassa Fever,74.0,5.0,2.0,2.0,3.0,perseWeeWeek_fixed_2019_2026,,,,,,,,,,
2020,6,24,Measles,162.0,0.0,0.0,15.0,44.0,perseWeeWeek_fixed_2019_2026,2019.0,8.0,1492.0,99.0,0.3,2020.0,16887.0,1629.0,85.0,0.5
2020,6,24,Mpox,0.0,0.0,0.0,0.0,0.0,perseWeeWeek_fixed_2019_2026,2019.0,47.0,25.0,0.0,0.0,2020.0,18.0,3.0,0.0,0.0
2020,6,24,Yellow Fever,12.0,0.0,0.0,5.0,12.0,perseWeeWeek_fixed_2019_2026,,,,,,,,,,
2020,6,25,AFP,125.0,0.0,0.0,28.0,108.0,perseWeeWeek_fixed_2019_2026,,,,,,,,,,
2020,6,25,COVID-19,,,,35.0,,perseWeeWeek_fixed_2019_2026,,,,,,,,,,
2020,6,25,CSM,5.0,0.0,0.0,2.0,3.0,perseWeeWeek_fixed_2019_2026,,,,,,,,,,
2020,6,25,Cholera,0.0,0.0,0.0,0.0,0.0,perseWeeWeek_fixed_2019_2026,,,,,,,,,,
2020,6,25,Lassa Fever,56.0,5.0,2.0,10.0,23.0,perseWeeWeek_fixed_2019_2026,,,,,,,,,,
2020,6,25,Measles,155.0,0.0,0.0,15.0,64.0,perseWeeWeek_fixed_2019_2026,2019.0,5.0,1518.0,103.0,0.3,2020.0,18767.0,1957.0,100.0,0.5
2020,6,25,Mpox,0.0,0.0,0.0,0.0,0.0,perseWeeWeek_fixed_2019_2026,2019.0,47.0,25.0,0.0,0.0,2020.0,18.0,3.0,0.0,0.0
2020,6,25,Yellow Fever,18.0,0.0,0.0,12.0,16.0,perseWeeWeek_fixed_2019_2026,,,,,,,,,,
2020,6,26,AFP,85.0,0.0,0.0,24.0,75.0,perseWeeWeek_fixed_2019_2026,,,,,,,,,,
2020,6,26,COVID-19,,,,36.0,,perseWeeWeek_fixed_2019_2026,,,,,,,,,,
2020,6,26,CSM,4.0,0.0,0.0,4.0,4.0,perseWeeWeek_fixed_2019_2026,,,,,,,,,,
2020,6,26,Cholera,9.0,0.0,0.0,2.0,3.0,perseWeeWeek_fixed_2019_2026,,,,,,,,,,
2020,6,26,Lassa Fever,67.0,4.0,2.0,5.0,9.0,perseWeeWeek_fixed_2019_2026,,,,,,,,,,
2020,6,26,Measles,135.0,0.0,0.0,13.0,55.0,perseWeeWeek_fixed_2019_2026,2019.0,3.0,1518.0,113.0,0.3,2020.0,18912.0,1957.0,100.0,0.5
2020,6,26,Mpox,0.0,0.0,0.0,0.0,0.0,perseWeeWeek_fixed_2019_2026,2019.0,51.0,26.0,1.0,2.0,2020.0,18.0,3.0,0.0,0.0
2020,6,26,Yellow Fever,15.0,0.0,0.0,5.0,13.0,perseWeeWeek_fixed_2019_2026,,,,,,,,,,
2020,7,27,AFP,131.0,0.0,0.0,29.0,106.0,perseWeeWeek_fixed_2019_2026,,,,,,,,,,
2020,7,27,COVID-19,,,,214.0,,perseWeeWeek_fixed_2019_2026,,,,,,,,,,
2020,7,27,CSM,4.0,0.0,0.0,4.0,4.0,perseWeeWeek_fixed_2019_2026,,,,,,,,,,
2020,7,27,Cholera,10.0,0.0,0.0,1.0,1.0,perseWeeWeek_fixed_2019_2026,,,,,,,,,,
2020,7,27,Lassa Fever,52.0,3.0,0.0,2.0,3.0,perseWeeWeek_fixed_2019_2026,,,,,,,,,,
2020,7,27,Measles,92.0,0.0,0.0,13.0,51.0,perseWeeWeek_fixed_2019_2026,2019.0,6.0,48.0,119.0,0.3,2020.0,19778.0,1957.0,111.0,0.6
2020,7,27,Mpox,0.0,0.0,0.0,0.0,0.0,perseWeeWeek_fixed_2019_2026,2019.0,52.0,26.0,1.0,2.0,2020.0,18.0,26.0,0.0,0.0
2020,7,27,Yellow Fever,12.0,0.0,0.0,6.0,9.0,perseWeeWeek_fixed_2019_2026,,,,,,,,,,
2020,7,28,AFP,73.0,0.0,0.0,23.0,66.0,perseWeeWeek_fixed_2019_2026,,,,,,,,,,
2020,7,28,COVID-19,,,,36.0,,perseWeeWeek_fixed_2019_2026,,,,,,,,,,
2020,7,28,CSM,6.0,0.0,0.0,1.0,3.0,perseWeeWeek_fixed_2019_2026,,,,,,,,,,
2020,7,28,Cholera,2.0,0.0,0.0,2.0,2.0,perseWeeWeek_fixed_2019_2026,,,,,,,,,,
2020,7,28,Lassa Fever,33.0,3.0,0.0,1.0,1.0,perseWeeWeek_fixed_2019_2026,,,,,,,,,,
2020,7,28,Measles,77.0,0.0,0.0,18.0,46.0,perseWeeWeek_fixed_2019_2026,2019.0,1.0,1969.0,252.0,0.5,2020.0,20046.0,2063.0,111.0,0.6
2020,7,28,Mpox,3.0,0.0,0.0,1.0,1.0,perseWeeWeek_fixed_2019_2026,2019.0,57.0,31.0,1.0,1.8,2020.0,21.0,3.0,0.0,0.0
2020,7,28,Yellow Fever,13.0,0.0,0.0,4.0,11.0,perseWeeWeek_fixed_2019_2026,,,,,,,,,,
2020,7,29,AFP,106.0,0.0,0.0,29.0,94.0,perseWeeWeek_fixed_2019_2026,,,,,,,,,,
2020,7,29,COVID-19,,,,36.0,,perseWeeWeek_fixed_2019_2026,,,,,,,,,,
2020,7,29,CSM,11.0,0.0,0.0,6.0,6.0,perseWeeWeek_fixed_2019_2026,,,,,,,,,,
2020,7,29,Cholera,22.0,0.0,0.0,2.0,3.0,perseWeeWeek_fixed_2019_2026,,,,,,,,,,
2020,7,29,Lassa Fever,80.0,5.0,1.0,10.0,25.0,perseWeeWeek_fixed_2019_2026,,,,,,,,,,
2020,7,29,Measles,92.0,0.0,0.0,16.0,47.0,perseWeeWeek_fixed_2019_2026,2019.0,4.0,1969.0,252.0,0.5,2020.0,20138.0,2063.0,111.0,0.6
2020,7,29,Mpox,0.0,0.0,0.0,0.0,0.0,perseWeeWeek_fixed_2019_2026,2019.0,57.0,31.0,1.0,1.8,2020.0,21.0,3.0,0.0,0.0
2020,7,29,Yellow Fever,16.0,0.0,0.0,8.0,12.0,perseWeeWeek_fixed_2019_2026,,,,,,,,,,
2020,7,30,AFP,94.0,0.0,0.0,26.0,86.0,perseWeeWeek_fixed_2019_2026,,,,,,,,,,
2020,7,30,COVID-19,,,,36.0,,perseWeeWeek_fixed_2019_2026,,,,,,,,,,
2020,7,30,CSM,2.0,0.0,0.0,2.0,2.0,perseWeeWeek_fixed_2019_2026,,,,,,,,,,
2020,7,30,Cholera,38.0,0.0,0.0,2.0,2.0,perseWeeWeek_fixed_2019_2026,,,,,,,,,,
2020,7,30,Lassa Fever,26.0,0.0,0.0,4.0,13.0,perseWeeWeek_fixed_2019_2026,,,,,,,,,,
2020,7,30,Measles,76.0,0.0,0.0,11.0,39.0,perseWeeWeek_fixed_2019_2026,2019.0,5.0,1969.0,257.0,0.5,2020.0,20214.0,2063.0,111.0,0.6
2020,7,30,Mpox,0.0,0.0,0.0,0.0,0.0,perseWeeWeek_fixed_2019_2026,2019.0,57.0,31.0,1.0,1.8,2020.0,21.0,3.0,0.0,0.0
2020,7,30,Yellow Fever,30.0,0.0,0.0,11.0,18.0,perseWeeWeek_fixed_2019_2026,,,,,,,,,,
2020,8,31,AFP,64.0,0.0,0.0,25.0,58.0,perseWeeWeek_fixed_2019_2026,,,,,,,,,,
2020,8,31,COVID-19,,,,36.0,,perseWeeWeek_fixed_2019_2026,,,,,,,,,,
2020,8,31,CSM,3.0,0.0,0.0,2.0,2.0,perseWeeWeek_fixed_2019_2026,,,,,,,,,,
2020,8,31,Cholera,12.0,0.0,1.0,3.0,3.0,perseWeeWeek_fixed_2019_2026,,,,,,,,,,
2020,8,31,Lassa Fever,46.0,3.0,1.0,1.0,2.0,perseWeeWeek_fixed_2019_2026,,,,,,,,,,
2020,8,31,Measles,82.0,0.0,0.0,13.0,35.0,perseWeeWeek_fixed_2019_2026,2019.0,1.0,1969.0,257.0,0.5,2020.0,20296.0,2063.0,111.0,0.5
2020,8,31,Mpox,0.0,0.0,0.0,0.0,0.0,perseWeeWeek_fixed_2019_2026,2019.0,62.0,35.0,2.0,3.2,2020.0,21.0,3.0,0.0,0.0
2020,8,31,Yellow Fever,22.0,0.0,0.0,11.0,20.0,perseWeeWeek_fixed_2019_2026,,,,,,,,,,
2020,8,32,AFP,99.0,0.0,0.0,28.0,86.0,perseWeeWeek_fixed_2019_2026,,,,,,,,,,
2020,8,32,COVID-19,,,,36.0,,perseWeeWeek_fixed_2019_2026,,,,,,,,,,
2020,8,32,CSM,9.0,0.0,1.0,5.0,6.0,perseWeeWeek_fixed_2019_2026,,,,,,,,,,
2020,8,32,Cholera,21.0,0.0,0.0,2.0,2.0,perseWeeWeek_fixed_2019_2026,,,,,,,,,,
2020,8,32,Lassa Fever,56.0,6.0,0.0,2.0,3.0,perseWeeWeek_fixed_2019_2026,,,,,,,,,,
2020,8,32,Measles,110.0,0.0,0.0,18.0,59.0,perseWeeWeek_fixed_2019_2026,2019.0,6.0,2054.0,257.0,0.5,2020.0,20406.0,2063.0,111.0,0.5
2020,8,32,Mpox,0.0,0.0,0.0,0.0,0.0,perseWeeWeek_fixed_2019_2026,2019.0,62.0,35.0,2.0,3.2,2020.0,21.0,3.0,0.0,0.0
2020,8,32,Yellow Fever,14.0,0.0,0.0,8.0,11.0,perseWeeWeek_fixed_2019_2026,,,,,,,,,,
2020,8,33,AFP,96.0,0.0,0.0,26.0,82.0,perseWeeWeek_fixed_2019_2026,,,,,,,,,,
2020,8,33,COVID-19,,,,36.0,,perseWeeWeek_fixed_2019_2026,,,,,,,,,,
2020,8,33,CSM,6.0,0.0,0.0,3.0,6.0,perseWeeWeek_fixed_2019_2026,,,,,,,,,,
2020,8,33,Cholera,10.0,0.0,0.0,2.0,2.0,perseWeeWeek_fixed_2019_2026,,,,,,,,,,
2020,8,33,Lassa Fever,33.0,1.0,0.0,3.0,17.0,perseWeeWeek_fixed_2019_2026,,,,,,,,,,
2020,8,33,Measles,82.0,0.0,0.0,14.0,51.0,perseWeeWeek_fixed_2019_2026,2019.0,7.0,2089.0,259.0,0.5,2020.0,20488.0,2063.0,111.0,0.5
2020,8,33,Mpox,0.0,0.0,0.0,0.0,0.0,perseWeeWeek_fixed_2019_2026,2019.0,62.0,35.0,2.0,3.2,2020.0,21.0,3.0,0.0,0.0
2020,8,33,Yellow Fever,34.0,0.0,0.0,10.0,25.0,perseWeeWeek_fixed_2019_2026,,,,,,,,,,
2020,8,34,AFP,91.0,0.0,0.0,25.0,78.0,perseWeeWeek_fixed_2019_2026,,,,,,,,,,
2020,8,34,COVID-19,424186.0,55005.0,10057.0,36.0,424.0,perseWeeWeek_fixed_2019_2026,,,,,,,,,,
2020,8,34,CSM,2.0,0.0,0.0,2.0,2.0,perseWeeWeek_fixed_2019_2026,,,,,,,,,,
2020,8,34,Cholera,5.0,0.0,0.0,2.0,2.0,perseWeeWeek_fixed_2019_2026,,,,,,,,,,
2020,8,34,Lassa Fever,47.0,11.0,3.0,10.0,20.0,perseWeeWeek_fixed_2019_2026,,,,,,,,,,
2020,8,34,Measles,78.0,0.0,0.0,18.0,47.0,perseWeeWeek_fixed_2019_2026,2019.0,5.0,2089.0,259.0,0.5,2020.0,20902.0,2142.0,111.0,0.53
2020,8,34,Mpox,0.0,0.0,0.0,0.0,0.0,perseWeeWeek_fixed_2019_2026,2019.0,62.0,35.0,2.0,3.2,2020.0,21.0,3.0,0.0,0.0
2020,8,34,Yellow Fever,29.0,0.0,0.0,9.0,21.0,perseWeeWeek_fixed_2019_2026,,,,,,,,,,
2020,8,35,AFP,103.0,0.0,0.0,27.0,90.0,perseWeeWeek_fixed_2019_2026,,,,,,,,,,
2020,8,35,COVID-19,,,,442.0,,perseWeeWeek_fixed_2019_2026,,,,,,,,,,
2020,8,35,CSM,4.0,0.0,0.0,3.0,4.0,perseWeeWeek_fixed_2019_2026,,,,,,,,,,
2020,8,35,Cholera,9.0,0.0,0.0,2.0,2.0,perseWeeWeek_fixed_2019_2026,,,,,,,,,,
2020,8,35,Lassa Fever,27.0,2.0,0.0,2.0,2.0,perseWeeWeek_fixed_2019_2026,,,,,,,,,,
2020,8,35,Measles,75.0,0.0,0.0,17.0,45.0,perseWeeWeek_fixed_2019_2026,2019.0,8.0,2089.0,274.0,0.5,2020.0,20977.0,2142.0,111.0,0.5
2020,8,35,Mpox,0.0,0.0,0.0,0.0,0.0,perseWeeWeek_fixed_2019_2026,2019.0,64.0,35.0,2.0,3.1,2020.0,21.0,3.0,0.0,0.0
2020,8,35,Yellow Fever,24.0,0.0,0.0,12.0,20.0,perseWeeWeek_fixed_2019_2026,,,,,,,,,,
2020,9,36,AFP,100.0,0.0,0.0,27.0,84.0,perseWeeWeek_fixed_2019_2026,,,,,,,,,,
2020,9,36,COVID-19,480874.0,57242.0,1098.0,36.0,424.0,perseWeeWeek_fixed_2019_2026,,,,,,,,,,
2020,9,36,CSM,4.0,0.0,0.0,4.0,4.0,perseWeeWeek_fixed_2019_2026,,,,,,,,,,
2020,9,36,Cholera,20.0,0.0,2.0,3.0,3.0,perseWeeWeek_fixed_2019_2026,,,,,,,,,,
2020,9,36,Lassa Fever,46.0,4.0,0.0,3.0,3.0,perseWeeWeek_fixed_2019_2026,,,,,,,,,,
2020,9,36,Measles,84.0,0.0,0.0,18.0,58.0,perseWeeWeek_fixed_2019_2026,2019.0,5.0,2089.0,274.0,0.5,2020.0,21061.0,2142.0,111.0,0.5
2020,9,36,Mpox,0.0,0.0,0.0,0.0,0.0,perseWeeWeek_fixed_2019_2026,2019.0,65.0,35.0,2.0,3.1,2020.0,21.0,3.0,0.0,0.0
2020,9,36,Yellow Fever,35.0,0.0,0.0,14.0,29.0,perseWeeWeek_fixed_2019_2026,,,,,,,,,,
2020,9,37,AFP,88.0,0.0,0.0,28.0,79.0,perseWeeWeek_fixed_2019_2026,,,,,,,,,,
2020,9,37,COVID-19,507006.0,58324.0,1108.0,36.0,424.0,perseWeeWeek_fixed_2019_2026,,,,,,,,,,
2020,9,37,CSM,3.0,0.0,1.0,3.0,3.0,perseWeeWeek_fixed_2019_2026,,,,,,,,,,
2020,9,37,Cholera,3.0,0.0,1.0,1.0,1.0,perseWeeWeek_fixed_2019_2026,,,,,,,,,,
2020,9,37,Lassa Fever,47.0,6.0,0.0,7.0,19.0,perseWeeWeek_fixed_2019_2026,,,,,,,,,,
2020,9,37,Measles,68.0,0.0,0.0,14.0,48.0,perseWeeWeek_fixed_2019_2026,2019.0,2.0,2089.0,275.0,0.5,2020.0,21129.0,2142.0,111.0,0.53
2020,9,37,Mpox,0.0,0.0,0.0,0.0,0.0,perseWeeWeek_fixed_2019_2026,2019.0,69.0,35.0,2.0,2.9,2020.0,21.0,3.0,0.0,0.0
2020,9,37,Yellow Fever,26.0,0.0,0.0,13.0,23.0,perseWeeWeek_fixed_2019_2026,,,,,,,,,,
2020,9,38,AFP,107.0,0.0,0.0,28.0,86.0,perseWeeWeek_fixed_2019_2026,,,,,,,,,,
2020,9,38,COVID-19,,,,36.0,,perseWeeWeek_fixed_2019_2026,,,,,,,,,,
2020,9,38,CSM,5.0,0.0,0.0,4.0,5.0,perseWeeWeek_fixed_2019_2026,,,,,,,,,,
2020,9,38,Cholera,21.0,0.0,1.0,1.0,2.0,perseWeeWeek_fixed_2019_2026,,,,,,,,,,
2020,9,38,Lassa Fever,11.0,4.0,1.0,3.0,8.0,perseWeeWeek_fixed_2019_2026,,,,,,,,,,
2020,9,38,Measles,87.0,0.0,0.0,16.0,49.0,perseWeeWeek_fixed_2019_2026,2019.0,6.0,2089.0,275.0,0.5,2020.0,21216.0,2142.0,111.0,0.52
2020,9,38,Mpox,2.0,2.0,0.0,2.0,2.0,perseWeeWeek_fixed_2019_2026,2019.0,75.0,35.0,2.0,2.6,2020.0,28.0,4.0,0.0,0.0
2020,9,38,Yellow Fever,33.0,0.0,0.0,13.0,27.0,perseWeeWeek_fixed_2019_2026,,,,,,,,,,
2020,9,39,AFP,92.0,0.0,0.0,30.0,86.0,perseWeeWeek_fixed_2019_2026,,,,,,,,,,
2020,9,39,COVID-19,,,,36.0,,perseWeeWeek_fixed_2019_2026,,,,,,,,,,
2020,9,39,CSM,2.0,0.0,0.0,2.0,2.0,perseWeeWeek_fixed_2019_2026,,,,,,,,,,
2020,9,39,Cholera,1.0,0.0,0.0,1.0,1.0,perseWeeWeek_fixed_2019_2026,,,,,,,,,,
2020,9,39,Lassa Fever,41.0,7.0,1.0,2.0,3.0,perseWeeWeek_fixed_2019_2026,,,,,,,,,,
2020,9,39,Measles,80.0,0.0,0.0,18.0,47.0,perseWeeWeek_fixed_2019_2026,2019.0,6.0,2150.0,275.0,0.5,2020.0,21936.0,2183.0,116.0,0.5
2020,9,39,Mpox,1.0,1.0,0.0,1.0,1.0,perseWeeWeek_fixed_2019_2026,2019.0,82.0,39.0,2.0,2.4,2020.0,29.0,5.0,0.0,0.0
2020,9,39,Yellow Fever,34.0,0.0,0.0,13.0,27.0,perseWeeWeek_fixed_2019_2026,,,,,,,,,,
2020,10,42,AFP,74.0,0.0,0.0,24.0,63.0,perseWeeWeek_fixed_2019_2026,,,,,,,,,,
2020,10,42,COVID-19,,,,36.0,,perseWeeWeek_fixed_2019_2026,,,,,,,,,,
2020,10,42,CSM,5.0,0.0,0.0,3.0,4.0,perseWeeWeek_fixed_2019_2026,,,,,,,,,,
2020,10,42,Cholera,103.0,0.0,11.0,4.0,7.0,perseWeeWeek_fixed_2019_2026,,,,,,,,,,
2020,10,42,Lassa Fever,94.0,13.0,2.0,3.0,6.0,perseWeeWeek_fixed_2019_2026,,,,,,,,,,
2020,10,42,Measles,119.0,0.0,0.0,17.0,61.0,perseWeeWeek_fixed_2019_2026,2019.0,8.0,2236.0,275.0,0.5,2020.0,22237.0,2183.0,116.0,0.5
2020,10,42,Mpox,0.0,0.0,0.0,0.0,0.0,perseWeeWeek_fixed_2019_2026,2019.0,96.0,43.0,2.0,2.1,2020.0,30.0,6.0,0.0,0.0
2020,10,42,Yellow Fever,28.0,0.0,0.0,11.0,23.0,perseWeeWeek_fixed_2019_2026,,,,,,,,,,
2020,10,43,AFP,63.0,0.0,0.0,23.0,61.0,perseWeeWeek_fixed_2019_2026,,,,,,,,,,
2020,10,43,COVID-19,,,,36.0,,perseWeeWeek_fixed_2019_2026,,,,,,,,,,
2020,10,43,CSM,8.0,0.0,1.0,2.0,3.0,perseWeeWeek_fixed_2019_2026,,,,,,,,,,
2020,10,43,Cholera,48.0,0.0,0.0,5.0,5.0,perseWeeWeek_fixed_2019_2026,,,,,,,,,,
2020,10,43,Lassa Fever,51.0,3.0,2.0,4.0,14.0,perseWeeWeek_fixed_2019_2026,,,,,,,,,,
2020,10,43,Measles,76.0,0.0,0.0,12.0,39.0,perseWeeWeek_fixed_2019_2026,2019.0,1.0,1881.0,275.0,0.5,2020.0,22313.0,2183.0,116.0,0.52
2020,10,43,Mpox,0.0,0.0,0.0,0.0,0.0,perseWeeWeek_fixed_2019_2026,2019.0,102.0,43.0,2.0,2.0,2020.0,30.0,6.0,0.0,0.0
2020,10,43,Yellow Fever,27.0,0.0,0.0,11.0,24.0,perseWeeWeek_fixed_2019_2026,,,,,,,,,,
2020,11,44,AFP,84.0,0.0,0.0,24.0,74.0,perseWeeWeek_fixed_2019_2026,,,,,,,,,,
2020,11,44,COVID-19,,,,715.0,,perseWeeWeek_fixed_2019_2026,,,,,,,,,,
2020,11,44,CSM,11.0,0.0,0.0,4.0,5.0,perseWeeWeek_fixed_2019_2026,,,,,,,,,,
2020,11,44,Cholera,53.0,0.0,0.0,2.0,2.0,perseWeeWeek_fixed_2019_2026,,,,,,,,,,
2020,11,44,Lassa Fever,79.0,11.0,1.0,6.0,28.0,perseWeeWeek_fixed_2019_2026,,,,,,,,,,
2020,11,44,Measles,89.0,0.0,0.0,18.0,55.0,perseWeeWeek_fixed_2019_2026,2019.0,5.0,1881.0,277.0,0.5,2020.0,24597.0,2428.0,131.0,0.53
2020,11,44,Mpox,0.0,0.0,0.0,0.0,0.0,perseWeeWeek_fixed_2019_2026,2019.0,102.0,43.0,2.0,2.0,2020.0,30.0,6.0,0.0,0.0
2020,11,44,Yellow Fever,44.0,8.0,0.0,12.0,28.0,perseWeeWeek_fixed_2019_2026,,,,,,,,,,
2020,11,45,AFP,99.0,0.0,0.0,26.0,87.0,perseWeeWeek_fixed_2019_2026,,,,,,,,,,
2020,11,45,COVID-19,,,,745.0,,perseWeeWeek_fixed_2019_2026,,,,,,,,,,
2020,11,45,CSM,10.0,0.0,0.0,4.0,5.0,perseWeeWeek_fixed_2019_2026,,,,,,,,,,
2020,11,45,Cholera,0.0,0.0,0.0,0.0,0.0,perseWeeWeek_fixed_2019_2026,,,,,,,,,,
2020,11,45,Lassa Fever,98.0,5.0,1.0,2.0,2.0,perseWeeWeek_fixed_2019_2026,,,,,,,,,,
2020,11,45,Measles,139.0,2.0,0.0,14.0,52.0,perseWeeWeek_fixed_2019_2026,2019.0,7.0,12236.0,287.0,21.0,2020.0,24736.0,2428.0,131.0,0.5
2020,11,45,Mpox,0.0,0.0,0.0,0.0,0.0,perseWeeWeek_fixed_2019_2026,2019.0,102.0,43.0,2.0,2.0,2020.0,30.0,6.0,0.0,0.0
2020,11,45,Yellow Fever,48.0,10.0,0.0,11.0,25.0,perseWeeWeek_fixed_2019_2026,,,,,,,,,,
2020,11,46,AFP,99.0,0.0,0.0,27.0,82.0,perseWeeWeek_fixed_2019_2026,,,,,,,,,,
2020,11,46,COVID-19,,,,776.0,,perseWeeWeek_fixed_2019_2026,,,,,,,,,,
2020,11,46,CSM,5.0,0.0,0.0,2.0,4.0,perseWeeWeek_fixed_2019_2026,,,,,,,,,,
2020,11,46,Cholera,14.0,0.0,0.0,2.0,4.0,perseWeeWeek_fixed_2019_2026,,,,,,,,,,
2020,11,46,Lassa Fever,91.0,2.0,1.0,1.0,2.0,perseWeeWeek_fixed_2019_2026,,,,,,,,,,
2020,11,46,Measles,167.0,0.0,1.0,19.0,64.0,perseWeeWeek_fixed_2019_2026,2019.0,4.0,2236.0,287.0,0.5,2020.0,24903.0,2428.0,132.0,0.5
2020,11,46,Mpox,1.0,0.0,0.0,1.0,1.0,perseWeeWeek_fixed_2019_2026,2019.0,102.0,43.0,2.0,2.0,2020.0,31.0,6.0,0.0,0.0
2020,11,46,Yellow Fever,98.0,0.0,1.0,16.0,37.0,perseWeeWeek_fixed_2019_2026,,,,,,,,,,
2020,11,47,AFP,103.0,0.0,0.0,28.0,87.0,perseWeeWeek_fixed_2019_2026,,,,,,,,,,
2020,11,47,COVID-19,,,,812.0,,perseWeeWeek_fixed_2019_2026,,,,,,,,,,
2020,11,47,CSM,12.0,1.0,0.0,5.0,6.0,perseWeeWeek_fixed_2019_2026,,,,,,,,,,
2020,11,47,Cholera,19.0,0.0,0.0,2.0,3.0,perseWeeWeek_fixed_2019_2026,,,,,,,,,,
2020,11,47,Lassa Fever,81.0,10.0,2.0,5.0,5.0,perseWeeWeek_fixed_2019_2026,,,,,,,,,,
2020,11,47,Measles,122.0,0.0,0.0,20.0,63.0,perseWeeWeek_fixed_2019_2026,2019.0,0.0,1881.0,288.0,0.5,2020.0,25025.0,2428.0,132.0,0.5
2020,11,47,Mpox,0.0,0.0,0.0,0.0,0.0,perseWeeWeek_fixed_2019_2026,2019.0,102.0,43.0,2.0,2.0,2020.0,31.0,6.0,0.0,0.0
2020,11,47,Yellow Fever,129.0,1.0,6.0,21.0,56.0,perseWeeWeek_fixed_2019_2026,,,,,,,,,,
2020,11,48,AFP,104.0,0.0,0.0,24.0,83.0,perseWeeWeek_fixed_2019_2026,,,,,,,,,,
2020,11,48,COVID-19,,,,852.0,,perseWeeWeek_fixed_2019_2026,,,,,,,,,,
2020,11,48,CSM,4.0,0.0,0.0,3.0,3.0,perseWeeWeek_fixed_2019_2026,,,,,,,,,,
2020,11,48,Cholera,0.0,0.0,0.0,0.0,0.0,perseWeeWeek_fixed_2019_2026,,,,,,,,,,
2020,11,48,Lassa Fever,133.0,6.0,2.0,3.0,4.0,perseWeeWeek_fixed_2019_2026,,,,,,,,,,
2020,11,48,Measles,157.0,0.0,2.0,19.0,62.0,perseWeeWeek_fixed_2019_2026,2019.0,1.0,1881.0,289.0,0.5,2020.0,25182.0,2428.0,134.0,0.5
2020,11,48,Mpox,0.0,0.0,0.0,0.0,0.0,perseWeeWeek_fixed_2019_2026,2019.0,106.0,44.0,2.0,1.9,2020.0,31.0,6.0,0.0,0.0
2020,11,48,Yellow Fever,283.0,1.0,8.0,20.0,54.0,perseWeeWeek_fixed_2019_2026,,,,,,,,,,
2020,12,49,AFP,79.0,0.0,0.0,25.0,70.0,perseWeeWeek_fixed_2019_2026,,,,,,,,,,
2020,12,49,COVID-19,,,,898.0,,perseWeeWeek_fixed_2019_2026,,,,,,,,,,
2020,12,49,CSM,2.0,0.0,0.0,1.0,2.0,perseWeeWeek_fixed_2019_2026,,,,,,,,,,
2020,12,49,Cholera,21.0,0.0,0.0,1.0,1.0,perseWeeWeek_fixed_2019_2026,,,,,,,,,,
2020,12,49,Lassa Fever,69.0,4.0,1.0,2.0,4.0,perseWeeWeek_fixed_2019_2026,,,,,,,,,,
2020,12,49,Measles,97.0,1.0,0.0,18.0,58.0,perseWeeWeek_fixed_2019_2026,2019.0,1.0,122361.0,289.0,0.5,2020.0,25275.0,2429.0,134.0,0.5
2020,12,49,Mpox,0.0,0.0,0.0,0.0,0.0,perseWeeWeek_fixed_2019_2026,2019.0,113.0,44.0,2.0,1.9,2020.0,31.0,6.0,0.0,0.0
2020,12,49,Yellow Fever,163.0,2.0,1.0,14.0,30.0,perseWeeWeek_fixed_2019_2026,,,,,,,,,,
2020,12,50,AFP,80.0,0.0,0.0,24.0,68.0,perseWeeWeek_fixed_2019_2026,,,,,,,,,,
2020,12,50,COVID-19,,,,935.0,,perseWeeWeek_fixed_2019_2026,,,,,,,,,,
2020,12,50,CSM,5.0,0.0,0.0,2.0,4.0,perseWeeWeek_fixed_2019_2026,,,,,,,,,,
2020,12,50,Cholera,4.0,0.0,0.0,1.0,1.0,perseWeeWeek_fixed_2019_2026,,,,,,,,,,
2020,12,50,Lassa Fever,59.0,5.0,0.0,10.0,28.0,perseWeeWeek_fixed_2019_2026,,,,,,,,,,
2020,12,50,Measles,95.0,1.0,0.0,18.0,63.0,perseWeeWeek_fixed_2019_2026,2019.0,8.0,22361.0,286.0,0.5,2020.0,25370.0,2430.0,134.0,0.5
2020,12,50,Mpox,0.0,0.0,0.0,0.0,0.0,perseWeeWeek_fixed_2019_2026,2019.0,113.0,44.0,2.0,1.9,2020.0,31.0,6.0,0.0,0.0
2020,12,50,Yellow Fever,55.0,0.0,0.0,18.0,29.0,perseWeeWeek_fixed_2019_2026,,,,,,,,,,
2020,12,51,AFP,76.0,0.0,0.0,23.0,59.0,perseWeeWeek_fixed_2019_2026,,,,,,,,,,
2020,12,51,COVID-19,,,,975.0,,perseWeeWeek_fixed_2019_2026,,,,,,,,,,
2020,12,51,CSM,2.0,0.0,0.0,2.0,2.0,perseWeeWeek_fixed_2019_2026,,,,,,,,,,
2020,12,51,Cholera,2.0,0.0,0.0,1.0,1.0,perseWeeWeek_fixed_2019_2026,,,,,,,,,,
2020,12,51,Lassa Fever,78.0,12.0,1.0,9.0,28.0,perseWeeWeek_fixed_2019_2026,,,,,,,,,,
2020,12,51,Measles,,,,19.0,,perseWeeWeek_fixed_2019_2026,2019.0,0.0,2363.0,288.0,0.5,2020.0,25531.0,2430.0,134.0,0.52
2020,12,51,Mpox,0.0,0.0,0.0,0.0,0.0,perseWeeWeek_fixed_2019_2026,2019.0,116.0,44.0,2.0,1.7,2020.0,31.0,6.0,0.0,0.0
2020,12,51,Yellow Fever,98.0,0.0,0.0,14.0,31.0,perseWeeWeek_fixed_2019_2026,,,,,,,,,,
2020,12,52,AFP,49.0,0.0,0.0,21.0,43.0,perseWeeWeek_fixed_2019_2026,,,,,,,,,,
2020,12,52,COVID-19,,,,1.0,,perseWeeWeek_fixed_2019_2026,,,,,,,,,,
2020,12,52,CSM,1.0,0.0,0.0,1.0,1.0,perseWeeWeek_fixed_2019_2026,,,,,,,,,,
2020,12,52,Cholera,0.0,0.0,0.0,0.0,0.0,perseWeeWeek_fixed_2019_2026,,,,,,,,,,
2020,12,52,Lassa Fever,64.0,6.0,1.0,10.0,27.0,perseWeeWeek_fixed_2019_2026,,,,,,,,,,
2020,12,52,Measles,71.0,0.0,3.0,15.0,31.0,perseWeeWeek_fixed_2019_2026,2019.0,9.0,2363.0,291.0,0.5,2020.0,25602.0,2501.0,137.0,0.5
2020,12,52,Mpox,1.0,0.0,0.0,1.0,1.0,perseWeeWeek_fixed_2019_2026,2019.0,120.0,68.0,5.0,4.2,2020.0,32.0,6.0,0.0,0.0
2020,12,52,Yellow Fever,36.0,0.0,0.0,11.0,18.0,perseWeeWeek_fixed_2019_2026,,,,,,,,,,
2021,1,0,AFP,47.0,0.0,0.0,15.0,32.0,perseWeeWeek_fixed_2019_2026,,,,,,,,,,
2021,1,0,COVID-19,,,,1.0,,perseWeeWeek_fixed_2019_2026,,,,,,,,,,
2021,1,0,CSM,2.0,0.0,0.0,1.0,2.0,perseWeeWeek_fixed_2019_2026,,,,,,,,,,
2021,1,0,Cholera,7.0,0.0,1.0,2.0,2.0,perseWeeWeek_fixed_2019_2026,,,,,,,,,,
2021,1,0,Lassa Fever,59.0,8.0,0.0,7.0,23.0,perseWeeWeek_fixed_2019_2026,,,,,,,,,,
2021,1,0,Measles,44.0,0.0,1.0,6.0,14.0,perseWeeWeek_fixed_2019_2026,2019.0,9.0,2363.0,291.0,0.5,2020.0,25646.0,2501.0,138.0,0.5
2021,1,0,Mpox,0.0,0.0,0.0,0.0,0.0,perseWeeWeek_fixed_2019_2026,2019.0,120.0,68.0,5.0,4.2,2020.0,32.0,6.0,0.0,0.0
2021,1,0,Yellow Fever,13.0,0.0,0.0,3.0,10.0,perseWeeWeek_fixed_2019_2026,,,,,,,,,,
2021,1,1,AFP,46.0,0.0,0.0,21.0,41.0,perseWeeWeek_fixed_2019_2026,2020.0,31.0,0.0,0.0,0.0,2021.0,46.0,0.0,0.0,0.0
2021,1,1,COVID-19,,,,1.0,,perseWeeWeek_fixed_2019_2026,,,,,,,,,,
2021,1,1,CSM,0.0,0.0,0.0,0.0,0.0,perseWeeWeek_fixed_2019_2026,2020.0,10.0,0.0,1.0,10.0,2021.0,0.0,0.0,0.0,0.0
2021,1,1,Cholera,0.0,0.0,0.0,0.0,0.0,perseWeeWeek_fixed_2019_2026,2020.0,33.0,0.0,2.0,6.1,2021.0,0.0,0.0,0.0,0.0
2021,1,1,Lassa Fever,109.0,9.0,2.0,7.0,12.0,perseWeeWeek_fixed_2019_2026,2020.0,98.0,18.0,2.0,11.1,2021.0,109.0,9.0,2.0,22.2
2021,1,1,Measles,131.0,0.0,0.0,13.0,42.0,perseWeeWeek_fixed_2019_2026,2020.0,183.0,0.0,0.0,0.0,2021.0,131.0,0.0,0.0,0.0
2021,1,1,Mpox,3.0,1.0,0.0,2.0,2.0,perseWeeWeek_fixed_2019_2026,2020.0,1.0,0.0,0.0,0.0,2021.0,3.0,1.0,0.0,0.0
2021,1,1,Yellow Fever,17.0,0.0,0.0,10.0,14.0,perseWeeWeek_fixed_2019_2026,2020.0,19.0,0.0,0.0,0.0,2021.0,17.0,0.0,0.0,0.0
2021,1,2,AFP,51.0,0.0,0.0,23.0,51.0,perseWeeWeek_fixed_2019_2026,2020.0,103.0,0.0,0.0,0.0,2021.0,97.0,0.0,0.0,0.0
2021,1,2,COVID-19,,,,1.0,,perseWeeWeek_fixed_2019_2026,,,,,,,,,,
2021,1,2,CSM,2.0,0.0,0.0,1.0,2.0,perseWeeWeek_fixed_2019_2026,2020.0,17.0,0.0,1.0,5.9,2021.0,2.0,0.0,0.0,0.0
2021,1,2,Cholera,0.0,0.0,0.0,0.0,0.0,perseWeeWeek_fixed_2019_2026,2020.0,52.0,0.0,6.0,11.5,2021.0,0.0,0.0,0.0,0.0
2021,1,2,Lassa Fever,117.0,14.0,2.0,3.0,8.0,perseWeeWeek_fixed_2019_2026,2020.0,255.0,82.0,14.0,17.1,2021.0,226.0,23.0,4.0,17.4
2021,1,2,Measles,207.0,3.0,1.0,15.0,57.0,perseWeeWeek_fixed_2019_2026,2020.0,557.0,1.0,0.0,0.0,2021.0,338.0,3.0,1.0,0.3
2021,1,2,Mpox,2.0,1.0,0.0,1.0,1.0,perseWeeWeek_fixed_2019_2026,2020.0,5.0,0.0,0.0,0.0,2021.0,5.0,2.0,0.0,0.0
2021,1,2,Yellow Fever,16.0,0.0,0.0,10.0,12.0,perseWeeWeek_fixed_2019_2026,2020.0,63.0,0.0,0.0,0.0,2021.0,33.0,0.0,0.0,0.0
2021,2,5,AFP,36.0,0.0,0.0,17.0,32.0,perseWeeWeek_fixed_2019_2026,2020.0,388.0,0.0,0.0,0.0,2021.0,240.0,0.0,0.0,0.0
2021,2,5,COVID-19,,,,1.0,,perseWeeWeek_fixed_2019_2026,,,,,,,,,,
2021,2,5,CSM,4.0,0.0,0.0,3.0,3.0,perseWeeWeek_fixed_2019_2026,2020.0,58.0,0.0,1.0,1.7,2021.0,21.0,0.0,0.0,0.0
2021,2,5,Cholera,87.0,1.0,5.0,3.0,3.0,perseWeeWeek_fixed_2019_2026,2020.0,471.0,0.0,27.0,5.7,2021.0,100.0,1.0,5.0,5.0
2021,2,5,Lassa Fever,107.0,12.0,1.0,3.0,5.0,perseWeeWeek_fixed_2019_2026,,,,,,,,,,
2021,2,5,Measles,204.0,5.0,0.0,22.0,71.0,perseWeeWeek_fixed_2019_2026,,,,,,,,,,
2021,2,5,Mpox,5.0,0.0,0.0,2.0,4.0,perseWeeWeek_fixed_2019_2026,2020.0,6.0,0.0,0.0,0.0,2021.0,14.0,2.0,0.0,0.0
2021,2,5,Yellow Fever,27.0,0.0,0.0,9.0,18.0,perseWeeWeek_fixed_2019_2026,2020.0,163.0,0.0,0.0,0.0,2021.0,113.0,0.0,0.0,0.0
2021,2,6,AFP,45.0,0.0,0.0,22.0,39.0,perseWeeWeek_fixed_2019_2026,2020.0,462.0,0.0,0.0,0.0,2021.0,285.0,0.0,0.0,0.0
2021,2,6,COVID-19,,,,1.0,,perseWeeWeek_fixed_2019_2026,,,,,,,,,,
2021,2,6,CSM,8.0,0.0,0.0,3.0,6.0,perseWeeWeek_fixed_2019_2026,2020.0,68.0,0.0,1.0,1.5,2021.0,29.0,0.0,0.0,0.0
2021,2,6,Cholera,12.0,0.0,0.0,3.0,3.0,perseWeeWeek_fixed_2019_2026,2020.0,728.0,0.0,31.0,4.3,2021.0,112.0,0.0,5.0,4.5
2021,2,6,Lassa Fever,91.0,17.0,6.0,3.0,10.0,perseWeeWeek_fixed_2019_2026,,,,,,,,,,
2021,2,6,Measles,289.0,0.0,1.0,20.0,81.0,perseWeeWeek_fixed_2019_2026,,,,,,,,,,
2021,2,6,Mpox,3.0,1.0,0.0,2.0,3.0,perseWeeWeek_fixed_2019_2026,2020.0,7.0,0.0,0.0,0.0,2021.0,17.0,3.0,0.0,0.0
2021,2,6,Yellow Fever,27.0,0.0,0.0,12.0,26.0,perseWeeWeek_fixed_2019_2026,2020.0,200.0,0.0,0.0,0.0,2021.0,140.0,0.0,0.0,0.0
2021,2,7,AFP,43.0,0.0,0.0,18.0,41.0,perseWeeWeek_fixed_2019_2026,2020.0,566.0,0.0,0.0,0.0,2021.0,328.0,0.0,0.0,0.0
2021,2,7,COVID-19,,,,1.0,,perseWeeWeek_fixed_2019_2026,,,,,,,,,,
2021,2,7,CSM,4.0,0.0,0.0,2.0,3.0,perseWeeWeek_fixed_2019_2026,2020.0,83.0,0.0,1.0,1.2,2021.0,33.0,0.0,0.0,0.0
2021,2,7,Cholera,38.0,0.0,0.0,2.0,3.0,perseWeeWeek_fixed_2019_2026,2020.0,728.0,0.0,31.0,4.3,2021.0,150.0,0.0,5.0,3.7
2021,2,7,Lassa Fever,113.0,19.0,3.0,6.0,15.0,perseWeeWeek_fixed_2019_2026,,,,,,,,,,
2021,2,7,Measles,184.0,0.0,0.0,23.0,72.0,perseWeeWeek_fixed_2019_2026,,,,,,,,,,
2021,2,7,Mpox,2.0,0.0,0.0,1.0,1.0,perseWeeWeek_fixed_2019_2026,2020.0,10.0,1.0,0.0,0.0,2021.0,19.0,3.0,0.0,0.0
2021,2,7,Yellow Fever,16.0,0.0,0.0,11.0,15.0,perseWeeWeek_fixed_2019_2026,2020.0,369.0,6.0,0.0,0.0,2021.0,156.0,0.0,0.0,0.0
2021,2,8,AFP,50.0,0.0,0.0,20.0,45.0,perseWeeWeek_fixed_2019_2026,2020.0,671.0,0.0,0.0,0.0,2021.0,378.0,0.0,0.0,0.0
2021,2,8,COVID-19,,,,1.0,,perseWeeWeek_fixed_2019_2026,,,,,,,,,,
2021,2,8,CSM,10.0,2.0,0.0,5.0,8.0,perseWeeWeek_fixed_2019_2026,2020.0,98.0,0.0,1.0,1.0,2021.0,43.0,2.0,0.0,0.0
2021,2,8,Cholera,4.0,0.0,0.0,2.0,2.0,perseWeeWeek_fixed_2019_2026,2020.0,729.0,0.0,31.0,4.3,2021.0,154.0,0.0,5.0,3.2
2021,2,8,Lassa Fever,140.0,34.0,6.0,10.0,23.0,perseWeeWeek_fixed_2019_2026,,,,,,,,,,
2021,2,8,Measles,272.0,0.0,1.0,24.0,100.0,perseWeeWeek_fixed_2019_2026,,,,,,,,,,
2021,2,8,Mpox,2.0,0.0,0.0,1.0,1.0,perseWeeWeek_fixed_2019_2026,2020.0,10.0,1.0,0.0,0.0,2021.0,21.0,3.0,0.0,0.0
2021,2,8,Yellow Fever,28.0,0.0,0.0,15.0,22.0,perseWeeWeek_fixed_2019_2026,2020.0,482.0,6.0,0.0,0.0,2021.0,184.0,0.0,0.0,0.0
2021,3,9,AFP,46.0,0.0,0.0,20.0,45.0,perseWeeWeek_fixed_2019_2026,2020.0,752.0,0.0,0.0,0.0,2021.0,429.0,0.0,0.0,0.0
2021,3,9,COVID-19,,,,1.0,,perseWeeWeek_fixed_2019_2026,,,,,,,,,,
2021,3,9,CSM,3.0,1.0,0.0,2.0,3.0,perseWeeWeek_fixed_2019_2026,2020.0,100.0,0.0,1.0,0.9,2021.0,46.0,3.0,0.0,0.0
2021,3,9,Cholera,29.0,0.0,0.0,1.0,3.0,perseWeeWeek_fixed_2019_2026,2020.0,729.0,0.0,31.0,4.3,2021.0,183.0,0.0,5.0,2.7
2021,3,9,Lassa Fever,107.0,25.0,1.0,6.0,12.0,perseWeeWeek_fixed_2019_2026,,,,,,,,,,
2021,3,9,Measles,434.0,0.0,2.0,20.0,73.0,perseWeeWeek_fixed_2019_2026,,,,,,,,,,
2021,3,9,Mpox,3.0,0.0,0.0,2.0,3.0,perseWeeWeek_fixed_2019_2026,2020.0,9.0,0.0,0.0,0.0,2021.0,24.0,3.0,0.0,0.0
2021,3,9,Yellow Fever,24.0,0.0,0.0,10.0,18.0,perseWeeWeek_fixed_2019_2026,2020.0,530.0,6.0,0.0,0.0,2021.0,208.0,0.0,0.0,0.0
2021,3,10,AFP,48.0,0.0,0.0,19.0,44.0,perseWeeWeek_fixed_2019_2026,2020.0,837.0,0.0,0.0,0.0,2021.0,477.0,0.0,0.0,0.0
2021,3,10,COVID-19,,,,1.0,,perseWeeWeek_fixed_2019_2026,,,,,,,,,,
2021,3,10,CSM,7.0,0.0,0.0,2.0,5.0,perseWeeWeek_fixed_2019_2026,2020.0,119.0,0.0,1.0,0.8,2021.0,53.0,3.0,0.0,0.0
2021,3,10,Cholera,11.0,0.0,0.0,1.0,1.0,perseWeeWeek_fixed_2019_2026,2020.0,729.0,0.0,31.0,4.2,2021.0,184.0,0.0,5.0,1.3
2021,3,10,Lassa Fever,145.0,30.0,6.0,7.0,15.0,perseWeeWeek_fixed_2019_2026,,,,,,,,,,
2021,3,10,Measles,540.0,4.0,2.0,17.0,74.0,perseWeeWeek_fixed_2019_2026,,,,,,,,,,
2021,3,10,Mpox,1.0,1.0,0.0,1.0,1.0,perseWeeWeek_fixed_2019_2026,2020.0,10.0,1.0,0.0,0.0,2021.0,25.0,4.0,0.0,0.0
2021,3,10,Yellow Fever,55.0,0.0,0.0,11.0,22.0,perseWeeWeek_fixed_2019_2026,2020.0,557.0,6.0,0.0,0.0,2021.0,263.0,0.0,0.0,0.0
2021,3,11,AFP,52.0,0.0,0.0,18.0,46.0,perseWeeWeek_fixed_2019_2026,2020.0,929.0,0.0,0.0,0.0,2021.0,529.0,0.0,0.0,0.0
2021,3,11,COVID-19,,,,1.0,,perseWeeWeek_fixed_2019_2026,,,,,,,,,,
2021,3,11,CSM,10.0,0.0,0.0,5.0,8.0,perseWeeWeek_fixed_2019_2026,2020.0,130.0,0.0,1.0,0.8,2021.0,63.0,3.0,0.0,0.0
2021,3,11,Cholera,71.0,0.0,7.0,2.0,3.0,perseWeeWeek_fixed_2019_2026,,,,,,,,,,
2021,3,11,Lassa Fever,136.0,32.0,4.0,8.0,16.0,perseWeeWeek_fixed_2019_2026,,,,,,,,,,
2021,3,11,Measles,192.0,0.0,0.0,18.0,74.0,perseWeeWeek_fixed_2019_2026,,,,,,,,,,
2021,3,11,Mpox,0.0,0.0,0.0,0.0,0.0,perseWeeWeek_fixed_2019_2026,2020.0,11.0,1.0,0.0,0.0,2021.0,25.0,4.0,0.0,0.0
2021,3,11,Yellow Fever,42.0,0.0,0.0,10.0,21.0,perseWeeWeek_fixed_2019_2026,2020.0,377.0,0.0,0.0,0.0,2021.0,305.0,0.0,0.0,0.0
2021,3,12,AFP,51.0,0.0,0.0,24.0,47.0,perseWeeWeek_fixed_2019_2026,,,,,,,,,,
2021,3,12,COVID-19,,,,1.0,,perseWeeWeek_fixed_2019_2026,,,,,,,,,,
2021,3,12,CSM,10.0,0.0,0.0,5.0,6.0,perseWeeWeek_fixed_2019_2026,2020.0,176.0,0.0,3.0,1.7,2021.0,73.0,3.0,0.0,0.0
2021,3,12,Cholera,19.0,1.0,0.0,2.0,3.0,perseWeeWeek_fixed_2019_2026,2020.0,736.0,0.0,31.0,4.2,2021.0,483.0,1.0,12.0,2.5
2021,3,12,Lassa Fever,84.0,7.0,3.0,2.0,5.0,perseWeeWeek_fixed_2019_2026,,,,,,,,,,
2021,3,12,Measles,271.0,0.0,0.0,20.0,73.0,perseWeeWeek_fixed_2019_2026,,,,,,,,,,
2021,3,12,Mpox,0.0,0.0,0.0,0.0,0.0,perseWeeWeek_fixed_2019_2026,2020.0,11.0,1.0,0.0,0.0,2021.0,25.0,4.0,0.0,0.0
2021,3,12,Yellow Fever,16.0,0.0,0.0,9.0,13.0,perseWeeWeek_fixed_2019_2026,2020.0,410.0,0.0,0.0,0.0,2021.0,321.0,0.0,0.0,0.0
2021,4,13,AFP,41.0,0.0,0.0,18.0,41.0,perseWeeWeek_fixed_2019_2026,,,,,,,,,,
2021,4,13,COVID-19,,,,1.0,,perseWeeWeek_fixed_2019_2026,,,,,,,,,,
2021,4,13,CSM,3.0,2.0,0.0,2.0,3.0,perseWeeWeek_fixed_2019_2026,2020.0,194.0,0.0,3.0,1.6,2021.0,76.0,5.0,0.0,0.0
2021,4,13,Cholera,151.0,0.0,9.0,1.0,5.0,perseWeeWeek_fixed_2019_2026,2020.0,742.0,0.0,31.0,4.8,2021.0,634.0,1.0,21.0,3.3
2021,4,13,Lassa Fever,78.0,3.0,0.0,1.0,2.0,perseWeeWeek_fixed_2019_2026,,,,,,,,,,
2021,4,13,Measles,163.0,5.0,0.0,21.0,69.0,perseWeeWeek_fixed_2019_2026,2020.0,5.0,636.0,29.0,0.3,2021.0,3683.0,62.0,8.0,0.2
2021,4,13,Mpox,0.0,0.0,0.0,0.0,0.0,perseWeeWeek_fixed_2019_2026,2020.0,13.0,2.0,0.0,0.0,2021.0,25.0,4.0,0.0,0.0
2021,4,13,Yellow Fever,19.0,0.0,0.0,11.0,17.0,perseWeeWeek_fixed_2019_2026,2020.0,654.0,6.0,0.0,0.0,2021.0,340.0,0.0,0.0,0.0
2021,4,14,AFP,37.0,0.0,0.0,16.0,32.0,perseWeeWeek_fixed_2019_2026,,,,,,,,,,
2021,4,14,CSM,11.0,0.0,0.0,3.0,4.0,perseWeeWeek_fixed_2019_2026,2020.0,211.0,0.0,3.0,1.4,2021.0,87.0,5.0,0.0,0.0
2021,4,14,Cholera,431.0,4.0,13.0,4.0,11.0,perseWeeWeek_fixed_2019_2026,2020.0,749.0,0.0,31.0,4.7,2021.0,1065.0,5.0,34.0,3.2
2021,4,14,Lassa Fever,43.0,8.0,1.0,4.0,5.0,perseWeeWeek_fixed_2019_2026,,,,,,,,,,
2021,4,14,Measles,367.0,0.0,1.0,18.0,68.0,perseWeeWeek_fixed_2019_2026,2020.0,2.0,636.0,44.0,0.4,2021.0,4050.0,62.0,9.0,0.2
2021,4,14,Mpox,0.0,0.0,0.0,0.0,0.0,perseWeeWeek_fixed_2019_2026,2020.0,14.0,2.0,0.0,0.0,2021.0,25.0,4.0,0.0,0.0
2021,4,14,Yellow Fever,19.0,0.0,0.0,7.0,15.0,perseWeeWeek_fixed_2019_2026,2020.0,671.0,6.0,0.0,0.0,2021.0,359.0,0.0,0.0,0.0
2021,4,15,AFP,56.0,0.0,0.0,20.0,47.0,perseWeeWeek_fixed_2019_2026,,,,,,,,,,
2021,4,15,COVID-19,,,,1.0,,perseWeeWeek_fixed_2019_2026,,,,,,,,,,
2021,4,15,CSM,6.0,1.0,0.0,2.0,3.0,perseWeeWeek_fixed_2019_2026,2020.0,222.0,0.0,3.0,1.4,2021.0,93.0,6.0,0.0,0.0
2021,4,15,Cholera,166.0,0.0,11.0,2.0,10.0,perseWeeWeek_fixed_2019_2026,,,,,,,,,,
2021,4,15,Lassa Fever,43.0,6.0,0.0,2.0,3.0,perseWeeWeek_fixed_2019_2026,,,,,,,,,,
2021,4,15,Measles,629.0,2.0,8.0,21.0,92.0,perseWeeWeek_fixed_2019_2026,2020.0,4.0,636.0,45.0,0.4,2021.0,4679.0,64.0,17.0,0.4
2021,4,15,Mpox,1.0,1.0,0.0,1.0,1.0,perseWeeWeek_fixed_2019_2026,2020.0,14.0,3.0,0.0,0.0,2021.0,26.0,5.0,0.0,0.0
2021,4,15,Yellow Fever,34.0,0.0,0.0,13.0,25.0,perseWeeWeek_fixed_2019_2026,2020.0,695.0,6.0,0.0,0.0,2021.0,393.0,0.0,0.0,0.0
2021,4,16,AFP,56.0,0.0,0.0,18.0,49.0,perseWeeWeek_fixed_2019_2026,,,,,,,,,,
2021,4,16,COVID-19,,,,1.0,,perseWeeWeek_fixed_2019_2026,,,,,,,,,,
2021,4,16,CSM,14.0,0.0,1.0,4.0,12.0,perseWeeWeek_fixed_2019_2026,2020.0,227.0,0.0,3.0,1.3,2021.0,107.0,6.0,1.0,0.93
2021,4,16,Cholera,235.0,0.0,13.0,5.0,11.0,perseWeeWeek_fixed_2019_2026,,,,,,,,,,
2021,4,16,Lassa Fever,63.0,7.0,0.0,11.0,24.0,perseWeeWeek_fixed_2019_2026,,,,,,,,,,
2021,4,16,Measles,748.0,0.0,5.0,22.0,109.0,perseWeeWeek_fixed_2019_2026,2020.0,0.0,636.0,52.0,0.4,2021.0,7578.0,64.0,23.0,0.4
2021,4,16,Mpox,0.0,0.0,0.0,0.0,0.0,perseWeeWeek_fixed_2019_2026,2020.0,14.0,3.0,0.0,0.0,2021.0,26.0,5.0,0.0,0.0
2021,4,16,Yellow Fever,40.0,0.0,0.0,10.0,34.0,perseWeeWeek_fixed_2019_2026,2020.0,719.0,6.0,0.0,0.0,2021.0,433.0,0.0,1.0,0.0
2021,4,17,AFP,57.0,0.0,0.0,21.0,52.0,perseWeeWeek_fixed_2019_2026,,,,,,,,,,
2021,4,17,COVID-19,,,,2.0,,perseWeeWeek_fixed_2019_2026,,,,,,,,,,
2021,4,17,CSM,5.0,0.0,0.0,3.0,4.0,perseWeeWeek_fixed_2019_2026,2020.0,233.0,0.0,3.0,1.3,2021.0,112.0,6.0,1.0,0.9
2021,4,17,Cholera,166.0,1.0,13.0,5.0,13.0,perseWeeWeek_fixed_2019_2026,,,,,,,,,,
2021,4,17,Lassa Fever,77.0,8.0,1.0,10.0,26.0,perseWeeWeek_fixed_2019_2026,,,,,,,,,,
2021,4,17,Measles,217.0,0.0,0.0,20.0,81.0,perseWeeWeek_fixed_2019_2026,,,,,,,,,,
2021,4,17,Mpox,0.0,0.0,0.0,0.0,0.0,perseWeeWeek_fixed_2019_2026,2020.0,14.0,3.0,0.0,0.0,2021.0,26.0,5.0,0.0,0.0
2021,4,17,Yellow Fever,19.0,0.0,0.0,8.0,17.0,perseWeeWeek_fixed_2019_2026,,,,,,,,,,
2021,5,18,AFP,52.0,0.0,0.0,17.0,44.0,perseWeeWeek_fixed_2019_2026,,,,,,,,,,
2021,5,18,COVID-19,,,,2.0,,perseWeeWeek_fixed_2019_2026,,,,,,,,,,
2021,5,18,CSM,5.0,0.0,0.0,1.0,3.0,perseWeeWeek_fixed_2019_2026,2020.0,245.0,0.0,3.0,1.2,2021.0,117.0,0.0,1.0,0.8
2021,5,18,Cholera,34.0,0.0,6.0,2.0,6.0,perseWeeWeek_fixed_2019_2026,,,,,,,,,,
2021,5,18,Lassa Fever,61.0,10.0,0.0,4.0,6.0,perseWeeWeek_fixed_2019_2026,,,,,,,,,,
2021,5,18,Measles,691.0,1.0,3.0,13.0,79.0,perseWeeWeek_fixed_2019_2026,2020.0,1.0,636.0,52.0,0.4,2021.0,8486.0,234.0,133.0,1.6
2021,5,18,Mpox,0.0,0.0,0.0,0.0,0.0,perseWeeWeek_fixed_2019_2026,2020.0,14.0,3.0,0.0,0.0,2021.0,26.0,5.0,0.0,0.0
2021,5,18,Yellow Fever,15.0,0.0,0.0,7.0,14.0,perseWeeWeek_fixed_2019_2026,2020.0,747.0,6.0,0.0,0.0,2021.0,767.0,13.0,1.0,0.13
2021,5,19,AFP,38.0,0.0,0.0,16.0,35.0,perseWeeWeek_fixed_2019_2026,,,,,,,,,,
2021,5,19,COVID-19,,,,2.0,,perseWeeWeek_fixed_2019_2026,,,,,,,,,,
2021,5,19,CSM,5.0,1.0,0.0,3.0,4.0,perseWeeWeek_fixed_2019_2026,2020.0,247.0,0.0,3.0,1.2,2021.0,122.0,1.0,1.0,0.8
2021,5,19,Cholera,86.0,5.0,6.0,3.0,9.0,perseWeeWeek_fixed_2019_2026,,,,,,,,,,
2021,5,19,Lassa Fever,61.0,1.0,1.0,1.0,1.0,perseWeeWeek_fixed_2019_2026,,,,,,,,,,
2021,5,19,Measles,518.0,0.0,6.0,16.0,65.0,perseWeeWeek_fixed_2019_2026,,,,,,,,,,
2021,5,19,Mpox,3.0,1.0,0.0,2.0,2.0,perseWeeWeek_fixed_2019_2026,2020.0,14.0,3.0,0.0,0.0,2021.0,29.0,6.0,0.0,0.0
2021,5,19,Yellow Fever,19.0,0.0,0.0,8.0,14.0,perseWeeWeek_fixed_2019_2026,2020.0,761.0,6.0,0.0,0.0,2021.0,786.0,13.0,1.0,0.1
2021,5,21,AFP,75.0,0.0,0.0,22.0,70.0,perseWeeWeek_fixed_2019_2026,,,,,,,,,,
2021,5,21,COVID-19,,,,2.0,,perseWeeWeek_fixed_2019_2026,,,,,,,,,,
2021,5,21,CSM,9.0,0.0,1.0,4.0,6.0,perseWeeWeek_fixed_2019_2026,2020.0,450.0,11.0,8.0,1.8,2021.0,135.0,2.0,3.0,2.2
2021,5,21,Cholera,616.0,30.0,18.0,4.0,29.0,perseWeeWeek_fixed_2019_2026,2020.0,956.0,46.0,55.0,5.8,2021.0,5475.0,93.0,179.0,3.3
2021,5,21,Lassa Fever,56.0,5.0,0.0,1.0,3.0,perseWeeWeek_fixed_2019_2026,,,,,,,,,,
2021,5,21,Measles,593.0,1.0,5.0,19.0,84.0,perseWeeWeek_fixed_2019_2026,2020.0,7.0,1629.0,71.0,0.6,2021.0,10928.0,281.0,158.0,1.4
2021,5,21,Mpox,3.0,1.0,0.0,3.0,3.0,perseWeeWeek_fixed_2019_2026,2020.0,14.0,3.0,0.0,0.0,2021.0,32.0,7.0,0.0,0.0
2021,5,21,Yellow Fever,31.0,0.0,0.0,11.0,27.0,perseWeeWeek_fixed_2019_2026,2020.0,990.0,12.0,0.0,0.0,2021.0,836.0,13.0,1.0,0.1
2021,6,22,AFP,74.0,0.0,0.0,21.0,67.0,perseWeeWeek_fixed_2019_2026,,,,,,,,,,
2021,6,22,COVID-19,,,,2.0,,perseWeeWeek_fixed_2019_2026,,,,,,,,,,
2021,6,22,CSM,6.0,3.0,0.0,5.0,6.0,perseWeeWeek_fixed_2019_2026,2020.0,453.0,11.0,8.0,1.8,2021.0,141.0,5.0,3.0,2.1
2021,6,22,Cholera,204.0,0.0,2.0,3.0,27.0,perseWeeWeek_fixed_2019_2026,2020.0,956.0,40.0,55.0,5.8,2021.0,5679.0,93.0,181.0,3.1
2021,6,22,Lassa Fever,52.0,6.0,1.0,2.0,5.0,perseWeeWeek_fixed_2019_2026,,,,,,,,,,
2021,6,22,Measles,614.0,1.0,5.0,20.0,93.0,perseWeeWeek_fixed_2019_2026,2020.0,5.0,1629.0,71.0,0.4,2021.0,11542.0,282.0,163.0,1.4
2021,6,22,Mpox,6.0,2.0,0.0,3.0,5.0,perseWeeWeek_fixed_2019_2026,2020.0,14.0,3.0,0.0,0.0,2021.0,38.0,9.0,0.0,0.0
2021,6,22,Yellow Fever,15.0,0.0,0.0,7.0,14.0,perseWeeWeek_fixed_2019_2026,,,,,,,,,,
2021,7,27,AFP,106.0,0.0,0.0,23.0,91.0,perseWeeWeek_fixed_2019_2026,,,,,,,,,,
2021,7,27,COVID-19,,,,2.0,,perseWeeWeek_fixed_2019_2026,,,,,,,,,,
2021,7,27,CSM,5.0,1.0,0.0,3.0,5.0,perseWeeWeek_fixed_2019_2026,2020.0,466.0,11.0,9.0,1.9,2021.0,158.0,11.0,3.0,1.9
2021,7,27,Cholera,2559.0,5.0,30.0,9.0,59.0,perseWeeWeek_fixed_2019_2026,2020.0,976.0,40.0,55.0,5.6,2021.0,12095.0,251.0,263.0,2.2
2021,7,27,Lassa Fever,69.0,7.0,4.0,2.0,4.0,perseWeeWeek_fixed_2019_2026,,,,,,,,,,
2021,7,27,Measles,523.0,0.0,5.0,18.0,63.0,perseWeeWeek_fixed_2019_2026,2020.0,8.0,1957.0,111.0,0.6,2021.0,14220.0,283.0,183.0,2.0
2021,7,27,Mpox,3.0,0.0,0.0,2.0,3.0,perseWeeWeek_fixed_2019_2026,2020.0,18.0,3.0,0.0,0.0,2021.0,58.0,14.0,0.0,0.0
2021,7,27,Yellow Fever,22.0,0.0,0.0,11.0,16.0,perseWeeWeek_fixed_2019_2026,,,,,,,,,,
2021,8,31,AFP,88.0,0.0,0.0,23.0,80.0,perseWeeWeek_fixed_2019_2026,,,,,,,,,,
2021,8,31,COVID-19,,,,2.0,,perseWeeWeek_fixed_2019_2026,,,,,,,,,,
2021,8,31,CSM,1.0,0.0,0.0,1.0,1.0,perseWeeWeek_fixed_2019_2026,2020.0,499.0,11.0,9.0,1.8,2021.0,171.0,11.0,3.0,1.75
2021,8,31,Cholera,2156.0,0.0,101.0,9.0,81.0,perseWeeWeek_fixed_2019_2026,,,,,,,,,,
2021,8,31,Lassa Fever,65.0,4.0,1.0,7.0,15.0,perseWeeWeek_fixed_2019_2026,,,,,,,,,,
2021,8,31,Measles,117.0,0.0,0.0,19.0,58.0,perseWeeWeek_fixed_2019_2026,,,,,,,,,,
2021,8,31,Mpox,1.0,1.0,0.0,1.0,1.0,perseWeeWeek_fixed_2019_2026,2020.0,21.0,3.0,0.0,0.0,2021.0,58.0,19.0,0.0,0.0
2021,8,31,Yellow Fever,24.0,0.0,0.0,9.0,20.0,perseWeeWeek_fixed_2019_2026,,,,,,,,,,
2021,8,32,AFP,121.0,0.0,0.0,26.0,102.0,perseWeeWeek_fixed_2019_2026,,,,,,,,,,
2021,8,32,COVID-19,,,,2.0,,perseWeeWeek_fixed_2019_2026,,,,,,,,,,
2021,8,32,CSM,1.0,0.0,0.0,1.0,1.0,perseWeeWeek_fixed_2019_2026,2020.0,511.0,11.0,9.0,1.8,2021.0,172.0,11.0,3.0,1.7
2021,8,32,Cholera,4545.0,1.0,74.0,12.0,108.0,perseWeeWeek_fixed_2019_2026,,,,,,,,,,
2021,8,32,Lassa Fever,46.0,4.0,2.0,3.0,3.0,perseWeeWeek_fixed_2019_2026,,,,,,,,,,
2021,8,32,Measles,446.0,1.0,1.0,20.0,77.0,perseWeeWeek_fixed_2019_2026,2020.0,6.0,2063.0,111.0,0.5,2021.0,17541.0,876.0,204.0,1.2
2021,8,32,Mpox,1.0,0.0,0.0,1.0,1.0,perseWeeWeek_fixed_2019_2026,,,,,,,,,,
2021,8,32,Yellow Fever,53.0,0.0,0.0,10.0,28.0,perseWeeWeek_fixed_2019_2026,,,,,,,,,,
2021,8,33,AFP,86.0,0.0,0.0,21.0,75.0,perseWeeWeek_fixed_2019_2026,,,,,,,,,,
2021,8,33,COVID-19,,,,2.0,,perseWeeWeek_fixed_2019_2026,,,,,,,,,,
2021,8,33,CSM,2.0,0.0,0.0,1.0,1.0,perseWeeWeek_fixed_2019_2026,2020.0,517.0,11.0,10.0,1.9,2021.0,174.0,11.0,3.0,1.7
2021,8,33,Cholera,2910.0,3.0,94.0,13.0,93.0,perseWeeWeek_fixed_2019_2026,,,,,,,,,,
2021,8,33,Lassa Fever,58.0,2.0,0.0,2.0,2.0,perseWeeWeek_fixed_2019_2026,,,,,,,,,,
2021,8,33,Measles,185.0,0.0,0.0,15.0,60.0,perseWeeWeek_fixed_2019_2026,2020.0,8.0,2063.0,111.0,0.5,2021.0,17726.0,876.0,204.0,1.2
2021,8,33,Mpox,0.0,0.0,0.0,0.0,0.0,perseWeeWeek_fixed_2019_2026,2020.0,21.0,3.0,0.0,0.0,2021.0,79.0,23.0,0.0,0.0
2021,8,33,Yellow Fever,32.0,0.0,0.0,11.0,23.0,perseWeeWeek_fixed_2019_2026,,,,,,,,,,
2021,11,45,AFP,104.0,0.0,0.0,24.0,73.0,perseWeeWeek_fixed_2019_2026,,,,,,,,,,
2021,11,45,COVID-19,,,,3.0,,perseWeeWeek_fixed_2019_2026,,,,,,,,,,
2021,11,45,CSM,2.0,0.0,0.0,1.0,1.0,perseWeeWeek_fixed_2019_2026,2020.0,588.0,14.0,11.0,1.9,2021.0,425.0,17.0,12.0,2.8
2021,11,45,Cholera,477.0,5.0,14.0,9.0,23.0,perseWeeWeek_fixed_2019_2026,,,,,,,,,,
2021,11,45,Lassa Fever,113.0,8.0,0.0,4.0,7.0,perseWeeWeek_fixed_2019_2026,,,,,,,,,,
2021,11,45,Measles,237.0,0.0,0.0,18.0,63.0,perseWeeWeek_fixed_2019_2026,2020.0,6.0,2428.0,131.0,0.5,2021.0,22863.0,1257.0,139.0,0.6
2021,11,45,Mpox,0.0,0.0,0.0,0.0,0.0,perseWeeWeek_fixed_2019_2026,2020.0,30.0,6.0,0.0,0.0,2021.0,89.0,28.0,0.0,0.0
2021,11,45,Yellow Fever,21.0,0.0,0.0,10.0,21.0,perseWeeWeek_fixed_2019_2026,,,,,,,,,,
2021,11,46,AFP,97.0,0.0,0.0,27.0,77.0,perseWeeWeek_fixed_2019_2026,,,,,,,,,,
2021,11,46,COVID-19,,,,3.0,,perseWeeWeek_fixed_2019_2026,,,,,,,,,,
2021,11,46,CSM,2.0,0.0,0.0,2.0,2.0,perseWeeWeek_fixed_2019_2026,2020.0,603.0,14.0,11.0,1.8,2021.0,427.0,17.0,12.0,2.8
2021,11,46,Cholera,352.0,0.0,4.0,8.0,22.0,perseWeeWeek_fixed_2019_2026,,,,,,,,,,
2021,11,46,Lassa Fever,108.0,9.0,1.0,10.0,23.0,perseWeeWeek_fixed_2019_2026,,,,,,,,,,
2021,11,46,Measles,235.0,0.0,0.0,23.0,93.0,perseWeeWeek_fixed_2019_2026,,,,,,,,,,
2021,11,46,Mpox,3.0,3.0,0.0,3.0,3.0,perseWeeWeek_fixed_2019_2026,2020.0,34.0,9.0,0.0,0.0,2021.0,92.0,31.0,0.0,0.0
2021,11,46,Yellow Fever,31.0,0.0,0.0,14.0,24.0,perseWeeWeek_fixed_2019_2026,,,,,,,,,,
2021,12,48,AFP,103.0,0.0,0.0,20.0,88.0,perseWeeWeek_fixed_2019_2026,,,,,,,,,,
2021,12,48,COVID-19,,,,3.0,,perseWeeWeek_fixed_2019_2026,,,,,,,,,,
2021,12,48,CSM,2.0,0.0,0.0,2.0,2.0,perseWeeWeek_fixed_2019_2026,2020.0,619.0,14.0,13.0,2.1,2021.0,436.0,17.0,12.0,2.8
2021,12,48,Cholera,233.0,0.0,3.0,8.0,13.0,perseWeeWeek_fixed_2019_2026,,,,,,,,,,
2021,12,48,Lassa Fever,84.0,4.0,0.0,4.0,4.0,perseWeeWeek_fixed_2019_2026,,,,,,,,,,
2021,12,48,Measles,319.0,5.0,0.0,22.0,91.0,perseWeeWeek_fixed_2019_2026,2020.0,2.0,2474.0,134.0,0.5,2021.0,24766.0,1478.0,148.0,0.6
2021,12,48,Mpox,2.0,1.0,0.0,2.0,2.0,perseWeeWeek_fixed_2019_2026,2020.0,31.0,6.0,0.0,0.0,2021.0,95.0,32.0,0.0,0.0
2021,12,48,Yellow Fever,31.0,0.0,0.0,12.0,24.0,perseWeeWeek_fixed_2019_2026,,,,,,,,,,
2022,5,18,AFP,79.0,0.0,0.0,21.0,75.0,perseWeeWeek_fixed_2019_2026,2021.0,879.0,0.0,0.0,0.0,2022.0,2515.0,0.0,7.0,0.3
2022,5,18,CSM,5.0,0.0,0.0,1.0,3.0,perseWeeWeek_fixed_2019_2026,2021.0,117.0,6.0,1.0,0.8,2022.0,277.0,0.0,17.0,6.1
2022,5,18,Cholera,38.0,0.0,1.0,5.0,9.0,perseWeeWeek_fixed_2019_2026,,,,,,,,,,
2022,5,18,Lassa Fever,72.0,3.0,2.0,11.0,18.0,perseWeeWeek_fixed_2019_2026,,,,,,,,,,
2022,5,18,Measles,655.0,4.0,6.0,25.0,143.0,perseWeeWeek_fixed_2019_2026,,,,,,,,,,
2022,5,18,Mpox,0.0,0.0,0.0,0.0,0.0,perseWeeWeek_fixed_2019_2026,2021.0,26.0,5.0,0.0,0.0,2022.0,42.0,14.0,0.0,0.0
2022,5,18,Yellow Fever,16.0,0.0,0.0,14.0,16.0,perseWeeWeek_fixed_2019_2026,2021.0,767.0,13.0,1.0,0.13,2022.0,575.0,0.0,0.0,0.0
2022,5,19,AFP,172.0,0.0,0.0,26.0,120.0,perseWeeWeek_fixed_2019_2026,,,,,,,,,,
2022,5,19,CSM,48.0,0.0,0.0,6.0,8.0,perseWeeWeek_fixed_2019_2026,2021.0,122.0,1.0,1.0,0.8,2022.0,614.0,0.0,100.0,0.0
2022,5,19,Cholera,120.0,0.0,0.0,3.0,18.0,perseWeeWeek_fixed_2019_2026,,,,,,,,,,
2022,5,19,Lassa Fever,100.0,8.0,1.0,11.0,19.0,perseWeeWeek_fixed_2019_2026,,,,,,,,,,
2022,5,19,Measles,1451.0,17.0,5.0,31.0,211.0,perseWeeWeek_fixed_2019_2026,,,,,,,,,,
2022,5,19,Mpox,5.0,4.0,0.0,4.0,4.0,perseWeeWeek_fixed_2019_2026,2021.0,29.0,6.0,0.0,0.0,2022.0,47.0,18.0,0.0,0.0
2022,5,19,Yellow Fever,38.0,0.0,0.0,13.0,23.0,perseWeeWeek_fixed_2019_2026,2021.0,786.0,13.0,1.0,0.1,2022.0,678.0,0.0,0.0,0.0
2022,5,20,AFP,230.0,0.0,0.0,27.0,150.0,perseWeeWeek_fixed_2019_2026,2021.0,994.0,0.0,0.0,0.0,2022.0,3175.0,0.0,7.0,0.2
2022,5,20,CSM,12.0,0.0,0.0,5.0,8.0,perseWeeWeek_fixed_2019_2026,2021.0,126.0,2.0,1.0,0.8,2022.0,626.0,0.0,11.0,16.0
2022,5,20,Cholera,93.0,7.0,0.0,7.0,22.0,perseWeeWeek_fixed_2019_2026,,,,,,,,,,
2022,5,20,Lassa Fever,99.0,2.0,1.0,2.0,2.0,perseWeeWeek_fixed_2019_2026,,,,,,,,,,
2022,5,20,Measles,1458.0,4.0,6.0,28.0,175.0,perseWeeWeek_fixed_2019_2026,2021.0,5.0,280.0,153.0,1.5,2022.0,33251.0,2687.0,119.0,0.6
2022,5,20,Mpox,8.0,2.0,0.0,5.0,7.0,perseWeeWeek_fixed_2019_2026,2021.0,30.0,6.0,0.0,0.0,2022.0,55.0,20.0,0.0,0.0
2022,5,20,Yellow Fever,49.0,0.0,0.0,13.0,32.0,perseWeeWeek_fixed_2019_2026,2021.0,805.0,13.0,1.0,0.1,2022.0,727.0,0.0,0.0,0.0
2022,5,21,AFP,171.0,0.0,0.0,28.0,114.0,perseWeeWeek_fixed_2019_2026,,,,,,,,,,
2022,5,21,CSM,9.0,0.0,0.0,5.0,5.0,perseWeeWeek_fixed_2019_2026,2021.0,136.0,2.0,3.0,2.2,2022.0,635.0,11.0,102.0,16.0
2022,5,21,Cholera,55.0,2.0,0.0,8.0,16.0,perseWeeWeek_fixed_2019_2026,,,,,,,,,,
2022,5,21,Lassa Fever,94.0,3.0,2.0,15.0,31.0,perseWeeWeek_fixed_2019_2026,,,,,,,,,,
2022,5,21,Measles,918.0,10.0,3.0,33.0,181.0,perseWeeWeek_fixed_2019_2026,2021.0,10928.0,281.0,158.0,1.4,2022.0,34169.0,2931.0,122.0,0.6
2022,5,21,Mpox,11.0,1.0,1.0,4.0,7.0,perseWeeWeek_fixed_2019_2026,2021.0,32.0,7.0,0.0,0.0,2022.0,66.0,21.0,1.0,1.5
2022,5,21,Yellow Fever,39.0,9.0,0.0,17.0,22.0,perseWeeWeek_fixed_2019_2026,2021.0,836.0,13.0,1.0,0.1,2022.0,766.0,0.0,9.0,1.2
2022,6,22,AFP,151.0,0.0,0.0,27.0,115.0,perseWeeWeek_fixed_2019_2026,,,,,,,,,,
2022,6,22,CSM,23.0,0.0,0.0,6.0,9.0,perseWeeWeek_fixed_2019_2026,2021.0,141.0,5.0,3.0,2.1,2022.0,658.0,11.0,102.0,15.2
2022,6,22,Cholera,60.0,185.0,0.0,6.0,11.0,perseWeeWeek_fixed_2019_2026,,,,,,,,,,
2022,6,22,Lassa Fever,119.0,7.0,0.0,14.0,37.0,perseWeeWeek_fixed_2019_2026,,,,,,,,,,
2022,6,22,Measles,1000.0,0.0,3.0,28.0,151.0,perseWeeWeek_fixed_2019_2026,2021.0,2.0,282.0,163.0,1.4,2022.0,35169.0,2931.0,125.0,0.65
2022,6,22,Yellow Fever,36.0,0.0,0.0,17.0,29.0,perseWeeWeek_fixed_2019_2026,2021.0,851.0,13.0,1.0,0.1,2022.0,802.0,9.0,0.0,0.0
2022,6,23,AFP,114.0,0.0,0.0,27.0,88.0,perseWeeWeek_fixed_2019_2026,,,,,,,,,,
2022,6,23,CSM,13.0,0.0,0.0,6.0,6.0,perseWeeWeek_fixed_2019_2026,2021.0,142.0,5.0,3.0,2.1,2022.0,671.0,11.0,102.0,15.2
2022,6,23,Cholera,76.0,0.0,1.0,5.0,13.0,perseWeeWeek_fixed_2019_2026,,,,,,,,,,
2022,6,23,Lassa Fever,70.0,7.0,0.0,10.0,23.0,perseWeeWeek_fixed_2019_2026,,,,,,,,,,
2022,6,23,Measles,617.0,0.0,0.0,23.0,106.0,perseWeeWeek_fixed_2019_2026,2021.0,4.0,282.0,168.0,1.4,2022.0,35786.0,2931.0,125.0,0.6
2022,6,23,Mpox,31.0,6.0,0.0,14.0,20.0,perseWeeWeek_fixed_2019_2026,2021.0,41.0,11.0,0.0,0.0,2022.0,140.0,37.0,1.0,0.7
2022,6,23,Yellow Fever,32.0,1.0,1.0,13.0,23.0,perseWeeWeek_fixed_2019_2026,2021.0,875.0,13.0,1.0,0.1,2022.0,834.0,10.0,1.0,0.12
2022,6,24,AFP,175.0,0.0,0.0,25.0,101.0,perseWeeWeek_fixed_2019_2026,,,,,,,,,,
2022,6,24,CSM,12.0,0.0,0.0,4.0,6.0,perseWeeWeek_fixed_2019_2026,2021.0,146.0,8.0,3.0,2.1,2022.0,683.0,11.0,102.0,14.6
2022,6,24,Cholera,81.0,0.0,1.0,7.0,15.0,perseWeeWeek_fixed_2019_2026,,,,,,,,,,
2022,6,24,Lassa Fever,88.0,8.0,3.0,8.0,31.0,perseWeeWeek_fixed_2019_2026,,,,,,,,,,
2022,6,24,Measles,849.0,0.0,0.0,27.0,137.0,perseWeeWeek_fixed_2019_2026,2021.0,4.0,283.0,171.0,1.4,2022.0,36635.0,2931.0,125.0,0.6
2022,6,24,Mpox,23.0,5.0,0.0,15.0,18.0,perseWeeWeek_fixed_2019_2026,2021.0,45.0,12.0,0.0,0.0,2022.0,163.0,42.0,1.0,0.6
2022,6,24,Yellow Fever,29.0,0.0,0.0,14.0,23.0,perseWeeWeek_fixed_2019_2026,2021.0,897.0,13.0,1.0,0.1,2022.0,863.0,10.0,1.0,0.12
2022,6,25,AFP,112.0,0.0,0.0,26.0,89.0,perseWeeWeek_fixed_2019_2026,,,,,,,,,,
2022,6,25,CSM,3.0,0.0,0.0,1.0,1.0,perseWeeWeek_fixed_2019_2026,2021.0,146.0,8.0,3.0,2.1,2022.0,686.0,11.0,102.0,14.8
2022,6,25,Cholera,39.0,1.0,0.0,5.0,9.0,perseWeeWeek_fixed_2019_2026,,,,,,,,,,
2022,6,25,Lassa Fever,115.0,10.0,1.0,7.0,16.0,perseWeeWeek_fixed_2019_2026,,,,,,,,,,
2022,6,25,Measles,611.0,0.0,1.0,29.0,127.0,perseWeeWeek_fixed_2019_2026,2021.0,5.0,283.0,175.0,1.3,2022.0,37246.0,3111.0,126.0,0.3
2022,6,25,Mpox,41.0,21.0,0.0,18.0,36.0,perseWeeWeek_fixed_2019_2026,2021.0,49.0,13.0,0.0,0.0,2022.0,204.0,63.0,1.0,0.0
2022,6,25,Yellow Fever,33.0,0.0,0.0,15.0,24.0,perseWeeWeek_fixed_2019_2026,2021.0,946.0,13.0,2.0,0.2,2022.0,896.0,10.0,1.0,0.1
2022,7,26,AFP,97.0,0.0,0.0,23.0,87.0,perseWeeWeek_fixed_2019_2026,,,,,,,,,,
2022,7,26,CSM,3.0,0.0,0.0,3.0,3.0,perseWeeWeek_fixed_2019_2026,2021.0,153.0,10.0,3.0,2.0,2022.0,689.0,0.0,100.0,14.5
2022,7,26,Cholera,54.0,0.0,0.0,5.0,13.0,perseWeeWeek_fixed_2019_2026,,,,,,,,,,
2022,7,26,Lassa Fever,130.0,9.0,1.0,10.0,23.0,perseWeeWeek_fixed_2019_2026,,,,,,,,,,
2022,7,26,Measles,257.0,0.0,0.0,25.0,94.0,perseWeeWeek_fixed_2019_2026,,,,,,,,,,
2022,7,26,Mpox,41.0,21.0,3.0,19.0,23.0,perseWeeWeek_fixed_2019_2026,2021.0,55.0,15.0,0.0,0.0,2022.0,245.0,84.0,3.0,1.2
2022,7,26,Yellow Fever,22.0,0.0,0.0,11.0,18.0,perseWeeWeek_fixed_2019_2026,2021.0,971.0,13.0,2.0,0.2,2022.0,915.0,10.0,1.0,0.1
2022,7,27,AFP,92.0,0.0,0.0,26.0,81.0,perseWeeWeek_fixed_2019_2026,,,,,,,,,,
2022,7,27,CSM,8.0,0.0,0.0,2.0,2.0,perseWeeWeek_fixed_2019_2026,2021.0,158.0,11.0,3.0,1.9,2022.0,697.0,0.0,100.0,14.5
2022,7,27,Cholera,53.0,0.0,1.0,7.0,14.0,perseWeeWeek_fixed_2019_2026,2021.0,5.0,251.0,263.0,2.2,2022.0,2055.0,9.0,17.0,0.8
2022,7,27,Lassa Fever,139.0,13.0,0.0,9.0,17.0,perseWeeWeek_fixed_2019_2026,,,,,,,,,,
2022,7,27,Measles,178.0,0.0,0.0,24.0,90.0,perseWeeWeek_fixed_2019_2026,2021.0,0.0,283.0,183.0,2.0,2022.0,49656.0,3111.0,307.0,0.6
2022,7,27,Mpox,56.0,17.0,0.0,22.0,31.0,perseWeeWeek_fixed_2019_2026,2021.0,55.0,15.0,0.0,3.0,2022.0,301.0,101.0,3.0,1.2
2022,7,27,Yellow Fever,15.0,0.0,0.0,12.0,14.0,perseWeeWeek_fixed_2019_2026,2021.0,993.0,13.0,2.0,0.2,2022.0,947.0,10.0,1.0,0.1
2022,7,28,AFP,71.0,0.0,0.0,21.0,63.0,perseWeeWeek_fixed_2019_2026,,,,,,,,,,
2022,7,28,CSM,6.0,0.0,0.0,5.0,5.0,perseWeeWeek_fixed_2019_2026,2021.0,163.0,11.0,3.0,1.8,2022.0,703.0,0.0,100.0,14.4
2022,7,28,Cholera,201.0,0.0,2.0,8.0,32.0,perseWeeWeek_fixed_2019_2026,2021.0,9.0,266.0,281.0,2.2,2022.0,2256.0,9.0,19.0,0.9
2022,7,28,Lassa Fever,107.0,5.0,2.0,8.0,25.0,perseWeeWeek_fixed_2019_2026,,,,,,,,,,
2022,7,28,Measles,347.0,0.0,0.0,26.0,97.0,perseWeeWeek_fixed_2019_2026,2021.0,8.0,283.0,186.0,1.3,2022.0,50965.0,3486.0,309.0,0.6
2022,7,28,Mpox,37.0,16.0,0.0,21.0,33.0,perseWeeWeek_fixed_2019_2026,2021.0,58.0,15.0,0.0,0.0,2022.0,338.0,117.0,3.0,1.2
2022,7,28,Yellow Fever,19.0,0.0,0.0,12.0,18.0,perseWeeWeek_fixed_2019_2026,,,,,,,,,,
2022,7,29,AFP,75.0,0.0,0.0,26.0,89.0,perseWeeWeek_fixed_2019_2026,,,,,,,,,,
2022,7,29,CSM,5.0,0.0,0.0,5.0,5.0,perseWeeWeek_fixed_2019_2026,2021.0,163.0,11.0,3.0,0.8,2022.0,708.0,0.0,100.0,14.1
2022,7,29,Cholera,1554.0,0.0,20.0,10.0,33.0,perseWeeWeek_fixed_2019_2026,2021.0,3.0,266.0,301.0,2.1,2022.0,3810.0,9.0,39.0,1.02
2022,7,29,Lassa Fever,134.0,10.0,2.0,12.0,39.0,perseWeeWeek_fixed_2019_2026,,,,,,,,,,
2022,7,29,Measles,299.0,0.0,1.0,26.0,122.0,perseWeeWeek_fixed_2019_2026,2021.0,7.0,283.0,186.0,1.2,2022.0,51397.0,3486.0,309.0,0.6
2022,7,29,Mpox,19.0,15.0,0.0,10.0,17.0,perseWeeWeek_fixed_2019_2026,2021.0,53.0,15.0,0.0,0.0,2022.0,357.0,133.0,3.0,0.8
2022,7,29,Yellow Fever,25.0,0.0,0.0,17.0,26.0,perseWeeWeek_fixed_2019_2026,,,,,,,,,,
2022,7,30,AFP,101.0,0.0,0.0,25.0,80.0,perseWeeWeek_fixed_2019_2026,,,,,,,,,,
2022,7,30,CSM,5.0,0.0,0.0,3.0,4.0,perseWeeWeek_fixed_2019_2026,2021.0,171.0,0.0,3.0,1.8,2022.0,717.0,11.0,102.0,14.0
2022,7,30,Cholera,301.0,18.0,6.0,8.0,34.0,perseWeeWeek_fixed_2019_2026,2021.0,36167.0,266.0,1048.0,2.8,2022.0,2827.0,27.0,46.0,1.1
2022,7,30,Lassa Fever,100.0,10.0,0.0,8.0,56.0,perseWeeWeek_fixed_2019_2026,,,,,,,,,,
2022,7,30,Measles,385.0,0.0,0.0,23.0,95.0,perseWeeWeek_fixed_2019_2026,2021.0,16978.0,875.0,203.0,1.2,2022.0,39279.0,3486.0,126.0,0.6
2022,7,30,Mpox,56.0,24.0,0.0,19.0,33.0,perseWeeWeek_fixed_2019_2026,2021.0,57.0,18.0,0.0,0.0,2022.0,413.0,157.0,4.0,1.0
2022,7,30,Yellow Fever,17.0,0.0,9.0,11.0,15.0,perseWeeWeek_fixed_2019_2026,,,,,,,,,,
2022,8,31,AFP,84.0,0.0,0.0,19.0,75.0,perseWeeWeek_fixed_2019_2026,,,,,,,,,,
2022,8,31,CSM,8.0,1.0,0.0,6.0,6.0,perseWeeWeek_fixed_2019_2026,2021.0,171.0,11.0,3.0,1.8,2022.0,725.0,12.0,102.0,13.9
2022,8,31,Cholera,220.0,4.0,7.0,9.0,34.0,perseWeeWeek_fixed_2019_2026,2021.0,3.0,269.0,1149.0,2.9,2022.0,3047.0,31.0,53.0,1.2
2022,8,31,Lassa Fever,136.0,13.0,1.0,14.0,43.0,perseWeeWeek_fixed_2019_2026,,,,,,,,,,
2022,8,31,Measles,288.0,0.0,0.0,21.0,79.0,perseWeeWeek_fixed_2019_2026,2021.0,5.0,875.0,203.0,1.2,2022.0,39567.0,3486.0,126.0,0.6
2022,8,31,Mpox,60.0,15.0,0.0,18.0,31.0,perseWeeWeek_fixed_2019_2026,2021.0,58.0,19.0,0.0,0.0,2022.0,473.0,172.0,4.0,0.8
2022,8,31,Yellow Fever,15.0,0.0,0.0,9.0,14.0,perseWeeWeek_fixed_2019_2026,,,,,,,,,,
2022,8,32,AFP,124.0,0.0,0.0,20.0,111.0,perseWeeWeek_fixed_2019_2026,,,,,,,,,,
2022,8,32,CSM,3.0,0.0,0.0,2.0,2.0,perseWeeWeek_fixed_2019_2026,2021.0,172.0,11.0,3.0,1.7,2022.0,730.0,0.0,101.0,13.8
2022,8,32,Cholera,250.0,7.0,2.0,8.0,23.0,perseWeeWeek_fixed_2019_2026,2021.0,8.0,270.0,1223.0,2.8,2022.0,3314.0,0.0,41.0,1.2
2022,8,32,Lassa Fever,178.0,9.0,3.0,17.0,27.0,perseWeeWeek_fixed_2019_2026,,,,,,,,,,
2022,8,32,Measles,367.0,0.0,0.0,23.0,94.0,perseWeeWeek_fixed_2019_2026,2021.0,1.0,876.0,204.0,1.2,2022.0,52500.0,3486.0,311.0,0.6
2022,8,32,Mpox,57.0,48.0,0.0,17.0,33.0,perseWeeWeek_fixed_2019_2026,2021.0,79.0,23.0,0.0,0.0,2022.0,530.0,220.0,4.0,0.8
2022,8,32,Yellow Fever,29.0,0.0,0.0,14.0,28.0,perseWeeWeek_fixed_2019_2026,,,,,,,,,,
2023,7,27,AFP,86.0,0.0,0.0,20.0,63.0,perseWeeWeek_fixed_2019_2026,,,,,,,,,,
2023,7,27,CSM,7.0,0.0,0.0,2.0,2.0,perseWeeWeek_fixed_2019_2026,2022.0,697.0,0.0,100.0,14.5,2023.0,2714.0,287.0,183.0,6.7
2023,7,27,Cholera,35.0,1.0,1.0,7.0,13.0,perseWeeWeek_fixed_2019_2026,,,,,,,,,,
2023,7,27,Lassa Fever,108.0,6.0,0.0,7.0,25.0,perseWeeWeek_fixed_2019_2026,,,,,,,,,,
2023,7,27,Measles,132.0,25.0,0.0,20.0,81.0,perseWeeWeek_fixed_2019_2026,2022.0,6.0,3111.0,307.0,0.6,2023.0,6501.0,1255.0,10.0,0.2
2023,7,27,Mpox,0.0,0.0,0.0,0.0,0.0,perseWeeWeek_fixed_2019_2026,2022.0,301.0,101.0,3.0,1.2,2023.0,800.0,80.0,2.0,0.25
2023,7,27,Yellow Fever,31.0,0.0,1.0,18.0,26.0,perseWeeWeek_fixed_2019_2026,2022.0,947.0,10.0,1.0,0.1,2023.0,1583.0,24.0,4.0,0.1
2023,7,28,AFP,114.0,0.0,0.0,26.0,94.0,perseWeeWeek_fixed_2019_2026,,,,,,,,,,
2023,7,28,CSM,168.0,12.0,0.0,4.0,11.0,perseWeeWeek_fixed_2019_2026,2022.0,703.0,0.0,100.0,14.4,2023.0,2423.0,288.0,153.0,6.3
2023,7,28,Cholera,38.0,6.0,3.0,7.0,12.0,perseWeeWeek_fixed_2019_2026,,,,,,,,,,
2023,7,28,Lassa Fever,119.0,10.0,1.0,11.0,36.0,perseWeeWeek_fixed_2019_2026,,,,,,,,,,
2023,7,28,Measles,106.0,10.0,0.0,25.0,103.0,perseWeeWeek_fixed_2019_2026,2022.0,5.0,3486.0,309.0,0.6,2023.0,15265.0,1276.0,10.0,0.2
2023,7,28,Mpox,10.0,0.0,0.0,6.0,9.0,perseWeeWeek_fixed_2019_2026,2022.0,338.0,117.0,3.0,1.2,2023.0,828.0,80.0,2.0,0.2
2023,7,28,Yellow Fever,54.0,0.0,0.0,21.0,42.0,perseWeeWeek_fixed_2019_2026,2022.0,971.0,10.0,1.0,0.1,2023.0,1637.0,21.0,4.0,0.02
2023,7,29,AFP,116.0,0.0,0.0,27.0,106.0,perseWeeWeek_fixed_2019_2026,2022.0,2.0,0.0,7.0,0.2,2023.0,2952.0,0.0,0.0,0.0
2023,7,29,CSM,116.0,6.0,2.0,2.0,19.0,perseWeeWeek_fixed_2019_2026,,,,,,,,,,
2023,7,29,Cholera,10.0,1.0,3.0,1.0,1.0,perseWeeWeek_fixed_2019_2026,,,,,,,,,,
2023,7,29,Lassa Fever,114.0,9.0,0.0,13.0,51.0,perseWeeWeek_fixed_2019_2026,,,,,,,,,,
2023,7,29,Measles,69.0,2.0,0.0,17.0,41.0,perseWeeWeek_fixed_2019_2026,2022.0,7.0,3486.0,309.0,0.6,2023.0,15334.0,1278.0,79.0,0.5
2023,7,29,Mpox,17.0,0.0,0.0,6.0,9.0,perseWeeWeek_fixed_2019_2026,2022.0,357.0,133.0,3.0,0.8,2023.0,850.0,80.0,2.0,0.2
2023,7,29,Yellow Fever,5.0,0.0,0.0,3.0,4.0,perseWeeWeek_fixed_2019_2026,,,,,,,,,,
2023,7,30,AFP,88.0,0.0,0.0,21.0,49.0,perseWeeWeek_fixed_2019_2026,,,,,,,,,,
2023,7,30,CSM,150.0,1.0,1.0,3.0,5.0,perseWeeWeek_fixed_2019_2026,2022.0,717.0,11.0,102.0,14.0,2023.0,24789.0,295.0,156.0,0.6
2023,7,30,Cholera,4.0,0.0,0.0,4.0,4.0,perseWeeWeek_fixed_2019_2026,,,,,,,,,,
2023,7,30,Lassa Fever,117.0,12.0,6.0,10.0,28.0,perseWeeWeek_fixed_2019_2026,,,,,,,,,,
2023,7,30,Measles,61.0,1.0,0.0,17.0,31.0,perseWeeWeek_fixed_2019_2026,2022.0,9.0,3486.0,126.0,0.6,2023.0,15395.0,1279.0,79.0,0.5
2023,7,30,Mpox,23.0,0.0,0.0,9.0,13.0,perseWeeWeek_fixed_2019_2026,2022.0,413.0,157.0,4.0,1.0,2023.0,873.0,80.0,2.0,0.2
2023,7,30,Yellow Fever,21.0,0.0,0.0,12.0,17.0,perseWeeWeek_fixed_2019_2026,,,,,,,,,,
2023,7,31,AFP,106.0,0.0,0.0,17.0,81.0,perseWeeWeek_fixed_2019_2026,,,,,,,,,,
2023,7,31,CSM,31.0,2.0,2.0,1.0,10.0,perseWeeWeek_fixed_2019_2026,2022.0,725.0,12.0,102.0,13.9,2023.0,24820.0,297.0,158.0,0.6
2023,7,31,Cholera,11.0,0.0,0.0,3.0,3.0,perseWeeWeek_fixed_2019_2026,,,,,,,,,,
2023,7,31,Lassa Fever,64.0,7.0,0.0,12.0,23.0,perseWeeWeek_fixed_2019_2026,,,,,,,,,,
2023,7,31,Measles,45.0,0.0,0.0,12.0,22.0,perseWeeWeek_fixed_2019_2026,2022.0,7.0,3486.0,126.0,0.6,2023.0,15630.0,1279.0,79.0,0.5
2023,7,31,Mpox,0.0,0.0,0.0,0.0,0.0,perseWeeWeek_fixed_2019_2026,2022.0,473.0,172.0,4.0,0.8,2023.0,873.0,80.0,2.0,0.2
2023,7,31,Yellow Fever,25.0,0.0,0.0,5.0,8.0,perseWeeWeek_fixed_2019_2026,,,,,,,,,,
2023,8,32,AFP,97.0,0.0,0.0,29.0,42.0,perseWeeWeek_fixed_2019_2026,,,,,,,,,,
2023,8,32,CSM,3.0,0.0,0.0,3.0,3.0,perseWeeWeek_fixed_2019_2026,2022.0,730.0,0.0,101.0,13.8,2023.0,24823.0,315.0,158.0,0.6
2023,8,32,Cholera,3.0,0.0,1.0,2.0,2.0,perseWeeWeek_fixed_2019_2026,,,,,,,,,,
2023,8,32,Lassa Fever,94.0,5.0,1.0,9.0,15.0,perseWeeWeek_fixed_2019_2026,,,,,,,,,,
2023,8,32,Measles,92.0,4.0,1.0,18.0,32.0,perseWeeWeek_fixed_2019_2026,2022.0,0.0,3486.0,311.0,0.6,2023.0,15949.0,1364.0,80.0,0.5
2023,8,32,Mpox,14.0,0.0,0.0,5.0,8.0,perseWeeWeek_fixed_2019_2026,2022.0,530.0,220.0,4.0,0.8,2023.0,887.0,80.0,2.0,0.2
2023,8,32,Yellow Fever,48.0,0.0,0.0,16.0,31.0,perseWeeWeek_fixed_2019_2026,,,,,,,,,,
2023,8,33,AFP,65.0,0.0,0.0,24.0,51.0,perseWeeWeek_fixed_2019_2026,,,,,,,,,,
2023,8,33,CSM,1.0,0.0,0.0,1.0,1.0,perseWeeWeek_fixed_2019_2026,2022.0,741.0,12.0,102.0,13.6,2023.0,24824.0,315.0,158.0,0.6
2023,8,33,Cholera,1.0,0.0,0.0,1.0,1.0,perseWeeWeek_fixed_2019_2026,,,,,,,,,,
2023,8,33,Lassa Fever,82.0,9.0,2.0,7.0,11.0,perseWeeWeek_fixed_2019_2026,,,,,,,,,,
2023,8,33,Measles,23.0,2.0,0.0,9.0,13.0,perseWeeWeek_fixed_2019_2026,2022.0,2.0,3487.0,311.0,0.6,2023.0,15972.0,1366.0,80.0,5.8
2023,8,33,Mpox,8.0,0.0,0.0,6.0,7.0,perseWeeWeek_fixed_2019_2026,2022.0,604.0,241.0,6.0,0.9,2023.0,895.0,80.0,2.0,2.2
2023,8,33,Yellow Fever,29.0,0.0,0.0,13.0,26.0,perseWeeWeek_fixed_2019_2026,,,,,,,,,,
2023,8,35,AFP,16.0,0.0,0.0,11.0,13.0,perseWeeWeek_fixed_2019_2026,,,,,,,,,,
2023,8,35,CSM,1.0,0.0,0.0,1.0,1.0,perseWeeWeek_fixed_2019_2026,2022.0,760.0,12.0,102.0,13.4,2023.0,2485.0,315.0,158.0,6.3
2023,8,35,Cholera,76.0,3.0,4.0,5.0,5.0,perseWeeWeek_fixed_2019_2026,,,,,,,,,,
2023,8,35,Lassa Fever,109.0,6.0,0.0,14.0,38.0,perseWeeWeek_fixed_2019_2026,,,,,,,,,,
2023,8,35,Measles,15.0,3.0,0.0,10.0,15.0,perseWeeWeek_fixed_2019_2026,2022.0,9.0,3487.0,311.0,0.7,2023.0,16810.0,1412.0,81.0,5.7
2023,8,35,Mpox,4.0,0.0,0.0,3.0,3.0,perseWeeWeek_fixed_2019_2026,2022.0,815.0,318.0,7.0,0.9,2023.0,914.0,80.0,2.0,0.2
2023,8,35,Yellow Fever,47.0,0.0,1.0,17.0,33.0,perseWeeWeek_fixed_2019_2026,,,,,,,,,,
2023,9,36,AFP,1871.0,0.0,0.0,35.0,121.0,perseWeeWeek_fixed_2019_2026,,,,,,,,,,
2023,9,36,CSM,2.0,0.0,0.0,1.0,1.0,perseWeeWeek_fixed_2019_2026,2022.0,768.0,12.0,102.0,13.9,2023.0,2487.0,315.0,158.0,6.3
2023,9,36,Cholera,71.0,4.0,1.0,3.0,6.0,perseWeeWeek_fixed_2019_2026,,,,,,,,,,
2023,9,36,Lassa Fever,85.0,5.0,0.0,8.0,19.0,perseWeeWeek_fixed_2019_2026,,,,,,,,,,
2023,9,36,Measles,86.0,0.0,0.0,19.0,71.0,perseWeeWeek_fixed_2019_2026,2022.0,7.0,3487.0,311.0,0.5,2023.0,17115.0,1439.0,81.0,0.5
2023,9,36,Mpox,0.0,0.0,0.0,0.0,0.0,perseWeeWeek_fixed_2019_2026,2022.0,880.0,349.0,7.0,0.9,2023.0,914.0,80.0,2.0,0.2
2023,9,36,Yellow Fever,48.0,0.0,0.0,17.0,40.0,perseWeeWeek_fixed_2019_2026,,,,,,,,,,
2023,9,37,AFP,1871.0,0.0,0.0,36.0,118.0,perseWeeWeek_fixed_2019_2026,,,,,,,,,,
2023,9,37,CSM,4.0,0.0,0.0,2.0,3.0,perseWeeWeek_fixed_2019_2026,2022.0,774.0,12.0,102.0,13.2,2023.0,2491.0,315.0,158.0,6.3
2023,9,37,Cholera,43.0,4.0,1.0,6.0,8.0,perseWeeWeek_fixed_2019_2026,,,,,,,,,,
2023,9,37,Lassa Fever,79.0,4.0,0.0,10.0,36.0,perseWeeWeek_fixed_2019_2026,,,,,,,,,,
2023,9,37,Measles,68.0,0.0,0.0,18.0,67.0,perseWeeWeek_fixed_2019_2026,2022.0,9.0,3487.0,311.0,0.7,2023.0,17181.0,1439.0,81.0,0.5
2023,9,37,Mpox,0.0,0.0,0.0,0.0,0.0,perseWeeWeek_fixed_2019_2026,2022.0,969.0,400.0,7.0,0.7,2023.0,914.0,80.0,2.0,0.2
2023,9,37,Yellow Fever,47.0,0.0,1.0,18.0,31.0,perseWeeWeek_fixed_2019_2026,,,,,,,,,,
2023,9,38,AFP,177.0,0.0,0.0,30.0,52.0,perseWeeWeek_fixed_2019_2026,,,,,,,,,,
2023,9,38,CSM,3.0,0.0,0.0,2.0,2.0,perseWeeWeek_fixed_2019_2026,2022.0,780.0,12.0,102.0,13.1,2023.0,2494.0,315.0,158.0,6.3
2023,9,38,Cholera,27.0,0.0,1.0,2.0,2.0,perseWeeWeek_fixed_2019_2026,,,,,,,,,,
2023,9,38,Lassa Fever,107.0,4.0,0.0,14.0,36.0,perseWeeWeek_fixed_2019_2026,,,,,,,,,,
2023,9,38,Measles,26.0,0.0,0.0,8.0,21.0,perseWeeWeek_fixed_2019_2026,2022.0,1.0,3112.0,311.0,0.7,2023.0,17207.0,1439.0,81.0,0.5
2023,9,38,Mpox,0.0,0.0,0.0,0.0,0.0,perseWeeWeek_fixed_2019_2026,,,,,,,,,,
2023,9,38,Yellow Fever,29.0,0.0,0.0,16.0,23.0,perseWeeWeek_fixed_2019_2026,,,,,,,,,,
2023,9,39,AFP,123.0,0.0,0.0,26.0,39.0,perseWeeWeek_fixed_2019_2026,,,,,,,,,,
2023,9,39,CSM,0.0,0.0,0.0,0.0,0.0,perseWeeWeek_fixed_2019_2026,2022.0,784.0,12.0,102.0,13.0,2023.0,2494.0,315.0,158.0,6.8
2023,9,39,Cholera,0.0,0.0,0.0,0.0,0.0,perseWeeWeek_fixed_2019_2026,,,,,,,,,,
2023,9,39,Lassa Fever,96.0,9.0,1.0,7.0,25.0,perseWeeWeek_fixed_2019_2026,,,,,,,,,,
2023,9,39,Measles,12.0,0.0,0.0,8.0,10.0,perseWeeWeek_fixed_2019_2026,2022.0,2.0,3112.0,311.0,1.3,2023.0,17259.0,1444.0,81.0,0.5
2023,9,39,Mpox,0.0,0.0,0.0,0.0,0.0,perseWeeWeek_fixed_2019_2026,,,,,,,,,,
2023,9,39,Yellow Fever,14.0,0.0,0.0,10.0,10.0,perseWeeWeek_fixed_2019_2026,,,,,,,,,,
2023,10,40,AFP,91.0,0.0,0.0,26.0,37.0,perseWeeWeek_fixed_2019_2026,,,,,,,,,,
2023,10,40,CSM,6.0,0.0,0.0,4.0,4.0,perseWeeWeek_fixed_2019_2026,2022.0,795.0,0.0,101.0,12.7,2023.0,2500.0,315.0,158.0,6.3
2023,10,40,Cholera,6.0,0.0,0.0,4.0,6.0,perseWeeWeek_fixed_2019_2026,2022.0,1.0,0.0,357.0,2.7,2023.0,3286.0,233.0,102.0,3.1
2023,10,40,Lassa Fever,67.0,5.0,3.0,12.0,17.0,perseWeeWeek_fixed_2019_2026,,,,,,,,,,
2023,10,40,Measles,30.0,0.0,0.0,8.0,24.0,perseWeeWeek_fixed_2019_2026,2022.0,8.0,3486.0,314.0,0.6,2023.0,17390.0,1452.0,81.0,0.5
2023,10,40,Mpox,0.0,0.0,0.0,0.0,0.0,perseWeeWeek_fixed_2019_2026,,,,,,,,,,
2023,10,40,Yellow Fever,71.0,0.0,0.0,21.0,39.0,perseWeeWeek_fixed_2019_2026,,,,,,,,,,
2023,10,41,AFP,90.0,0.0,0.0,23.0,52.0,perseWeeWeek_fixed_2019_2026,,,,,,,,,,
2023,10,41,CSM,0.0,0.0,0.0,0.0,0.0,perseWeeWeek_fixed_2019_2026,2022.0,795.0,0.0,101.0,12.7,2023.0,2500.0,315.0,158.0,6.3
2023,10,41,Cholera,5.0,0.0,0.0,2.0,3.0,perseWeeWeek_fixed_2019_2026,2022.0,1.0,0.0,347.0,2.7,2023.0,3291.0,233.0,102.0,3.1
2023,10,41,Lassa Fever,103.0,9.0,3.0,11.0,19.0,perseWeeWeek_fixed_2019_2026,,,,,,,,,,
2023,10,41,Measles,13.0,0.0,0.0,8.0,13.0,perseWeeWeek_fixed_2019_2026,2022.0,8.0,3486.0,314.0,0.6,2023.0,17403.0,1452.0,81.0,0.5
2023,10,41,Mpox,5.0,0.0,0.0,4.0,4.0,perseWeeWeek_fixed_2019_2026,,,,,,,,,,
2023,10,41,Yellow Fever,80.0,0.0,0.0,23.0,32.0,perseWeeWeek_fixed_2019_2026,,,,,,,,,,
2023,10,42,AFP,116.0,0.0,0.0,23.0,73.0,perseWeeWeek_fixed_2019_2026,,,,,,,,,,
2023,10,42,CSM,0.0,0.0,0.0,0.0,0.0,perseWeeWeek_fixed_2019_2026,2022.0,796.0,0.0,101.0,12.7,2023.0,2503.0,315.0,158.0,6.3
2023,10,42,Cholera,19.0,0.0,0.0,1.0,2.0,perseWeeWeek_fixed_2019_2026,2022.0,4.0,0.0,347.0,2.6,2023.0,3438.0,232.0,108.0,3.1
2023,10,42,Lassa Fever,118.0,9.0,0.0,17.0,26.0,perseWeeWeek_fixed_2019_2026,,,,,,,,,,
2023,10,42,Measles,65.0,6.0,0.0,7.0,38.0,perseWeeWeek_fixed_2019_2026,2022.0,2.0,3486.0,314.0,0.6,2023.0,17583.0,1472.0,81.0,0.5
2023,10,42,Mpox,21.0,2.0,0.0,8.0,15.0,perseWeeWeek_fixed_2019_2026,,,,,,,,,,
2023,10,42,Yellow Fever,83.0,0.0,0.0,22.0,39.0,perseWeeWeek_fixed_2019_2026,,,,,,,,,,
2023,10,43,AFP,96.0,0.0,0.0,27.0,33.0,perseWeeWeek_fixed_2019_2026,,,,,,,,,,
2023,10,43,CSM,0.0,0.0,0.0,0.0,0.0,perseWeeWeek_fixed_2019_2026,2022.0,799.0,0.0,101.0,12.6,2023.0,2503.0,315.0,158.0,6.3
2023,10,43,Cholera,19.0,1.0,0.0,5.0,7.0,perseWeeWeek_fixed_2019_2026,2022.0,8.0,0.0,398.0,2.7,2023.0,3528.0,235.0,111.0,3.1
2023,10,43,Lassa Fever,124.0,3.0,0.0,16.0,21.0,perseWeeWeek_fixed_2019_2026,,,,,,,,,,
2023,10,43,Measles,13.0,0.0,0.0,5.0,9.0,perseWeeWeek_fixed_2019_2026,2022.0,9.0,3486.0,314.0,0.6,2023.0,17596.0,1472.0,81.0,0.5
2023,10,43,Mpox,17.0,0.0,0.0,10.0,16.0,perseWeeWeek_fixed_2019_2026,,,,,,,,,,
2023,10,43,Yellow Fever,47.0,0.0,1.0,19.0,25.0,perseWeeWeek_fixed_2019_2026,,,,,,,,,,
2023,10,44,AFP,81.0,0.0,0.0,25.0,32.0,perseWeeWeek_fixed_2019_2026,,,,,,,,,,
2023,10,44,CSM,4.0,0.0,0.0,1.0,2.0,perseWeeWeek_fixed_2019_2026,2022.0,801.0,0.0,101.0,12.6,2023.0,2507.0,315.0,158.0,6.3
2023,10,44,Cholera,7.0,1.0,0.0,3.0,4.0,perseWeeWeek_fixed_2019_2026,2022.0,6.0,424.0,398.0,2.6,2023.0,3535.0,237.0,111.0,3.1
2023,10,44,Lassa Fever,117.0,8.0,0.0,12.0,21.0,perseWeeWeek_fixed_2019_2026,,,,,,,,,,
2023,10,44,Measles,175.0,30.0,0.0,15.0,67.0,perseWeeWeek_fixed_2019_2026,2022.0,7.0,3486.0,314.0,0.6,2023.0,18653.0,1699.0,79.0,0.4
2023,10,44,Mpox,22.0,0.0,0.0,8.0,13.0,perseWeeWeek_fixed_2019_2026,,,,,,,,,,
2023,10,44,Yellow Fever,47.0,0.0,0.0,19.0,25.0,perseWeeWeek_fixed_2019_2026,,,,,,,,,,
2023,11,45,AFP,82.0,0.0,0.0,22.0,50.0,perseWeeWeek_fixed_2019_2026,,,,,,,,,,
2023,11,45,CSM,2.0,0.0,0.0,2.0,2.0,perseWeeWeek_fixed_2019_2026,2022.0,812.0,0.0,101.0,12.4,2023.0,2506.0,315.0,158.0,6.3
2023,11,45,Cholera,5.0,1.0,1.0,4.0,4.0,perseWeeWeek_fixed_2019_2026,2022.0,3.0,441.0,408.0,2.6,2023.0,3540.0,237.0,112.0,3.2
2023,11,45,Lassa Fever,95.0,12.0,4.0,12.0,19.0,perseWeeWeek_fixed_2019_2026,,,,,,,,,,
2023,11,45,Measles,149.0,22.0,0.0,16.0,73.0,perseWeeWeek_fixed_2019_2026,2022.0,7.0,3486.0,314.0,0.5,2023.0,18802.0,1721.0,80.0,0.4
2023,11,45,Mpox,30.0,1.0,0.0,9.0,15.0,perseWeeWeek_fixed_2019_2026,,,,,,,,,,
2023,11,45,Yellow Fever,19.0,0.0,0.0,10.0,12.0,perseWeeWeek_fixed_2019_2026,,,,,,,,,,
2023,11,46,AFP,42.0,0.0,0.0,21.0,23.0,perseWeeWeek_fixed_2019_2026,,,,,,,,,,
2023,11,46,CSM,4.0,0.0,0.0,4.0,4.0,perseWeeWeek_fixed_2019_2026,2022.0,818.0,0.0,101.0,12.3,2023.0,2510.0,315.0,158.0,6.3
2023,11,46,Cholera,55.0,0.0,4.0,5.0,6.0,perseWeeWeek_fixed_2019_2026,2022.0,4.0,441.0,408.0,2.6,2023.0,3595.0,237.0,116.0,3.2
2023,11,46,Lassa Fever,125.0,17.0,2.0,16.0,21.0,perseWeeWeek_fixed_2019_2026,,,,,,,,,,
2023,11,46,Measles,104.0,15.0,0.0,19.0,82.0,perseWeeWeek_fixed_2019_2026,2022.0,6.0,3486.0,314.0,0.5,2023.0,18906.0,1736.0,80.0,0.4
2023,11,46,Mpox,17.0,0.0,0.0,9.0,12.0,perseWeeWeek_fixed_2019_2026,,,,,,,,,,
2023,11,46,Yellow Fever,72.0,0.0,0.0,21.0,29.0,perseWeeWeek_fixed_2019_2026,,,,,,,,,,
2023,11,47,AFP,10.0,0.0,0.0,9.0,9.0,perseWeeWeek_fixed_2019_2026,,,,,,,,,,
2023,11,47,CSM,5.0,1.0,1.0,3.0,3.0,perseWeeWeek_fixed_2019_2026,2022.0,837.0,0.0,103.0,12.3,2023.0,2515.0,316.0,159.0,6.3
2023,11,47,Cholera,36.0,1.0,8.0,7.0,7.0,perseWeeWeek_fixed_2019_2026,2022.0,5.0,441.0,451.0,2.7,2023.0,3631.0,238.0,124.0,3.4
2023,11,47,Lassa Fever,122.0,11.0,3.0,11.0,17.0,perseWeeWeek_fixed_2019_2026,,,,,,,,,,
2023,11,47,Measles,141.0,18.0,0.0,18.0,72.0,perseWeeWeek_fixed_2019_2026,2022.0,1.0,3486.0,314.0,0.5,2023.0,19047.0,1754.0,81.0,0.4
2023,11,47,Mpox,26.0,8.0,0.0,9.0,20.0,perseWeeWeek_fixed_2019_2026,,,,,,,,,,
2023,11,47,Yellow Fever,108.0,0.0,0.0,23.0,31.0,perseWeeWeek_fixed_2019_2026,,,,,,,,,,
2023,11,48,AFP,13.0,0.0,0.0,9.0,11.0,perseWeeWeek_fixed_2019_2026,,,,,,,,,,
2023,11,48,CSM,7.0,3.0,1.0,4.0,6.0,perseWeeWeek_fixed_2019_2026,2022.0,859.0,0.0,103.0,12.0,2023.0,2522.0,319.0,160.0,6.3
2023,11,48,Cholera,8.0,0.0,2.0,5.0,5.0,perseWeeWeek_fixed_2019_2026,2022.0,7.0,0.0,451.0,2.6,2023.0,3639.0,238.0,126.0,3.5
2023,11,48,Lassa Fever,119.0,16.0,4.0,17.0,19.0,perseWeeWeek_fixed_2019_2026,,,,,,,,,,
2023,11,48,Measles,91.0,16.0,0.0,15.0,37.0,perseWeeWeek_fixed_2019_2026,2022.0,2.0,3486.0,314.0,0.5,2023.0,19138.0,1770.0,81.0,0.4
2023,11,48,Mpox,20.0,4.0,0.0,7.0,14.0,perseWeeWeek_fixed_2019_2026,,,,,,,,,,
2023,11,48,Yellow Fever,84.0,0.0,0.0,18.0,29.0,perseWeeWeek_fixed_2019_2026,,,,,,,,,,
2023,12,49,AFP,8.0,0.0,0.0,6.0,6.0,perseWeeWeek_fixed_2019_2026,,,,,,,,,,
2023,12,49,CSM,23.0,9.0,0.0,6.0,8.0,perseWeeWeek_fixed_2019_2026,2022.0,859.0,0.0,103.0,12.0,2023.0,2545.0,328.0,160.0,6.3
2023,12,49,Cholera,7.0,0.0,1.0,2.0,2.0,perseWeeWeek_fixed_2019_2026,2022.0,7.0,0.0,451.0,2.7,2023.0,3646.0,233.0,127.0,3.5
2023,12,49,Lassa Fever,165.0,21.0,5.0,16.0,29.0,perseWeeWeek_fixed_2019_2026,,,,,,,,,,
2023,12,49,Measles,29.0,2.0,0.0,8.0,17.0,perseWeeWeek_fixed_2019_2026,2022.0,2.0,3486.0,314.0,0.5,2023.0,19167.0,1772.0,81.0,0.4
2023,12,49,Mpox,23.0,0.0,0.0,8.0,14.0,perseWeeWeek_fixed_2019_2026,,,,,,,,,,
2023,12,49,Yellow Fever,61.0,0.0,0.0,18.0,25.0,perseWeeWeek_fixed_2019_2026,,,,,,,,,,
2024,1,1,AFP,143.0,0.0,0.0,30.0,109.0,perseWeeWeek_fixed_2019_2026,2023.0,182.0,0.0,0.0,0.0,2024.0,143.0,0.0,0.0,0.0
2024,1,1,CSM,59.0,2.0,3.0,10.0,24.0,perseWeeWeek_fixed_2019_2026,2023.0,24.0,4.0,0.0,0.0,2024.0,59.0,2.0,3.0,5.1
2024,1,1,Cholera,91.0,0.0,1.0,7.0,16.0,perseWeeWeek_fixed_2019_2026,2023.0,70.0,1.0,1.0,1.4,2024.0,91.0,0.0,1.0,1.1
2024,1,1,Lassa Fever,190.0,53.0,6.0,13.0,27.0,perseWeeWeek_fixed_2019_2026,2023.0,143.0,29.0,8.0,27.6,2024.0,190.0,53.0,6.0,11.3
2024,1,1,Measles,725.0,60.0,8.0,32.0,127.0,perseWeeWeek_fixed_2019_2026,2023.0,601.0,69.0,0.0,0.0,2024.0,725.0,60.0,8.0,1.1
2024,1,1,Mpox,3.0,0.0,0.0,2.0,2.0,perseWeeWeek_fixed_2019_2026,2023.0,21.0,3.0,0.0,,2024.0,3.0,0.0,0.0,
2024,1,1,Yellow Fever,52.0,0.0,0.0,21.0,44.0,perseWeeWeek_fixed_2019_2026,2023.0,74.0,0.0,0.0,0.0,2024.0,52.0,0.0,0.0,0.0
2024,1,2,AFP,137.0,0.0,0.0,31.0,112.0,perseWeeWeek_fixed_2019_2026,2023.0,343.0,0.0,0.0,0.0,2024.0,280.0,0.0,0.0,0.0
2024,1,2,CSM,76.0,1.0,9.0,9.0,21.0,perseWeeWeek_fixed_2019_2026,2023.0,56.0,2.0,0.0,0.0,2024.0,135.0,3.0,12.0,8.9
2024,1,2,Cholera,86.0,0.0,0.0,8.0,17.0,perseWeeWeek_fixed_2019_2026,2023.0,153.0,3.0,8.0,5.2,2024.0,177.0,0.0,1.0,0.6
2024,1,2,Lassa Fever,296.0,81.0,16.0,15.0,30.0,perseWeeWeek_fixed_2019_2026,2023.0,207.0,88.0,20.0,22.7,2024.0,486.0,134.0,22.0,16.4
2024,1,2,Measles,637.0,86.0,5.0,34.0,140.0,perseWeeWeek_fixed_2019_2026,,,,,,,,,,
2024,1,2,Mpox,6.0,0.0,0.0,6.0,6.0,perseWeeWeek_fixed_2019_2026,2023.0,55.0,13.0,1.0,1.8,2024.0,9.0,0.0,0.0,0.0
2024,1,2,Yellow Fever,71.0,0.0,0.0,24.0,56.0,perseWeeWeek_fixed_2019_2026,2023.0,141.0,0.0,0.0,0.0,2024.0,123.0,0.0,0.0,0.0
2024,1,3,AFP,150.0,0.0,0.0,32.0,125.0,perseWeeWeek_fixed_2019_2026,2023.0,500.0,0.0,0.0,0.0,2024.0,430.0,0.0,0.0,0.0
2024,1,3,CSM,120.0,2.0,10.0,9.0,30.0,perseWeeWeek_fixed_2019_2026,2023.0,96.0,4.0,0.0,0.0,2024.0,314.0,7.0,25.0,8.6
2024,1,3,Cholera,80.0,0.0,1.0,11.0,20.0,perseWeeWeek_fixed_2019_2026,2023.0,361.0,3.0,17.0,4.7,2024.0,257.0,0.0,2.0,0.8
2024,1,3,Lassa Fever,406.0,77.0,21.0,16.0,33.0,perseWeeWeek_fixed_2019_2026,2023.0,414.0,212.0,39.0,18.4,2024.0,892.0,211.0,43.0,20.4
2024,1,3,Measles,668.0,107.0,6.0,36.0,175.0,perseWeeWeek_fixed_2019_2026,,,,,,,,,,
2024,1,3,Mpox,15.0,0.0,0.0,6.0,9.0,perseWeeWeek_fixed_2019_2026,2023.0,134.0,24.0,1.0,0.7,2024.0,24.0,0.0,0.0,0.0
2024,1,3,Yellow Fever,75.0,0.0,0.0,25.0,62.0,perseWeeWeek_fixed_2019_2026,2023.0,191.0,1.0,0.0,0.0,2024.0,198.0,0.0,0.0,0.0
2024,1,4,AFP,159.0,0.0,0.0,32.0,132.0,perseWeeWeek_fixed_2019_2026,2023.0,631.0,0.0,0.0,0.0,2024.0,589.0,0.0,0.0,0.0
2024,1,4,CSM,159.0,7.0,13.0,16.0,24.0,perseWeeWeek_fixed_2019_2026,2023.0,552.0,53.0,0.0,0.0,2024.0,414.0,12.0,35.0,8.5
2024,1,4,Cholera,78.0,1.0,1.0,10.0,24.0,perseWeeWeek_fixed_2019_2026,2023.0,573.0,4.0,21.0,3.7,2024.0,335.0,1.0,3.0,0.9
2024,1,4,Lassa Fever,347.0,47.0,5.0,20.0,22.0,perseWeeWeek_fixed_2019_2026,2023.0,607.0,308.0,55.0,17.9,2024.0,1239.0,258.0,48.0,18.6
2024,1,4,Measles,744.0,117.0,5.0,33.0,167.0,perseWeeWeek_fixed_2019_2026,,,,,,,,,,
2024,1,4,Mpox,30.0,2.0,0.0,9.0,19.0,perseWeeWeek_fixed_2019_2026,2023.0,186.0,27.0,1.0,0.5,2024.0,54.0,2.0,0.0,0.0
2024,1,4,Yellow Fever,51.0,0.0,0.0,25.0,41.0,perseWeeWeek_fixed_2019_2026,2023.0,247.0,1.0,0.0,0.0,2024.0,249.0,0.0,0.0,0.0
2024,2,5,AFP,176.0,0.0,0.0,31.0,137.0,perseWeeWeek_fixed_2019_2026,2023.0,631.0,0.0,0.0,0.0,2024.0,765.0,0.0,0.0,0.0
2024,2,5,CSM,81.0,2.0,7.0,9.0,27.0,perseWeeWeek_fixed_2019_2026,2023.0,370.0,9.0,0.0,0.0,2024.0,495.0,14.0,42.0,8.5
2024,2,5,Cholera,79.0,0.0,1.0,11.0,23.0,perseWeeWeek_fixed_2019_2026,2023.0,784.0,13.0,27.0,3.4,2024.0,414.0,1.0,4.0,0.9
2024,2,5,Lassa Fever,429.0,70.0,15.0,23.0,28.0,perseWeeWeek_fixed_2019_2026,2023.0,660.0,422.0,70.0,16.6,2024.0,1667.0,328.0,63.0,19.2
2024,2,5,Measles,780.0,142.0,2.0,35.0,206.0,perseWeeWeek_fixed_2019_2026,,,,,,,,,,
2024,2,5,Mpox,10.0,0.0,0.0,3.0,8.0,perseWeeWeek_fixed_2019_2026,2023.0,263.0,34.0,1.0,0.3,2024.0,64.0,2.0,0.0,0.0
2024,2,5,Yellow Fever,63.0,0.0,0.0,26.0,51.0,perseWeeWeek_fixed_2019_2026,2023.0,303.0,1.0,0.0,0.0,2024.0,312.0,0.0,0.0,0.0
2024,2,6,AFP,184.0,0.0,0.0,32.0,140.0,perseWeeWeek_fixed_2019_2026,2023.0,906.0,0.0,0.0,0.0,2024.0,949.0,0.0,0.0,0.0
2024,2,6,CSM,70.0,1.0,4.0,7.0,24.0,perseWeeWeek_fixed_2019_2026,2023.0,320.0,26.0,6.0,1.9,2024.0,565.0,15.0,46.0,8.1
2024,2,6,Cholera,74.0,0.0,2.0,9.0,20.0,perseWeeWeek_fixed_2019_2026,,,,,,,,,,
2024,2,6,Lassa Fever,453.0,83.0,9.0,24.0,33.0,perseWeeWeek_fixed_2019_2026,2023.0,828.0,484.0,85.0,17.6,2024.0,2122.0,411.0,72.0,17.5
2024,2,6,Measles,630.0,114.0,1.0,35.0,236.0,perseWeeWeek_fixed_2019_2026,,,,,,,,,,
2024,2,6,Mpox,25.0,2.0,0.0,9.0,14.0,perseWeeWeek_fixed_2019_2026,2023.0,290.0,38.0,1.0,0.3,2024.0,89.0,4.0,0.0,0.0
2024,2,6,Yellow Fever,73.0,0.0,0.0,25.0,55.0,perseWeeWeek_fixed_2019_2026,2023.0,335.0,2.0,0.0,0.0,2024.0,385.0,0.0,0.0,0.0
2024,2,7,AFP,175.0,0.0,0.0,34.0,141.0,perseWeeWeek_fixed_2019_2026,,,,,,,,,,
2024,2,7,CSM,148.0,0.0,8.0,10.0,30.0,perseWeeWeek_fixed_2019_2026,2023.0,393.0,37.0,14.0,3.6,2024.0,713.0,15.0,54.0,7.6
2024,2,7,Cholera,114.0,0.0,4.0,14.0,19.0,perseWeeWeek_fixed_2019_2026,,,,,,,,,,
2024,2,7,Lassa Fever,507.0,66.0,13.0,21.0,32.0,perseWeeWeek_fixed_2019_2026,,,,,,,,,,
2024,2,7,Measles,699.0,130.0,1.0,35.0,263.0,perseWeeWeek_fixed_2019_2026,,,,,,,,,,
2024,2,7,Mpox,27.0,2.0,0.0,11.0,18.0,perseWeeWeek_fixed_2019_2026,2023.0,343.0,43.0,1.0,0.3,2024.0,116.0,6.0,0.0,0.0
2024,2,7,Yellow Fever,84.0,0.0,0.0,29.0,73.0,perseWeeWeek_fixed_2019_2026,2023.0,385.0,2.0,1.0,0.3,2024.0,469.0,0.0,0.0,0.0
2024,2,8,AFP,185.0,0.0,0.0,31.0,140.0,perseWeeWeek_fixed_2019_2026,,,,,,,,,,
2024,2,8,CSM,262.0,7.0,8.0,14.0,39.0,perseWeeWeek_fixed_2019_2026,2023.0,441.0,42.0,17.0,3.8,2024.0,975.0,22.0,62.0,6.3
2024,2,8,Cholera,87.0,0.0,3.0,10.0,21.0,perseWeeWeek_fixed_2019_2026,,,,,,,,,,
2024,2,8,Lassa Fever,585.0,96.0,23.0,26.0,39.0,perseWeeWeek_fixed_2019_2026,,,,,,,,,,
2024,2,8,Measles,729.0,99.0,5.0,34.0,256.0,perseWeeWeek_fixed_2019_2026,,,,,,,,,,
2024,2,8,Mpox,42.0,0.0,0.0,16.0,23.0,perseWeeWeek_fixed_2019_2026,2023.0,366.0,45.0,2.0,0.5,2024.0,158.0,6.0,0.0,0.0
2024,2,8,Yellow Fever,54.0,0.0,0.0,24.0,45.0,perseWeeWeek_fixed_2019_2026,2023.0,420.0,2.0,1.0,0.2,2024.0,523.0,0.0,0.0,0.0
2024,3,9,AFP,246.0,0.0,0.0,34.0,180.0,perseWeeWeek_fixed_2019_2026,,,,,,,,,,
2024,3,9,CSM,315.0,12.0,15.0,11.0,38.0,perseWeeWeek_fixed_2019_2026,2023.0,524.0,45.0,21.0,4.0,2024.0,1290.0,34.0,77.0,6.0
2024,3,9,Cholera,93.0,1.0,3.0,13.0,24.0,perseWeeWeek_fixed_2019_2026,,,,,,,,,,
2024,3,9,Lassa Fever,694.0,109.0,20.0,32.0,51.0,perseWeeWeek_fixed_2019_2026,,,,,,,,,,
2024,3,9,Measles,882.0,117.0,6.0,34.0,254.0,perseWeeWeek_fixed_2019_2026,,,,,,,,,,
2024,3,9,Mpox,41.0,0.0,0.0,9.0,17.0,perseWeeWeek_fixed_2019_2026,2023.0,401.0,50.0,2.0,0.5,2024.0,199.0,6.0,0.0,0.0
2024,3,9,Yellow Fever,52.0,0.0,0.0,23.0,42.0,perseWeeWeek_fixed_2019_2026,2023.0,474.0,2.0,1.0,0.2,2024.0,575.0,0.0,0.0,0.0
2024,3,10,AFP,172.0,0.0,0.0,35.0,133.0,perseWeeWeek_fixed_2019_2026,,,,,,,,,,
2024,3,10,CSM,265.0,7.0,21.0,11.0,49.0,perseWeeWeek_fixed_2019_2026,2023.0,608.0,49.0,27.0,4.4,2024.0,1555.0,41.0,98.0,6.3
2024,3,10,Cholera,54.0,0.0,0.0,9.0,20.0,perseWeeWeek_fixed_2019_2026,,,,,,,,,,
2024,3,10,Lassa Fever,490.0,50.0,10.0,27.0,30.0,perseWeeWeek_fixed_2019_2026,,,,,,,,,,
2024,3,10,Measles,755.0,81.0,11.0,34.0,251.0,perseWeeWeek_fixed_2019_2026,,,,,,,,,,
2024,3,10,Mpox,40.0,4.0,0.0,11.0,22.0,perseWeeWeek_fixed_2019_2026,2023.0,433.0,57.0,2.0,0.5,2024.0,239.0,10.0,0.0,0.0
2024,3,10,Yellow Fever,57.0,1.0,0.0,22.0,49.0,perseWeeWeek_fixed_2019_2026,2023.0,525.0,2.0,2.0,0.4,2024.0,632.0,1.0,0.0,0.0
2024,3,11,AFP,137.0,0.0,0.0,32.0,117.0,perseWeeWeek_fixed_2019_2026,,,,,,,,,,
2024,3,11,CSM,189.0,1.0,7.0,13.0,50.0,perseWeeWeek_fixed_2019_2026,2023.0,692.0,53.0,35.0,5.1,2024.0,1744.0,42.0,105.0,6.0
2024,3,11,Cholera,34.0,1.0,1.0,10.0,20.0,perseWeeWeek_fixed_2019_2026,,,,,,,,,,
2024,3,11,Lassa Fever,325.0,35.0,4.0,22.0,30.0,perseWeeWeek_fixed_2019_2026,,,,,,,,,,
2024,3,11,Measles,661.0,67.0,1.0,34.0,231.0,perseWeeWeek_fixed_2019_2026,,,,,,,,,,
2024,3,11,Mpox,22.0,2.0,0.0,11.0,16.0,perseWeeWeek_fixed_2019_2026,2023.0,456.0,59.0,2.0,0.4,2024.0,261.0,12.0,0.0,0.0
2024,3,11,Yellow Fever,65.0,0.0,1.0,23.0,50.0,perseWeeWeek_fixed_2019_2026,2023.0,597.0,2.0,2.0,0.3,2024.0,697.0,1.0,1.0,0.1
2024,3,12,AFP,156.0,0.0,0.0,30.0,119.0,perseWeeWeek_fixed_2019_2026,,,,,,,,,,
2024,3,12,CSM,163.0,5.0,5.0,13.0,39.0,perseWeeWeek_fixed_2019_2026,2023.0,833.0,62.0,45.0,5.4,2024.0,1907.0,47.0,110.0,5.8
2024,3,12,Cholera,112.0,0.0,1.0,9.0,16.0,perseWeeWeek_fixed_2019_2026,,,,,,,,,,
2024,3,12,Lassa Fever,303.0,25.0,6.0,25.0,28.0,perseWeeWeek_fixed_2019_2026,,,,,,,,,,
2024,3,12,Measles,586.0,72.0,4.0,32.0,216.0,perseWeeWeek_fixed_2019_2026,,,,,,,,,,
2024,3,12,Mpox,27.0,0.0,0.0,10.0,13.0,perseWeeWeek_fixed_2019_2026,2023.0,492.0,66.0,2.0,0.4,2024.0,288.0,12.0,0.0,0.0
2024,3,12,Yellow Fever,58.0,0.0,0.0,25.0,47.0,perseWeeWeek_fixed_2019_2026,2023.0,655.0,3.0,3.0,0.4,2024.0,755.0,1.0,1.0,0.1
2024,3,13,AFP,129.0,0.0,0.0,30.0,100.0,perseWeeWeek_fixed_2019_2026,,,,,,,,,,
2024,3,13,CSM,247.0,0.0,7.0,11.0,41.0,perseWeeWeek_fixed_2019_2026,,,,,,,,,,
2024,3,13,Cholera,24.0,0.0,0.0,8.0,10.0,perseWeeWeek_fixed_2019_2026,,,,,,,,,,
2024,3,13,Lassa Fever,266.0,15.0,2.0,20.0,28.0,perseWeeWeek_fixed_2019_2026,,,,,,,,,,
2024,3,13,Measles,535.0,57.0,0.0,31.0,179.0,perseWeeWeek_fixed_2019_2026,,,,,,,,,,
2024,3,13,Mpox,55.0,6.0,0.0,18.0,34.0,perseWeeWeek_fixed_2019_2026,2023.0,521.0,70.0,2.0,0.4,2024.0,343.0,18.0,0.0,0.0
2024,3,13,Yellow Fever,31.0,0.0,0.0,21.0,29.0,perseWeeWeek_fixed_2019_2026,2023.0,717.0,3.0,3.0,0.4,2024.0,786.0,1.0,1.0,0.1
2024,4,14,AFP,108.0,0.0,0.0,31.0,89.0,perseWeeWeek_fixed_2019_2026,,,,,,,,,,
2024,4,14,CSM,175.0,1.0,0.0,11.0,39.0,perseWeeWeek_fixed_2019_2026,,,,,,,,,,
2024,4,14,Cholera,15.0,0.0,0.0,9.0,10.0,perseWeeWeek_fixed_2019_2026,,,,,,,,,,
2024,4,14,Lassa Fever,180.0,11.0,0.0,20.0,27.0,perseWeeWeek_fixed_2019_2026,,,,,,,,,,
2024,4,14,Measles,497.0,53.0,1.0,32.0,162.0,perseWeeWeek_fixed_2019_2026,,,,,,,,,,
2024,4,14,Mpox,29.0,1.0,0.0,7.0,13.0,perseWeeWeek_fixed_2019_2026,2023.0,547.0,70.0,2.0,0.4,2024.0,372.0,19.0,0.0,0.0
2024,4,14,Yellow Fever,42.0,0.0,0.0,20.0,33.0,perseWeeWeek_fixed_2019_2026,2023.0,763.0,4.0,3.0,0.4,2024.0,829.0,1.0,1.0,0.1
2024,4,15,AFP,136.0,0.0,0.0,32.0,106.0,perseWeeWeek_fixed_2019_2026,,,,,,,,,,
2024,4,15,CSM,176.0,0.0,1.0,11.0,40.0,perseWeeWeek_fixed_2019_2026,,,,,,,,,,
2024,4,15,Cholera,25.0,0.0,1.0,6.0,11.0,perseWeeWeek_fixed_2019_2026,,,,,,,,,,
2024,4,15,Lassa Fever,188.0,15.0,1.0,18.0,19.0,perseWeeWeek_fixed_2019_2026,,,,,,,,,,
2024,4,15,Measles,409.0,24.0,1.0,31.0,162.0,perseWeeWeek_fixed_2019_2026,2023.0,8.0,933.0,0.0,0.0,2024.0,9937.0,1326.0,57.0,0.6
2024,4,15,Mpox,27.0,1.0,0.0,8.0,21.0,perseWeeWeek_fixed_2019_2026,2023.0,574.0,71.0,2.0,0.3,2024.0,399.0,202.0,0.0,0.0
2024,4,15,Yellow Fever,55.0,0.0,0.0,24.0,47.0,perseWeeWeek_fixed_2019_2026,2023.0,819.0,6.0,3.0,0.4,2024.0,883.0,1.0,1.0,0.1
2024,4,16,AFP,180.0,0.0,0.0,31.0,137.0,perseWeeWeek_fixed_2019_2026,,,,,,,,,,
2024,4,16,CSM,155.0,0.0,2.0,12.0,38.0,perseWeeWeek_fixed_2019_2026,,,,,,,,,,
2024,4,16,Cholera,66.0,0.0,2.0,8.0,14.0,perseWeeWeek_fixed_2019_2026,,,,,,,,,,
2024,4,16,Lassa Fever,159.0,11.0,3.0,18.0,19.0,perseWeeWeek_fixed_2019_2026,,,,,,,,,,
2024,4,16,Measles,586.0,28.0,2.0,33.0,184.0,perseWeeWeek_fixed_2019_2026,2023.0,3.0,971.0,0.0,0.0,2024.0,10523.0,1354.0,59.0,0.6
2024,4,16,Mpox,20.0,0.0,0.0,11.0,14.0,perseWeeWeek_fixed_2019_2026,2023.0,602.0,72.0,2.0,0.3,2024.0,419.0,20.0,0.0,0.0
2024,4,16,Yellow Fever,62.0,0.0,0.0,25.0,55.0,perseWeeWeek_fixed_2019_2026,2023.0,889.0,6.0,3.0,0.3,2024.0,945.0,1.0,1.0,0.1
2024,4,17,AFP,141.0,0.0,0.0,29.0,113.0,perseWeeWeek_fixed_2019_2026,,,,,,,,,,
2024,4,17,CSM,140.0,1.0,1.0,8.0,33.0,perseWeeWeek_fixed_2019_2026,,,,,,,,,,
2024,4,17,Cholera,44.0,0.0,0.0,10.0,15.0,perseWeeWeek_fixed_2019_2026,,,,,,,,,,
2024,4,17,Lassa Fever,135.0,14.0,1.0,15.0,28.0,perseWeeWeek_fixed_2019_2026,,,,,,,,,,
2024,4,17,Measles,414.0,16.0,0.0,32.0,135.0,perseWeeWeek_fixed_2019_2026,2023.0,2.0,1023.0,0.0,0.0,2024.0,10937.0,1370.0,59.0,0.5
2024,4,17,Mpox,13.0,2.0,0.0,7.0,8.0,perseWeeWeek_fixed_2019_2026,2023.0,629.0,72.0,2.0,0.3,2024.0,432.0,22.0,0.0,0.0
2024,4,17,Yellow Fever,55.0,0.0,0.0,24.0,50.0,perseWeeWeek_fixed_2019_2026,2023.0,958.0,8.0,3.0,0.3,2024.0,10000.0,1.0,1.0,0.01
2024,5,18,AFP,144.0,0.0,0.0,29.0,121.0,perseWeeWeek_fixed_2019_2026,,,,,,,,,,
2024,5,18,CSM,68.0,1.0,1.0,9.0,18.0,perseWeeWeek_fixed_2019_2026,,,,,,,,,,
2024,5,18,Cholera,24.0,0.0,1.0,9.0,11.0,perseWeeWeek_fixed_2019_2026,,,,,,,,,,
2024,5,18,Lassa Fever,134.0,10.0,1.0,8.0,16.0,perseWeeWeek_fixed_2019_2026,,,,,,,,,,
2024,5,18,Measles,519.0,21.0,0.0,30.0,162.0,perseWeeWeek_fixed_2019_2026,2023.0,0.0,1076.0,0.0,0.0,2024.0,11456.0,1391.0,59.0,0.5
2024,5,18,Mpox,19.0,2.0,0.0,8.0,13.0,perseWeeWeek_fixed_2019_2026,2023.0,648.0,74.0,2.0,0.3,2024.0,451.0,24.0,0.0,0.0
2024,5,18,Yellow Fever,75.0,2.0,0.0,27.0,56.0,perseWeeWeek_fixed_2019_2026,,,,,,,,,,
2024,5,19,AFP,117.0,0.0,0.0,28.0,93.0,perseWeeWeek_fixed_2019_2026,,,,,,,,,,
2024,5,19,CSM,40.0,0.0,0.0,9.0,19.0,perseWeeWeek_fixed_2019_2026,,,,,,,,,,
2024,5,19,Cholera,10.0,0.0,0.0,7.0,7.0,perseWeeWeek_fixed_2019_2026,,,,,,,,,,
2024,5,19,Lassa Fever,120.0,14.0,3.0,17.0,27.0,perseWeeWeek_fixed_2019_2026,,,,,,,,,,
2024,5,19,Measles,545.0,24.0,2.0,32.0,163.0,perseWeeWeek_fixed_2019_2026,2023.0,8.0,1130.0,0.0,0.0,2024.0,12001.0,1415.0,61.0,0.5
2024,5,19,Mpox,25.0,0.0,0.0,13.0,18.0,perseWeeWeek_fixed_2019_2026,2023.0,680.0,78.0,2.0,0.3,2024.0,476.0,24.0,0.0,0.0
2024,5,19,Yellow Fever,74.0,2.0,0.0,24.0,55.0,perseWeeWeek_fixed_2019_2026,,,,,,,,,,
2024,5,20,AFP,113.0,0.0,0.0,28.0,86.0,perseWeeWeek_fixed_2019_2026,,,,,,,,,,
2024,5,20,CSM,59.0,0.0,0.0,8.0,17.0,perseWeeWeek_fixed_2019_2026,,,,,,,,,,
2024,5,20,Cholera,26.0,0.0,0.0,7.0,11.0,perseWeeWeek_fixed_2019_2026,,,,,,,,,,
2024,5,20,Lassa Fever,119.0,4.0,2.0,11.0,13.0,perseWeeWeek_fixed_2019_2026,,,,,,,,,,
2024,5,20,Measles,336.0,16.0,0.0,26.0,136.0,perseWeeWeek_fixed_2019_2026,2023.0,6.0,1181.0,0.0,0.0,2024.0,12337.0,1431.0,61.0,0.5
2024,5,20,Mpox,40.0,0.0,0.0,17.0,25.0,perseWeeWeek_fixed_2019_2026,2023.0,695.0,79.0,2.0,0.3,2024.0,516.0,24.0,0.0,0.0
2024,5,20,Yellow Fever,60.0,0.0,0.0,22.0,46.0,perseWeeWeek_fixed_2019_2026,,,,,,,,,,
2024,5,21,AFP,92.0,0.0,0.0,27.0,72.0,perseWeeWeek_fixed_2019_2026,,,,,,,,,,
2024,5,21,CSM,27.0,0.0,0.0,6.0,13.0,perseWeeWeek_fixed_2019_2026,,,,,,,,,,
2024,5,21,Cholera,49.0,0.0,0.0,11.0,17.0,perseWeeWeek_fixed_2019_2026,,,,,,,,,,
2024,5,21,Lassa Fever,119.0,10.0,0.0,14.0,18.0,perseWeeWeek_fixed_2019_2026,,,,,,,,,,
2024,5,21,Measles,297.0,17.0,0.0,25.0,125.0,perseWeeWeek_fixed_2019_2026,2023.0,5.0,1215.0,0.0,0.0,2024.0,12634.0,1448.0,61.0,0.5
2024,5,21,Mpox,15.0,2.0,0.0,8.0,10.0,perseWeeWeek_fixed_2019_2026,2023.0,718.0,79.0,2.0,0.3,2024.0,531.0,26.0,0.0,0.0
2024,5,21,Yellow Fever,70.0,0.0,0.0,22.0,46.0,perseWeeWeek_fixed_2019_2026,,,,,,,,,,
2024,6,22,AFP,87.0,0.0,0.0,23.0,70.0,perseWeeWeek_fixed_2019_2026,,,,,,,,,,
2024,6,22,CSM,32.0,0.0,0.0,8.0,14.0,perseWeeWeek_fixed_2019_2026,,,,,,,,,,
2024,6,22,Cholera,25.0,0.0,1.0,11.0,18.0,perseWeeWeek_fixed_2019_2026,,,,,,,,,,
2024,6,22,Lassa Fever,128.0,10.0,0.0,16.0,28.0,perseWeeWeek_fixed_2019_2026,,,,,,,,,,
2024,6,22,Measles,210.0,11.0,0.0,28.0,101.0,perseWeeWeek_fixed_2019_2026,2023.0,6.0,1242.0,0.0,0.0,2024.0,12844.0,1459.0,61.0,0.5
2024,6,22,Mpox,42.0,1.0,0.0,11.0,21.0,perseWeeWeek_fixed_2019_2026,2023.0,745.0,79.0,2.0,0.3,2024.0,573.0,27.0,0.0,0.0
2024,6,22,Yellow Fever,60.0,0.0,0.0,23.0,45.0,perseWeeWeek_fixed_2019_2026,,,,,,,,,,
2024,6,23,AFP,97.0,0.0,0.0,29.0,84.0,perseWeeWeek_fixed_2019_2026,,,,,,,,,,
2024,6,23,CSM,10.0,0.0,0.0,4.0,7.0,perseWeeWeek_fixed_2019_2026,,,,,,,,,,
2024,6,23,Cholera,241.0,6.0,0.0,10.0,31.0,perseWeeWeek_fixed_2019_2026,,,,,,,,,,
2024,6,23,Lassa Fever,112.0,4.0,0.0,13.0,34.0,perseWeeWeek_fixed_2019_2026,,,,,,,,,,
2024,6,23,Measles,161.0,16.0,0.0,23.0,93.0,perseWeeWeek_fixed_2019_2026,2023.0,9.0,1270.0,0.0,0.0,2024.0,13005.0,1475.0,61.0,0.5
2024,6,23,Mpox,33.0,1.0,0.0,6.0,17.0,perseWeeWeek_fixed_2019_2026,2023.0,764.0,80.0,2.0,0.3,2024.0,606.0,28.0,0.0,0.0
2024,6,23,Yellow Fever,52.0,0.0,0.0,25.0,46.0,perseWeeWeek_fixed_2019_2026,,,,,,,,,,
2024,6,24,AFP,123.0,0.0,0.0,25.0,88.0,perseWeeWeek_fixed_2019_2026,,,,,,,,,,
2024,6,24,CSM,4.0,0.0,0.0,3.0,4.0,perseWeeWeek_fixed_2019_2026,2023.0,911.0,72.0,74.0,8.1,2024.0,3000.0,50.0,128.0,4.3
2024,6,24,Cholera,709.0,27.0,35.0,13.0,42.0,perseWeeWeek_fixed_2019_2026,,,,,,,,,,
2024,6,24,Lassa Fever,124.0,7.0,0.0,10.0,16.0,perseWeeWeek_fixed_2019_2026,,,,,,,,,,
2024,6,24,Measles,115.0,5.0,0.0,24.0,82.0,perseWeeWeek_fixed_2019_2026,2023.0,1.0,1294.0,0.0,0.0,2024.0,13120.0,1480.0,61.0,0.5
2024,6,24,Mpox,25.0,2.0,0.0,11.0,14.0,perseWeeWeek_fixed_2019_2026,2023.0,783.0,80.0,2.0,0.3,2024.0,631.0,30.0,0.0,0.0
2024,6,24,Yellow Fever,49.0,0.0,0.0,19.0,40.0,perseWeeWeek_fixed_2019_2026,,,,,,,,,,
2024,6,25,AFP,162.0,0.0,0.0,31.0,112.0,perseWeeWeek_fixed_2019_2026,,,,,,,,,,
2024,6,25,CSM,2.0,0.0,0.0,1.0,1.0,perseWeeWeek_fixed_2019_2026,,,,,,,,,,
2024,6,25,Cholera,713.0,8.0,26.0,20.0,67.0,perseWeeWeek_fixed_2019_2026,,,,,,,,,,
2024,6,25,Lassa Fever,74.0,2.0,0.0,12.0,22.0,perseWeeWeek_fixed_2019_2026,,,,,,,,,,
2024,6,25,Measles,112.0,6.0,0.0,22.0,66.0,perseWeeWeek_fixed_2019_2026,2023.0,5.0,1315.0,0.0,0.0,2024.0,13232.0,1486.0,61.0,0.5
2024,6,25,Mpox,10.0,0.0,0.0,6.0,8.0,perseWeeWeek_fixed_2019_2026,2023.0,800.0,80.0,2.0,0.3,2024.0,614.0,31.0,0.0,0.0
2024,6,25,Yellow Fever,41.0,0.0,0.0,19.0,36.0,perseWeeWeek_fixed_2019_2026,,,,,,,,,,
2024,9,36,AFP,93.0,0.0,0.0,26.0,81.0,perseWeeWeek_fixed_2019_2026,,,,,,,,,,
2024,9,36,CSM,0.0,0.0,0.0,0.0,0.0,perseWeeWeek_fixed_2019_2026,,,,,,,,,,
2024,9,36,Cholera,729.0,11.0,30.0,15.0,39.0,perseWeeWeek_fixed_2019_2026,,,,,,,,,,
2024,9,36,Lassa Fever,87.0,7.0,1.0,10.0,16.0,perseWeeWeek_fixed_2019_2026,,,,,,,,,,
2024,9,36,Measles,148.0,15.0,0.0,27.0,116.0,perseWeeWeek_fixed_2019_2026,2023.0,3.0,1577.0,102.0,0.6,2024.0,17665.0,1935.0,118.0,0.7
2024,9,36,Mpox,35.0,2.0,0.0,7.0,21.0,perseWeeWeek_fixed_2019_2026,2023.0,928.0,80.0,2.0,0.2,2024.0,977.0,60.0,0.0,0.0
2024,9,36,Yellow Fever,70.0,2.0,0.0,28.0,62.0,perseWeeWeek_fixed_2019_2026,,,,,,,,,,
2024,9,37,AFP,93.0,0.0,0.0,27.0,77.0,perseWeeWeek_fixed_2019_2026,,,,,,,,,,
2024,9,37,CSM,0.0,0.0,0.0,0.0,0.0,perseWeeWeek_fixed_2019_2026,,,,,,,,,,
2024,9,37,Cholera,1228.0,68.0,73.0,19.0,52.0,perseWeeWeek_fixed_2019_2026,,,,,,,,,,
2024,9,37,Lassa Fever,115.0,5.0,1.0,12.0,24.0,perseWeeWeek_fixed_2019_2026,,,,,,,,,,
2024,9,37,Measles,151.0,29.0,0.0,27.0,102.0,perseWeeWeek_fixed_2019_2026,2023.0,2.0,1596.0,103.0,0.6,2024.0,17816.0,1964.0,118.0,0.7
2024,9,37,Mpox,30.0,4.0,0.0,6.0,17.0,perseWeeWeek_fixed_2019_2026,2023.0,928.0,80.0,2.0,0.2,2024.0,1007.0,64.0,0.0,0.0
2024,9,37,Yellow Fever,43.0,0.0,0.0,20.0,39.0,perseWeeWeek_fixed_2019_2026,,,,,,,,,,
2024,9,38,AFP,88.0,0.0,0.0,22.0,71.0,perseWeeWeek_fixed_2019_2026,,,,,,,,,,
2024,9,38,CSM,0.0,0.0,0.0,0.0,0.0,perseWeeWeek_fixed_2019_2026,,,,,,,,,,
2024,9,38,Cholera,1323.0,39.0,51.0,19.0,62.0,perseWeeWeek_fixed_2019_2026,,,,,,,,,,
2024,9,38,Lassa Fever,70.0,4.0,1.0,10.0,34.0,perseWeeWeek_fixed_2019_2026,,,,,,,,,,
2024,9,38,Measles,121.0,9.0,0.0,28.0,75.0,perseWeeWeek_fixed_2019_2026,2023.0,4.0,1634.0,105.0,0.6,2024.0,17937.0,1973.0,118.0,0.7
2024,9,38,Mpox,27.0,0.0,0.0,8.0,13.0,perseWeeWeek_fixed_2019_2026,2023.0,4.0,1634.0,105.0,0.6,2024.0,17937.0,1973.0,118.0,0.7
2024,9,38,Yellow Fever,41.0,0.0,0.0,15.0,33.0,perseWeeWeek_fixed_2019_2026,,,,,,,,,,
2024,9,39,AFP,70.0,0.0,0.0,23.0,54.0,perseWeeWeek_fixed_2019_2026,,,,,,,,,,
2024,9,39,CSM,0.0,0.0,0.0,0.0,0.0,perseWeeWeek_fixed_2019_2026,,,,,,,,,,
2024,9,39,Cholera,1452.0,42.0,73.0,16.0,37.0,perseWeeWeek_fixed_2019_2026,,,,,,,,,,
2024,9,39,Lassa Fever,90.0,9.0,1.0,12.0,26.0,perseWeeWeek_fixed_2019_2026,,,,,,,,,,
2024,9,39,Measles,108.0,19.0,0.0,22.0,71.0,perseWeeWeek_fixed_2019_2026,2023.0,9.0,1662.0,107.0,0.6,2024.0,18045.0,1992.0,118.0,0.7
2024,9,39,Mpox,27.0,1.0,0.0,4.0,10.0,perseWeeWeek_fixed_2019_2026,2023.0,928.0,80.0,2.0,0.2,2024.0,1061.0,65.0,0.0,0.0
2024,9,39,Yellow Fever,13.0,0.0,0.0,9.0,12.0,perseWeeWeek_fixed_2019_2026,,,,,,,,,,
2024,10,40,AFP,64.0,0.0,0.0,18.0,53.0,perseWeeWeek_fixed_2019_2026,,,,,,,,,,
2024,10,40,CSM,2.0,0.0,0.0,2.0,2.0,perseWeeWeek_fixed_2019_2026,,,,,,,,,,
2024,10,40,Cholera,877.0,12.0,29.0,15.0,43.0,perseWeeWeek_fixed_2019_2026,,,,,,,,,,
2024,10,40,Lassa Fever,73.0,7.0,2.0,10.0,23.0,perseWeeWeek_fixed_2019_2026,,,,,,,,,,
2024,10,40,Measles,113.0,10.0,0.0,20.0,69.0,perseWeeWeek_fixed_2019_2026,2023.0,7.0,1682.0,111.0,0.6,2024.0,18158.0,2002.0,118.0,0.6
2024,10,40,Mpox,15.0,4.0,0.0,5.0,11.0,perseWeeWeek_fixed_2019_2026,2023.0,928.0,80.0,2.0,0.2,2024.0,1076.0,69.0,0.0,0.0
2024,10,40,Yellow Fever,39.0,3.0,0.0,21.0,45.0,perseWeeWeek_fixed_2019_2026,,,,,,,,,,
2024,10,41,AFP,48.0,0.0,0.0,22.0,45.0,perseWeeWeek_fixed_2019_2026,,,,,,,,,,
2024,10,41,CSM,6.0,0.0,0.0,1.0,1.0,perseWeeWeek_fixed_2019_2026,,,,,,,,,,
2024,10,41,Cholera,1108.0,21.0,20.0,15.0,29.0,perseWeeWeek_fixed_2019_2026,,,,,,,,,,
2024,10,41,Lassa Fever,85.0,10.0,0.0,16.0,26.0,perseWeeWeek_fixed_2019_2026,,,,,,,,,,
2024,10,41,Measles,111.0,13.0,0.0,22.0,68.0,perseWeeWeek_fixed_2019_2026,2023.0,3.0,1712.0,113.0,0.6,2024.0,18269.0,2015.0,118.0,0.6
2024,10,41,Mpox,16.0,8.0,0.0,4.0,11.0,perseWeeWeek_fixed_2019_2026,2023.0,928.0,80.0,2.0,0.2,2024.0,1092.0,77.0,0.0,0.0
2024,10,41,Yellow Fever,35.0,0.0,0.0,19.0,33.0,perseWeeWeek_fixed_2019_2026,,,,,,,,,,
2024,10,42,AFP,79.0,0.0,0.0,37.0,59.0,perseWeeWeek_fixed_2019_2026,,,,,,,,,,
2024,10,42,CSM,9.0,0.0,0.0,4.0,4.0,perseWeeWeek_fixed_2019_2026,,,,,,,,,,
2024,10,42,Cholera,852.0,18.0,35.0,11.0,19.0,perseWeeWeek_fixed_2019_2026,,,,,,,,,,
2024,10,42,Lassa Fever,112.0,12.0,0.0,9.0,19.0,perseWeeWeek_fixed_2019_2026,,,,,,,,,,
2024,10,42,Measles,125.0,15.0,0.0,21.0,83.0,perseWeeWeek_fixed_2019_2026,2023.0,8.0,1774.0,113.0,0.6,2024.0,18394.0,2030.0,118.0,0.6
2024,10,42,Mpox,32.0,3.0,0.0,5.0,14.0,perseWeeWeek_fixed_2019_2026,2023.0,928.0,80.0,2.0,0.2,2024.0,1124.0,80.0,0.0,0.0
2024,10,42,Yellow Fever,28.0,0.0,0.0,17.0,22.0,perseWeeWeek_fixed_2019_2026,,,,,,,,,,
2024,10,43,AFP,31.0,0.0,0.0,15.0,29.0,perseWeeWeek_fixed_2019_2026,,,,,,,,,,
2024,10,43,CSM,5.0,0.0,0.0,2.0,2.0,perseWeeWeek_fixed_2019_2026,,,,,,,,,,
2024,10,43,Cholera,764.0,5.0,24.0,17.0,49.0,perseWeeWeek_fixed_2019_2026,,,,,,,,,,
2024,10,43,Lassa Fever,99.0,8.0,1.0,11.0,15.0,perseWeeWeek_fixed_2019_2026,,,,,,,,,,
2024,10,43,Measles,65.0,3.0,0.0,16.0,51.0,perseWeeWeek_fixed_2019_2026,2023.0,7.0,1829.0,114.0,0.6,2024.0,18459.0,2033.0,118.0,0.6
2024,10,43,Mpox,16.0,4.0,0.0,6.0,13.0,perseWeeWeek_fixed_2019_2026,2023.0,928.0,80.0,2.0,0.2,2024.0,1140.0,84.0,0.0,0.0
2024,10,43,Yellow Fever,12.0,0.0,0.0,9.0,12.0,perseWeeWeek_fixed_2019_2026,,,,,,,,,,
2024,11,44,AFP,17.0,0.0,0.0,11.0,15.0,perseWeeWeek_fixed_2019_2026,,,,,,,,,,
2024,11,44,CSM,3.0,0.0,0.0,1.0,1.0,perseWeeWeek_fixed_2019_2026,,,,,,,,,,
2024,11,44,Cholera,448.0,14.0,26.0,17.0,39.0,perseWeeWeek_fixed_2019_2026,,,,,,,,,,
2024,11,44,Lassa Fever,70.0,4.0,0.0,6.0,13.0,perseWeeWeek_fixed_2019_2026,,,,,,,,,,
2024,11,44,Measles,147.0,29.0,1.0,29.0,82.0,perseWeeWeek_fixed_2019_2026,2023.0,3.0,1861.0,120.0,0.6,2024.0,16355.0,2502.0,97.0,0.6
2024,11,44,Mpox,19.0,5.0,0.0,6.0,15.0,perseWeeWeek_fixed_2019_2026,2023.0,931.0,80.0,2.0,0.2,2024.0,1159.0,89.0,0.0,0.0
2024,11,44,Yellow Fever,49.0,0.0,0.0,23.0,40.0,perseWeeWeek_fixed_2019_2026,,,,,,,,,,
2024,11,45,AFP,99.0,0.0,0.0,25.0,76.0,perseWeeWeek_fixed_2019_2026,,,,,,,,,,
2024,11,45,CSM,3.0,0.0,0.0,2.0,2.0,perseWeeWeek_fixed_2019_2026,,,,,,,,,,
2024,11,45,Cholera,351.0,14.0,9.0,9.0,21.0,perseWeeWeek_fixed_2019_2026,,,,,,,,,,
2024,11,45,Lassa Fever,109.0,10.0,0.0,13.0,18.0,perseWeeWeek_fixed_2019_2026,,,,,,,,,,
2024,11,45,Measles,185.0,15.0,0.0,26.0,109.0,perseWeeWeek_fixed_2019_2026,2023.0,0.0,1888.0,121.0,0.6,2024.0,16540.0,2517.0,97.0,0.6
2024,11,45,Mpox,37.0,7.0,0.0,5.0,21.0,perseWeeWeek_fixed_2019_2026,2023.0,931.0,80.0,2.0,0.2,2024.0,1196.0,96.0,0.0,0.0
2024,11,45,Yellow Fever,54.0,0.0,0.0,19.0,42.0,perseWeeWeek_fixed_2019_2026,,,,,,,,,,
2024,11,46,AFP,70.0,0.0,0.0,23.0,56.0,perseWeeWeek_fixed_2019_2026,,,,,,,,,,
2024,11,46,CSM,2.0,0.0,0.0,2.0,2.0,perseWeeWeek_fixed_2019_2026,,,,,,,,,,
2024,11,46,Cholera,777.0,1.0,13.0,11.0,42.0,perseWeeWeek_fixed_2019_2026,,,,,,,,,,
2024,11,46,Lassa Fever,123.0,8.0,0.0,17.0,24.0,perseWeeWeek_fixed_2019_2026,,,,,,,,,,
2024,11,46,Measles,148.0,6.0,0.0,26.0,60.0,perseWeeWeek_fixed_2019_2026,2023.0,8.0,1916.0,121.0,0.6,2024.0,16688.0,2523.0,97.0,0.6
2024,11,46,Mpox,40.0,7.0,0.0,5.0,16.0,perseWeeWeek_fixed_2019_2026,2023.0,931.0,80.0,2.0,0.2,2024.0,1236.0,103.0,0.0,0.0
2024,11,46,Yellow Fever,62.0,0.0,0.0,25.0,42.0,perseWeeWeek_fixed_2019_2026,,,,,,,,,,
2024,11,47,AFP,142.0,0.0,0.0,28.0,99.0,perseWeeWeek_fixed_2019_2026,,,,,,,,,,
2024,11,47,CSM,1.0,0.0,0.0,1.0,1.0,perseWeeWeek_fixed_2019_2026,,,,,,,,,,
2024,11,47,Cholera,532.0,0.0,8.0,9.0,27.0,perseWeeWeek_fixed_2019_2026,,,,,,,,,,
2024,11,47,Lassa Fever,133.0,12.0,4.0,10.0,19.0,perseWeeWeek_fixed_2019_2026,,,,,,,,,,
2024,11,47,Measles,180.0,29.0,0.0,25.0,82.0,perseWeeWeek_fixed_2019_2026,2023.0,5.0,1940.0,122.0,0.6,2024.0,16868.0,2552.0,97.0,0.6
2024,11,47,Mpox,28.0,2.0,0.0,6.0,18.0,perseWeeWeek_fixed_2019_2026,2023.0,931.0,80.0,2.0,0.2,2024.0,1264.0,105.0,0.0,0.0
2024,11,47,Yellow Fever,54.0,0.0,0.0,21.0,51.0,perseWeeWeek_fixed_2019_2026,,,,,,,,,,
2024,12,48,AFP,91.0,0.0,0.0,27.0,68.0,perseWeeWeek_fixed_2019_2026,,,,,,,,,,
2024,12,48,CSM,19.0,0.0,1.0,2.0,6.0,perseWeeWeek_fixed_2019_2026,,,,,,,,,,
2024,12,48,Cholera,397.0,1.0,3.0,13.0,28.0,perseWeeWeek_fixed_2019_2026,,,,,,,,,,
2024,12,48,Lassa Fever,140.0,26.0,5.0,13.0,22.0,perseWeeWeek_fixed_2019_2026,,,,,,,,,,
2024,12,48,Measles,127.0,17.0,0.0,24.0,37.0,perseWeeWeek_fixed_2019_2026,2023.0,4.0,1972.0,122.0,0.6,2024.0,16995.0,2569.0,97.0,0.6
2024,12,48,Mpox,36.0,5.0,0.0,8.0,24.0,perseWeeWeek_fixed_2019_2026,2023.0,931.0,80.0,2.0,0.2,2024.0,1300.0,110.0,0.0,0.0
2024,12,48,Yellow Fever,45.0,0.0,0.0,19.0,38.0,perseWeeWeek_fixed_2019_2026,,,,,,,,,,
2024,12,49,AFP,43.0,0.0,0.0,17.0,35.0,perseWeeWeek_fixed_2019_2026,,,,,,,,,,
2024,12,49,CSM,11.0,0.0,3.0,3.0,6.0,perseWeeWeek_fixed_2019_2026,,,,,,,,,,
2024,12,49,Cholera,78.0,0.0,1.0,7.0,16.0,perseWeeWeek_fixed_2019_2026,,,,,,,,,,
2024,12,49,Lassa Fever,157.0,39.0,6.0,16.0,25.0,perseWeeWeek_fixed_2019_2026,,,,,,,,,,
2024,12,49,Measles,117.0,8.0,0.0,26.0,48.0,perseWeeWeek_fixed_2019_2026,2023.0,5.0,1998.0,123.0,0.6,2024.0,17112.0,2577.0,97.0,0.6
2024,12,49,Mpox,32.0,7.0,0.0,6.0,21.0,perseWeeWeek_fixed_2019_2026,2023.0,931.0,80.0,2.0,0.2,2024.0,1332.0,117.0,0.0,0.0
2024,12,49,Yellow Fever,31.0,0.0,0.0,18.0,36.0,perseWeeWeek_fixed_2019_2026,,,,,,,,,,
2024,12,50,AFP,55.0,0.0,0.0,22.0,44.0,perseWeeWeek_fixed_2019_2026,,,,,,,,,,
2024,12,50,CSM,9.0,0.0,2.0,5.0,5.0,perseWeeWeek_fixed_2019_2026,,,,,,,,,,
2024,12,50,Cholera,19.0,0.0,1.0,9.0,9.0,perseWeeWeek_fixed_2019_2026,,,,,,,,,,
2024,12,50,Lassa Fever,193.0,33.0,1.0,16.0,24.0,perseWeeWeek_fixed_2019_2026,,,,,,,,,,
2024,12,50,Measles,74.0,6.0,0.0,19.0,43.0,perseWeeWeek_fixed_2019_2026,2023.0,7.0,2012.0,124.0,0.6,2024.0,17186.0,2583.0,97.0,0.6
2024,12,50,Mpox,42.0,7.0,0.0,16.0,24.0,perseWeeWeek_fixed_2019_2026,2023.0,931.0,80.0,2.0,0.2,2024.0,1374.0,124.0,0.0,0.0
2024,12,50,Yellow Fever,20.0,0.0,0.0,12.0,18.0,perseWeeWeek_fixed_2019_2026,,,,,,,,,,
2024,12,51,AFP,23.0,0.0,0.0,13.0,18.0,perseWeeWeek_fixed_2019_2026,,,,,,,,,,
2024,12,51,CSM,7.0,0.0,0.0,3.0,5.0,perseWeeWeek_fixed_2019_2026,,,,,,,,,,
2024,12,51,Cholera,68.0,0.0,7.0,8.0,10.0,perseWeeWeek_fixed_2019_2026,,,,,,,,,,
2024,12,51,Lassa Fever,187.0,50.0,11.0,14.0,19.0,perseWeeWeek_fixed_2019_2026,,,,,,,,,,
2024,12,51,Measles,34.0,1.0,0.0,13.0,19.0,perseWeeWeek_fixed_2019_2026,2023.0,1.0,2022.0,124.0,0.6,2024.0,17220.0,2584.0,97.0,0.6
2024,12,51,Mpox,47.0,8.0,0.0,12.0,27.0,perseWeeWeek_fixed_2019_2026,2023.0,931.0,80.0,2.0,0.2,2024.0,1431.0,132.0,0.0,0.0
2024,12,51,Yellow Fever,3.0,0.0,0.0,3.0,3.0,perseWeeWeek_fixed_2019_2026,,,,,,,,,,
2024,12,52,AFP,9.0,0.0,0.0,4.0,7.0,perseWeeWeek_fixed_2019_2026,,,,,,,,,,
2024,12,52,CSM,8.0,0.0,0.0,3.0,4.0,perseWeeWeek_fixed_2019_2026,,,,,,,,,,
2024,12,52,Cholera,65.0,1.0,3.0,6.0,8.0,perseWeeWeek_fixed_2019_2026,,,,,,,,,,
2024,12,52,Lassa Fever,226.0,70.0,11.0,15.0,25.0,perseWeeWeek_fixed_2019_2026,,,,,,,,,,
2024,12,52,Measles,17.0,1.0,0.0,7.0,9.0,perseWeeWeek_fixed_2019_2026,2023.0,5.0,2049.0,124.0,0.6,2024.0,17237.0,2585.0,97.0,0.5
2024,12,52,Mpox,9.0,0.0,0.0,9.0,20.0,perseWeeWeek_fixed_2019_2026,2023.0,931.0,80.0,2.0,0.2,2024.0,1463.0,134.0,0.0,0.0
2024,12,52,Yellow Fever,6.0,0.0,0.0,4.0,6.0,perseWeeWeek_fixed_2019_2026,,,,,,,,,,
2025,1,1,AFP,79.0,0.0,0.0,24.0,69.0,perseWeeWeek_fixed_2019_2026,2024.0,143.0,0.0,0.0,0.0,2025.0,79.0,0.0,0.0,0.0
2025,1,1,CSM,12.0,0.0,0.0,4.0,7.0,perseWeeWeek_fixed_2019_2026,2024.0,59.0,2.0,3.0,5.1,2025.0,12.0,0.0,0.0,0.0
2025,1,1,Cholera,17.0,1.0,2.0,6.0,6.0,perseWeeWeek_fixed_2019_2026,2024.0,120.0,0.0,1.0,0.8,2025.0,17.0,1.0,2.0,11.8
2025,1,1,Lassa Fever,196.0,54.0,10.0,10.0,20.0,perseWeeWeek_fixed_2019_2026,2024.0,190.0,53.0,6.0,11.3,2025.0,196.0,54.0,10.0,20.0
2025,1,1,Measles,73.0,1.0,0.0,22.0,47.0,perseWeeWeek_fixed_2019_2026,2024.0,685.0,54.0,11.0,1.6,2025.0,73.0,1.0,0.0,0.0
2025,1,1,Mpox,54.0,2.0,0.0,5.0,6.0,perseWeeWeek_fixed_2019_2026,2024.0,3.0,0.0,0.0,0.0,2025.0,54.0,2.0,0.0,0.0
2025,1,1,Yellow Fever,41.0,0.0,0.0,19.0,36.0,perseWeeWeek_fixed_2019_2026,2024.0,51.0,0.0,0.0,0.0,2025.0,30.0,0.0,0.0,0.0
2025,1,2,AFP,79.0,0.0,0.0,24.0,69.0,perseWeeWeek_fixed_2019_2026,2024.0,143.0,0.0,0.0,0.0,2025.0,79.0,0.0,0.0,0.0
2025,1,2,CSM,12.0,0.0,0.0,4.0,7.0,perseWeeWeek_fixed_2019_2026,2024.0,59.0,2.0,3.0,5.1,2025.0,12.0,0.0,0.0,0.0
2025,1,2,Cholera,17.0,1.0,2.0,6.0,6.0,perseWeeWeek_fixed_2019_2026,2024.0,120.0,0.0,1.0,0.8,2025.0,17.0,1.0,2.0,11.8
2025,1,2,Lassa Fever,196.0,54.0,10.0,10.0,20.0,perseWeeWeek_fixed_2019_2026,2024.0,190.0,53.0,6.0,11.3,2025.0,196.0,54.0,10.0,20.0
2025,1,2,Measles,73.0,1.0,0.0,22.0,47.0,perseWeeWeek_fixed_2019_2026,2024.0,685.0,54.0,11.0,1.6,2025.0,73.0,1.0,0.0,0.0
2025,1,2,Mpox,54.0,2.0,0.0,5.0,6.0,perseWeeWeek_fixed_2019_2026,2024.0,3.0,0.0,0.0,0.0,2025.0,54.0,2.0,0.0,0.0
2025,1,2,Yellow Fever,41.0,0.0,0.0,19.0,36.0,perseWeeWeek_fixed_2019_2026,2024.0,51.0,0.0,0.0,0.0,2025.0,30.0,0.0,0.0,0.0
2025,1,3,AFP,76.0,0.0,0.0,23.0,67.0,perseWeeWeek_fixed_2019_2026,2024.0,430.0,0.0,0.0,0.0,2025.0,239.0,0.0,0.0,0.0
2025,1,3,CSM,12.0,0.0,1.0,4.0,8.0,perseWeeWeek_fixed_2019_2026,2024.0,255.0,5.0,22.0,8.6,2025.0,40.0,0.0,3.0,7.5
2025,1,3,Cholera,69.0,2.0,4.0,14.0,19.0,perseWeeWeek_fixed_2019_2026,2024.0,294.0,0.0,2.0,0.7,2025.0,129.0,11.0,11.0,8.5
2025,1,3,Lassa Fever,359.0,71.0,17.0,18.0,28.0,perseWeeWeek_fixed_2019_2026,2024.0,892.0,211.0,43.0,20.4,2025.0,843.0,214.0,39.0,18.4
2025,1,3,Measles,92.0,27.0,0.0,17.0,69.0,perseWeeWeek_fixed_2019_2026,,,,,,,,,,
2025,1,3,Mpox,42.0,6.0,0.0,16.0,42.0,perseWeeWeek_fixed_2019_2026,2024.0,24.0,0.0,0.0,0.0,2025.0,121.0,12.0,0.0,0.0
2025,1,3,Yellow Fever,60.0,0.0,0.0,22.0,53.0,perseWeeWeek_fixed_2019_2026,2024.0,199.0,0.0,0.0,0.0,2025.0,164.0,0.0,0.0,0.0
2025,1,4,AFP,25.0,0.0,0.0,15.0,23.0,perseWeeWeek_fixed_2019_2026,2024.0,589.0,0.0,0.0,0.0,2025.0,264.0,0.0,0.0,0.0
2025,1,4,CSM,24.0,5.0,2.0,7.0,15.0,perseWeeWeek_fixed_2019_2026,2024.0,414.0,12.0,35.0,8.4,2025.0,64.0,5.0,5.0,7.8
2025,1,4,Cholera,27.0,0.0,2.0,6.0,8.0,perseWeeWeek_fixed_2019_2026,2024.0,374.0,1.0,3.0,0.8,2025.0,156.0,11.0,13.0,8.3
2025,1,4,Lassa Fever,328.0,76.0,12.0,17.0,27.0,perseWeeWeek_fixed_2019_2026,,,,,,,,,,
2025,1,4,Measles,43.0,12.0,0.0,9.0,28.0,perseWeeWeek_fixed_2019_2026,,,,,,,,,,
2025,1,4,Mpox,44.0,6.0,0.0,16.0,29.0,perseWeeWeek_fixed_2019_2026,2024.0,54.0,2.0,0.0,0.0,2025.0,165.0,18.0,0.0,0.0
2025,1,4,Yellow Fever,72.0,0.0,0.0,27.0,61.0,perseWeeWeek_fixed_2019_2026,2024.0,249.0,0.0,0.0,0.0,2025.0,236.0,0.0,0.0,0.0
2025,2,5,AFP,107.0,0.0,0.0,29.0,97.0,perseWeeWeek_fixed_2019_2026,,,,,,,,,,
2025,2,5,COVID-19,71.0,6.0,0.0,5.0,21.0,perseWeeWeek_fixed_2019_2026,,,,,,,,,,
2025,2,5,CSM,26.0,3.0,2.0,7.0,13.0,perseWeeWeek_fixed_2019_2026,,,,,,,,,,
2025,2,5,Cholera,140.0,2.0,0.0,10.0,18.0,perseWeeWeek_fixed_2019_2026,,,,,,,,,,
2025,2,5,Diphtheria,148.0,107.0,1.0,3.0,20.0,perseWeeWeek_fixed_2019_2026,,,,,,,,,,
2025,2,5,Measles,352.0,79.0,0.0,34.0,164.0,perseWeeWeek_fixed_2019_2026,,,,,,,,,,
2025,2,5,Mpox,52.0,10.0,0.0,14.0,52.0,perseWeeWeek_fixed_2019_2026,,,,,,,,,,
2025,2,6,AFP,138.0,0.0,0.0,29.0,104.0,perseWeeWeek_fixed_2019_2026,,,,,,,,,,
2025,2,6,COVID-19,51.0,0.0,0.0,6.0,19.0,perseWeeWeek_fixed_2019_2026,,,,,,,,,,
2025,2,6,CSM,31.0,6.0,4.0,6.0,13.0,perseWeeWeek_fixed_2019_2026,,,,,,,,,,
2025,2,6,Cholera,72.0,0.0,3.0,9.0,15.0,perseWeeWeek_fixed_2019_2026,,,,,,,,,,
2025,2,6,Diphtheria,127.0,98.0,0.0,4.0,20.0,perseWeeWeek_fixed_2019_2026,,,,,,,,,,
2025,2,6,Lassa Fever,363.0,54.0,10.0,13.0,23.0,perseWeeWeek_fixed_2019_2026,,,,,,,,,,
2025,2,6,Measles,293.0,60.0,0.0,27.0,151.0,perseWeeWeek_fixed_2019_2026,,,,,,,,,,
2025,2,6,Mpox,64.0,25.0,1.0,13.0,40.0,perseWeeWeek_fixed_2019_2026,,,,,,,,,,
2025,2,6,Yellow Fever,42.0,0.0,0.0,20.0,33.0,perseWeeWeek_fixed_2019_2026,,,,,,,,,,
2025,2,7,AFP,132.0,0.0,0.0,28.0,100.0,perseWeeWeek_fixed_2019_2026,,,,,,,,,,
2025,2,7,COVID-19,67.0,1.0,0.0,3.0,24.0,perseWeeWeek_fixed_2019_2026,,,,,,,,,,
2025,2,7,CSM,26.0,2.0,1.0,6.0,7.0,perseWeeWeek_fixed_2019_2026,,,,,,,,,,
2025,2,7,Cholera,53.0,3.0,5.0,10.0,12.0,perseWeeWeek_fixed_2019_2026,,,,,,,,,,
2025,2,7,Diphtheria,128.0,112.0,6.0,4.0,20.0,perseWeeWeek_fixed_2019_2026,,,,,,,,,,
2025,2,7,Lassa Fever,267.0,38.0,9.0,12.0,17.0,perseWeeWeek_fixed_2019_2026,,,,,,,,,,
2025,2,7,Measles,248.0,36.0,0.0,28.0,112.0,perseWeeWeek_fixed_2019_2026,,,,,,,,,,
2025,2,7,Mpox,42.0,6.0,1.0,15.0,42.0,perseWeeWeek_fixed_2019_2026,,,,,,,,,,
2025,2,7,Yellow Fever,23.0,0.0,0.0,15.0,22.0,perseWeeWeek_fixed_2019_2026,,,,,,,,,,
2025,2,8,AFP,67.0,0.0,0.0,23.0,56.0,perseWeeWeek_fixed_2019_2026,,,,,,,,,,
2025,2,8,COVID-19,42.0,0.0,0.0,4.0,13.0,perseWeeWeek_fixed_2019_2026,,,,,,,,,,
2025,2,8,CSM,2.0,0.0,0.0,1.0,2.0,perseWeeWeek_fixed_2019_2026,,,,,,,,,,
2025,2,8,Cholera,18.0,0.0,4.0,4.0,6.0,perseWeeWeek_fixed_2019_2026,,,,,,,,,,
2025,2,8,Diphtheria,111.0,96.0,9.0,4.0,20.0,perseWeeWeek_fixed_2019_2026,,,,,,,,,,
2025,2,8,Lassa Fever,314.0,54.0,6.0,11.0,26.0,perseWeeWeek_fixed_2019_2026,,,,,,,,,,
2025,2,8,Measles,76.0,2.0,0.0,16.0,43.0,perseWeeWeek_fixed_2019_2026,,,,,,,,,,
2025,2,8,Mpox,47.0,7.0,0.0,13.0,26.0,perseWeeWeek_fixed_2019_2026,,,,,,,,,,
2025,2,8,Yellow Fever,3.0,0.0,0.0,3.0,3.0,perseWeeWeek_fixed_2019_2026,,,,,,,,,,
2025,3,9,AFP,181.0,0.0,0.0,31.0,181.0,perseWeeWeek_fixed_2019_2026,,,,,,,,,,
2025,3,9,COVID-19,75.0,3.0,0.0,5.0,14.0,perseWeeWeek_fixed_2019_2026,,,,,,,,,,
2025,3,9,CSM,188.0,7.0,28.0,8.0,39.0,perseWeeWeek_fixed_2019_2026,,,,,,,,,,
2025,3,9,Cholera,5.0,3.0,0.0,3.0,3.0,perseWeeWeek_fixed_2019_2026,,,,,,,,,,
2025,3,9,Diphtheria,98.0,89.0,8.0,5.0,24.0,perseWeeWeek_fixed_2019_2026,,,,,,,,,,
2025,3,9,Lassa Fever,236.0,29.0,5.0,13.0,17.0,perseWeeWeek_fixed_2019_2026,,,,,,,,,,
2025,3,9,Measles,436.0,80.0,0.0,35.0,194.0,perseWeeWeek_fixed_2019_2026,,,,,,,,,,
2025,3,9,Mpox,47.0,13.0,0.0,17.0,29.0,perseWeeWeek_fixed_2019_2026,,,,,,,,,,
2025,3,9,Yellow Fever,47.0,0.0,0.0,24.0,45.0,perseWeeWeek_fixed_2019_2026,,,,,,,,,,
2025,3,10,AFP,166.0,0.0,0.0,30.0,166.0,perseWeeWeek_fixed_2019_2026,,,,,,,,,,
2025,3,10,COVID-19,46.0,1.0,0.0,4.0,16.0,perseWeeWeek_fixed_2019_2026,,,,,,,,,,
2025,3,10,CSM,309.0,11.0,36.0,15.0,51.0,perseWeeWeek_fixed_2019_2026,,,,,,,,,,
2025,3,10,Cholera,21.0,2.0,0.0,5.0,7.0,perseWeeWeek_fixed_2019_2026,,,,,,,,,,
2025,3,10,Diphtheria,108.0,54.0,6.0,6.0,22.0,perseWeeWeek_fixed_2019_2026,,,,,,,,,,
2025,3,10,Lassa Fever,232.0,28.0,3.0,13.0,13.0,perseWeeWeek_fixed_2019_2026,,,,,,,,,,
2025,3,10,Measles,285.0,50.0,0.0,32.0,156.0,perseWeeWeek_fixed_2019_2026,,,,,,,,,,
2025,3,10,Mpox,48.0,9.0,0.0,16.0,29.0,perseWeeWeek_fixed_2019_2026,,,,,,,,,,
2025,3,10,Yellow Fever,19.0,0.0,0.0,12.0,17.0,perseWeeWeek_fixed_2019_2026,,,,,,,,,,
2025,3,11,AFP,131.0,0.0,0.0,24.0,131.0,perseWeeWeek_fixed_2019_2026,,,,,,,,,,
2025,3,11,COVID-19,56.0,2.0,0.0,4.0,20.0,perseWeeWeek_fixed_2019_2026,,,,,,,,,,
2025,3,11,CSM,571.0,37.0,43.0,13.0,55.0,perseWeeWeek_fixed_2019_2026,,,,,,,,,,
2025,3,11,Cholera,21.0,2.0,0.0,4.0,7.0,perseWeeWeek_fixed_2019_2026,,,,,,,,,,
2025,3,11,Diphtheria,33.0,7.0,2.0,5.0,5.0,perseWeeWeek_fixed_2019_2026,,,,,,,,,,
2025,3,11,Lassa Fever,262.0,40.0,10.0,10.0,23.0,perseWeeWeek_fixed_2019_2026,,,,,,,,,,
2025,3,11,Measles,222.0,26.0,0.0,28.0,132.0,perseWeeWeek_fixed_2019_2026,,,,,,,,,,
2025,3,11,Mpox,53.0,10.0,0.0,15.0,34.0,perseWeeWeek_fixed_2019_2026,,,,,,,,,,
2025,3,11,Yellow Fever,3.0,0.0,0.0,3.0,3.0,perseWeeWeek_fixed_2019_2026,,,,,,,,,,
2025,3,12,AFP,107.0,0.0,0.0,30.0,107.0,perseWeeWeek_fixed_2019_2026,,,,,,,,,,
2025,3,12,COVID-19,62.0,2.0,0.0,7.0,26.0,perseWeeWeek_fixed_2019_2026,,,,,,,,,,
2025,3,12,CSM,535.0,38.0,31.0,12.0,49.0,perseWeeWeek_fixed_2019_2026,,,,,,,,,,
2025,3,12,Cholera,19.0,0.0,0.0,5.0,8.0,perseWeeWeek_fixed_2019_2026,,,,,,,,,,
2025,3,12,Diphtheria,18.0,3.0,2.0,3.0,10.0,perseWeeWeek_fixed_2019_2026,,,,,,,,,,
2025,3,12,Lassa Fever,242.0,41.0,6.0,12.0,21.0,perseWeeWeek_fixed_2019_2026,,,,,,,,,,
2025,3,12,Measles,78.0,11.0,0.0,20.0,50.0,perseWeeWeek_fixed_2019_2026,,,,,,,,,,
2025,3,12,Mpox,39.0,7.0,0.0,14.0,28.0,perseWeeWeek_fixed_2019_2026,,,,,,,,,,
2025,3,12,Yellow Fever,44.0,0.0,0.0,20.0,37.0,perseWeeWeek_fixed_2019_2026,,,,,,,,,,
2025,3,13,AFP,33.0,0.0,0.0,17.0,33.0,perseWeeWeek_fixed_2019_2026,,,,,,,,,,
2025,3,13,COVID-19,30.0,0.0,0.0,4.0,15.0,perseWeeWeek_fixed_2019_2026,,,,,,,,,,
2025,3,13,CSM,372.0,30.0,27.0,13.0,33.0,perseWeeWeek_fixed_2019_2026,,,,,,,,,,
2025,3,13,Cholera,2.0,0.0,0.0,2.0,2.0,perseWeeWeek_fixed_2019_2026,,,,,,,,,,
2025,3,13,Diphtheria,71.0,33.0,5.0,6.0,22.0,perseWeeWeek_fixed_2019_2026,,,,,,,,,,
2025,3,13,Lassa Fever,315.0,14.0,3.0,12.0,18.0,perseWeeWeek_fixed_2019_2026,,,,,,,,,,
2025,3,13,Measles,218.0,39.0,0.0,30.0,138.0,perseWeeWeek_fixed_2019_2026,,,,,,,,,,
2025,3,13,Mpox,41.0,3.0,1.0,15.0,28.0,perseWeeWeek_fixed_2019_2026,,,,,,,,,,
2025,3,13,Yellow Fever,31.0,0.0,0.0,16.0,27.0,perseWeeWeek_fixed_2019_2026,,,,,,,,,,
2025,4,14,AFP,12.0,0.0,0.0,11.0,12.0,perseWeeWeek_fixed_2019_2026,,,,,,,,,,
2025,4,14,COVID-19,71.0,0.0,0.0,5.0,34.0,perseWeeWeek_fixed_2019_2026,,,,,,,,,,
2025,4,14,CSM,387.0,32.0,21.0,15.0,45.0,perseWeeWeek_fixed_2019_2026,,,,,,,,,,
2025,4,14,Cholera,50.0,1.0,1.0,7.0,8.0,perseWeeWeek_fixed_2019_2026,,,,,,,,,,
2025,4,14,Diphtheria,91.0,81.0,5.0,5.0,19.0,perseWeeWeek_fixed_2019_2026,,,,,,,,,,
2025,4,14,Lassa Fever,246.0,15.0,5.0,10.0,19.0,perseWeeWeek_fixed_2019_2026,,,,,,,,,,
2025,4,14,Measles,257.0,54.0,0.0,31.0,142.0,perseWeeWeek_fixed_2019_2026,,,,,,,,,,
2025,4,14,Mpox,49.0,16.0,0.0,15.0,24.0,perseWeeWeek_fixed_2019_2026,,,,,,,,,,
2025,4,14,Yellow Fever,54.0,0.0,0.0,22.0,40.0,perseWeeWeek_fixed_2019_2026,,,,,,,,,,
2025,4,15,AFP,121.0,0.0,0.0,29.0,121.0,perseWeeWeek_fixed_2019_2026,,,,,,,,,,
2025,4,15,COVID-19,45.0,0.0,0.0,3.0,23.0,perseWeeWeek_fixed_2019_2026,,,,,,,,,,
2025,4,15,CSM,334.0,12.0,15.0,8.0,12.0,perseWeeWeek_fixed_2019_2026,,,,,,,,,,
2025,4,15,Cholera,50.0,1.0,1.0,7.0,9.0,perseWeeWeek_fixed_2019_2026,,,,,,,,,,
2025,4,15,Diphtheria,73.0,60.0,1.0,5.0,20.0,perseWeeWeek_fixed_2019_2026,,,,,,,,,,
2025,4,15,Lassa Fever,231.0,12.0,1.0,12.0,19.0,perseWeeWeek_fixed_2019_2026,,,,,,,,,,
2025,4,15,Measles,248.0,65.0,0.0,32.0,130.0,perseWeeWeek_fixed_2019_2026,,,,,,,,,,
2025,4,15,Mpox,22.0,6.0,0.0,10.0,16.0,perseWeeWeek_fixed_2019_2026,,,,,,,,,,
2025,4,15,Yellow Fever,47.0,0.0,0.0,22.0,31.0,perseWeeWeek_fixed_2019_2026,,,,,,,,,,
2025,4,16,AFP,111.0,0.0,0.0,20.0,111.0,perseWeeWeek_fixed_2019_2026,,,,,,,,,,
2025,4,16,COVID-19,97.0,0.0,0.0,6.0,34.0,perseWeeWeek_fixed_2019_2026,,,,,,,,,,
2025,4,16,CSM,319.0,25.0,13.0,14.0,38.0,perseWeeWeek_fixed_2019_2026,,,,,,,,,,
2025,4,16,Cholera,52.0,0.0,2.0,7.0,9.0,perseWeeWeek_fixed_2019_2026,,,,,,,,,,
2025,4,16,Diphtheria,49.0,41.0,6.0,7.0,21.0,perseWeeWeek_fixed_2019_2026,,,,,,,,,,
2025,4,16,Lassa Fever,258.0,10.0,3.0,10.0,15.0,perseWeeWeek_fixed_2019_2026,,,,,,,,,,
2025,4,16,Measles,213.0,33.0,0.0,30.0,109.0,perseWeeWeek_fixed_2019_2026,,,,,,,,,,
2025,4,16,Mpox,24.0,2.0,0.0,10.0,15.0,perseWeeWeek_fixed_2019_2026,,,,,,,,,,
2025,4,16,Yellow Fever,40.0,0.0,0.0,19.0,33.0,perseWeeWeek_fixed_2019_2026,,,,,,,,,,
2025,4,17,AFP,159.0,0.0,0.0,30.0,159.0,perseWeeWeek_fixed_2019_2026,,,,,,,,,,
2025,4,17,COVID-19,95.0,0.0,0.0,8.0,41.0,perseWeeWeek_fixed_2019_2026,,,,,,,,,,
2025,4,17,CSM,178.0,30.0,4.0,13.0,15.0,perseWeeWeek_fixed_2019_2026,,,,,,,,,,
2025,4,17,Cholera,31.0,1.0,1.0,5.0,7.0,perseWeeWeek_fixed_2019_2026,,,,,,,,,,
2025,4,17,Diphtheria,45.0,33.0,3.0,9.0,19.0,perseWeeWeek_fixed_2019_2026,,,,,,,,,,
2025,4,17,Lassa Fever,160.0,11.0,3.0,13.0,18.0,perseWeeWeek_fixed_2019_2026,,,,,,,,,,
2025,4,17,Measles,189.0,36.0,0.0,27.0,108.0,perseWeeWeek_fixed_2019_2026,,,,,,,,,,
2025,4,17,Mpox,47.0,6.0,0.0,11.0,23.0,perseWeeWeek_fixed_2019_2026,,,,,,,,,,
2025,4,17,Yellow Fever,26.0,0.0,0.0,14.0,22.0,perseWeeWeek_fixed_2019_2026,,,,,,,,,,
2025,5,18,AFP,107.0,0.0,0.0,27.0,107.0,perseWeeWeek_fixed_2019_2026,,,,,,,,,,
2025,5,18,COVID-19,103.0,2.0,0.0,6.0,37.0,perseWeeWeek_fixed_2019_2026,,,,,,,,,,
2025,5,18,CSM,183.0,13.0,3.0,12.0,15.0,perseWeeWeek_fixed_2019_2026,,,,,,,,,,
2025,5,18,Cholera,35.0,2.0,1.0,6.0,10.0,perseWeeWeek_fixed_2019_2026,,,,,,,,,,
2025,5,18,Diphtheria,67.0,58.0,2.0,6.0,14.0,perseWeeWeek_fixed_2019_2026,,,,,,,,,,
2025,5,18,Lassa Fever,209.0,10.0,3.0,10.0,18.0,perseWeeWeek_fixed_2019_2026,,,,,,,,,,
2025,5,18,Measles,168.0,21.0,0.0,30.0,97.0,perseWeeWeek_fixed_2019_2026,,,,,,,,,,
2025,5,18,Mpox,9.0,2.0,0.0,6.0,8.0,perseWeeWeek_fixed_2019_2026,,,,,,,,,,
2025,5,18,Yellow Fever,26.0,0.0,0.0,12.0,18.0,perseWeeWeek_fixed_2019_2026,,,,,,,,,,
2025,5,19,AFP,105.0,0.0,0.0,27.0,105.0,perseWeeWeek_fixed_2019_2026,,,,,,,,,,
2025,5,19,COVID-19,43.0,0.0,0.0,3.0,15.0,perseWeeWeek_fixed_2019_2026,,,,,,,,,,
2025,5,19,CSM,141.0,10.0,1.0,10.0,11.0,perseWeeWeek_fixed_2019_2026,,,,,,,,,,
2025,5,19,Cholera,62.0,1.0,5.0,9.0,13.0,perseWeeWeek_fixed_2019_2026,,,,,,,,,,
2025,5,19,Diphtheria,50.0,41.0,1.0,5.0,16.0,perseWeeWeek_fixed_2019_2026,,,,,,,,,,
2025,5,19,Lassa Fever,82.0,3.0,2.0,7.0,13.0,perseWeeWeek_fixed_2019_2026,,,,,,,,,,
2025,5,19,Measles,181.0,27.0,0.0,25.0,93.0,perseWeeWeek_fixed_2019_2026,,,,,,,,,,
2025,5,19,Mpox,16.0,3.0,0.0,7.0,12.0,perseWeeWeek_fixed_2019_2026,,,,,,,,,,
2025,5,19,Yellow Fever,21.0,0.0,0.0,9.0,19.0,perseWeeWeek_fixed_2019_2026,,,,,,,,,,
2025,5,20,AFP,66.0,0.0,0.0,26.0,66.0,perseWeeWeek_fixed_2019_2026,,,,,,,,,,
2025,5,20,COVID-19,88.0,0.0,0.0,7.0,37.0,perseWeeWeek_fixed_2019_2026,,,,,,,,,,
2025,5,20,CSM,116.0,1.0,4.0,13.0,161.0,perseWeeWeek_fixed_2019_2026,,,,,,,,,,
2025,5,20,Cholera,65.0,0.0,1.0,10.0,19.0,perseWeeWeek_fixed_2019_2026,,,,,,,,,,
2025,5,20,Diphtheria,28.0,17.0,1.0,5.0,10.0,perseWeeWeek_fixed_2019_2026,,,,,,,,,,
2025,5,20,Lassa Fever,155.0,13.0,1.0,10.0,19.0,perseWeeWeek_fixed_2019_2026,,,,,,,,,,
2025,5,20,Measles,146.0,19.0,0.0,25.0,86.0,perseWeeWeek_fixed_2019_2026,,,,,,,,,,
2025,5,20,Mpox,23.0,10.0,0.0,10.0,17.0,perseWeeWeek_fixed_2019_2026,,,,,,,,,,
2025,5,20,Yellow Fever,2.0,0.0,0.0,2.0,2.0,perseWeeWeek_fixed_2019_2026,,,,,,,,,,
2025,5,21,AFP,81.0,0.0,0.0,23.0,81.0,perseWeeWeek_fixed_2019_2026,,,,,,,,,,
2025,5,21,COVID-19,114.0,2.0,0.0,6.0,44.0,perseWeeWeek_fixed_2019_2026,,,,,,,,,,
2025,5,21,CSM,16.0,0.0,0.0,9.0,15.0,perseWeeWeek_fixed_2019_2026,,,,,,,,,,
2025,5,21,Cholera,50.0,0.0,1.0,11.0,17.0,perseWeeWeek_fixed_2019_2026,,,,,,,,,,
2025,5,21,Diphtheria,162.0,115.0,10.0,4.0,11.0,perseWeeWeek_fixed_2019_2026,,,,,,,,,,
2025,5,21,Lassa Fever,124.0,6.0,0.0,11.0,14.0,perseWeeWeek_fixed_2019_2026,,,,,,,,,,
2025,5,21,Measles,724.0,577.0,0.0,30.0,125.0,perseWeeWeek_fixed_2019_2026,,,,,,,,,,
2025,5,21,Mpox,16.0,2.0,0.0,12.0,15.0,perseWeeWeek_fixed_2019_2026,,,,,,,,,,
2025,5,21,Yellow Fever,43.0,0.0,0.0,20.0,35.0,perseWeeWeek_fixed_2019_2026,,,,,,,,,,
2025,6,22,AFP,62.0,0.0,0.0,22.0,62.0,perseWeeWeek_fixed_2019_2026,,,,,,,,,,
2025,6,22,COVID-19,45.0,0.0,0.0,4.0,20.0,perseWeeWeek_fixed_2019_2026,,,,,,,,,,
2025,6,22,CSM,11.0,0.0,0.0,5.0,7.0,perseWeeWeek_fixed_2019_2026,,,,,,,,,,
2025,6,22,Cholera,26.0,0.0,0.0,5.0,10.0,perseWeeWeek_fixed_2019_2026,,,,,,,,,,
2025,6,22,Diphtheria,138.0,86.0,3.0,3.0,7.0,perseWeeWeek_fixed_2019_2026,,,,,,,,,,
2025,6,22,Lassa Fever,155.0,8.0,0.0,6.0,14.0,perseWeeWeek_fixed_2019_2026,,,,,,,,,,
2025,6,22,Measles,255.0,169.0,0.0,29.0,92.0,perseWeeWeek_fixed_2019_2026,,,,,,,,,,
2025,6,22,Mpox,15.0,3.0,0.0,7.0,10.0,perseWeeWeek_fixed_2019_2026,,,,,,,,,,
2025,6,22,Yellow Fever,30.0,0.0,1.0,18.0,30.0,perseWeeWeek_fixed_2019_2026,,,,,,,,,,
2025,6,23,AFP,35.0,0.0,0.0,17.0,35.0,perseWeeWeek_fixed_2019_2026,,,,,,,,,,
2025,6,23,COVID-19,59.0,0.0,0.0,4.0,21.0,perseWeeWeek_fixed_2019_2026,,,,,,,,,,
2025,6,23,CSM,4.0,0.0,0.0,1.0,1.0,perseWeeWeek_fixed_2019_2026,,,,,,,,,,
2025,6,23,Cholera,11.0,0.0,0.0,4.0,7.0,perseWeeWeek_fixed_2019_2026,,,,,,,,,,
2025,6,23,Diphtheria,141.0,91.0,4.0,10.0,31.0,perseWeeWeek_fixed_2019_2026,,,,,,,,,,
2025,6,23,Lassa Fever,146.0,11.0,1.0,10.0,14.0,perseWeeWeek_fixed_2019_2026,,,,,,,,,,
2025,6,23,Measles,305.0,230.0,0.0,26.0,73.0,perseWeeWeek_fixed_2019_2026,,,,,,,,,,
2025,6,23,Mpox,26.0,10.0,0.0,10.0,20.0,perseWeeWeek_fixed_2019_2026,,,,,,,,,,
2025,6,23,Yellow Fever,31.0,0.0,0.0,17.0,26.0,perseWeeWeek_fixed_2019_2026,,,,,,,,,,
2025,6,24,AFP,16.0,0.0,0.0,3.0,16.0,perseWeeWeek_fixed_2019_2026,,,,,,,,,,
2025,6,24,COVID-19,58.0,1.0,0.0,5.0,26.0,perseWeeWeek_fixed_2019_2026,,,,,,,,,,
2025,6,24,CSM,2.0,0.0,0.0,2.0,2.0,perseWeeWeek_fixed_2019_2026,,,,,,,,,,
2025,6,24,Cholera,1.0,0.0,0.0,1.0,1.0,perseWeeWeek_fixed_2019_2026,,,,,,,,,,
2025,6,24,Diphtheria,170.0,90.0,3.0,10.0,51.0,perseWeeWeek_fixed_2019_2026,,,,,,,,,,
2025,6,24,Lassa Fever,138.0,8.0,2.0,9.0,14.0,perseWeeWeek_fixed_2019_2026,,,,,,,,,,
2025,6,24,Measles,270.0,171.0,0.0,29.0,97.0,perseWeeWeek_fixed_2019_2026,,,,,,,,,,
2025,6,24,Mpox,22.0,11.0,0.0,9.0,13.0,perseWeeWeek_fixed_2019_2026,,,,,,,,,,
2025,6,24,Yellow Fever,46.0,0.0,0.0,22.0,36.0,perseWeeWeek_fixed_2019_2026,,,,,,,,,,
2025,6,25,AFP,2.0,0.0,0.0,1.0,1.0,perseWeeWeek_fixed_2019_2026,,,,,,,,,,
2025,6,25,COVID-19,80.0,3.0,0.0,4.0,34.0,perseWeeWeek_fixed_2019_2026,,,,,,,,,,
2025,6,25,CSM,0.0,0.0,0.0,0.0,0.0,perseWeeWeek_fixed_2019_2026,,,,,,,,,,
2025,6,25,Cholera,306.0,2.0,9.0,9.0,24.0,perseWeeWeek_fixed_2019_2026,,,,,,,,,,
2025,6,25,Diphtheria,173.0,97.0,6.0,11.0,53.0,perseWeeWeek_fixed_2019_2026,,,,,,,,,,
2025,6,25,Lassa Fever,197.0,10.0,0.0,13.0,16.0,perseWeeWeek_fixed_2019_2026,,,,,,,,,,
2025,6,25,Measles,208.0,120.0,0.0,22.0,73.0,perseWeeWeek_fixed_2019_2026,,,,,,,,,,
2025,6,25,Mpox,20.0,7.0,0.0,8.0,16.0,perseWeeWeek_fixed_2019_2026,,,,,,,,,,
2025,6,25,Yellow Fever,34.0,0.0,0.0,19.0,29.0,perseWeeWeek_fixed_2019_2026,,,,,,,,,,
2025,6,26,AFP,143.0,0.0,0.0,27.0,143.0,perseWeeWeek_fixed_2019_2026,,,,,,,,,,
2025,6,26,COVID-19,62.0,0.0,0.0,4.0,34.0,perseWeeWeek_fixed_2019_2026,,,,,,,,,,
2025,6,26,CSM,0.0,0.0,0.0,0.0,0.0,perseWeeWeek_fixed_2019_2026,,,,,,,,,,
2025,6,26,Cholera,420.0,0.0,11.0,12.0,25.0,perseWeeWeek_fixed_2019_2026,,,,,,,,,,
2025,6,26,Diphtheria,162.0,105.0,8.0,10.0,40.0,perseWeeWeek_fixed_2019_2026,,,,,,,,,,
2025,6,26,Lassa Fever,148.0,9.0,3.0,13.0,16.0,perseWeeWeek_fixed_2019_2026,,,,,,,,,,
2025,6,26,Measles,198.0,128.0,0.0,25.0,72.0,perseWeeWeek_fixed_2019_2026,,,,,,,,,,
2025,6,26,Mpox,19.0,13.0,0.0,8.0,12.0,perseWeeWeek_fixed_2019_2026,,,,,,,,,,
2025,6,26,Yellow Fever,37.0,0.0,0.0,23.0,33.0,perseWeeWeek_fixed_2019_2026,,,,,,,,,,
2025,7,27,AFP,121.0,0.0,0.0,31.0,121.0,perseWeeWeek_fixed_2019_2026,,,,,,,,,,
2025,7,27,COVID-19,102.0,3.0,0.0,5.0,41.0,perseWeeWeek_fixed_2019_2026,,,,,,,,,,
2025,7,27,CSM,0.0,0.0,0.0,0.0,0.0,perseWeeWeek_fixed_2019_2026,,,,,,,,,,
2025,7,27,Cholera,547.0,1.0,12.0,13.0,31.0,perseWeeWeek_fixed_2019_2026,,,,,,,,,,
2025,7,27,Diphtheria,274.0,198.0,17.0,10.0,50.0,perseWeeWeek_fixed_2019_2026,,,,,,,,,,
2025,7,27,Lassa Fever,149.0,11.0,3.0,13.0,19.0,perseWeeWeek_fixed_2019_2026,,,,,,,,,,
2025,7,27,Measles,105.0,43.0,0.0,23.0,54.0,perseWeeWeek_fixed_2019_2026,,,,,,,,,,
2025,7,27,Mpox,28.0,13.0,0.0,11.0,20.0,perseWeeWeek_fixed_2019_2026,,,,,,,,,,
2025,7,27,Yellow Fever,41.0,0.0,0.0,19.0,33.0,perseWeeWeek_fixed_2019_2026,,,,,,,,,,
2025,7,28,AFP,110.0,0.0,0.0,21.0,110.0,perseWeeWeek_fixed_2019_2026,,,,,,,,,,
2025,7,28,COVID-19,90.0,2.0,0.0,2.0,33.0,perseWeeWeek_fixed_2019_2026,,,,,,,,,,
2025,7,28,CSM,0.0,0.0,0.0,0.0,0.0,perseWeeWeek_fixed_2019_2026,,,,,,,,,,
2025,7,28,Cholera,538.0,0.0,8.0,13.0,33.0,perseWeeWeek_fixed_2019_2026,,,,,,,,,,
2025,7,28,Diphtheria,252.0,154.0,22.0,11.0,49.0,perseWeeWeek_fixed_2019_2026,,,,,,,,,,
2025,7,28,Lassa Fever,265.0,11.0,1.0,9.0,15.0,perseWeeWeek_fixed_2019_2026,,,,,,,,,,
2025,7,28,Measles,63.0,14.0,0.0,17.0,42.0,perseWeeWeek_fixed_2019_2026,,,,,,,,,,
2025,7,28,Mpox,26.0,7.0,0.0,9.0,18.0,perseWeeWeek_fixed_2019_2026,,,,,,,,,,
2025,7,28,Yellow Fever,42.0,0.0,0.0,23.0,35.0,perseWeeWeek_fixed_2019_2026,,,,,,,,,,
2025,7,29,AFP,76.0,0.0,0.0,26.0,76.0,perseWeeWeek_fixed_2019_2026,,,,,,,,,,
2025,7,29,COVID-19,66.0,1.0,0.0,4.0,27.0,perseWeeWeek_fixed_2019_2026,,,,,,,,,,
2025,7,29,CSM,0.0,0.0,0.0,0.0,0.0,perseWeeWeek_fixed_2019_2026,,,,,,,,,,
2025,7,29,Cholera,660.0,0.0,10.0,12.0,33.0,perseWeeWeek_fixed_2019_2026,,,,,,,,,,
2025,7,29,Diphtheria,107.0,29.0,3.0,9.0,32.0,perseWeeWeek_fixed_2019_2026,,,,,,,,,,
2025,7,29,Lassa Fever,120.0,11.0,3.0,10.0,15.0,perseWeeWeek_fixed_2019_2026,,,,,,,,,,
2025,7,29,Measles,22.0,4.0,0.0,11.0,19.0,perseWeeWeek_fixed_2019_2026,,,,,,,,,,
2025,7,29,Mpox,9.0,3.0,0.0,5.0,8.0,perseWeeWeek_fixed_2019_2026,,,,,,,,,,
2025,7,29,Yellow Fever,25.0,0.0,0.0,18.0,23.0,perseWeeWeek_fixed_2019_2026,,,,,,,,,,
2025,7,30,AFP,113.0,0.0,0.0,26.0,113.0,perseWeeWeek_fixed_2019_2026,,,,,,,,,,
2025,7,30,COVID-19,100.0,1.0,0.0,6.0,33.0,perseWeeWeek_fixed_2019_2026,,,,,,,,,,
2025,7,30,CSM,0.0,0.0,0.0,0.0,0.0,perseWeeWeek_fixed_2019_2026,,,,,,,,,,
2025,7,30,Cholera,702.0,0.0,12.0,13.0,34.0,perseWeeWeek_fixed_2019_2026,,,,,,,,,,
2025,7,30,Diphtheria,237.0,185.0,14.0,10.0,44.0,perseWeeWeek_fixed_2019_2026,,,,,,,,,,
2025,7,30,Lassa Fever,91.0,3.0,0.0,8.0,13.0,perseWeeWeek_fixed_2019_2026,,,,,,,,,,
2025,7,30,Measles,98.0,38.0,0.0,23.0,58.0,perseWeeWeek_fixed_2019_2026,,,,,,,,,,
2025,7,30,Mpox,15.0,3.0,0.0,6.0,12.0,perseWeeWeek_fixed_2019_2026,,,,,,,,,,
2025,7,30,Yellow Fever,34.0,0.0,0.0,16.0,28.0,perseWeeWeek_fixed_2019_2026,,,,,,,,,,
2025,8,31,AFP,117.0,0.0,0.0,27.0,117.0,perseWeeWeek_fixed_2019_2026,,,,,,,,,,
2025,8,31,COVID-19,75.0,0.0,0.0,4.0,24.0,perseWeeWeek_fixed_2019_2026,,,,,,,,,,
2025,8,31,CSM,0.0,0.0,0.0,0.0,0.0,perseWeeWeek_fixed_2019_2026,,,,,,,,,,
2025,8,31,Cholera,734.0,0.0,13.0,8.0,27.0,perseWeeWeek_fixed_2019_2026,,,,,,,,,,
2025,8,31,Diphtheria,302.0,260.0,32.0,8.0,39.0,perseWeeWeek_fixed_2019_2026,,,,,,,,,,
2025,8,31,Lassa Fever,96.0,9.0,1.0,11.0,16.0,perseWeeWeek_fixed_2019_2026,,,,,,,,,,
2025,8,31,Mpox,22.0,10.0,0.0,10.0,16.0,perseWeeWeek_fixed_2019_2026,,,,,,,,,,
2025,8,31,Yellow Fever,31.0,0.0,0.0,16.0,27.0,perseWeeWeek_fixed_2019_2026,,,,,,,,,,
2025,8,32,AFP,106.0,0.0,0.0,28.0,106.0,perseWeeWeek_fixed_2019_2026,,,,,,,,,,
2025,8,32,COVID-19,113.0,2.0,0.0,5.0,43.0,perseWeeWeek_fixed_2019_2026,,,,,,,,,,
2025,8,32,CSM,0.0,0.0,0.0,0.0,0.0,perseWeeWeek_fixed_2019_2026,,,,,,,,,,
2025,8,32,Cholera,970.0,0.0,18.0,7.0,25.0,perseWeeWeek_fixed_2019_2026,,,,,,,,,,
2025,8,32,Diphtheria,293.0,243.0,34.0,8.0,39.0,perseWeeWeek_fixed_2019_2026,,,,,,,,,,
2025,8,32,Lassa Fever,86.0,12.0,3.0,6.0,18.0,perseWeeWeek_fixed_2019_2026,,,,,,,,,,
2025,8,32,Measles,77.0,20.0,0.0,21.0,49.0,perseWeeWeek_fixed_2019_2026,,,,,,,,,,
2025,8,32,Mpox,35.0,13.0,0.0,13.0,20.0,perseWeeWeek_fixed_2019_2026,,,,,,,,,,
2025,8,32,Yellow Fever,28.0,0.0,0.0,15.0,21.0,perseWeeWeek_fixed_2019_2026,,,,,,,,,,
2025,8,33,AFP,115.0,0.0,0.0,27.0,115.0,perseWeeWeek_fixed_2019_2026,,,,,,,,,,
2025,8,33,COVID-19,69.0,1.0,0.0,4.0,19.0,perseWeeWeek_fixed_2019_2026,,,,,,,,,,
2025,8,33,CSM,0.0,0.0,0.0,0.0,0.0,perseWeeWeek_fixed_2019_2026,,,,,,,,,,
2025,8,33,Cholera,519.0,0.0,19.0,3.0,12.0,perseWeeWeek_fixed_2019_2026,,,,,,,,,,
2025,8,33,Diphtheria,182.0,160.0,12.0,8.0,17.0,perseWeeWeek_fixed_2019_2026,,,,,,,,,,
2025,8,33,Lassa Fever,94.0,5.0,0.0,12.0,15.0,perseWeeWeek_fixed_2019_2026,,,,,,,,,,
2025,8,33,Measles,22.0,4.0,0.0,12.0,19.0,perseWeeWeek_fixed_2019_2026,,,,,,,,,,
2025,8,33,Mpox,13.0,9.0,0.0,7.0,13.0,perseWeeWeek_fixed_2019_2026,,,,,,,,,,
2025,8,33,Yellow Fever,20.0,0.0,0.0,10.0,15.0,perseWeeWeek_fixed_2019_2026,,,,,,,,,,
2025,8,34,AFP,89.0,0.0,0.0,19.0,89.0,perseWeeWeek_fixed_2019_2026,,,,,,,,,,
2025,8,34,COVID-19,55.0,0.0,0.0,3.0,20.0,perseWeeWeek_fixed_2019_2026,,,,,,,,,,
2025,8,34,CSM,0.0,0.0,0.0,0.0,0.0,perseWeeWeek_fixed_2019_2026,,,,,,,,,,
2025,8,34,Cholera,647.0,0.0,17.0,9.0,26.0,perseWeeWeek_fixed_2019_2026,,,,,,,,,,
2025,8,34,Diphtheria,114.0,105.0,6.0,2.0,6.0,perseWeeWeek_fixed_2019_2026,,,,,,,,,,
2025,8,34,Lassa Fever,126.0,3.0,1.0,13.0,22.0,perseWeeWeek_fixed_2019_2026,,,,,,,,,,
2025,8,34,Measles,7.0,2.0,0.0,3.0,4.0,perseWeeWeek_fixed_2019_2026,,,,,,,,,,
2025,8,34,Mpox,45.0,25.0,0.0,10.0,24.0,perseWeeWeek_fixed_2019_2026,,,,,,,,,,
2025,8,34,Yellow Fever,27.0,0.0,0.0,12.0,21.0,perseWeeWeek_fixed_2019_2026,,,,,,,,,,
2025,8,35,AFP,28.0,0.0,0.0,13.0,28.0,perseWeeWeek_fixed_2019_2026,,,,,,,,,,
2025,8,35,COVID-19,9.0,0.0,0.0,1.0,2.0,perseWeeWeek_fixed_2019_2026,,,,,,,,,,
2025,8,35,CSM,0.0,0.0,0.0,0.0,0.0,perseWeeWeek_fixed_2019_2026,,,,,,,,,,
2025,8,35,Cholera,459.0,7.0,2.0,11.0,22.0,perseWeeWeek_fixed_2019_2026,,,,,,,,,,
2025,8,35,Diphtheria,166.0,102.0,6.0,5.0,24.0,perseWeeWeek_fixed_2019_2026,,,,,,,,,,
2025,8,35,Lassa Fever,125.0,10.0,2.0,10.0,15.0,perseWeeWeek_fixed_2019_2026,,,,,,,,,,
2025,8,35,Measles,1.0,0.0,0.0,1.0,1.0,perseWeeWeek_fixed_2019_2026,,,,,,,,,,
2025,8,35,Mpox,26.0,6.0,0.0,11.0,17.0,perseWeeWeek_fixed_2019_2026,,,,,,,,,,
2025,8,35,Yellow Fever,9.0,0.0,0.0,7.0,8.0,perseWeeWeek_fixed_2019_2026,,,,,,,,,,
2025,9,36,AFP,63.0,0.0,0.0,22.0,63.0,perseWeeWeek_fixed_2019_2026,,,,,,,,,,
2025,9,36,COVID-19,48.0,0.0,0.0,4.0,24.0,perseWeeWeek_fixed_2019_2026,,,,,,,,,,
2025,9,36,CSM,0.0,0.0,0.0,0.0,0.0,perseWeeWeek_fixed_2019_2026,,,,,,,,,,
2025,9,36,Cholera,312.0,0.0,1.0,9.0,21.0,perseWeeWeek_fixed_2019_2026,,,,,,,,,,
2025,9,36,Diphtheria,47.0,36.0,0.0,3.0,8.0,perseWeeWeek_fixed_2019_2026,,,,,,,,,,
2025,9,36,Lassa Fever,147.0,13.0,4.0,9.0,18.0,perseWeeWeek_fixed_2019_2026,,,,,,,,,,
2025,9,36,Measles,29.0,5.0,0.0,8.0,17.0,perseWeeWeek_fixed_2019_2026,,,,,,,,,,
2025,9,36,Mpox,28.0,9.0,0.0,10.0,16.0,perseWeeWeek_fixed_2019_2026,,,,,,,,,,
2025,9,36,Yellow Fever,31.0,0.0,0.0,15.0,24.0,perseWeeWeek_fixed_2019_2026,,,,,,,,,,
2025,9,37,AFP,22.0,0.0,0.0,13.0,22.0,perseWeeWeek_fixed_2019_2026,,,,,,,,,,
2025,9,37,COVID-19,53.0,0.0,0.0,4.0,24.0,perseWeeWeek_fixed_2019_2026,,,,,,,,,,
2025,9,37,CSM,0.0,0.0,0.0,0.0,0.0,perseWeeWeek_fixed_2019_2026,,,,,,,,,,
2025,9,37,Cholera,303.0,0.0,9.0,6.0,16.0,perseWeeWeek_fixed_2019_2026,,,,,,,,,,
2025,9,37,Diphtheria,2.0,0.0,0.0,1.0,1.0,perseWeeWeek_fixed_2019_2026,,,,,,,,,,
2025,9,37,Lassa Fever,146.0,11.0,2.0,11.0,14.0,perseWeeWeek_fixed_2019_2026,,,,,,,,,,
2025,9,37,Measles,3.0,0.0,0.0,2.0,2.0,perseWeeWeek_fixed_2019_2026,,,,,,,,,,
2025,9,37,Mpox,25.0,7.0,0.0,11.0,19.0,perseWeeWeek_fixed_2019_2026,,,,,,,,,,
2025,9,37,Yellow Fever,13.0,1.0,0.0,11.0,13.0,perseWeeWeek_fixed_2019_2026,,,,,,,,,,
2025,9,38,AFP,12.0,0.0,0.0,9.0,12.0,perseWeeWeek_fixed_2019_2026,,,,,,,,,,
2025,9,38,COVID-19,11.0,0.0,0.0,1.0,3.0,perseWeeWeek_fixed_2019_2026,,,,,,,,,,
2025,9,38,CSM,0.0,0.0,0.0,0.0,0.0,perseWeeWeek_fixed_2019_2026,,,,,,,,,,
2025,9,38,Cholera,0.0,0.0,0.0,0.0,0.0,perseWeeWeek_fixed_2019_2026,,,,,,,,,,
2025,9,38,Diphtheria,73.0,47.0,2.0,7.0,28.0,perseWeeWeek_fixed_2019_2026,,,,,,,,,,
2025,9,38,Lassa Fever,118.0,11.0,2.0,11.0,13.0,perseWeeWeek_fixed_2019_2026,,,,,,,,,,
2025,9,38,Measles,0.0,0.0,0.0,0.0,0.0,perseWeeWeek_fixed_2019_2026,,,,,,,,,,
2025,9,38,Mpox,24.0,7.0,0.0,9.0,18.0,perseWeeWeek_fixed_2019_2026,,,,,,,,,,
2025,9,38,Yellow Fever,3.0,0.0,0.0,3.0,3.0,perseWeeWeek_fixed_2019_2026,,,,,,,,,,
2025,9,39,AFP,116.0,0.0,0.0,30.0,88.0,perseWeeWeek_fixed_2019_2026,,,,,,,,,,
2025,9,39,COVID-19,58.0,0.0,0.0,6.0,38.0,perseWeeWeek_fixed_2019_2026,,,,,,,,,,
2025,9,39,CSM,0.0,0.0,0.0,0.0,0.0,perseWeeWeek_fixed_2019_2026,,,,,,,,,,
2025,9,39,Cholera,584.0,1.0,5.0,10.0,22.0,perseWeeWeek_fixed_2019_2026,,,,,,,,,,
2025,9,39,Diphtheria,122.0,102.0,10.0,5.0,12.0,perseWeeWeek_fixed_2019_2026,,,,,,,,,,
2025,9,39,Lassa Fever,117.0,4.0,0.0,14.0,31.0,perseWeeWeek_fixed_2019_2026,,,,,,,,,,
2025,9,39,Measles,14.0,5.0,0.0,4.0,10.0,perseWeeWeek_fixed_2019_2026,,,,,,,,,,
2025,9,39,Mpox,41.0,10.0,0.0,5.0,25.0,perseWeeWeek_fixed_2019_2026,,,,,,,,,,
2025,9,39,Yellow Fever,32.0,0.0,0.0,16.0,28.0,perseWeeWeek_fixed_2019_2026,,,,,,,,,,
2025,10,40,AFP,157.0,1.0,2.0,31.0,110.0,perseWeeWeek_fixed_2019_2026,,,,,,,,,,
2025,10,40,COVID-19,34.0,0.0,0.0,3.0,23.0,perseWeeWeek_fixed_2019_2026,,,,,,,,,,
2025,10,40,CSM,62.0,0.0,4.0,6.0,9.0,perseWeeWeek_fixed_2019_2026,,,,,,,,,,
2025,10,40,Cholera,1137.0,2.0,0.0,11.0,21.0,perseWeeWeek_fixed_2019_2026,,,,,,,,,,
2025,10,40,Diphtheria,394.0,346.0,16.0,12.0,37.0,perseWeeWeek_fixed_2019_2026,,,,,,,,,,
2025,10,40,Lassa Fever,119.0,13.0,4.0,7.0,24.0,perseWeeWeek_fixed_2019_2026,,,,,,,,,,
2025,10,40,Measles,70.0,15.0,0.0,15.0,52.0,perseWeeWeek_fixed_2019_2026,,,,,,,,,,
2025,10,40,Mpox,22.0,1.0,0.0,1.0,15.0,perseWeeWeek_fixed_2019_2026,,,,,,,,,,
2025,10,40,Yellow Fever,46.0,0.0,0.0,17.0,39.0,perseWeeWeek_fixed_2019_2026,,,,,,,,,,
2025,10,41,AFP,144.0,0.0,0.0,28.0,101.0,perseWeeWeek_fixed_2019_2026,,,,,,,,,,
2025,10,41,COVID-19,83.0,0.0,0.0,4.0,41.0,perseWeeWeek_fixed_2019_2026,,,,,,,,,,
2025,10,41,CSM,6.0,0.0,0.0,3.0,4.0,perseWeeWeek_fixed_2019_2026,,,,,,,,,,
2025,10,41,Cholera,690.0,0.0,18.0,8.0,24.0,perseWeeWeek_fixed_2019_2026,,,,,,,,,,
2025,10,41,Diphtheria,389.0,333.0,16.0,10.0,35.0,perseWeeWeek_fixed_2019_2026,,,,,,,,,,
2025,10,41,Lassa Fever,115.0,11.0,2.0,14.0,38.0,perseWeeWeek_fixed_2019_2026,,,,,,,,,,
2025,10,41,Measles,45.0,4.0,0.0,15.0,36.0,perseWeeWeek_fixed_2019_2026,,,,,,,,,,
2025,10,41,Mpox,38.0,5.0,0.0,5.0,24.0,perseWeeWeek_fixed_2019_2026,,,,,,,,,,
2025,10,41,Yellow Fever,45.0,0.0,0.0,21.0,38.0,perseWeeWeek_fixed_2019_2026,,,,,,,,,,
2025,10,42,AFP,165.0,1.0,0.0,28.0,97.0,perseWeeWeek_fixed_2019_2026,,,,,,,,,,
2025,10,42,COVID-19,106.0,0.0,0.0,6.0,40.0,perseWeeWeek_fixed_2019_2026,,,,,,,,,,
2025,10,42,CSM,6.0,0.0,0.0,4.0,6.0,perseWeeWeek_fixed_2019_2026,,,,,,,,,,
2025,10,42,Cholera,233.0,0.0,1.0,7.0,17.0,perseWeeWeek_fixed_2019_2026,,,,,,,,,,
2025,10,42,Diphtheria,380.0,299.0,22.0,9.0,37.0,perseWeeWeek_fixed_2019_2026,,,,,,,,,,
2025,10,42,Lassa Fever,118.0,8.0,1.0,11.0,29.0,perseWeeWeek_fixed_2019_2026,,,,,,,,,,
2025,10,42,Measles,20.0,1.0,0.0,10.0,15.0,perseWeeWeek_fixed_2019_2026,,,,,,,,,,
2025,10,42,Mpox,20.0,4.0,0.0,2.0,12.0,perseWeeWeek_fixed_2019_2026,,,,,,,,,,
2025,10,42,Yellow Fever,42.0,0.0,0.0,17.0,33.0,perseWeeWeek_fixed_2019_2026,,,,,,,,,,
2025,10,43,AFP,121.0,0.0,1.0,28.0,90.0,perseWeeWeek_fixed_2019_2026,,,,,,,,,,
2025,10,43,COVID-19,,,,,29.0,perseWeeWeek_fixed_2019_2026,,,,,,,,,,
2025,10,43,CSM,3.0,0.0,0.0,3.0,3.0,perseWeeWeek_fixed_2019_2026,,,,,,,,,,
2025,10,43,Cholera,246.0,0.0,5.0,7.0,16.0,perseWeeWeek_fixed_2019_2026,,,,,,,,,,
2025,10,43,Diphtheria,336.0,283.0,18.0,11.0,39.0,perseWeeWeek_fixed_2019_2026,,,,,,,,,,
2025,10,43,Lassa Fever,99.0,11.0,1.0,9.0,28.0,perseWeeWeek_fixed_2019_2026,,,,,,,,,,
2025,10,43,Measles,8.0,0.0,0.0,4.0,5.0,perseWeeWeek_fixed_2019_2026,,,,,,,,,,
2025,10,43,Mpox,24.0,10.0,0.0,5.0,15.0,perseWeeWeek_fixed_2019_2026,,,,,,,,,,
2025,10,43,Yellow Fever,50.0,0.0,0.0,22.0,45.0,perseWeeWeek_fixed_2019_2026,,,,,,,,,,
2025,11,44,AFP,108.0,0.0,0.0,26.0,70.0,perseWeeWeek_fixed_2019_2026,,,,,,,,,,
2025,11,44,COVID-19,149.0,1.0,0.0,8.0,51.0,perseWeeWeek_fixed_2019_2026,,,,,,,,,,
2025,11,44,CSM,1.0,0.0,0.0,1.0,1.0,perseWeeWeek_fixed_2019_2026,,,,,,,,,,
2025,11,44,Cholera,125.0,2.0,8.0,8.0,15.0,perseWeeWeek_fixed_2019_2026,,,,,,,,,,
2025,11,44,Diphtheria,116.0,99.0,4.0,6.0,13.0,perseWeeWeek_fixed_2019_2026,,,,,,,,,,
2025,11,44,Lassa Fever,96.0,12.0,1.0,13.0,30.0,perseWeeWeek_fixed_2019_2026,,,,,,,,,,
2025,11,44,Measles,0.0,0.0,0.0,0.0,0.0,perseWeeWeek_fixed_2019_2026,,,,,,,,,,
2025,11,44,Mpox,38.0,6.0,0.0,4.0,21.0,perseWeeWeek_fixed_2019_2026,,,,,,,,,,
2025,11,44,Yellow Fever,34.0,0.0,0.0,11.0,26.0,perseWeeWeek_fixed_2019_2026,,,,,,,,,,
2025,11,45,AFP,111.0,0.0,1.0,26.0,76.0,perseWeeWeek_fixed_2019_2026,,,,,,,,,,
2025,11,45,COVID-19,0.0,0.0,0.0,0.0,0.0,perseWeeWeek_fixed_2019_2026,,,,,,,,,,
2025,11,45,CSM,1.0,0.0,0.0,1.0,1.0,perseWeeWeek_fixed_2019_2026,,,,,,,,,,
2025,11,45,Cholera,39.0,0.0,0.0,8.0,9.0,perseWeeWeek_fixed_2019_2026,,,,,,,,,,
2025,11,45,Diphtheria,145.0,118.0,1.0,4.0,12.0,perseWeeWeek_fixed_2019_2026,,,,,,,,,,
2025,11,45,Lassa Fever,84.0,10.0,1.0,2.0,16.0,perseWeeWeek_fixed_2019_2026,,,,,,,,,,
2025,11,45,Measles,0.0,0.0,0.0,0.0,0.0,perseWeeWeek_fixed_2019_2026,,,,,,,,,,
2025,11,45,Mpox,48.0,18.0,0.0,8.0,24.0,perseWeeWeek_fixed_2019_2026,,,,,,,,,,
2025,11,45,Yellow Fever,15.0,0.0,0.0,12.0,14.0,perseWeeWeek_fixed_2019_2026,,,,,,,,,,
2025,11,46,AFP,133.0,0.0,1.0,27.0,85.0,perseWeeWeek_fixed_2019_2026,,,,,,,,,,
2025,11,46,COVID-19,26.0,0.0,0.0,4.0,20.0,perseWeeWeek_fixed_2019_2026,,,,,,,,,,
2025,11,46,CSM,4.0,0.0,0.0,4.0,4.0,perseWeeWeek_fixed_2019_2026,,,,,,,,,,
2025,11,46,Cholera,94.0,0.0,0.0,6.0,8.0,perseWeeWeek_fixed_2019_2026,,,,,,,,,,
2025,11,46,Diphtheria,874.0,738.0,24.0,8.0,47.0,perseWeeWeek_fixed_2019_2026,,,,,,,,,,
2025,11,46,Lassa Fever,126.0,19.0,0.0,3.0,29.0,perseWeeWeek_fixed_2019_2026,,,,,,,,,,
2025,11,46,Measles,15.0,0.0,0.0,6.0,8.0,perseWeeWeek_fixed_2019_2026,,,,,,,,,,
2025,11,46,Mpox,24.0,1.0,0.0,1.0,12.0,perseWeeWeek_fixed_2019_2026,,,,,,,,,,
2025,11,46,Yellow Fever,36.0,0.0,0.0,13.0,31.0,perseWeeWeek_fixed_2019_2026,,,,,,,,,,
2025,11,47,AFP,174.0,0.0,0.0,29.0,74.0,perseWeeWeek_fixed_2019_2026,,,,,,,,,,
2025,11,47,COVID-19,27.0,0.0,0.0,3.0,17.0,perseWeeWeek_fixed_2019_2026,,,,,,,,,,
2025,11,47,CSM,0.0,0.0,0.0,0.0,0.0,perseWeeWeek_fixed_2019_2026,,,,,,,,,,
2025,11,47,Cholera,101.0,0.0,0.0,4.0,4.0,perseWeeWeek_fixed_2019_2026,,,,,,,,,,
2025,11,47,Diphtheria,736.0,679.0,29.0,9.0,41.0,perseWeeWeek_fixed_2019_2026,,,,,,,,,,
2025,11,47,Lassa Fever,119.0,17.0,0.0,10.0,30.0,perseWeeWeek_fixed_2019_2026,,,,,,,,,,
2025,11,47,Measles,2.0,0.0,0.0,1.0,2.0,perseWeeWeek_fixed_2019_2026,,,,,,,,,,
2025,11,47,Mpox,46.0,8.0,0.0,6.0,28.0,perseWeeWeek_fixed_2019_2026,,,,,,,,,,
2025,11,47,Yellow Fever,47.0,0.0,0.0,20.0,31.0,perseWeeWeek_fixed_2019_2026,,,,,,,,,,
2025,11,48,AFP,98.0,1.0,0.0,27.0,69.0,perseWeeWeek_fixed_2019_2026,,,,,,,,,,
2025,11,48,COVID-19,22.0,0.0,0.0,2.0,8.0,perseWeeWeek_fixed_2019_2026,,,,,,,,,,
2025,11,48,CSM,7.0,0.0,1.0,4.0,6.0,perseWeeWeek_fixed_2019_2026,,,,,,,,,,
2025,11,48,Cholera,135.0,0.0,2.0,6.0,9.0,perseWeeWeek_fixed_2019_2026,,,,,,,,,,
2025,11,48,Diphtheria,644.0,584.0,13.0,7.0,37.0,perseWeeWeek_fixed_2019_2026,,,,,,,,,,
2025,11,48,Lassa Fever,97.0,24.0,0.0,11.0,28.0,perseWeeWeek_fixed_2019_2026,,,,,,,,,,
2025,11,48,Measles,86.0,0.0,0.0,20.0,56.0,perseWeeWeek_fixed_2019_2026,,,,,,,,,,
2025,11,48,Mpox,48.0,9.0,0.0,6.0,23.0,perseWeeWeek_fixed_2019_2026,,,,,,,,,,
2025,11,48,Yellow Fever,35.0,0.0,0.0,13.0,30.0,perseWeeWeek_fixed_2019_2026,,,,,,,,,,
2025,12,49,AFP,72.0,0.0,2.0,25.0,51.0,perseWeeWeek_fixed_2019_2026,,,,,,,,,,
2025,12,49,COVID-19,9.0,0.0,0.0,1.0,4.0,perseWeeWeek_fixed_2019_2026,,,,,,,,,,
2025,12,49,CSM,4.0,0.0,1.0,4.0,4.0,perseWeeWeek_fixed_2019_2026,,,,,,,,,,
2025,12,49,Cholera,141.0,0.0,2.0,5.0,6.0,perseWeeWeek_fixed_2019_2026,,,,,,,,,,
2025,12,49,Diphtheria,551.0,512.0,8.0,7.0,39.0,perseWeeWeek_fixed_2019_2026,,,,,,,,,,
2025,12,49,Lassa Fever,145.0,34.0,0.0,14.0,29.0,perseWeeWeek_fixed_2019_2026,,,,,,,,,,
2025,12,49,Measles,94.0,0.0,0.0,16.0,57.0,perseWeeWeek_fixed_2019_2026,,,,,,,,,,
2025,12,49,Mpox,16.0,3.0,0.0,2.0,7.0,perseWeeWeek_fixed_2019_2026,,,,,,,,,,
2025,12,49,Yellow Fever,20.0,0.0,0.0,11.0,15.0,perseWeeWeek_fixed_2019_2026,,,,,,,,,,
2025,12,50,AFP,59.0,0.0,0.0,23.0,38.0,perseWeeWeek_fixed_2019_2026,,,,,,,,,,
2025,12,50,COVID-19,8.0,0.0,0.0,1.0,2.0,perseWeeWeek_fixed_2019_2026,,,,,,,,,,
2025,12,50,CSM,15.0,0.0,4.0,6.0,7.0,perseWeeWeek_fixed_2019_2026,,,,,,,,,,
2025,12,50,Cholera,125.0,1.0,0.0,7.0,8.0,perseWeeWeek_fixed_2019_2026,,,,,,,,,,
2025,12,50,Diphtheria,444.0,422.0,3.0,6.0,28.0,perseWeeWeek_fixed_2019_2026,,,,,,,,,,
2025,12,50,Lassa Fever,123.0,28.0,0.0,7.0,29.0,perseWeeWeek_fixed_2019_2026,,,,,,,,,,
2025,12,50,Measles,31.0,0.0,0.0,8.0,20.0,perseWeeWeek_fixed_2019_2026,,,,,,,,,,
2025,12,50,Mpox,33.0,3.0,0.0,3.0,18.0,perseWeeWeek_fixed_2019_2026,,,,,,,,,,
2025,12,50,Yellow Fever,2.0,0.0,0.0,1.0,1.0,perseWeeWeek_fixed_2019_2026,,,,,,,,,,
2025,12,51,AFP,18.0,0.0,0.0,12.0,13.0,perseWeeWeek_fixed_2019_2026,,,,,,,,,,
2025,12,51,COVID-19,9.0,1.0,0.0,1.0,2.0,perseWeeWeek_fixed_2019_2026,,,,,,,,,,
2025,12,51,CSM,26.0,0.0,4.0,4.0,4.0,perseWeeWeek_fixed_2019_2026,,,,,,,,,,
2025,12,51,Cholera,11.0,2.0,0.0,4.0,5.0,perseWeeWeek_fixed_2019_2026,,,,,,,,,,
2025,12,51,Diphtheria,283.0,281.0,4.0,3.0,16.0,perseWeeWeek_fixed_2019_2026,,,,,,,,,,
2025,12,51,Lassa Fever,117.0,23.0,0.0,13.0,41.0,perseWeeWeek_fixed_2019_2026,,,,,,,,,,
2025,12,51,Measles,6.0,0.0,0.0,3.0,5.0,perseWeeWeek_fixed_2019_2026,,,,,,,,,,
2025,12,51,Mpox,34.0,4.0,0.0,3.0,19.0,perseWeeWeek_fixed_2019_2026,,,,,,,,,,
2025,12,51,Yellow Fever,0.0,0.0,0.0,0.0,0.0,perseWeeWeek_fixed_2019_2026,,,,,,,,,,
2025,12,52,AFP,0.0,0.0,0.0,0.0,0.0,perseWeeWeek_fixed_2019_2026,,,,,,,,,,
2025,12,52,COVID-19,0.0,0.0,0.0,0.0,0.0,perseWeeWeek_fixed_2019_2026,,,,,,,,,,
2025,12,52,CSM,8.0,0.0,0.0,3.0,4.0,perseWeeWeek_fixed_2019_2026,,,,,,,,,,
2025,12,52,Cholera,7.0,5.0,0.0,2.0,2.0,perseWeeWeek_fixed_2019_2026,,,,,,,,,,
2025,12,52,Diphtheria,57.0,57.0,0.0,2.0,6.0,perseWeeWeek_fixed_2019_2026,,,,,,,,,,
2025,12,52,Lassa Fever,101.0,27.0,0.0,9.0,34.0,perseWeeWeek_fixed_2019_2026,,,,,,,,,,
2025,12,52,Measles,1.0,0.0,0.0,1.0,1.0,perseWeeWeek_fixed_2019_2026,,,,,,,,,,
2025,12,52,Mpox,23.0,3.0,0.0,2.0,13.0,perseWeeWeek_fixed_2019_2026,,,,,,,,,,
2025,12,52,Yellow Fever,0.0,0.0,0.0,0.0,0.0,perseWeeWeek_fixed_2019_2026,,,,,,,,,,
2026,1,1,AFP,12.0,0.0,1.0,10.0,12.0,perseWeeWeek_fixed_2019_2026,,,,,,,,,,
2026,1,1,COVID-19,1.0,0.0,0.0,1.0,1.0,perseWeeWeek_fixed_2019_2026,,,,,,,,,,
2026,1,1,CSM,12.0,1.0,1.0,3.0,5.0,perseWeeWeek_fixed_2019_2026,,,,,,,,,,
2026,1,1,Cholera,16.0,11.0,0.0,1.0,1.0,perseWeeWeek_fixed_2019_2026,,,,,,,,,,
2026,1,1,Diphtheria,461.0,371.0,24.0,13.0,48.0,perseWeeWeek_fixed_2019_2026,,,,,,,,,,
2026,1,1,Lassa Fever,104.0,21.0,9.0,8.0,26.0,perseWeeWeek_fixed_2019_2026,,,,,,,,,,
2026,1,1,Measles,74.0,15.0,0.0,23.0,49.0,perseWeeWeek_fixed_2019_2026,,,,,,,,,,
2026,1,1,Mpox,7.0,3.0,0.0,4.0,5.0,perseWeeWeek_fixed_2019_2026,,,,,,,,,,
2026,1,1,Yellow Fever,23.0,0.0,0.0,11.0,15.0,perseWeeWeek_fixed_2019_2026,,,,,,,,,,
2026,1,2,AFP,46.0,0.0,0.0,18.0,39.0,perseWeeWeek_fixed_2019_2026,,,,,,,,,,
2026,1,2,COVID-19,14.0,0.0,0.0,3.0,10.0,perseWeeWeek_fixed_2019_2026,,,,,,,,,,
2026,1,2,CSM,20.0,0.0,0.0,9.0,11.0,perseWeeWeek_fixed_2019_2026,,,,,,,,,,
2026,1,2,Cholera,55.0,13.0,0.0,2.0,3.0,perseWeeWeek_fixed_2019_2026,,,,,,,,,,
2026,1,2,Diphtheria,529.0,420.0,12.0,10.0,56.0,perseWeeWeek_fixed_2019_2026,,,,,,,,,,
2026,1,2,Lassa Fever,144.0,33.0,2.0,13.0,40.0,perseWeeWeek_fixed_2019_2026,,,,,,,,,,
2026,1,2,Measles,147.0,38.0,0.0,30.0,92.0,perseWeeWeek_fixed_2019_2026,,,,,,,,,,
2026,1,2,Mpox,16.0,0.0,0.0,7.0,12.0,perseWeeWeek_fixed_2019_2026,,,,,,,,,,
2026,1,2,Yellow Fever,22.0,0.0,0.0,12.0,17.0,perseWeeWeek_fixed_2019_2026,,,,,,,,,,
2026,1,3,AFP,27.0,0.0,0.0,19.0,26.0,perseWeeWeek_fixed_2019_2026,,,,,,,,,,
2026,1,3,COVID-19,13.0,0.0,0.0,2.0,12.0,perseWeeWeek_fixed_2019_2026,,,,,,,,,,
2026,1,3,CSM,11.0,1.0,1.0,6.0,10.0,perseWeeWeek_fixed_2019_2026,,,,,,,,,,
2026,1,3,Cholera,56.0,11.0,0.0,2.0,3.0,perseWeeWeek_fixed_2019_2026,,,,,,,,,,
2026,1,3,Diphtheria,517.0,454.0,18.0,10.0,50.0,perseWeeWeek_fixed_2019_2026,,,,,,,,,,
2026,1,3,Lassa Fever,162.0,41.0,8.0,14.0,43.0,perseWeeWeek_fixed_2019_2026,,,,,,,,,,
2026,1,3,Measles,116.0,36.0,0.0,31.0,75.0,perseWeeWeek_fixed_2019_2026,,,,,,,,,,
2026,1,3,Mpox,22.0,3.0,0.0,11.0,16.0,perseWeeWeek_fixed_2019_2026,,,,,,,,,,
2026,1,3,Yellow Fever,16.0,0.0,0.0,9.0,15.0,perseWeeWeek_fixed_2019_2026,,,,,,,,,,
2026,1,4,AFP,3.0,0.0,0.0,2.0,2.0,perseWeeWeek_fixed_2019_2026,,,,,,,,,,
2026,1,4,COVID-19,7.0,0.0,0.0,2.0,5.0,perseWeeWeek_fixed_2019_2026,,,,,,,,,,
2026,1,4,CSM,16.0,0.0,5.0,6.0,10.0,perseWeeWeek_fixed_2019_2026,,,,,,,,,,
2026,1,4,Cholera,5.0,0.0,0.0,1.0,1.0,perseWeeWeek_fixed_2019_2026,,,,,,,,,,
2026,1,4,Diphtheria,443.0,400.0,18.0,12.0,50.0,perseWeeWeek_fixed_2019_2026,,,,,,,,,,
2026,1,4,Lassa Fever,189.0,28.0,7.0,14.0,43.0,perseWeeWeek_fixed_2019_2026,,,,,,,,,,
2026,1,4,Measles,83.0,19.0,0.0,22.0,54.0,perseWeeWeek_fixed_2019_2026,,,,,,,,,,
2026,1,4,Mpox,12.0,1.0,0.0,5.0,9.0,perseWeeWeek_fixed_2019_2026,,,,,,,,,,
2026,1,4,Yellow Fever,8.0,0.0,0.0,6.0,7.0,perseWeeWeek_fixed_2019_2026,,,,,,,,,,
2026,2,5,AFP,0.0,0.0,0.0,0.0,0.0,perseWeeWeek_fixed_2019_2026,,,,,,,,,,
2026,2,5,COVID-19,18.0,0.0,0.0,1.0,14.0,perseWeeWeek_fixed_2019_2026,,,,,,,,,,
2026,2,5,CSM,31.0,0.0,3.0,10.0,15.0,perseWeeWeek_fixed_2019_2026,,,,,,,,,,
2026,2,5,Cholera,9.0,1.0,0.0,4.0,6.0,perseWeeWeek_fixed_2019_2026,,,,,,,,,,
2026,2,5,Diphtheria,305.0,244.0,12.0,13.0,51.0,perseWeeWeek_fixed_2019_2026,,,,,,,,,,
2026,2,5,Lassa Fever,155.0,42.0,10.0,11.0,40.0,perseWeeWeek_fixed_2019_2026,,,,,,,,,,
2026,2,5,Measles,168.0,108.0,0.0,32.0,100.0,perseWeeWeek_fixed_2019_2026,,,,,,,,,,
2026,2,5,Mpox,19.0,0.0,0.0,9.0,13.0,perseWeeWeek_fixed_2019_2026,,,,,,,,,,
2026,2,5,Yellow Fever,18.0,0.0,0.0,7.0,12.0,perseWeeWeek_fixed_2019_2026,,,,,,,,,,
2026,2,6,AFP,24.0,0.0,0.0,13.0,22.0,perseWeeWeek_fixed_2019_2026,,,,,,,,,,
2026,2,6,COVID-19,14.0,2.0,0.0,1.0,9.0,perseWeeWeek_fixed_2019_2026,,,,,,,,,,
2026,2,6,CSM,37.0,0.0,1.0,13.0,22.0,perseWeeWeek_fixed_2019_2026,,,,,,,,,,
2026,2,6,Cholera,9.0,3.0,0.0,3.0,5.0,perseWeeWeek_fixed_2019_2026,,,,,,,,,,
2026,2,6,Diphtheria,325.0,229.0,7.0,13.0,33.0,perseWeeWeek_fixed_2019_2026,,,,,,,,,,
2026,2,6,Lassa Fever,309.0,78.0,15.0,20.0,80.0,perseWeeWeek_fixed_2019_2026,,,,,,,,,,
2026,2,6,Measles,189.0,132.0,0.0,28.0,112.0,perseWeeWeek_fixed_2019_2026,,,,,,,,,,
2026,2,6,Mpox,12.0,0.0,0.0,8.0,12.0,perseWeeWeek_fixed_2019_2026,,,,,,,,,,
2026,2,6,Yellow Fever,24.0,0.0,0.0,15.0,19.0,perseWeeWeek_fixed_2019_2026,,,,,,,,,,
2026,2,7,AFP,70.0,0.0,0.0,21.0,64.0,perseWeeWeek_fixed_2019_2026,,,,,,,,,,
2026,2,7,COVID-19,22.0,0.0,0.0,2.0,18.0,perseWeeWeek_fixed_2019_2026,,,,,,,,,,
2026,2,7,CSM,43.0,0.0,3.0,10.0,22.0,perseWeeWeek_fixed_2019_2026,,,,,,,,,,
2026,2,7,Cholera,2.0,0.0,0.0,2.0,2.0,perseWeeWeek_fixed_2019_2026,,,,,,,,,,
2026,2,7,Diphtheria,242.0,206.0,2.0,9.0,18.0,perseWeeWeek_fixed_2019_2026,,,,,,,,,,
2026,2,7,Lassa Fever,464.0,83.0,0.0,28.0,110.0,perseWeeWeek_fixed_2019_2026,,,,,,,,,,
2026,2,7,Measles,205.0,171.0,0.0,30.0,110.0,perseWeeWeek_fixed_2019_2026,,,,,,,,,,
2026,2,7,Mpox,14.0,0.0,0.0,4.0,10.0,perseWeeWeek_fixed_2019_2026,,,,,,,,,,
2026,2,7,Yellow Fever,22.0,0.0,0.0,14.0,20.0,perseWeeWeek_fixed_2019_2026,,,,,,,,,,
2026,2,8,AFP,60.0,0.0,0.0,23.0,53.0,perseWeeWeek_fixed_2019_2026,,,,,,,,,,
2026,2,8,COVID-19,77.0,4.0,0.0,1.0,26.0,perseWeeWeek_fixed_2019_2026,,,,,,,,,,
2026,2,8,CSM,21.0,0.0,4.0,8.0,12.0,perseWeeWeek_fixed_2019_2026,,,,,,,,,,
2026,2,8,Cholera,8.0,0.0,0.0,2.0,2.0,perseWeeWeek_fixed_2019_2026,,,,,,,,,,
2026,2,8,Diphtheria,218.0,190.0,1.0,11.0,20.0,perseWeeWeek_fixed_2019_2026,,,,,,,,,,
2026,2,8,Lassa Fever,446.0,77.0,0.0,26.0,108.0,perseWeeWeek_fixed_2019_2026,,,,,,,,,,
2026,2,8,Measles,174.0,169.0,0.0,30.0,104.0,perseWeeWeek_fixed_2019_2026,,,,,,,,,,
2026,2,8,Mpox,10.0,2.0,0.0,5.0,7.0,perseWeeWeek_fixed_2019_2026,,,,,,,,,,
2026,2,8,Yellow Fever,19.0,0.0,0.0,12.0,16.0,perseWeeWeek_fixed_2019_2026,,,,,,,,,,
2026,3,9,AFP,37.0,0.0,0.0,19.0,29.0,perseWeeWeek_fixed_2019_2026,,,,,,,,,,
2026,3,9,COVID-19,16.0,0.0,0.0,1.0,6.0,perseWeeWeek_fixed_2019_2026,,,,,,,,,,
2026,3,9,CSM,13.0,0.0,1.0,7.0,10.0,perseWeeWeek_fixed_2019_2026,,,,,,,,,,
2026,3,9,Cholera,1.0,0.0,0.0,1.0,1.0,perseWeeWeek_fixed_2019_2026,,,,,,,,,,
2026,3,9,Diphtheria,110.0,87.0,1.0,6.0,12.0,perseWeeWeek_fixed_2019_2026,,,,,,,,,,
2026,3,9,Lassa Fever,522.0,74.0,14.0,28.0,115.0,perseWeeWeek_fixed_2019_2026,,,,,,,,,,
2026,3,9,Measles,164.0,158.0,0.0,32.0,105.0,perseWeeWeek_fixed_2019_2026,,,,,,,,,,
2026,3,9,Mpox,6.0,0.0,0.0,3.0,4.0,perseWeeWeek_fixed_2019_2026,,,,,,,,,,
2026,3,9,Yellow Fever,13.0,0.0,0.0,5.0,11.0,perseWeeWeek_fixed_2019_2026,,,,,,,,,,
