seed_run,fold_test_year,disease,disease_id,w_tcn,w_bilstm,w_transformer
42,2020,AFP,0,0.3929753005504608,0.1902082860469818,0.416816383600235
42,2020,CSM,1,0.39604005217552185,0.18612787127494812,0.4178321063518524
42,2020,Cholera,2,0.3917348086833954,0.18702034652233124,0.4212448298931122
42,2020,Lassa Fever,3,0.3936498165130615,0.18757624924182892,0.41877397894859314
42,2020,Measles,4,0.39347130060195923,0.1906888484954834,0.415839821100235
42,2020,Mpox,5,0.3958803415298462,0.18863220512866974,0.4154874384403229
42,2020,Yellow Fever,6,0.3910963535308838,0.18351911008358002,0.425384521484375
42,2020,AFP,0,0.32342973351478577,0.22214055061340332,0.4544297158718109
42,2020,CSM,1,0.32671958208084106,0.2204277217388153,0.4528527557849884
42,2020,Cholera,2,0.32109758257865906,0.22506298124790192,0.45383942127227783
42,2020,Lassa Fever,3,0.3283025920391083,0.22690510749816895,0.44479233026504517
42,2020,Measles,4,0.32091498374938965,0.224527508020401,0.45455750823020935
42,2020,Mpox,5,0.3236282765865326,0.21912993490695953,0.4572417736053467
42,2020,Yellow Fever,6,0.31990325450897217,0.22331665456295013,0.45678001642227173
42,2020,AFP,0,0.2500936686992645,0.3552362322807312,0.3946700990200043
42,2020,CSM,1,0.25237521529197693,0.356253057718277,0.39137178659439087
42,2020,Cholera,2,0.2501544654369354,0.35426443815231323,0.39558109641075134
42,2020,Lassa Fever,3,0.25629499554634094,0.35707828402519226,0.386626660823822
42,2020,Measles,4,0.2486325055360794,0.35172972083091736,0.39963778853416443
42,2020,Mpox,5,0.25194355845451355,0.35236096382141113,0.39569538831710815
42,2020,Yellow Fever,6,0.251135915517807,0.3506490886211395,0.3982149362564087
42,2020,AFP,0,0.32081174850463867,0.3275641202926636,0.35162413120269775
42,2020,CSM,1,0.32460471987724304,0.3299180269241333,0.34547722339630127
42,2020,Cholera,2,0.3212646245956421,0.3257646858692169,0.352970689535141
42,2020,Lassa Fever,3,0.3259489834308624,0.33171993494033813,0.3423311114311218
42,2020,Measles,4,0.3169122636318207,0.3243875205516815,0.3587001860141754
42,2020,Mpox,5,0.3222045600414276,0.32687461376190186,0.35092082619667053
42,2020,Yellow Fever,6,0.3231542408466339,0.32237717509269714,0.35446861386299133
42,2020,AFP,0,0.4014968276023865,0.20866653323173523,0.3898366391658783
42,2020,CSM,1,0.40169599652290344,0.20412760972976685,0.39417633414268494
42,2020,Cholera,2,0.39773550629615784,0.20960518717765808,0.3926592767238617
42,2020,Lassa Fever,3,0.40229249000549316,0.20694966614246368,0.39075785875320435
42,2020,Measles,4,0.3940301239490509,0.21104052662849426,0.39492928981781006
42,2020,Mpox,5,0.3998554050922394,0.2061847448348999,0.39395982027053833
42,2020,Yellow Fever,6,0.39301225543022156,0.2093048393726349,0.39768287539482117
42,2020,AFP,0,0.4161399006843567,0.18225225806236267,0.40160781145095825
42,2020,CSM,1,0.41992658376693726,0.176462784409523,0.40361055731773376
42,2020,Cholera,2,0.41457846760749817,0.18233679234981537,0.40308472514152527
42,2020,Lassa Fever,3,0.4175035059452057,0.18388448655605316,0.39861202239990234
42,2020,Measles,4,0.41385138034820557,0.185238778591156,0.40090978145599365
42,2020,Mpox,5,0.4188246428966522,0.18042303621768951,0.40075230598449707
42,2020,Yellow Fever,6,0.4152422249317169,0.18048574030399323,0.40427201986312866
42,2020,AFP,0,0.4229745864868164,0.16972315311431885,0.40730229020118713
42,2020,CSM,1,0.42503800988197327,0.16739536821842194,0.407566636800766
42,2020,Cholera,2,0.41897207498550415,0.17236369848251343,0.40866419672966003
42,2020,Lassa Fever,3,0.42376744747161865,0.17590336501598358,0.40032920241355896
42,2020,Measles,4,0.4231026768684387,0.16985690593719482,0.40704047679901123
42,2020,Mpox,5,0.42720043659210205,0.1651279479265213,0.40767157077789307
42,2020,Yellow Fever,6,0.42329519987106323,0.16848249733448029,0.4082222878932953
42,2020,AFP,0,0.2981908619403839,0.20761582255363464,0.4941932260990143
42,2020,CSM,1,0.30156368017196655,0.20832429826259613,0.4901120662689209
42,2020,Cholera,2,0.29259926080703735,0.20685240626335144,0.5005483627319336
42,2020,Lassa Fever,3,0.3062635660171509,0.20916777849197388,0.48456862568855286
42,2020,Measles,4,0.2964402139186859,0.2049926370382309,0.4985671043395996
42,2020,Mpox,5,0.302141934633255,0.20372779667377472,0.49413031339645386
42,2020,Yellow Fever,6,0.2937142550945282,0.20336757600307465,0.5029181838035583
42,2020,AFP,0,0.33064258098602295,0.3017933964729309,0.36756399273872375
42,2020,CSM,1,0.3318433463573456,0.30011528730392456,0.3680413067340851
42,2020,Cholera,2,0.3274323344230652,0.3061767518520355,0.3663909137248993
42,2020,Lassa Fever,3,0.33161601424217224,0.3111700415611267,0.35721397399902344
42,2020,Measles,4,0.32991957664489746,0.3038542568683624,0.3662262260913849
42,2020,Mpox,5,0.3345187306404114,0.2976459264755249,0.3678353726863861
42,2020,Yellow Fever,6,0.3290586471557617,0.30198395252227783,0.36895740032196045
42,2020,AFP,0,0.33943673968315125,0.26730892062187195,0.3932543694972992
42,2020,CSM,1,0.3380126357078552,0.27082470059394836,0.3911627233028412
42,2020,Cholera,2,0.3420059382915497,0.2672337591648102,0.39076030254364014
42,2020,Lassa Fever,3,0.33845219016075134,0.2771635949611664,0.38438424468040466
42,2020,Measles,4,0.3386015295982361,0.2669812738895416,0.3944171667098999
42,2020,Mpox,5,0.3404843807220459,0.26800549030303955,0.39151009917259216
42,2020,Yellow Fever,6,0.3394754230976105,0.2661702036857605,0.3943544030189514
42,2020,AFP,0,0.344833642244339,0.23860865831375122,0.4165576994419098
42,2020,CSM,1,0.3450019359588623,0.2376125007867813,0.4173854887485504
42,2020,Cholera,2,0.3425363004207611,0.23812229931354523,0.41934141516685486
42,2020,Lassa Fever,3,0.34579262137413025,0.24612806737422943,0.4080792963504791
42,2020,Measles,4,0.3432495594024658,0.24011221528053284,0.41663816571235657
42,2020,Mpox,5,0.347609281539917,0.23526954650878906,0.41712117195129395
42,2020,Yellow Fever,6,0.3417753279209137,0.2390383630990982,0.4191863536834717
42,2020,AFP,0,0.35212117433547974,0.3216492533683777,0.3262295722961426
42,2020,CSM,1,0.3515692949295044,0.321624755859375,0.3268059194087982
42,2020,Cholera,2,0.3481070101261139,0.3252204656600952,0.3266725242137909
42,2020,Lassa Fever,3,0.349043607711792,0.3333137333393097,0.3176426589488983
42,2020,Measles,4,0.35099461674690247,0.31533363461494446,0.3336717188358307
42,2020,Mpox,5,0.35327374935150146,0.3152034878730774,0.33152279257774353
42,2020,Yellow Fever,6,0.3470911681652069,0.31720271706581116,0.33570608496665955
42,2020,AFP,0,0.417596697807312,0.19283153116703033,0.38957175612449646
42,2020,CSM,1,0.4170539379119873,0.19129447638988495,0.39165160059928894
42,2020,Cholera,2,0.41561320424079895,0.1917818784713745,0.39260488748550415
42,2020,Lassa Fever,3,0.41569265723228455,0.1998935043811798,0.3844138979911804
42,2020,Measles,4,0.41676944494247437,0.1883661150932312,0.39486443996429443
42,2020,Mpox,5,0.4168117046356201,0.19037383794784546,0.3928144574165344
42,2020,Yellow Fever,6,0.4137365221977234,0.18568754196166992,0.4005759358406067
42,2020,AFP,0,0.43400320410728455,0.11277130991220474,0.45322543382644653
42,2020,CSM,1,0.4329685568809509,0.11094344407320023,0.45608800649642944
42,2020,Cholera,2,0.4310281574726105,0.11203641444444656,0.4569353759288788
42,2020,Lassa Fever,3,0.4328663945198059,0.11351174116134644,0.45362186431884766
42,2020,Measles,4,0.43167755007743835,0.11062678694725037,0.45769569277763367
42,2020,Mpox,5,0.43278127908706665,0.11253376305103302,0.45468494296073914
42,2020,Yellow Fever,6,0.4275997281074524,0.1090812012553215,0.4633190929889679
42,2020,AFP,0,0.40500983595848083,0.20051725208759308,0.3944729268550873
42,2020,CSM,1,0.4059789776802063,0.19747291505336761,0.3965481221675873
42,2020,Cholera,2,0.4041244387626648,0.1998593509197235,0.3960161805152893
42,2020,Lassa Fever,3,0.40695905685424805,0.19904662668704987,0.3939943015575409
42,2020,Measles,4,0.40506380796432495,0.19729118049144745,0.3976450264453888
42,2020,Mpox,5,0.40630921721458435,0.1961643248796463,0.3975263833999634
42,2020,Yellow Fever,6,0.4040982127189636,0.19283151626586914,0.40307024121284485
42,2020,AFP,0,0.39636269211769104,0.20381203293800354,0.3998252749443054
42,2020,CSM,1,0.39862674474716187,0.20100346207618713,0.4003697633743286
42,2020,Cholera,2,0.39844465255737305,0.20370715856552124,0.3978482782840729
42,2020,Lassa Fever,3,0.4000799357891083,0.20389840006828308,0.39602169394493103
42,2020,Measles,4,0.3977888226509094,0.20181529223918915,0.4003959000110626
42,2020,Mpox,5,0.3977442681789398,0.20105521380901337,0.401200532913208
42,2020,Yellow Fever,6,0.3970434069633484,0.20027072727680206,0.40268588066101074
42,2020,AFP,0,0.40960243344306946,0.15459874272346497,0.4357988238334656
42,2020,CSM,1,0.406758576631546,0.1549014151096344,0.4383399784564972
42,2020,Cholera,2,0.4042433798313141,0.1544783115386963,0.4412783682346344
42,2020,Lassa Fever,3,0.4070059061050415,0.15682615339756012,0.4361678957939148
42,2020,Measles,4,0.40722891688346863,0.15063495934009552,0.44213613867759705
42,2020,Mpox,5,0.4068942070007324,0.15361259877681732,0.43949317932128906
42,2020,Yellow Fever,6,0.4007967710494995,0.15148226916790009,0.44772088527679443
42,2020,AFP,0,0.4107622802257538,0.2092026025056839,0.3800351023674011
42,2020,CSM,1,0.41352036595344543,0.208376944065094,0.3781026005744934
42,2020,Cholera,2,0.40852442383766174,0.21104738116264343,0.3804281949996948
42,2020,Lassa Fever,3,0.4124974012374878,0.21416333317756653,0.37333935499191284
42,2020,Measles,4,0.4052867889404297,0.21050888299942017,0.38420435786247253
42,2020,Mpox,5,0.4095822274684906,0.2073836773633957,0.3830340504646301
42,2020,Yellow Fever,6,0.4058203101158142,0.20746971666812897,0.38670986890792847
42,2020,AFP,0,0.37508702278137207,0.23431764543056488,0.390595406293869
42,2020,CSM,1,0.37889400124549866,0.23378978669643402,0.3873162269592285
42,2020,Cholera,2,0.37410834431648254,0.2368871122598648,0.38900455832481384
42,2020,Lassa Fever,3,0.3780108094215393,0.24108801782131195,0.3809010982513428
42,2020,Measles,4,0.3714750409126282,0.23574022948741913,0.3927847146987915
42,2020,Mpox,5,0.3731902539730072,0.232191801071167,0.3946180045604706
42,2020,Yellow Fever,6,0.37212198972702026,0.2324022650718689,0.39547571539878845
42,2020,AFP,0,0.38825419545173645,0.26007983088493347,0.3516659438610077
42,2020,CSM,1,0.39140138030052185,0.2576889991760254,0.3509097099304199
42,2020,Cholera,2,0.38641858100891113,0.2612135112285614,0.35236796736717224
42,2020,Lassa Fever,3,0.38961705565452576,0.2650093138217926,0.34537366032600403
42,2020,Measles,4,0.38314926624298096,0.260879248380661,0.35597145557403564
42,2020,Mpox,5,0.3879052400588989,0.25663912296295166,0.3554556369781494
42,2020,Yellow Fever,6,0.38486215472221375,0.2560271620750427,0.35911065340042114
42,2020,AFP,0,0.39958223700523376,0.2723197937011719,0.328097939491272
42,2020,CSM,1,0.40316030383110046,0.2681466042995453,0.328693151473999
42,2020,Cholera,2,0.39759504795074463,0.27190065383911133,0.33050426840782166
42,2020,Lassa Fever,3,0.40139684081077576,0.27442505955696106,0.3241780698299408
42,2020,Measles,4,0.39383837580680847,0.2735868990421295,0.33257466554641724
42,2020,Mpox,5,0.39977994561195374,0.2677851915359497,0.33243492245674133
42,2020,Yellow Fever,6,0.39570122957229614,0.2676553428173065,0.3366435170173645
42,2020,AFP,0,0.351254940032959,0.31227976083755493,0.3364652991294861
42,2020,CSM,1,0.3522740304470062,0.31093135476112366,0.33679458498954773
42,2020,Cholera,2,0.3541087508201599,0.3085845708847046,0.3373067080974579
42,2020,Lassa Fever,3,0.35646766424179077,0.31206196546554565,0.3314703404903412
42,2020,Measles,4,0.352544367313385,0.31180453300476074,0.3356510400772095
42,2020,Mpox,5,0.3519785702228546,0.3117993175983429,0.3362221121788025
42,2020,Yellow Fever,6,0.3542754054069519,0.3092085123062134,0.3365161120891571
42,2020,AFP,0,0.3815198540687561,0.29645898938179016,0.32202115654945374
42,2020,CSM,1,0.3819231688976288,0.2907252609729767,0.32735157012939453
42,2020,Cholera,2,0.37805938720703125,0.2948428690433502,0.32709774374961853
42,2020,Lassa Fever,3,0.38295188546180725,0.2978737950325012,0.31917431950569153
42,2020,Measles,4,0.3760291337966919,0.29610633850097656,0.3278646171092987
42,2020,Mpox,5,0.3802293539047241,0.29099148511886597,0.3287791311740875
42,2020,Yellow Fever,6,0.3738914728164673,0.29263925552368164,0.33346933126449585
42,2020,AFP,0,0.37644699215888977,0.2989477813243866,0.32460522651672363
42,2020,CSM,1,0.37837040424346924,0.29275593161582947,0.3288736939430237
42,2020,Cholera,2,0.3729362487792969,0.2963108420372009,0.3307528793811798
42,2020,Lassa Fever,3,0.3784830868244171,0.29850247502326965,0.32301443815231323
42,2020,Measles,4,0.3697052001953125,0.30059877038002014,0.3296959698200226
42,2020,Mpox,5,0.3764665722846985,0.29343006014823914,0.3301033675670624
42,2020,Yellow Fever,6,0.36748117208480835,0.29714974761009216,0.3353691101074219
42,2020,AFP,0,0.37654581665992737,0.2574993371963501,0.36595481634140015
42,2020,CSM,1,0.3766237199306488,0.254797101020813,0.3685791790485382
42,2020,Cholera,2,0.3701995015144348,0.26044219732284546,0.3693583011627197
42,2020,Lassa Fever,3,0.37509778141975403,0.26505565643310547,0.3598465621471405
42,2020,Measles,4,0.37112703919410706,0.2554143965244293,0.373458594083786
42,2020,Mpox,5,0.3759685158729553,0.2524813115596771,0.37155014276504517
42,2020,Yellow Fever,6,0.3661288619041443,0.2575274705886841,0.37634366750717163
42,2020,AFP,0,0.3763410747051239,0.2624641954898834,0.3611947298049927
42,2020,CSM,1,0.3752599358558655,0.2605885863304138,0.3641514480113983
42,2020,Cholera,2,0.3712787628173828,0.26025065779685974,0.36847057938575745
42,2020,Lassa Fever,3,0.37750181555747986,0.2627803087234497,0.35971787571907043
42,2020,Measles,4,0.3707202672958374,0.25924113392829895,0.37003859877586365
42,2020,Mpox,5,0.3750971555709839,0.2586824297904968,0.3662204444408417
42,2020,Yellow Fever,6,0.3658713698387146,0.26217737793922424,0.3719511926174164
42,2020,AFP,0,0.34110498428344727,0.33496227860450745,0.3239327669143677
42,2020,CSM,1,0.3415074646472931,0.33487507700920105,0.3236173689365387
42,2020,Cholera,2,0.34055063128471375,0.33237096667289734,0.3270784020423889
42,2020,Lassa Fever,3,0.3430405259132385,0.3369842767715454,0.31997522711753845
42,2020,Measles,4,0.33403724431991577,0.33429375290870667,0.3316689431667328
42,2020,Mpox,5,0.3385967016220093,0.33402925729751587,0.32737401127815247
42,2020,Yellow Fever,6,0.33944791555404663,0.330976277589798,0.3295758068561554
42,2020,AFP,0,0.21917520463466644,0.27413514256477356,0.5066896080970764
42,2020,CSM,1,0.22547180950641632,0.2767697870731354,0.4977584183216095
42,2020,Cholera,2,0.22305111587047577,0.27438175678253174,0.5025670528411865
42,2020,Lassa Fever,3,0.22576971352100372,0.2764800488948822,0.49775025248527527
42,2020,Measles,4,0.2179853469133377,0.2718796730041504,0.5101349949836731
42,2020,Mpox,5,0.22524584829807281,0.2744947671890259,0.5002593398094177
42,2020,Yellow Fever,6,0.22195066511631012,0.27207517623901367,0.5059741139411926
42,2020,AFP,0,0.36705002188682556,0.2995143234729767,0.33343571424484253
42,2020,CSM,1,0.36977067589759827,0.29748666286468506,0.33274272084236145
42,2020,Cholera,2,0.36693060398101807,0.300153911113739,0.3329155147075653
42,2020,Lassa Fever,3,0.3680002987384796,0.2975085973739624,0.33449113368988037
42,2020,Measles,4,0.36001384258270264,0.29571086168289185,0.34427520632743835
42,2020,Mpox,5,0.3651287853717804,0.29437944293022156,0.34049180150032043
42,2020,Yellow Fever,6,0.361117422580719,0.29826435446739197,0.3406182527542114
42,2020,AFP,0,0.3417745530605316,0.32336100935935974,0.33486446738243103
42,2020,CSM,1,0.3431324362754822,0.3227277100086212,0.334139883518219
42,2020,Cholera,2,0.34276890754699707,0.3210673928260803,0.3361636996269226
42,2020,Lassa Fever,3,0.34272414445877075,0.3252025246620178,0.3320733606815338
42,2020,Measles,4,0.33634501695632935,0.31946149468421936,0.3441935181617737
42,2020,Mpox,5,0.33972230553627014,0.3191366195678711,0.34114107489585876
42,2020,Yellow Fever,6,0.337626576423645,0.3237670958042145,0.3386063575744629
42,2020,AFP,0,0.33766451478004456,0.30473214387893677,0.3576032817363739
42,2020,CSM,1,0.34133684635162354,0.3034880757331848,0.35517507791519165
42,2020,Cholera,2,0.33893847465515137,0.3047768175601959,0.3562847375869751
42,2020,Lassa Fever,3,0.3385288417339325,0.3047185242176056,0.3567526042461395
42,2020,Measles,4,0.33123499155044556,0.30024001002311707,0.36852508783340454
42,2020,Mpox,5,0.3359985053539276,0.3008759021759033,0.3631255626678467
42,2020,Yellow Fever,6,0.3342571556568146,0.30038750171661377,0.36535531282424927
42,2020,AFP,0,0.3327252268791199,0.296215683221817,0.3710590600967407
42,2020,CSM,1,0.3363809585571289,0.2950389087200165,0.368580162525177
42,2020,Cholera,2,0.334003746509552,0.2962796688079834,0.369716614484787
42,2020,Lassa Fever,3,0.3335917294025421,0.29621556401252747,0.3701927065849304
42,2020,Measles,4,0.3261840343475342,0.29166510701179504,0.3821508586406708
42,2020,Mpox,5,0.3309710621833801,0.2923678159713745,0.3766610622406006
42,2020,Yellow Fever,6,0.32921528816223145,0.29185736179351807,0.3789273202419281
42,2020,AFP,0,0.2168249487876892,0.25901326537132263,0.5241618156433105
42,2020,CSM,1,0.22386173903942108,0.2536145746707916,0.5225237607955933
42,2020,Cholera,2,0.22187161445617676,0.26187700033187866,0.5162513852119446
42,2020,Lassa Fever,3,0.22149083018302917,0.2563539743423462,0.522155225276947
42,2020,Measles,4,0.21306633949279785,0.2522716224193573,0.5346620678901672
42,2020,Mpox,5,0.21934133768081665,0.2537569999694824,0.5269016623497009
42,2020,Yellow Fever,6,0.2208249717950821,0.24992917478084564,0.5292458534240723
42,2020,AFP,0,0.14999842643737793,0.2347886711359024,0.6152129173278809
42,2020,CSM,1,0.1540541797876358,0.23655366897583008,0.6093921661376953
42,2020,Cholera,2,0.1526898741722107,0.23624545335769653,0.611064612865448
42,2020,Lassa Fever,3,0.15176643431186676,0.2364913374185562,0.6117421984672546
42,2020,Measles,4,0.14771120250225067,0.23103776574134827,0.6212510466575623
42,2020,Mpox,5,0.15240757167339325,0.23626263439655304,0.6113297939300537
42,2020,Yellow Fever,6,0.15005779266357422,0.2321525365114212,0.6177896857261658
42,2020,AFP,0,0.31986093521118164,0.27952438592910767,0.4006146788597107
42,2020,CSM,1,0.3224799633026123,0.27746665477752686,0.40005332231521606
42,2020,Cholera,2,0.32202115654945374,0.2798670530319214,0.3981117904186249
42,2020,Lassa Fever,3,0.32255199551582336,0.27753669023513794,0.3999113142490387
42,2020,Measles,4,0.31543219089508057,0.2759319841861725,0.4086358845233917
42,2020,Mpox,5,0.32052522897720337,0.27354303002357483,0.4059317111968994
42,2020,Yellow Fever,6,0.318387895822525,0.2793501615524292,0.4022619426250458
42,2020,AFP,0,0.31094199419021606,0.2476254403591156,0.44143253564834595
42,2020,CSM,1,0.31310516595840454,0.24405328929424286,0.44284147024154663
42,2020,Cholera,2,0.31276053190231323,0.24573229253292084,0.44150716066360474
42,2020,Lassa Fever,3,0.31340083479881287,0.24624302983283997,0.44035613536834717
42,2020,Measles,4,0.3068866431713104,0.24494130909442902,0.44817209243774414
42,2020,Mpox,5,0.31087470054626465,0.24023893475532532,0.44888633489608765
42,2020,Yellow Fever,6,0.31088683009147644,0.24010609090328217,0.449007123708725
42,2020,AFP,0,0.3127972185611725,0.29993632435798645,0.3872663676738739
42,2020,CSM,1,0.3135988116264343,0.30012384057044983,0.38627737760543823
42,2020,Cholera,2,0.3118528127670288,0.29781827330589294,0.39032894372940063
42,2020,Lassa Fever,3,0.314888060092926,0.30297204852104187,0.3821399211883545
42,2020,Measles,4,0.30948710441589355,0.29339340329170227,0.3971194624900818
42,2020,Mpox,5,0.3121581971645355,0.2965732514858246,0.3912685215473175
42,2020,Yellow Fever,6,0.30975425243377686,0.29442480206489563,0.3958210349082947
42,2020,AFP,0,0.3249908983707428,0.3291529715061188,0.3458561599254608
42,2020,CSM,1,0.3255990445613861,0.32957860827445984,0.3448222875595093
42,2020,Cholera,2,0.3262237012386322,0.3279889225959778,0.34578737616539
42,2020,Lassa Fever,3,0.3280279338359833,0.33246293663978577,0.3395090699195862
42,2020,Measles,4,0.32341963052749634,0.3228684365749359,0.35371196269989014
42,2020,Mpox,5,0.3243516683578491,0.3253227174282074,0.3503255248069763
42,2020,Yellow Fever,6,0.3242434561252594,0.32513365149497986,0.35062283277511597
42,2020,AFP,0,0.30368462204933167,0.31517913937568665,0.3811362087726593
42,2020,CSM,1,0.3040042221546173,0.3145895004272461,0.3814062476158142
42,2020,Cholera,2,0.3033292293548584,0.3127261698246002,0.38394463062286377
42,2020,Lassa Fever,3,0.3078550100326538,0.3171935975551605,0.37495142221450806
42,2020,Measles,4,0.3016543984413147,0.30741414427757263,0.39093145728111267
42,2020,Mpox,5,0.3049969971179962,0.3102961480617523,0.3847068250179291
42,2020,Yellow Fever,6,0.30168360471725464,0.3082803189754486,0.39003610610961914
42,2020,AFP,0,0.3149486780166626,0.335178017616272,0.34987327456474304
42,2020,CSM,1,0.31563758850097656,0.3353722393512726,0.34899014234542847
42,2020,Cholera,2,0.31498417258262634,0.3327486515045166,0.35226720571517944
42,2020,Lassa Fever,3,0.3182978928089142,0.3393179178237915,0.3423841595649719
42,2020,Measles,4,0.3130189776420593,0.32769834995269775,0.3592827320098877
42,2020,Mpox,5,0.31498849391937256,0.331921249628067,0.3530902564525604
42,2020,Yellow Fever,6,0.31270700693130493,0.3288799524307251,0.3584129810333252
42,2020,AFP,0,0.30203571915626526,0.34453582763671875,0.3534284830093384
42,2020,CSM,1,0.3035118579864502,0.3448251485824585,0.35166290402412415
42,2020,Cholera,2,0.30259084701538086,0.34200865030288696,0.35540056228637695
42,2020,Lassa Fever,3,0.3063814043998718,0.3488864600658417,0.3447321355342865
42,2020,Measles,4,0.30039453506469727,0.33743414282798767,0.36217132210731506
42,2020,Mpox,5,0.30260714888572693,0.3411792814731598,0.3562135696411133
42,2020,Yellow Fever,6,0.300428181886673,0.33819523453712463,0.3613766133785248
42,2020,AFP,0,0.2829461097717285,0.32554706931114197,0.3915068507194519
42,2020,CSM,1,0.2847265303134918,0.32499614357948303,0.39027729630470276
42,2020,Cholera,2,0.28506436944007874,0.3253970444202423,0.3895385265350342
42,2020,Lassa Fever,3,0.2856937646865845,0.3265862762928009,0.387719988822937
42,2020,Measles,4,0.28061291575431824,0.3223414123058319,0.39704567193984985
42,2020,Mpox,5,0.2833174467086792,0.3204064667224884,0.39627605676651
42,2020,Yellow Fever,6,0.28198957443237305,0.3220338523387909,0.39597663283348083
42,2020,AFP,0,0.27645760774612427,0.3204473853111267,0.4030950665473938
42,2020,CSM,1,0.2776593565940857,0.3212968111038208,0.40104377269744873
42,2020,Cholera,2,0.27960023283958435,0.321477472782135,0.398922324180603
42,2020,Lassa Fever,3,0.2809004783630371,0.32309144735336304,0.39600807428359985
42,2020,Measles,4,0.2741103768348694,0.31689518690109253,0.40899449586868286
42,2020,Mpox,5,0.2756118178367615,0.3146222233772278,0.40976589918136597
42,2020,Yellow Fever,6,0.2769356667995453,0.3175984025001526,0.4054659605026245
42,2020,AFP,0,0.2809445559978485,0.2727036476135254,0.4463518559932709
42,2020,CSM,1,0.2823799252510071,0.2737838923931122,0.4438362121582031
42,2020,Cholera,2,0.2822367548942566,0.2719865143299103,0.4457767903804779
42,2020,Lassa Fever,3,0.28444069623947144,0.274132639169693,0.4414266049861908
42,2020,Measles,4,0.2775990962982178,0.270422101020813,0.4519788324832916
42,2020,Mpox,5,0.2803514897823334,0.26889413595199585,0.450754314661026
42,2020,Yellow Fever,6,0.28003570437431335,0.26852118968963623,0.4514431357383728
42,2020,AFP,0,0.27856045961380005,0.29235970973968506,0.4290798604488373
42,2020,CSM,1,0.28049853444099426,0.29372283816337585,0.4257786273956299
42,2020,Cholera,2,0.2795444130897522,0.291329562664032,0.42912599444389343
42,2020,Lassa Fever,3,0.2835904359817505,0.29468637704849243,0.4217231273651123
42,2020,Measles,4,0.2774848937988281,0.2896531820297241,0.43286192417144775
42,2020,Mpox,5,0.2795948088169098,0.2895522713661194,0.4308529496192932
42,2020,Yellow Fever,6,0.2769549787044525,0.2884822487831116,0.4345628023147583
42,2020,AFP,0,0.3127778172492981,0.3026660680770874,0.3845560848712921
42,2020,CSM,1,0.31428423523902893,0.2996113896369934,0.38610440492630005
42,2020,Cholera,2,0.3147614002227783,0.3036508560180664,0.3815877437591553
42,2020,Lassa Fever,3,0.31819480657577515,0.3046662211418152,0.3771389424800873
42,2020,Measles,4,0.31143397092819214,0.300855815410614,0.38771024346351624
42,2020,Mpox,5,0.3132840692996979,0.29717764258384705,0.3895382881164551
42,2020,Yellow Fever,6,0.3113839328289032,0.29934513568878174,0.38927093148231506
42,2020,AFP,0,0.3234330415725708,0.29730913043022156,0.3792578876018524
42,2020,CSM,1,0.32442355155944824,0.2956410348415375,0.3799353539943695
42,2020,Cholera,2,0.32555583119392395,0.29818469285964966,0.3762595057487488
42,2020,Lassa Fever,3,0.32632070779800415,0.3025062382221222,0.37117308378219604
42,2020,Measles,4,0.3217020630836487,0.29545825719833374,0.3828396797180176
42,2020,Mpox,5,0.3220966160297394,0.29441162943840027,0.38349178433418274
42,2020,Yellow Fever,6,0.3223910331726074,0.29359421133995056,0.384014755487442
42,2020,AFP,0,0.30476662516593933,0.23926836252212524,0.45596495270729065
42,2020,CSM,1,0.30597031116485596,0.2395533174276352,0.45447638630867004
42,2020,Cholera,2,0.3060972988605499,0.23969990015029907,0.454202800989151
42,2020,Lassa Fever,3,0.309085875749588,0.24245750904083252,0.44845661520957947
42,2020,Measles,4,0.30322709679603577,0.2362920194864273,0.46048083901405334
42,2020,Mpox,5,0.3030630052089691,0.23549778759479523,0.4614392817020416
42,2020,Yellow Fever,6,0.30273887515068054,0.23546555638313293,0.4617956280708313
42,2020,AFP,0,0.3083944022655487,0.22802264988422394,0.46358296275138855
42,2020,CSM,1,0.3081950545310974,0.2281246781349182,0.46368035674095154
42,2020,Cholera,2,0.3084060251712799,0.22827672958374023,0.46331724524497986
42,2020,Lassa Fever,3,0.31185677647590637,0.23099856078624725,0.4571446478366852
42,2020,Measles,4,0.30613479018211365,0.22506073117256165,0.4688045084476471
42,2020,Mpox,5,0.30502769351005554,0.22417394816875458,0.4707983732223511
42,2020,Yellow Fever,6,0.30340448021888733,0.22397343814373016,0.4726221263408661
42,2020,AFP,0,0.3230438530445099,0.22899121046066284,0.44796496629714966
42,2020,CSM,1,0.32173728942871094,0.22783155739307404,0.45043113827705383
42,2020,Cholera,2,0.32446151971817017,0.22963117063045502,0.4459072947502136
42,2020,Lassa Fever,3,0.3259057104587555,0.2316403090953827,0.44245392084121704
42,2020,Measles,4,0.32109710574150085,0.22601470351219177,0.45288825035095215
42,2020,Mpox,5,0.31878867745399475,0.22500665485858917,0.45620468258857727
42,2020,Yellow Fever,6,0.3192978799343109,0.22515040636062622,0.45555174350738525
42,2021,AFP,0,0.19739702343940735,0.4777873456478119,0.3248156011104584
42,2021,CSM,1,0.2695258557796478,0.4182339310646057,0.31224024295806885
42,2021,Cholera,2,0.2323348969221115,0.4896746277809143,0.27799054980278015
42,2021,Lassa Fever,3,0.22931139171123505,0.41704103350639343,0.35364753007888794
42,2021,Measles,4,0.2160969078540802,0.43178656697273254,0.35211652517318726
42,2021,Mpox,5,0.22339406609535217,0.46330738067626953,0.3132985532283783
42,2021,Yellow Fever,6,0.26395413279533386,0.46004581451416016,0.2760000228881836
42,2021,AFP,0,0.28519222140312195,0.544670045375824,0.17013779282569885
42,2021,CSM,1,0.3176809847354889,0.5155372619628906,0.1667816936969757
42,2021,Cholera,2,0.3012242317199707,0.5570345520973206,0.14174126088619232
42,2021,Lassa Fever,3,0.2904130220413208,0.5089057087898254,0.20068128407001495
42,2021,Measles,4,0.2881670594215393,0.5211379528045654,0.19069501757621765
42,2021,Mpox,5,0.30147290229797363,0.5397077202796936,0.15881940722465515
42,2021,Yellow Fever,6,0.3205271065235138,0.5359811186790466,0.14349175989627838
42,2021,AFP,0,0.1607418656349182,0.6254989504814148,0.21375921368598938
42,2021,CSM,1,0.18263810873031616,0.6360978484153748,0.1812639981508255
42,2021,Cholera,2,0.1817854791879654,0.6394999623298645,0.17871452867984772
42,2021,Lassa Fever,3,0.16269132494926453,0.6176473498344421,0.21966129541397095
42,2021,Measles,4,0.15876516699790955,0.6210870742797852,0.22014778852462769
42,2021,Mpox,5,0.17234109342098236,0.6312866806983948,0.19637225568294525
42,2021,Yellow Fever,6,0.19175449013710022,0.6393147706985474,0.16893073916435242
42,2021,AFP,0,0.3362012207508087,0.36833077669143677,0.2954680323600769
42,2021,CSM,1,0.3566449284553528,0.3726647198200226,0.27069032192230225
42,2021,Cholera,2,0.376922070980072,0.3982040286064148,0.22487396001815796
42,2021,Lassa Fever,3,0.3205765187740326,0.3370688855648041,0.34235453605651855
42,2021,Measles,4,0.3228452503681183,0.34211546182632446,0.33503928780555725
42,2021,Mpox,5,0.35189735889434814,0.3761701285839081,0.2719325125217438
42,2021,Yellow Fever,6,0.3850986659526825,0.4016660749912262,0.2132352739572525
42,2021,AFP,0,0.34057343006134033,0.382558137178421,0.27686843276023865
42,2021,CSM,1,0.4041655659675598,0.39300185441970825,0.2028326392173767
42,2021,Cholera,2,0.40274468064308167,0.40073123574256897,0.19652405381202698
42,2021,Lassa Fever,3,0.36312341690063477,0.35747572779655457,0.2794008255004883
42,2021,Measles,4,0.3438686430454254,0.35879454016685486,0.29733672738075256
42,2021,Mpox,5,0.3692655861377716,0.3910314738750458,0.23970293998718262
42,2021,Yellow Fever,6,0.42019036412239075,0.40966400504112244,0.170145645737648
42,2021,AFP,0,0.3939870595932007,0.413657546043396,0.19235539436340332
42,2021,CSM,1,0.40053489804267883,0.4217190146446228,0.17774605751037598
42,2021,Cholera,2,0.4152778387069702,0.4367988407611847,0.1479232907295227
42,2021,Lassa Fever,3,0.3786699175834656,0.39797860383987427,0.22335146367549896
42,2021,Measles,4,0.3791639804840088,0.39920613169670105,0.2216298133134842
42,2021,Mpox,5,0.4017745852470398,0.42364928126335144,0.17457614839076996
42,2021,Yellow Fever,6,0.41709381341934204,0.4378684163093567,0.14503778517246246
42,2021,AFP,0,0.27873340249061584,0.3978222906589508,0.32344427704811096
42,2021,CSM,1,0.3235640227794647,0.41518908739089966,0.261246919631958
42,2021,Cholera,2,0.3312230408191681,0.4362510144710541,0.2325260043144226
42,2021,Lassa Fever,3,0.2732028067111969,0.36355096101760864,0.36324629187583923
42,2021,Measles,4,0.26762697100639343,0.3684391379356384,0.3639339804649353
42,2021,Mpox,5,0.29503029584884644,0.4146150052547455,0.2903546690940857
42,2021,Yellow Fever,6,0.34986743330955505,0.44317495822906494,0.20695768296718597
42,2021,AFP,0,0.27916842699050903,0.4182164967060089,0.3026151955127716
42,2021,CSM,1,0.33425232768058777,0.43215298652648926,0.2335946261882782
42,2021,Cholera,2,0.33364444971084595,0.45395907759666443,0.2123965173959732
42,2021,Lassa Fever,3,0.28071489930152893,0.38436347246170044,0.334921658039093
42,2021,Measles,4,0.2738010883331299,0.38907814025878906,0.33712074160575867
42,2021,Mpox,5,0.29733362793922424,0.4342902898788452,0.26837605237960815
42,2021,Yellow Fever,6,0.3553708791732788,0.4575623571872711,0.18706676363945007
42,2021,AFP,0,0.38663241267204285,0.3977683484554291,0.21559932827949524
42,2021,CSM,1,0.39810267090797424,0.41074880957603455,0.19114843010902405
42,2021,Cholera,2,0.41237735748291016,0.4274362027645111,0.16018642485141754
42,2021,Lassa Fever,3,0.36649322509765625,0.3753814101219177,0.25812527537345886
42,2021,Measles,4,0.36792927980422974,0.37776675820350647,0.2543039619922638
42,2021,Mpox,5,0.3972005248069763,0.41015052795410156,0.19264894723892212
42,2021,Yellow Fever,6,0.41596075892448425,0.4311043620109558,0.15293487906455994
42,2021,AFP,0,0.27596428990364075,0.4128044843673706,0.31123122572898865
42,2021,CSM,1,0.32247787714004517,0.4191667139530182,0.2583554685115814
42,2021,Cholera,2,0.31088414788246155,0.44185003638267517,0.24726571142673492
42,2021,Lassa Fever,3,0.2791537642478943,0.3813724219799042,0.3394739031791687
42,2021,Measles,4,0.2721550166606903,0.38540253043174744,0.34244242310523987
42,2021,Mpox,5,0.295381098985672,0.42256447672843933,0.28205442428588867
42,2021,Yellow Fever,6,0.33273059129714966,0.4484896957874298,0.21877965331077576
42,2021,AFP,0,0.20097793638706207,0.30642300844192505,0.49259909987449646
42,2021,CSM,1,0.25721123814582825,0.3271608054637909,0.4156278967857361
42,2021,Cholera,2,0.25200724601745605,0.365077406167984,0.3829154074192047
42,2021,Lassa Fever,3,0.2048724889755249,0.28713664412498474,0.5079908967018127
42,2021,Measles,4,0.19605271518230438,0.2836131751537323,0.5203341245651245
42,2021,Mpox,5,0.2262115776538849,0.3185873329639435,0.45520108938217163
42,2021,Yellow Fever,6,0.28000402450561523,0.3757374584674835,0.34425848722457886
42,2021,AFP,0,0.1460011601448059,0.18753644824028015,0.6664623022079468
42,2021,CSM,1,0.19718901813030243,0.18334151804447174,0.6194694638252258
42,2021,Cholera,2,0.1815565824508667,0.20943301916122437,0.6090103387832642
42,2021,Lassa Fever,3,0.1700824499130249,0.17688396573066711,0.6530335545539856
42,2021,Measles,4,0.15696975588798523,0.16928547620773315,0.6737446784973145
42,2021,Mpox,5,0.16131216287612915,0.1858416497707367,0.6528461575508118
42,2021,Yellow Fever,6,0.21364915370941162,0.2149581015110016,0.5713926553726196
42,2021,AFP,0,0.18073980510234833,0.20751401782035828,0.6117461919784546
42,2021,CSM,1,0.22059966623783112,0.1972835510969162,0.5821167826652527
42,2021,Cholera,2,0.21378910541534424,0.22022581100463867,0.5659851431846619
42,2021,Lassa Fever,3,0.1888214498758316,0.19434909522533417,0.6168294548988342
42,2021,Measles,4,0.18196487426757812,0.19449742138385773,0.6235377788543701
42,2021,Mpox,5,0.19447104632854462,0.1989843249320984,0.6065446138381958
42,2021,Yellow Fever,6,0.236895352602005,0.21847271919250488,0.5446318984031677
42,2021,AFP,0,0.348938912153244,0.3221137523651123,0.3289473354816437
42,2021,CSM,1,0.3920733332633972,0.32604339718818665,0.2818833291530609
42,2021,Cholera,2,0.3857416808605194,0.3276921808719635,0.2865661382675171
42,2021,Lassa Fever,3,0.36084577441215515,0.3126765787601471,0.32647764682769775
42,2021,Measles,4,0.35358601808547974,0.3132144510746002,0.33319956064224243
42,2021,Mpox,5,0.37296047806739807,0.32109779119491577,0.30594170093536377
42,2021,Yellow Fever,6,0.40169253945350647,0.3314158618450165,0.2668916583061218
42,2021,AFP,0,0.22952766716480255,0.25185883045196533,0.5186134576797485
42,2021,CSM,1,0.24728001654148102,0.2767198383808136,0.4760001599788666
42,2021,Cholera,2,0.22896859049797058,0.25821009278297424,0.5128213167190552
42,2021,Lassa Fever,3,0.24464097619056702,0.26103994250297546,0.4943191707134247
42,2021,Measles,4,0.24084049463272095,0.2571762800216675,0.5019832253456116
42,2021,Mpox,5,0.23277288675308228,0.2556610107421875,0.5115661025047302
42,2021,Yellow Fever,6,0.24067707359790802,0.26609912514686584,0.49322378635406494
42,2021,AFP,0,0.30881375074386597,0.39275485277175903,0.298431396484375
42,2021,CSM,1,0.3471936583518982,0.3928205072879791,0.2599858343601227
42,2021,Cholera,2,0.3451375365257263,0.40535008907318115,0.24951238930225372
42,2021,Lassa Fever,3,0.31115514039993286,0.3726523518562317,0.31619247794151306
42,2021,Measles,4,0.3113115131855011,0.3745286464691162,0.3141598403453827
42,2021,Mpox,5,0.3286934494972229,0.39430928230285645,0.27699729800224304
42,2021,Yellow Fever,6,0.3630639910697937,0.40469449758529663,0.23224152624607086
42,2021,AFP,0,0.2136693298816681,0.23199209570884705,0.5543385744094849
42,2021,CSM,1,0.23402462899684906,0.2531193494796753,0.5128560662269592
42,2021,Cholera,2,0.22217392921447754,0.23753614723682404,0.5402899384498596
42,2021,Lassa Fever,3,0.22721008956432343,0.24252408742904663,0.5302658081054688
42,2021,Measles,4,0.21811723709106445,0.23249061405658722,0.5493921041488647
42,2021,Mpox,5,0.21944798529148102,0.23575466871261597,0.5447973608970642
42,2021,Yellow Fever,6,0.22738634049892426,0.2394740730524063,0.5331395864486694
42,2021,AFP,0,0.21640393137931824,0.4986528158187866,0.28494325280189514
42,2021,CSM,1,0.24600155651569366,0.4812640845775604,0.27273446321487427
42,2021,Cholera,2,0.2400374561548233,0.51687091588974,0.24309158325195312
42,2021,Lassa Fever,3,0.21828782558441162,0.4564756751060486,0.32523640990257263
42,2021,Measles,4,0.21563638746738434,0.4638959467411041,0.3204677700996399
42,2021,Mpox,5,0.23000746965408325,0.4955800473690033,0.2744123935699463
42,2021,Yellow Fever,6,0.24752652645111084,0.5103152990341187,0.2421581894159317
42,2021,AFP,0,0.206088125705719,0.23588861525058746,0.55802321434021
42,2021,CSM,1,0.24077846109867096,0.2651177942752838,0.4941038191318512
42,2021,Cholera,2,0.21848845481872559,0.24920772016048431,0.5323038101196289
42,2021,Lassa Fever,3,0.2288316786289215,0.25076043605804443,0.5204078555107117
42,2021,Measles,4,0.22014547884464264,0.24249747395515442,0.537356972694397
42,2021,Mpox,5,0.21681396663188934,0.2442416101694107,0.5389444231987
42,2021,Yellow Fever,6,0.23264436423778534,0.2623021602630615,0.5050534605979919
42,2021,AFP,0,0.25884711742401123,0.46667811274528503,0.2744748294353485
42,2021,CSM,1,0.28540709614753723,0.4896867871284485,0.22490614652633667
42,2021,Cholera,2,0.2850780487060547,0.4782402217388153,0.2366817593574524
42,2021,Lassa Fever,3,0.25792399048805237,0.46360161900520325,0.2784744203090668
42,2021,Measles,4,0.25363031029701233,0.46259674429893494,0.28377294540405273
42,2021,Mpox,5,0.2754351794719696,0.47549140453338623,0.24907343089580536
42,2021,Yellow Fever,6,0.2972295582294464,0.48715633153915405,0.21561412513256073
42,2021,AFP,0,0.19050003588199615,0.48327770829200745,0.3262222409248352
42,2021,CSM,1,0.20295482873916626,0.5001720190048218,0.2968731224536896
42,2021,Cholera,2,0.2045731395483017,0.5021075010299683,0.2933192849159241
42,2021,Lassa Fever,3,0.1879962533712387,0.47372764348983765,0.33827611804008484
42,2021,Measles,4,0.18751858174800873,0.4719332456588745,0.3405481278896332
42,2021,Mpox,5,0.19892413914203644,0.4947822093963623,0.3062936067581177
42,2021,Yellow Fever,6,0.20643050968647003,0.5058403015136719,0.2877292037010193
42,2021,AFP,0,0.3042784631252289,0.36190828680992126,0.33381322026252747
42,2021,CSM,1,0.31893643736839294,0.3538307547569275,0.32723280787467957
42,2021,Cholera,2,0.31758055090904236,0.3614220917224884,0.32099732756614685
42,2021,Lassa Fever,3,0.30282720923423767,0.3553365170955658,0.3418363332748413
42,2021,Measles,4,0.30334484577178955,0.3568924367427826,0.33976277709007263
42,2021,Mpox,5,0.3115752637386322,0.35761937499046326,0.3308054208755493
42,2021,Yellow Fever,6,0.33216890692710876,0.3620074987411499,0.30582359433174133
42,2021,AFP,0,0.238950714468956,0.45713010430336,0.30391913652420044
42,2021,CSM,1,0.2740730941295624,0.45831334590911865,0.26761358976364136
42,2021,Cholera,2,0.2628787159919739,0.4714201092720032,0.26570117473602295
42,2021,Lassa Fever,3,0.2510344386100769,0.43798691034317017,0.3109786808490753
42,2021,Measles,4,0.24817639589309692,0.4367074966430664,0.3151160478591919
42,2021,Mpox,5,0.25518855452537537,0.4608018696308136,0.28400954604148865
42,2021,Yellow Fever,6,0.27804678678512573,0.47233834862709045,0.24961480498313904
42,2021,AFP,0,0.37830808758735657,0.43771836161613464,0.1839735060930252
42,2021,CSM,1,0.4440832734107971,0.4075249433517456,0.1483917534351349
42,2021,Cholera,2,0.4111550748348236,0.4329979121685028,0.1558469533920288
42,2021,Lassa Fever,3,0.4117750823497772,0.4054206311702728,0.18280430138111115
42,2021,Measles,4,0.3954494297504425,0.41285568475723267,0.19169491529464722
42,2021,Mpox,5,0.4044128954410553,0.42822232842445374,0.16736482083797455
42,2021,Yellow Fever,6,0.4431874752044678,0.4144324064254761,0.14238008856773376
42,2021,AFP,0,0.2693246901035309,0.5626915097236633,0.16798385977745056
42,2021,CSM,1,0.30343174934387207,0.5488911271095276,0.14767703413963318
42,2021,Cholera,2,0.2876434028148651,0.5701460838317871,0.14221058785915375
42,2021,Lassa Fever,3,0.2824579179286957,0.541604220867157,0.17593783140182495
42,2021,Measles,4,0.2759588956832886,0.5497666001319885,0.17427454888820648
42,2021,Mpox,5,0.2845456898212433,0.5604879260063171,0.15496641397476196
42,2021,Yellow Fever,6,0.3052833676338196,0.5576747059822083,0.1370418667793274
42,2021,AFP,0,0.34428146481513977,0.45908889174461365,0.19662973284721375
42,2021,CSM,1,0.37504202127456665,0.4592110812664032,0.16574686765670776
42,2021,Cholera,2,0.36432328820228577,0.47073864936828613,0.1649380773305893
42,2021,Lassa Fever,3,0.3613450527191162,0.44616296887397766,0.19249191880226135
42,2021,Measles,4,0.35508260130882263,0.4461132287979126,0.1988040953874588
42,2021,Mpox,5,0.361244797706604,0.45766445994377136,0.18109077215194702
42,2021,Yellow Fever,6,0.38434037566185,0.4593817889690399,0.15627779066562653
42,2021,AFP,0,0.35448306798934937,0.4161868989467621,0.22933001816272736
42,2021,CSM,1,0.4010232388973236,0.4283912181854248,0.17058546841144562
42,2021,Cholera,2,0.37548741698265076,0.4364476203918457,0.18806496262550354
42,2021,Lassa Fever,3,0.3750371038913727,0.402713418006897,0.22224950790405273
42,2021,Measles,4,0.3630857467651367,0.40216344594955444,0.23475080728530884
42,2021,Mpox,5,0.3731258511543274,0.4161686301231384,0.2107054889202118
42,2021,Yellow Fever,6,0.40122243762016296,0.43281760811805725,0.1659599393606186
42,2022,AFP,0,0.36278101801872253,0.23267339169979095,0.40454554557800293
42,2022,CSM,1,0.38006213307380676,0.23246720433235168,0.3874705731868744
42,2022,Cholera,2,0.3679979145526886,0.2392200231552124,0.3927820324897766
42,2022,Lassa Fever,3,0.31963422894477844,0.219717338681221,0.46064844727516174
42,2022,Measles,4,0.35423269867897034,0.23531603813171387,0.410451203584671
42,2022,Mpox,5,0.35850095748901367,0.2348632961511612,0.40663576126098633
42,2022,Yellow Fever,6,0.3607221841812134,0.23653312027454376,0.40274474024772644
42,2022,AFP,0,0.2796038091182709,0.29276496171951294,0.4276312589645386
42,2022,CSM,1,0.28363820910453796,0.2909315824508667,0.4254302382469177
42,2022,Cholera,2,0.2727868854999542,0.3014845550060272,0.42572852969169617
42,2022,Lassa Fever,3,0.26068127155303955,0.30728816986083984,0.4320305585861206
42,2022,Measles,4,0.2695882022380829,0.3060878813266754,0.4243239164352417
42,2022,Mpox,5,0.27004387974739075,0.30390214920043945,0.4260539710521698
42,2022,Yellow Fever,6,0.27292802929878235,0.2971435487270355,0.42992839217185974
42,2022,AFP,0,0.27848759293556213,0.4077836871147156,0.3137287497520447
42,2022,CSM,1,0.2794877588748932,0.4156133532524109,0.3048988878726959
42,2022,Cholera,2,0.2762833833694458,0.4204685389995575,0.3032481372356415
42,2022,Lassa Fever,3,0.26990094780921936,0.41024526953697205,0.319853812456131
42,2022,Measles,4,0.27791911363601685,0.4128379225730896,0.30924302339553833
42,2022,Mpox,5,0.27814850211143494,0.41413944959640503,0.30771204829216003
42,2022,Yellow Fever,6,0.2747001051902771,0.41351228952407837,0.31178754568099976
42,2022,AFP,0,0.2529260516166687,0.2449469268321991,0.5021270513534546
42,2022,CSM,1,0.25398120284080505,0.25210338830947876,0.4939154088497162
42,2022,Cholera,2,0.25082650780677795,0.2504606544971466,0.4987127482891083
42,2022,Lassa Fever,3,0.24960890412330627,0.25105151534080505,0.4993394911289215
42,2022,Measles,4,0.25287508964538574,0.25306573510169983,0.49405911564826965
42,2022,Mpox,5,0.25343430042266846,0.2522914707660675,0.4942742586135864
42,2022,Yellow Fever,6,0.2518395185470581,0.24891705811023712,0.49924343824386597
42,2022,AFP,0,0.30455031991004944,0.21996647119522095,0.4754832088947296
42,2022,CSM,1,0.3122052550315857,0.22896939516067505,0.45882532000541687
42,2022,Cholera,2,0.3058781921863556,0.23085878789424896,0.46326306462287903
42,2022,Lassa Fever,3,0.29922881722450256,0.22153152525424957,0.47923970222473145
42,2022,Measles,4,0.3062646985054016,0.22876256704330444,0.46497276425361633
42,2022,Mpox,5,0.307099848985672,0.22497157752513885,0.46792858839035034
42,2022,Yellow Fever,6,0.3018060326576233,0.2241261899471283,0.474067747592926
42,2022,AFP,0,0.43597283959388733,0.09904160350561142,0.46498554944992065
42,2022,CSM,1,0.4448924660682678,0.10059046745300293,0.45451703667640686
42,2022,Cholera,2,0.44461849331855774,0.10388217866420746,0.4514993131160736
42,2022,Lassa Fever,3,0.41509321331977844,0.09221658110618591,0.4926902949810028
42,2022,Measles,4,0.436856210231781,0.099559485912323,0.46358418464660645
42,2022,Mpox,5,0.43883660435676575,0.09821701049804688,0.46294644474983215
42,2022,Yellow Fever,6,0.4369688928127289,0.10168915241956711,0.461341917514801
42,2022,AFP,0,0.48661088943481445,0.17234361171722412,0.3410455286502838
42,2022,CSM,1,0.5046984553337097,0.17477723956108093,0.32052433490753174
42,2022,Cholera,2,0.49773117899894714,0.17845360934734344,0.32381516695022583
42,2022,Lassa Fever,3,0.43355652689933777,0.157097727060318,0.40934571623802185
42,2022,Measles,4,0.48016437888145447,0.17444194853305817,0.34539368748664856
42,2022,Mpox,5,0.48373475670814514,0.17407658696174622,0.34218865633010864
42,2022,Yellow Fever,6,0.4908442795276642,0.1762680560350418,0.3328876495361328
42,2022,AFP,0,0.3251493275165558,0.10382974147796631,0.5710210204124451
42,2022,CSM,1,0.34088242053985596,0.10488124936819077,0.5542363524436951
42,2022,Cholera,2,0.35038039088249207,0.10979551076889038,0.5398241281509399
42,2022,Lassa Fever,3,0.2970735728740692,0.09150668233633041,0.6114197373390198
42,2022,Measles,4,0.32530370354652405,0.10071276873350143,0.5739834904670715
42,2022,Mpox,5,0.32766735553741455,0.09982850402593613,0.5725041627883911
42,2022,Yellow Fever,6,0.3249998390674591,0.10540634393692017,0.5695938467979431
42,2022,AFP,0,0.4647790789604187,0.1732730120420456,0.3619478940963745
42,2022,CSM,1,0.48304834961891174,0.1760818511247635,0.34086981415748596
42,2022,Cholera,2,0.47612521052360535,0.17968952655792236,0.34418538212776184
42,2022,Lassa Fever,3,0.4157421290874481,0.1592768430709839,0.424981027841568
42,2022,Measles,4,0.4583619236946106,0.17528334259986877,0.36635470390319824
42,2022,Mpox,5,0.46193572878837585,0.17497888207435608,0.3630853295326233
42,2022,Yellow Fever,6,0.4691363275051117,0.17733730375766754,0.35352641344070435
42,2022,AFP,0,0.5024715662002563,0.11342819035053253,0.38410019874572754
42,2022,CSM,1,0.51088547706604,0.11494428664445877,0.3741702139377594
42,2022,Cholera,2,0.5099924206733704,0.11753923445940018,0.37246832251548767
42,2022,Lassa Fever,3,0.48278701305389404,0.10502028465270996,0.4121926426887512
42,2022,Measles,4,0.5031878352165222,0.11425524950027466,0.3825569450855255
42,2022,Mpox,5,0.5053238272666931,0.11245062202215195,0.3822256028652191
42,2022,Yellow Fever,6,0.5028492212295532,0.11533024162054062,0.38182052969932556
42,2022,AFP,0,0.08270719647407532,0.25143370032310486,0.6658591628074646
42,2022,CSM,1,0.08768570423126221,0.26088783144950867,0.6514264941215515
42,2022,Cholera,2,0.08416054397821426,0.2609061300754547,0.6549332737922668
42,2022,Lassa Fever,3,0.067842498421669,0.2285815179347992,0.7035760283470154
42,2022,Measles,4,0.07833880931138992,0.24640041589736938,0.6752607822418213
42,2022,Mpox,5,0.08038996905088425,0.25166580080986023,0.6679442524909973
42,2022,Yellow Fever,6,0.0820716843008995,0.2514039874076843,0.666524350643158
42,2022,AFP,0,0.09408579021692276,0.20951014757156372,0.6964040398597717
42,2022,CSM,1,0.09755353629589081,0.20668694376945496,0.6957594752311707
42,2022,Cholera,2,0.09317591786384583,0.21900083124637604,0.6878232359886169
42,2022,Lassa Fever,3,0.08189323544502258,0.21927358210086823,0.6988332271575928
42,2022,Measles,4,0.08893167972564697,0.21544000506401062,0.69562828540802
42,2022,Mpox,5,0.08988562971353531,0.21444763243198395,0.6956667304039001
42,2022,Yellow Fever,6,0.09576018154621124,0.21236291527748108,0.6918769478797913
42,2022,AFP,0,0.08572985976934433,0.3423022925853729,0.5719677805900574
42,2022,CSM,1,0.09066928923130035,0.3601868748664856,0.54914391040802
42,2022,Cholera,2,0.08617612719535828,0.3662664592266083,0.5475573539733887
42,2022,Lassa Fever,3,0.06950295716524124,0.31283560395240784,0.6176614761352539
42,2022,Measles,4,0.07961583882570267,0.3418505787849426,0.5785335302352905
42,2022,Mpox,5,0.0825447142124176,0.35271891951560974,0.5647364258766174
42,2022,Yellow Fever,6,0.08596786856651306,0.3476429283618927,0.566389262676239
42,2022,AFP,0,0.14575785398483276,0.2763597071170807,0.5778824090957642
42,2022,CSM,1,0.15401405096054077,0.2895537316799164,0.5564321875572205
42,2022,Cholera,2,0.15344975888729095,0.2987663745880127,0.5477839112281799
42,2022,Lassa Fever,3,0.11761986464262009,0.25542619824409485,0.6269539594650269
42,2022,Measles,4,0.13863494992256165,0.28150078654289246,0.5798642039299011
42,2022,Mpox,5,0.13973507285118103,0.28485536575317383,0.5754095315933228
42,2022,Yellow Fever,6,0.14924389123916626,0.29046839475631714,0.5602877140045166
42,2022,AFP,0,0.14529424905776978,0.2858045697212219,0.5689011812210083
42,2022,CSM,1,0.15263906121253967,0.29860782623291016,0.5487530827522278
42,2022,Cholera,2,0.15201707184314728,0.3079815208911896,0.540001392364502
42,2022,Lassa Fever,3,0.11877533048391342,0.2661413252353668,0.6150833368301392
42,2022,Measles,4,0.13854049146175385,0.29140397906303406,0.5700555443763733
42,2022,Mpox,5,0.13852648437023163,0.2938452661037445,0.5676282048225403
42,2022,Yellow Fever,6,0.1490541249513626,0.3005009889602661,0.5504449009895325
42,2023,AFP,0,0.4639986753463745,0.1677705943584442,0.3682306706905365
42,2023,CSM,1,0.4763714075088501,0.15895414352416992,0.36467447876930237
42,2023,Cholera,2,0.46363022923469543,0.16802430152893066,0.3683454394340515
42,2023,Lassa Fever,3,0.46679824590682983,0.16719864308834076,0.3660031259059906
42,2023,Measles,4,0.46580687165260315,0.16782377660274506,0.3663693070411682
42,2023,Mpox,5,0.47406473755836487,0.16058243811130524,0.3653528690338135
42,2023,Yellow Fever,6,0.47306787967681885,0.16018268465995789,0.36674952507019043
42,2023,AFP,0,0.35017991065979004,0.09801029413938522,0.5518098473548889
42,2023,CSM,1,0.35475611686706543,0.09477880597114563,0.5504650473594666
42,2023,Cholera,2,0.34740447998046875,0.09825078397989273,0.5543447732925415
42,2023,Lassa Fever,3,0.3511611819267273,0.0979166254401207,0.5509222149848938
42,2023,Measles,4,0.3524838387966156,0.09711580723524094,0.5504003167152405
42,2023,Mpox,5,0.3574508726596832,0.09473700821399689,0.5478121638298035
42,2023,Yellow Fever,6,0.35181960463523865,0.09582041949033737,0.5523599982261658
42,2023,AFP,0,0.42677175998687744,0.1980188935995102,0.3752093017101288
42,2023,CSM,1,0.42805975675582886,0.19663463532924652,0.375305712223053
42,2023,Cholera,2,0.42471396923065186,0.19632743299007416,0.3789585828781128
42,2023,Lassa Fever,3,0.42447322607040405,0.19664955139160156,0.378877192735672
42,2023,Measles,4,0.42710188031196594,0.19770662486553192,0.37519150972366333
42,2023,Mpox,5,0.43203046917915344,0.19803006947040558,0.369939386844635
42,2023,Yellow Fever,6,0.429674357175827,0.1925799697637558,0.37774568796157837
42,2023,AFP,0,0.4827674627304077,0.12174758315086365,0.3954850137233734
42,2023,CSM,1,0.47188881039619446,0.12542681396007538,0.40268436074256897
42,2023,Cholera,2,0.4654269516468048,0.12491383403539658,0.4096592366695404
42,2023,Lassa Fever,3,0.4749424457550049,0.12358521670103073,0.40147238969802856
42,2023,Measles,4,0.4802044928073883,0.1239897683262825,0.395805686712265
42,2023,Mpox,5,0.48341140151023865,0.12382353097200394,0.392765074968338
42,2023,Yellow Fever,6,0.476914644241333,0.1210784912109375,0.40200692415237427
42,2023,AFP,0,0.3170532286167145,0.182762011885643,0.5001847743988037
42,2023,CSM,1,0.31458643078804016,0.1793719232082367,0.5060416460037231
42,2023,Cholera,2,0.3142569661140442,0.1725318282842636,0.5132112503051758
42,2023,Lassa Fever,3,0.3159729242324829,0.1768244504928589,0.5072026252746582
42,2023,Measles,4,0.31534701585769653,0.1856982260942459,0.4989546835422516
42,2023,Mpox,5,0.3187080919742584,0.1872251033782959,0.4940668046474457
42,2023,Yellow Fever,6,0.3175439238548279,0.17572854459285736,0.5067276358604431
42,2023,AFP,0,0.4610355496406555,0.14707352221012115,0.3918909430503845
42,2023,CSM,1,0.45464828610420227,0.14967940747737885,0.39567238092422485
42,2023,Cholera,2,0.4534625709056854,0.148646280169487,0.3978910744190216
42,2023,Lassa Fever,3,0.45425793528556824,0.14868269860744476,0.3970593512058258
42,2023,Measles,4,0.45781007409095764,0.14963597059249878,0.3925538957118988
42,2023,Mpox,5,0.4590688943862915,0.1500217616558075,0.3909093141555786
42,2023,Yellow Fever,6,0.459419310092926,0.14465482532978058,0.3959258496761322
42,2023,AFP,0,0.428774893283844,0.17185698449611664,0.3993680775165558
42,2023,CSM,1,0.41999271512031555,0.1742011308670044,0.4058060944080353
42,2023,Cholera,2,0.415927529335022,0.17135089635849,0.41272154450416565
42,2023,Lassa Fever,3,0.4207082688808441,0.17014101147651672,0.40915077924728394
42,2023,Measles,4,0.4262515902519226,0.17450085282325745,0.3992476165294647
42,2023,Mpox,5,0.42696791887283325,0.17528875172138214,0.3977433145046234
42,2023,Yellow Fever,6,0.42533183097839355,0.16766971349716187,0.4069984555244446
42,2023,AFP,0,0.4259834885597229,0.14976227283477783,0.42425429821014404
42,2023,CSM,1,0.41935551166534424,0.15089648962020874,0.4297480583190918
42,2023,Cholera,2,0.41736286878585815,0.14645493030548096,0.4361821413040161
42,2023,Lassa Fever,3,0.42082473635673523,0.14914348721504211,0.43003174662590027
42,2023,Measles,4,0.4249018132686615,0.15185637772083282,0.4232417941093445
42,2023,Mpox,5,0.42972031235694885,0.15207821130752563,0.4182015061378479
42,2023,Yellow Fever,6,0.42053189873695374,0.14834405481815338,0.4311240315437317
42,2023,AFP,0,0.34553611278533936,0.13181179761886597,0.5226520895957947
42,2023,CSM,1,0.3429432213306427,0.13069653511047363,0.5263602137565613
42,2023,Cholera,2,0.3425966799259186,0.12386593967676163,0.5335373878479004
42,2023,Lassa Fever,3,0.3477962613105774,0.1266915649175644,0.525512158870697
42,2023,Measles,4,0.3464880883693695,0.13408862054347992,0.5194233059883118
42,2023,Mpox,5,0.3480874001979828,0.13710109889507294,0.5148115158081055
42,2023,Yellow Fever,6,0.3419699966907501,0.12817108631134033,0.5298588871955872
42,2023,AFP,0,0.35363346338272095,0.14164593815803528,0.5047206282615662
42,2023,CSM,1,0.34417617321014404,0.14367032051086426,0.5121535062789917
42,2023,Cholera,2,0.3453793227672577,0.13807560503482819,0.5165449976921082
42,2023,Lassa Fever,3,0.34914642572402954,0.1400136649608612,0.5108399391174316
42,2023,Measles,4,0.35016295313835144,0.14535076916217804,0.5044862031936646
42,2023,Mpox,5,0.350665420293808,0.1468246430158615,0.5025099515914917
42,2023,Yellow Fever,6,0.3465654253959656,0.1401791274547577,0.5132554173469543
42,2023,AFP,0,0.4481673836708069,0.1271718591451645,0.4246608018875122
42,2023,CSM,1,0.4413735568523407,0.12882304191589355,0.42980343103408813
42,2023,Cholera,2,0.44371408224105835,0.12863734364509583,0.427648663520813
42,2023,Lassa Fever,3,0.44332364201545715,0.12589342892169952,0.4307829737663269
42,2023,Measles,4,0.4436078667640686,0.12894552946090698,0.4274466037750244
42,2023,Mpox,5,0.44784146547317505,0.1272566169500351,0.42490190267562866
42,2023,Yellow Fever,6,0.4439568519592285,0.12602950632572174,0.43001362681388855
42,2023,AFP,0,0.4190540015697479,0.17169871926307678,0.4092472493648529
42,2023,CSM,1,0.41334885358810425,0.1740080714225769,0.4126431345939636
42,2023,Cholera,2,0.4103069007396698,0.1758420616388321,0.41385093331336975
42,2023,Lassa Fever,3,0.4062298834323883,0.17402693629264832,0.419743150472641
42,2023,Measles,4,0.4155922830104828,0.17368638515472412,0.4107213020324707
42,2023,Mpox,5,0.42182666063308716,0.17105773091316223,0.4071155786514282
42,2023,Yellow Fever,6,0.4131127595901489,0.17245738208293915,0.41442984342575073
42,2023,AFP,0,0.42151114344596863,0.12791083753108978,0.4505779445171356
42,2023,CSM,1,0.42678102850914,0.12342029809951782,0.44979870319366455
42,2023,Cholera,2,0.42012614011764526,0.12781980633735657,0.45205405354499817
42,2023,Lassa Fever,3,0.4215033948421478,0.12189459800720215,0.4566020667552948
42,2023,Measles,4,0.4231632351875305,0.12517093122005463,0.45166584849357605
42,2023,Mpox,5,0.4271906912326813,0.12444089353084564,0.44836845993995667
42,2023,Yellow Fever,6,0.4225293695926666,0.12440171837806702,0.4530688524246216
42,2023,AFP,0,0.39200860261917114,0.22464020550251007,0.3833511471748352
42,2023,CSM,1,0.3939519226551056,0.21894420683383942,0.3871039152145386
42,2023,Cholera,2,0.3899376094341278,0.2204696536064148,0.389592707157135
42,2023,Lassa Fever,3,0.39048945903778076,0.21935495734214783,0.390155553817749
42,2023,Measles,4,0.3926151990890503,0.2223772406578064,0.3850075304508209
42,2023,Mpox,5,0.3969932496547699,0.22058676183223724,0.38242000341415405
42,2023,Yellow Fever,6,0.3915276825428009,0.21988555788993835,0.38858675956726074
42,2023,AFP,0,0.4098537862300873,0.21777507662773132,0.3723710775375366
42,2023,CSM,1,0.4114915430545807,0.21102143824100494,0.37748703360557556
42,2023,Cholera,2,0.4071389138698578,0.2115429937839508,0.3813180923461914
42,2023,Lassa Fever,3,0.40813878178596497,0.21205994486808777,0.3798012435436249
42,2023,Measles,4,0.41057729721069336,0.21599321067333221,0.373429536819458
42,2023,Mpox,5,0.4124050438404083,0.2165132761001587,0.37108170986175537
42,2023,Yellow Fever,6,0.4091087579727173,0.2122434675693512,0.3786478042602539
42,2023,AFP,0,0.3957243859767914,0.26645028591156006,0.33782529830932617
42,2023,CSM,1,0.39551079273223877,0.2620677649974823,0.3424214720726013
42,2023,Cholera,2,0.39550623297691345,0.2587530016899109,0.34574073553085327
42,2023,Lassa Fever,3,0.39484766125679016,0.2617431581020355,0.34340912103652954
42,2023,Measles,4,0.3956502079963684,0.26706042885780334,0.33728936314582825
42,2023,Mpox,5,0.3959219753742218,0.26856690645217896,0.33551114797592163
42,2023,Yellow Fever,6,0.394936203956604,0.26143306493759155,0.34363067150115967
42,2023,AFP,0,0.34774574637413025,0.26194149255752563,0.3903127908706665
42,2023,CSM,1,0.3476651906967163,0.2593478858470917,0.39298686385154724
42,2023,Cholera,2,0.3453429341316223,0.25874918699264526,0.39590784907341003
42,2023,Lassa Fever,3,0.3438970148563385,0.258292555809021,0.3978104293346405
42,2023,Measles,4,0.3478347659111023,0.2617872655391693,0.3903779983520508
42,2023,Mpox,5,0.3507009446620941,0.26274701952934265,0.38655197620391846
42,2023,Yellow Fever,6,0.34716010093688965,0.25851714611053467,0.3943227231502533
42,2023,AFP,0,0.41970136761665344,0.2663513123989105,0.3139473795890808
42,2023,CSM,1,0.424560546875,0.258725643157959,0.3167138993740082
42,2023,Cholera,2,0.41542869806289673,0.26734817028045654,0.31722313165664673
42,2023,Lassa Fever,3,0.4175068140029907,0.26615822315216064,0.31633493304252625
42,2023,Measles,4,0.420662522315979,0.265316367149353,0.3140210807323456
42,2023,Mpox,5,0.4266756474971771,0.259942889213562,0.31338146328926086
42,2023,Yellow Fever,6,0.4221095144748688,0.26040375232696533,0.3174866735935211
42,2023,AFP,0,0.3746979236602783,0.12162945419549942,0.5036725997924805
42,2023,CSM,1,0.3735055923461914,0.11732219159603119,0.5091722011566162
42,2023,Cholera,2,0.36401256918907166,0.11867694556713104,0.5173104405403137
42,2023,Lassa Fever,3,0.36937403678894043,0.11723272502422333,0.513393223285675
42,2023,Measles,4,0.3760126233100891,0.11996244639158249,0.5040249228477478
42,2023,Mpox,5,0.381523996591568,0.12060707062482834,0.49786895513534546
42,2023,Yellow Fever,6,0.37354573607444763,0.11742378026247025,0.5090305209159851
42,2023,AFP,0,0.3262132704257965,0.2958696484565735,0.37791708111763
42,2023,CSM,1,0.32684266567230225,0.29573243856430054,0.3774248957633972
42,2023,Cholera,2,0.3261905908584595,0.2954477369785309,0.3783617317676544
42,2023,Lassa Fever,3,0.32819458842277527,0.294462114572525,0.3773432970046997
42,2023,Measles,4,0.3262118399143219,0.296644926071167,0.3771432936191559
42,2023,Mpox,5,0.325686514377594,0.2978721559047699,0.3764413297176361
42,2023,Yellow Fever,6,0.32526591420173645,0.29645898938179016,0.3782751262187958
42,2023,AFP,0,0.2937389612197876,0.2099059373140335,0.4963550567626953
42,2023,CSM,1,0.29851895570755005,0.20300143957138062,0.4984796643257141
42,2023,Cholera,2,0.2874642014503479,0.21227768063545227,0.5002581477165222
42,2023,Lassa Fever,3,0.2915157377719879,0.20965294539928436,0.4988313913345337
42,2023,Measles,4,0.29515013098716736,0.20817305147647858,0.4966767430305481
42,2023,Mpox,5,0.303936243057251,0.20229728519916534,0.49376651644706726
42,2023,Yellow Fever,6,0.2953202724456787,0.20389413833618164,0.5007855892181396
42,2023,AFP,0,0.31057170033454895,0.3154812455177307,0.3739471137523651
42,2023,CSM,1,0.30934542417526245,0.31433799862861633,0.376316636800766
42,2023,Cholera,2,0.31000226736068726,0.3110172748565674,0.37898045778274536
42,2023,Lassa Fever,3,0.30912351608276367,0.3128954768180847,0.377981036901474
42,2023,Measles,4,0.309939444065094,0.3163471221923828,0.3737134039402008
42,2023,Mpox,5,0.30811911821365356,0.32121267914772034,0.3706682622432709
42,2023,Yellow Fever,6,0.30843672156333923,0.3137611746788025,0.37780213356018066
42,2024,AFP,0,0.26240670680999756,0.4322907328605652,0.3053025007247925
42,2024,CSM,1,0.2671244442462921,0.42069578170776367,0.3121797442436218
42,2024,Cholera,2,0.26742684841156006,0.43786272406578064,0.2947104573249817
42,2024,Lassa Fever,3,0.27691683173179626,0.4193665683269501,0.3037165701389313
42,2024,Measles,4,0.2605484426021576,0.4371976852416992,0.30225393176078796
42,2024,Mpox,5,0.26049748063087463,0.4361497759819031,0.3033527135848999
42,2024,Yellow Fever,6,0.2674809694290161,0.42791152000427246,0.3046075105667114
42,2024,AFP,0,0.23397448658943176,0.49268949031829834,0.2733360528945923
42,2024,CSM,1,0.23693279922008514,0.4819520115852356,0.2811151444911957
42,2024,Cholera,2,0.23801536858081818,0.49786776304244995,0.26411688327789307
42,2024,Lassa Fever,3,0.24528032541275024,0.4806954264640808,0.27402427792549133
42,2024,Measles,4,0.23272867500782013,0.4969218373298645,0.2703494727611542
42,2024,Mpox,5,0.23277604579925537,0.4958462119102478,0.2713777720928192
42,2024,Yellow Fever,6,0.23876462876796722,0.4876822531223297,0.27355310320854187
42,2024,AFP,0,0.21967734396457672,0.49132615327835083,0.28899648785591125
42,2024,CSM,1,0.22315046191215515,0.47760632634162903,0.29924318194389343
42,2024,Cholera,2,0.2245863974094391,0.4946732819080353,0.280740350484848
42,2024,Lassa Fever,3,0.2313959300518036,0.47683802247047424,0.2917660176753998
42,2024,Measles,4,0.2204158753156662,0.4906162619590759,0.28896787762641907
42,2024,Mpox,5,0.2189461886882782,0.4932915270328522,0.28776225447654724
42,2024,Yellow Fever,6,0.22448590397834778,0.48595693707466125,0.28955721855163574
42,2024,AFP,0,0.1722191572189331,0.5507426261901855,0.27703824639320374
42,2024,CSM,1,0.17696914076805115,0.5411176085472107,0.28191325068473816
42,2024,Cholera,2,0.174311563372612,0.5467195510864258,0.278968870639801
42,2024,Lassa Fever,3,0.17698480188846588,0.5423827767372131,0.2806323766708374
42,2024,Measles,4,0.16884203255176544,0.5555116534233093,0.2756463587284088
42,2024,Mpox,5,0.17101724445819855,0.5520648956298828,0.2769179046154022
42,2024,Yellow Fever,6,0.1727706789970398,0.5480720400810242,0.2791573405265808
42,2024,AFP,0,0.1788218468427658,0.5189995169639587,0.30217859148979187
42,2024,CSM,1,0.18410378694534302,0.5084618330001831,0.30743440985679626
42,2024,Cholera,2,0.1803068220615387,0.5163285136222839,0.303364634513855
42,2024,Lassa Fever,3,0.1828606128692627,0.5111513137817383,0.3059881329536438
42,2024,Measles,4,0.1744607537984848,0.5242136120796204,0.3013256788253784
42,2024,Mpox,5,0.17898936569690704,0.5184255242347717,0.30258503556251526
42,2024,Yellow Fever,6,0.18015159666538239,0.5159096121788025,0.3039388060569763
42,2024,AFP,0,0.20044010877609253,0.3163570761680603,0.4832027852535248
42,2024,CSM,1,0.20339597761631012,0.31533610820770264,0.48126792907714844
42,2024,Cholera,2,0.2064093053340912,0.3176528811454773,0.47593772411346436
42,2024,Lassa Fever,3,0.2119709700345993,0.3101552724838257,0.4778738021850586
42,2024,Measles,4,0.20493026077747345,0.31376218795776367,0.4813074767589569
42,2024,Mpox,5,0.20935820043087006,0.31887146830558777,0.4717702865600586
42,2024,Yellow Fever,6,0.21176216006278992,0.3148331344127655,0.47340473532676697
42,2024,AFP,0,0.22534991800785065,0.3581666350364685,0.41648349165916443
42,2024,CSM,1,0.230460062623024,0.3422199487686157,0.4273199737071991
42,2024,Cholera,2,0.2272510826587677,0.35726261138916016,0.4154863655567169
42,2024,Lassa Fever,3,0.23494987189769745,0.34322524070739746,0.4218249022960663
42,2024,Measles,4,0.22183674573898315,0.36268728971481323,0.4154759347438812
42,2024,Mpox,5,0.2243746668100357,0.35956820845603943,0.41605713963508606
42,2024,Yellow Fever,6,0.22779589891433716,0.3520863354206085,0.42011770606040955
42,2024,AFP,0,0.21062932908535004,0.48065751791000366,0.30871307849884033
42,2024,CSM,1,0.21451669931411743,0.4712795913219452,0.31420376896858215
42,2024,Cholera,2,0.21527744829654694,0.4775000810623169,0.3072224259376526
42,2024,Lassa Fever,3,0.21444571018218994,0.47487983107566833,0.3106744885444641
42,2024,Measles,4,0.20857033133506775,0.4853411912918091,0.30608853697776794
42,2024,Mpox,5,0.21214067935943604,0.47966164350509644,0.30819764733314514
42,2024,Yellow Fever,6,0.21649163961410522,0.47740453481674194,0.30610379576683044
42,2024,AFP,0,0.17714813351631165,0.4098697602748871,0.4129820466041565
42,2024,CSM,1,0.18437710404396057,0.3973676860332489,0.4182552397251129
42,2024,Cholera,2,0.18003156781196594,0.4081675112247467,0.41180092096328735
42,2024,Lassa Fever,3,0.18266278505325317,0.4040714204311371,0.41326579451560974
42,2024,Measles,4,0.17228958010673523,0.4170624911785126,0.41064801812171936
42,2024,Mpox,5,0.178034707903862,0.4146271049976349,0.40733811259269714
42,2024,Yellow Fever,6,0.1803705096244812,0.40800514817237854,0.41162434220314026
42,2024,AFP,0,0.2719959020614624,0.3337717652320862,0.3942323327064514
42,2024,CSM,1,0.27570998668670654,0.3236388564109802,0.40065115690231323
42,2024,Cholera,2,0.27158814668655396,0.33413398265838623,0.3942778706550598
42,2024,Lassa Fever,3,0.2719046175479889,0.3296971023082733,0.3983983099460602
42,2024,Measles,4,0.26393914222717285,0.338507741689682,0.39755308628082275
42,2024,Mpox,5,0.26849421858787537,0.33965790271759033,0.3918479084968567
42,2024,Yellow Fever,6,0.27248233556747437,0.3277702033519745,0.39974746108055115
42,2024,AFP,0,0.13519014418125153,0.5833346843719482,0.28147515654563904
42,2024,CSM,1,0.14065158367156982,0.5722880959510803,0.28706037998199463
42,2024,Cholera,2,0.1396474987268448,0.581369936466217,0.27898257970809937
42,2024,Lassa Fever,3,0.13928918540477753,0.576794445514679,0.28391632437705994
42,2024,Measles,4,0.13239865005016327,0.5891208648681641,0.27848052978515625
42,2024,Mpox,5,0.138790100812912,0.5821263194084167,0.27908357977867126
42,2024,Yellow Fever,6,0.1385136842727661,0.5821728706359863,0.27931350469589233
42,2024,AFP,0,0.11598861962556839,0.5370776057243347,0.3469337224960327
42,2024,CSM,1,0.11663508415222168,0.5252532362937927,0.3581116795539856
42,2024,Cholera,2,0.1191597580909729,0.5347689390182495,0.3460712432861328
42,2024,Lassa Fever,3,0.1229579895734787,0.5237537622451782,0.35328829288482666
42,2024,Measles,4,0.11760400980710983,0.5288543105125427,0.35354167222976685
42,2024,Mpox,5,0.12050868570804596,0.53977370262146,0.3397175967693329
42,2024,Yellow Fever,6,0.12175510823726654,0.5304555892944336,0.3477892279624939
42,2024,AFP,0,0.11026368290185928,0.516464114189148,0.3732722997665405
42,2024,CSM,1,0.11482033133506775,0.5047911405563354,0.3803884983062744
42,2024,Cholera,2,0.11577105522155762,0.5166499018669128,0.36757907271385193
42,2024,Lassa Fever,3,0.1116318553686142,0.5116982460021973,0.37666985392570496
42,2024,Measles,4,0.10713072121143341,0.5227282643318176,0.37014102935791016
42,2024,Mpox,5,0.11627431213855743,0.5162892937660217,0.36743634939193726
42,2024,Yellow Fever,6,0.11651086062192917,0.5127536654472351,0.3707354664802551
42,2024,AFP,0,0.15052686631679535,0.5046919584274292,0.34478121995925903
42,2024,CSM,1,0.15717433393001556,0.4899059236049652,0.3529198169708252
42,2024,Cholera,2,0.15793952345848083,0.5033777952194214,0.3386825919151306
42,2024,Lassa Fever,3,0.15289053320884705,0.5015942454338074,0.3455151617527008
42,2024,Measles,4,0.14647187292575836,0.5115249752998352,0.34200310707092285
42,2024,Mpox,5,0.1594829559326172,0.5032435655593872,0.337273508310318
42,2024,Yellow Fever,6,0.15997347235679626,0.4974331855773926,0.3425932824611664
42,2024,AFP,0,0.1539616584777832,0.5084897875785828,0.3375485837459564
42,2024,CSM,1,0.16021062433719635,0.49409711360931396,0.3456922769546509
42,2024,Cholera,2,0.16191841661930084,0.5122528076171875,0.32582876086235046
42,2024,Lassa Fever,3,0.1552894413471222,0.5109266042709351,0.33378392457962036
42,2024,Measles,4,0.15015698969364166,0.5152469277381897,0.3345961570739746
42,2024,Mpox,5,0.16319744288921356,0.5088642835617065,0.3279383182525635
42,2024,Yellow Fever,6,0.163469135761261,0.5026177167892456,0.3339131772518158
42,2024,AFP,0,0.15806661546230316,0.49628540873527527,0.3456479609012604
42,2024,CSM,1,0.16276918351650238,0.48480162024497986,0.3524291217327118
42,2024,Cholera,2,0.16597247123718262,0.5011453628540039,0.33288219571113586
42,2024,Lassa Fever,3,0.15865416824817657,0.5001274943351746,0.34121832251548767
42,2024,Measles,4,0.15415838360786438,0.5031613707542419,0.3426802456378937
42,2024,Mpox,5,0.16609570384025574,0.49794846773147583,0.3359558880329132
42,2024,Yellow Fever,6,0.16758528351783752,0.49132904410362244,0.3410857319831848
42,2024,AFP,0,0.14480040967464447,0.561389148235321,0.29381051659584045
42,2024,CSM,1,0.15002714097499847,0.5497992634773254,0.3001735508441925
42,2024,Cholera,2,0.1519484519958496,0.569280743598938,0.2787708044052124
42,2024,Lassa Fever,3,0.1448674499988556,0.5691044926643372,0.28602802753448486
42,2024,Measles,4,0.1412380039691925,0.5692480802536011,0.2895139455795288
42,2024,Mpox,5,0.15221819281578064,0.5662930607795715,0.2814887464046478
42,2024,Yellow Fever,6,0.15336871147155762,0.5600934624671936,0.28653788566589355
42,2024,AFP,0,0.13656489551067352,0.6195282340049744,0.2439068704843521
42,2024,CSM,1,0.14316731691360474,0.6078742146492004,0.24895842373371124
42,2024,Cholera,2,0.1429346799850464,0.6262412071228027,0.23082417249679565
42,2024,Lassa Fever,3,0.1372477412223816,0.6265148520469666,0.23623740673065186
42,2024,Measles,4,0.1333400011062622,0.6269062161445618,0.2397538274526596
42,2024,Mpox,5,0.14546194672584534,0.620427668094635,0.23411047458648682
42,2024,Yellow Fever,6,0.1453804224729538,0.6171734929084778,0.23744608461856842
42,2024,AFP,0,0.12689463794231415,0.6383312344551086,0.23477408289909363
42,2024,CSM,1,0.1336386799812317,0.6262564063072205,0.24010486900806427
42,2024,Cholera,2,0.13366441428661346,0.6416664123535156,0.22466912865638733
42,2024,Lassa Fever,3,0.12703822553157806,0.6470392346382141,0.2259225696325302
42,2024,Measles,4,0.12550152838230133,0.6399410963058472,0.23455730080604553
42,2024,Mpox,5,0.13386628031730652,0.640095055103302,0.22603869438171387
42,2024,Yellow Fever,6,0.13459612429141998,0.6371210217475891,0.2282828986644745
42,2024,AFP,0,0.13865016400814056,0.57078617811203,0.2905636429786682
42,2024,CSM,1,0.14393584430217743,0.5571313500404358,0.29893285036087036
42,2024,Cholera,2,0.1454213410615921,0.5776206254959106,0.27695798873901367
42,2024,Lassa Fever,3,0.13839350640773773,0.5801922678947449,0.281414270401001
42,2024,Measles,4,0.1356925666332245,0.5774139165878296,0.2868935763835907
42,2024,Mpox,5,0.14514398574829102,0.5707598924636841,0.2840960919857025
42,2024,Yellow Fever,6,0.14642545580863953,0.5694822072982788,0.2840923070907593
42,2024,AFP,0,0.1352803111076355,0.558864176273346,0.30585551261901855
42,2024,CSM,1,0.14003168046474457,0.5470792055130005,0.31288906931877136
42,2024,Cholera,2,0.14208203554153442,0.5571199655532837,0.3007979094982147
42,2024,Lassa Fever,3,0.1376296579837799,0.554034411907196,0.3083359897136688
42,2024,Measles,4,0.13395343720912933,0.5622405409812927,0.30380603671073914
42,2024,Mpox,5,0.1427297592163086,0.5559735298156738,0.3012966215610504
42,2024,Yellow Fever,6,0.14117132127285004,0.5548743605613708,0.3039543926715851
42,2024,AFP,0,0.12892185151576996,0.5642353892326355,0.30684271454811096
42,2024,CSM,1,0.13199660181999207,0.5559278726577759,0.31207558512687683
42,2024,Cholera,2,0.13582846522331238,0.560904324054718,0.3032672703266144
42,2024,Lassa Fever,3,0.13083668053150177,0.5608969926834106,0.3082663118839264
42,2024,Measles,4,0.12742628157138824,0.5684108138084412,0.3041628897190094
42,2024,Mpox,5,0.13624657690525055,0.5606948733329773,0.3030584454536438
42,2024,Yellow Fever,6,0.1353016048669815,0.5580204129219055,0.306677907705307
42,2024,AFP,0,0.1353960484266281,0.5391578674316406,0.32544606924057007
42,2024,CSM,1,0.13824789226055145,0.5297150015830994,0.33203715085983276
42,2024,Cholera,2,0.1423029899597168,0.5368795990943909,0.32081741094589233
42,2024,Lassa Fever,3,0.13714231550693512,0.5351440906524658,0.32771360874176025
42,2024,Measles,4,0.13398675620555878,0.543430745601654,0.32258251309394836
42,2024,Mpox,5,0.14267337322235107,0.536045253276825,0.3212813436985016
42,2024,Yellow Fever,6,0.1411963701248169,0.5341346859931946,0.32466891407966614
42,2024,AFP,0,0.14094825088977814,0.5184876322746277,0.3405640721321106
42,2024,CSM,1,0.14210081100463867,0.5105167627334595,0.34738239645957947
42,2024,Cholera,2,0.1496744602918625,0.5120481848716736,0.33827731013298035
42,2024,Lassa Fever,3,0.13901051878929138,0.5169257521629333,0.34406375885009766
42,2024,Measles,4,0.14222389459609985,0.518823504447937,0.33895257115364075
42,2024,Mpox,5,0.14771389961242676,0.5144187211990356,0.3378673791885376
42,2024,Yellow Fever,6,0.14793193340301514,0.515317440032959,0.33675065636634827
42,2024,AFP,0,0.21923226118087769,0.4773715138435364,0.30339622497558594
42,2024,CSM,1,0.2231731116771698,0.46855250000953674,0.30827435851097107
42,2024,Cholera,2,0.22413651645183563,0.473760187625885,0.30210331082344055
42,2024,Lassa Fever,3,0.2232128232717514,0.4714175760746002,0.30536949634552
42,2024,Measles,4,0.21715252101421356,0.48186352849006653,0.3009839355945587
42,2024,Mpox,5,0.22076639533042908,0.47660189867019653,0.3026317059993744
42,2024,Yellow Fever,6,0.22533637285232544,0.47374841570854187,0.3009152412414551
42,2024,AFP,0,0.20301665365695953,0.5091148018836975,0.28786852955818176
42,2024,CSM,1,0.20619824528694153,0.5007986426353455,0.293003112077713
42,2024,Cholera,2,0.20779643952846527,0.505543053150177,0.2866605222225189
42,2024,Lassa Fever,3,0.2044459879398346,0.5056729912757874,0.28988099098205566
42,2024,Measles,4,0.2007617950439453,0.5137155055999756,0.28552278876304626
42,2024,Mpox,5,0.20573538541793823,0.5073958039283752,0.2868688702583313
42,2024,Yellow Fever,6,0.20991475880146027,0.5045483112335205,0.28553691506385803
42,2024,AFP,0,0.2196812629699707,0.502202033996582,0.27811670303344727
42,2024,CSM,1,0.22181500494480133,0.49297454953193665,0.2852104604244232
42,2024,Cholera,2,0.22362570464611053,0.5040996074676514,0.2722746431827545
42,2024,Lassa Fever,3,0.21885959804058075,0.5073411464691162,0.27379927039146423
42,2024,Measles,4,0.21559424698352814,0.506641149520874,0.27776458859443665
42,2024,Mpox,5,0.22404985129833221,0.5016446113586426,0.2743054926395416
42,2024,Yellow Fever,6,0.22681215405464172,0.5026307106018066,0.27055713534355164
42,2024,AFP,0,0.23691780865192413,0.4770759046077728,0.2860063314437866
42,2024,CSM,1,0.24079009890556335,0.4674304723739624,0.29177945852279663
42,2024,Cholera,2,0.24165651202201843,0.47890618443489075,0.2794373035430908
42,2024,Lassa Fever,3,0.23844806849956512,0.48149192333221436,0.2800599932670593
42,2024,Measles,4,0.23280513286590576,0.4815120995044708,0.2856828272342682
42,2024,Mpox,5,0.24217262864112854,0.47624143958091736,0.2815859019756317
42,2024,Yellow Fever,6,0.24325525760650635,0.4777146577835083,0.27903008460998535
42,2024,AFP,0,0.21451373398303986,0.475976824760437,0.30950939655303955
42,2024,CSM,1,0.21843408048152924,0.4666075110435486,0.3149584233760834
42,2024,Cholera,2,0.21922288835048676,0.4727969169616699,0.30798017978668213
42,2024,Lassa Fever,3,0.21837173402309418,0.470193475484848,0.3114348351955414
42,2024,Measles,4,0.21243588626384735,0.48065829277038574,0.3069057762622833
42,2024,Mpox,5,0.21604511141777039,0.47497352957725525,0.3089814782142639
42,2024,Yellow Fever,6,0.22045476734638214,0.4726926386356354,0.3068525195121765
42,2024,AFP,0,0.231066033244133,0.46994614601135254,0.29898783564567566
42,2024,CSM,1,0.23472563922405243,0.46061453223228455,0.3046598434448242
42,2024,Cholera,2,0.23355838656425476,0.4674852788448334,0.2989562749862671
42,2024,Lassa Fever,3,0.23225998878479004,0.46727097034454346,0.30046913027763367
42,2024,Measles,4,0.22837015986442566,0.4753016233444214,0.29632824659347534
42,2024,Mpox,5,0.23344004154205322,0.46791693568229675,0.2986430525779724
42,2024,Yellow Fever,6,0.2356124371290207,0.46687155961990356,0.29751598834991455
42,2024,AFP,0,0.22665591537952423,0.4683123826980591,0.30503174662590027
42,2024,CSM,1,0.23073029518127441,0.4589589834213257,0.3103106617927551
42,2024,Cholera,2,0.2312673032283783,0.46563178300857544,0.30310091376304626
42,2024,Lassa Fever,3,0.2303328961133957,0.46321961283683777,0.30644744634628296
42,2024,Measles,4,0.22446414828300476,0.47305601835250854,0.3024798631668091
42,2024,Mpox,5,0.22826509177684784,0.4672336280345917,0.3045012354850769
42,2024,Yellow Fever,6,0.23226450383663177,0.4661101698875427,0.3016252815723419
42,2024,AFP,0,0.19700314104557037,0.533807635307312,0.2691892385482788
42,2024,CSM,1,0.20016442239284515,0.5264527201652527,0.27338287234306335
42,2024,Cholera,2,0.19753842055797577,0.5302152037620544,0.27224642038345337
42,2024,Lassa Fever,3,0.19725288450717926,0.5326863527297974,0.2700607180595398
42,2024,Measles,4,0.194241464138031,0.5385774970054626,0.2671810984611511
42,2024,Mpox,5,0.19610022008419037,0.5331197381019592,0.27077996730804443
42,2024,Yellow Fever,6,0.19876596331596375,0.5302425622940063,0.2709914743900299
42,2024,AFP,0,0.2596876323223114,0.42680391669273376,0.3135084807872772
42,2024,CSM,1,0.2630001902580261,0.42242783308029175,0.3145720064640045
42,2024,Cholera,2,0.2629052996635437,0.4235057830810547,0.31358885765075684
42,2024,Lassa Fever,3,0.2606838643550873,0.42698943614959717,0.31232666969299316
42,2024,Measles,4,0.2574974596500397,0.4294075071811676,0.3130950331687927
42,2024,Mpox,5,0.2580714523792267,0.42933616042137146,0.31259235739707947
42,2024,Yellow Fever,6,0.2593230605125427,0.428274005651474,0.3124028742313385
42,2024,AFP,0,0.3077491521835327,0.3754521906375885,0.3167986273765564
42,2024,CSM,1,0.31261545419692993,0.3648627698421478,0.32252177596092224
42,2024,Cholera,2,0.3148050010204315,0.3702923655509949,0.3149026334285736
42,2024,Lassa Fever,3,0.3089946210384369,0.37472811341285706,0.31627729535102844
42,2024,Measles,4,0.3083416223526001,0.373422235250473,0.31823617219924927
42,2024,Mpox,5,0.30781790614128113,0.3815559446811676,0.31062614917755127
42,2024,Yellow Fever,6,0.31207284331321716,0.37534087896347046,0.3125862777233124
42,2024,AFP,0,0.36565348505973816,0.30505678057670593,0.3292897343635559
42,2024,CSM,1,0.36791467666625977,0.29709842801094055,0.3349868655204773
42,2024,Cholera,2,0.37466180324554443,0.2989891469478607,0.32634902000427246
42,2024,Lassa Fever,3,0.3679439127445221,0.30360010266304016,0.32845598459243774
42,2024,Measles,4,0.367470920085907,0.3024299144744873,0.3300991654396057
42,2024,Mpox,5,0.3709045946598053,0.3075389266014099,0.32155659794807434
42,2024,Yellow Fever,6,0.37273627519607544,0.3029826581478119,0.3242810368537903
42,2024,AFP,0,0.34168487787246704,0.33337798714637756,0.324937105178833
42,2024,CSM,1,0.3467211425304413,0.3256235122680664,0.3276553452014923
42,2024,Cholera,2,0.34688133001327515,0.33327600359916687,0.31984269618988037
42,2024,Lassa Fever,3,0.34281060099601746,0.3326352536678314,0.3245542049407959
42,2024,Measles,4,0.34270548820495605,0.3314857482910156,0.3258087635040283
42,2024,Mpox,5,0.3460027277469635,0.3365490436553955,0.3174481987953186
42,2024,Yellow Fever,6,0.34880146384239197,0.3313944935798645,0.3198040723800659
42,2024,AFP,0,0.3082897961139679,0.4748389720916748,0.21687118709087372
42,2024,CSM,1,0.3213675022125244,0.46059760451316833,0.21803492307662964
42,2024,Cholera,2,0.3117706775665283,0.4766903519630432,0.21153892576694489
42,2024,Lassa Fever,3,0.3229387104511261,0.4633512794971466,0.21370993554592133
42,2024,Measles,4,0.30523091554641724,0.4778406322002411,0.21692843735218048
42,2024,Mpox,5,0.30885598063468933,0.47626540064811707,0.21487869322299957
42,2024,Yellow Fever,6,0.3157227635383606,0.46947744488716125,0.21479974687099457
42,2024,AFP,0,0.2795659005641937,0.3509073853492737,0.3695267140865326
42,2024,CSM,1,0.28559377789497375,0.3384750187397003,0.3759312033653259
42,2024,Cholera,2,0.28066423535346985,0.35364845395088196,0.3656872808933258
42,2024,Lassa Fever,3,0.29400768876075745,0.3359905481338501,0.37000179290771484
42,2024,Measles,4,0.2766205072402954,0.35210201144218445,0.37127745151519775
42,2024,Mpox,5,0.2749212682247162,0.35284027457237244,0.3722384572029114
42,2024,Yellow Fever,6,0.28221383690834045,0.3452998399734497,0.37248632311820984
42,2024,AFP,0,0.28156667947769165,0.3436077833175659,0.37482547760009766
42,2024,CSM,1,0.2875458896160126,0.33125758171081543,0.3811964988708496
42,2024,Cholera,2,0.2834557890892029,0.34495413303375244,0.3715900480747223
42,2024,Lassa Fever,3,0.2962583303451538,0.32829442620277405,0.37544721364974976
42,2024,Measles,4,0.2789765000343323,0.3440171182155609,0.37700632214546204
42,2024,Mpox,5,0.27704867720603943,0.34567540884017944,0.37727585434913635
42,2024,Yellow Fever,6,0.2843695878982544,0.33804240822792053,0.3775879740715027
42,2024,AFP,0,0.36366191506385803,0.35724183917045593,0.2790963053703308
42,2024,CSM,1,0.3783862292766571,0.3445035517215729,0.27711021900177
42,2024,Cholera,2,0.3666284382343292,0.3584509491920471,0.27492064237594604
42,2024,Lassa Fever,3,0.3824418783187866,0.3438205122947693,0.2737376093864441
42,2024,Measles,4,0.36164531111717224,0.35985782742500305,0.2784969210624695
42,2024,Mpox,5,0.3617793321609497,0.3623456060886383,0.2758750915527344
42,2024,Yellow Fever,6,0.37065160274505615,0.3513402044773102,0.2780081629753113
42,2024,AFP,0,0.3608229160308838,0.351199209690094,0.287977933883667
42,2024,CSM,1,0.36821359395980835,0.34136658906936646,0.2904198467731476
42,2024,Cholera,2,0.3626366853713989,0.35233160853385925,0.2850317656993866
42,2024,Lassa Fever,3,0.3659212589263916,0.3442229628562927,0.2898557782173157
42,2024,Measles,4,0.3548479676246643,0.3549084961414337,0.290243536233902
42,2024,Mpox,5,0.35710981488227844,0.35564056038856506,0.2872496545314789
42,2024,Yellow Fever,6,0.364156037569046,0.3450232446193695,0.29082074761390686
42,2024,AFP,0,0.29385149478912354,0.3346310257911682,0.37151744961738586
42,2024,CSM,1,0.30023476481437683,0.323324590921402,0.37644073367118835
42,2024,Cholera,2,0.3019087016582489,0.330987811088562,0.3671035170555115
42,2024,Lassa Fever,3,0.3000946640968323,0.32632192969322205,0.3735833466053009
42,2024,Measles,4,0.29320380091667175,0.33881890773773193,0.3679773211479187
42,2024,Mpox,5,0.2975035607814789,0.33275771141052246,0.36973869800567627
42,2024,Yellow Fever,6,0.2999669015407562,0.32579606771469116,0.374237060546875
42,2025,AFP,0,0.3834897577762604,0.3991612195968628,0.21734896302223206
42,2025,CSM,1,0.37972569465637207,0.4028382897377014,0.21743598580360413
42,2025,Cholera,2,0.38098734617233276,0.40492311120033264,0.21408958733081818
42,2025,Lassa Fever,3,0.38154810667037964,0.4011562466621399,0.21729570627212524
42,2025,Measles,4,0.3795928657054901,0.4067644774913788,0.21364270150661469
42,2025,Mpox,5,0.38416483998298645,0.3985656499862671,0.21726956963539124
42,2025,Yellow Fever,6,0.38292235136032104,0.40001899003982544,0.2170587182044983
42,2025,AFP,0,0.36779317259788513,0.4070698022842407,0.22513698041439056
42,2025,CSM,1,0.36268389225006104,0.41114145517349243,0.22617468237876892
42,2025,Cholera,2,0.36551961302757263,0.4115317761898041,0.2229485660791397
42,2025,Lassa Fever,3,0.3649674654006958,0.40912723541259766,0.22590528428554535
42,2025,Measles,4,0.36348268389701843,0.4139438569545746,0.2225734144449234
42,2025,Mpox,5,0.3677031695842743,0.40646323561668396,0.22583356499671936
42,2025,Yellow Fever,6,0.36675623059272766,0.4086534380912781,0.22459033131599426
42,2025,AFP,0,0.35343337059020996,0.4168297052383423,0.22973696887493134
42,2025,CSM,1,0.34872865676879883,0.420289009809494,0.23098230361938477
42,2025,Cholera,2,0.35151469707489014,0.4207591712474823,0.22772616147994995
42,2025,Lassa Fever,3,0.350972980260849,0.41828784346580505,0.23073916137218475
42,2025,Measles,4,0.3495124876499176,0.4231727421283722,0.22731474041938782
42,2025,Mpox,5,0.35366249084472656,0.41563329100608826,0.230704203248024
42,2025,Yellow Fever,6,0.35273101925849915,0.4178483486175537,0.22942069172859192
42,2025,AFP,0,0.35117417573928833,0.4316537082195282,0.2171720713376999
42,2025,CSM,1,0.3471415340900421,0.43589258193969727,0.21696583926677704
42,2025,Cholera,2,0.34971895813941956,0.4357556402683258,0.2145254760980606
42,2025,Lassa Fever,3,0.3501720726490021,0.43201908469200134,0.217808797955513
42,2025,Measles,4,0.34950461983680725,0.4356286823749542,0.21486668288707733
42,2025,Mpox,5,0.3511577248573303,0.4319493770599365,0.21689292788505554
42,2025,Yellow Fever,6,0.350232869386673,0.43308427929878235,0.21668285131454468
42,2025,AFP,0,0.42882049083709717,0.34852153062820435,0.2226579189300537
42,2025,CSM,1,0.42789873480796814,0.35015806555747986,0.221943199634552
42,2025,Cholera,2,0.4282395839691162,0.3518868684768677,0.2198735475540161
42,2025,Lassa Fever,3,0.42893368005752563,0.34907692670822144,0.22198934853076935
42,2025,Measles,4,0.42713236808776855,0.35350093245506287,0.219366654753685
42,2025,Mpox,5,0.4275290071964264,0.35068753361701965,0.22178350389003754
42,2025,Yellow Fever,6,0.43264126777648926,0.3459550142288208,0.22140370309352875
42,2025,AFP,0,0.42392823100090027,0.3420894742012024,0.23398225009441376
42,2025,CSM,1,0.42234525084495544,0.3449161946773529,0.23273853957653046
42,2025,Cholera,2,0.4224325120449066,0.34673741459846497,0.2308301031589508
42,2025,Lassa Fever,3,0.424655020236969,0.3414846360683441,0.2338603138923645
42,2025,Measles,4,0.42236989736557007,0.3466879725456238,0.23094214498996735
42,2025,Mpox,5,0.42302215099334717,0.344304621219635,0.23267318308353424
42,2025,Yellow Fever,6,0.4246929883956909,0.342276006937027,0.23303097486495972
42,2025,AFP,0,0.3548341989517212,0.37579572200775146,0.26937010884284973
42,2025,CSM,1,0.3548736870288849,0.3765649199485779,0.26856139302253723
42,2025,Cholera,2,0.35582292079925537,0.3793446719646454,0.26483237743377686
42,2025,Lassa Fever,3,0.35276374220848083,0.3784492313861847,0.2687869966030121
42,2025,Measles,4,0.3521970808506012,0.3828757107257843,0.2649271488189697
42,2025,Mpox,5,0.357998251914978,0.37413638830184937,0.267865389585495
42,2025,Yellow Fever,6,0.3556423485279083,0.3758752644062042,0.2684824466705322
42,2025,AFP,0,0.24324533343315125,0.43445372581481934,0.3223010003566742
42,2025,CSM,1,0.2463792860507965,0.4292461574077606,0.3243746757507324
42,2025,Cholera,2,0.24702884256839752,0.43122291564941406,0.3217482268810272
42,2025,Lassa Fever,3,0.2448323369026184,0.43197277188301086,0.3231948912143707
42,2025,Measles,4,0.24477416276931763,0.43640244007110596,0.3188233971595764
42,2025,Mpox,5,0.24873633682727814,0.4271365702152252,0.32412704825401306
42,2025,Yellow Fever,6,0.24544483423233032,0.4330846071243286,0.32147055864334106
42,2025,AFP,0,0.28561484813690186,0.41669613122940063,0.2976889908313751
42,2025,CSM,1,0.28893426060676575,0.41173264384269714,0.29933303594589233
42,2025,Cholera,2,0.2895760238170624,0.41360941529273987,0.296814501285553
42,2025,Lassa Fever,3,0.28687584400177,0.4149555563926697,0.2981685996055603
42,2025,Measles,4,0.2867070138454437,0.41923052072525024,0.2940624952316284
42,2025,Mpox,5,0.29124486446380615,0.40995046496391296,0.2988046407699585
42,2025,Yellow Fever,6,0.2876918613910675,0.4156167805194855,0.29669132828712463
42,2025,AFP,0,0.2236202508211136,0.5279467105865479,0.2484329491853714
42,2025,CSM,1,0.22634223103523254,0.5258849263191223,0.24777281284332275
42,2025,Cholera,2,0.22661811113357544,0.5261518359184265,0.24723006784915924
42,2025,Lassa Fever,3,0.22485385835170746,0.5273936986923218,0.24775242805480957
42,2025,Measles,4,0.22560864686965942,0.5300982594490051,0.24429307878017426
42,2025,Mpox,5,0.2273804396390915,0.5231277346611023,0.2494918406009674
42,2025,Yellow Fever,6,0.226791113615036,0.5272188186645508,0.2459900975227356
42,2025,AFP,0,0.2719433903694153,0.44240862131118774,0.285647988319397
42,2025,CSM,1,0.2758013904094696,0.43649137020111084,0.28770720958709717
42,2025,Cholera,2,0.2719223201274872,0.44410911202430725,0.28396862745285034
42,2025,Lassa Fever,3,0.2737710773944855,0.44020015001296997,0.28602877259254456
42,2025,Measles,4,0.270872563123703,0.44966161251068115,0.27946582436561584
42,2025,Mpox,5,0.27577099204063416,0.437340646982193,0.28688833117485046
42,2025,Yellow Fever,6,0.27603477239608765,0.4384727478027344,0.28549250960350037
42,2025,AFP,0,0.28290027379989624,0.4378032982349396,0.2792964279651642
42,2025,CSM,1,0.28523021936416626,0.4368077516555786,0.2779621183872223
42,2025,Cholera,2,0.2823372781276703,0.44183990359306335,0.27582287788391113
42,2025,Lassa Fever,3,0.2845558822154999,0.4348592460155487,0.2805848717689514
42,2025,Measles,4,0.28148528933525085,0.44364601373672485,0.2748687267303467
42,2025,Mpox,5,0.2868081033229828,0.43593090772628784,0.27726101875305176
42,2025,Yellow Fever,6,0.28725993633270264,0.43235188722610474,0.28038814663887024
42,2025,AFP,0,0.3106577694416046,0.38667750358581543,0.30266469717025757
42,2025,CSM,1,0.31360355019569397,0.3818906843662262,0.30450573563575745
42,2025,Cholera,2,0.3095932900905609,0.3893907964229584,0.3010159134864807
42,2025,Lassa Fever,3,0.3119161128997803,0.38406550884246826,0.30401843786239624
42,2025,Measles,4,0.30779093503952026,0.39439302682876587,0.29781603813171387
42,2025,Mpox,5,0.31410911679267883,0.38099029660224915,0.3049006164073944
42,2025,Yellow Fever,6,0.31485897302627563,0.3832623064517975,0.3018786907196045
42,2025,AFP,0,0.1554746776819229,0.6621885895729065,0.18233679234981537
42,2025,CSM,1,0.15741214156150818,0.6577432751655579,0.18484455347061157
42,2025,Cholera,2,0.1568339765071869,0.657041609287262,0.18612441420555115
42,2025,Lassa Fever,3,0.15634237229824066,0.6584712266921997,0.18518637120723724
42,2025,Measles,4,0.15756991505622864,0.6578917503356934,0.1845383644104004
42,2025,Mpox,5,0.15922367572784424,0.6547950506210327,0.18598124384880066
42,2025,Yellow Fever,6,0.15531544387340546,0.6613495945930481,0.18333493173122406
42,2025,AFP,0,0.3546977639198303,0.42337602376937866,0.22192619740962982
42,2025,CSM,1,0.3563060462474823,0.4277626574039459,0.2159312516450882
42,2025,Cholera,2,0.3554770052433014,0.4299047589302063,0.2146182656288147
42,2025,Lassa Fever,3,0.3563193082809448,0.4249773621559143,0.21870334446430206
42,2025,Measles,4,0.3533240258693695,0.4304279088973999,0.21624808013439178
42,2025,Mpox,5,0.3573645353317261,0.42854705452919006,0.21408839523792267
42,2025,Yellow Fever,6,0.3551185131072998,0.42251458764076233,0.22236691415309906
42,2025,AFP,0,0.321092814207077,0.3986521065235138,0.28025510907173157
42,2025,CSM,1,0.32287442684173584,0.4036130905151367,0.27351248264312744
42,2025,Cholera,2,0.324629545211792,0.4028288424015045,0.2725416421890259
42,2025,Lassa Fever,3,0.32010117173194885,0.40057700872421265,0.27932190895080566
42,2025,Measles,4,0.3221651315689087,0.40382328629493713,0.27401164174079895
42,2025,Mpox,5,0.32498055696487427,0.40147125720977783,0.2735481858253479
42,2025,Yellow Fever,6,0.3229011595249176,0.3990342319011688,0.2780645489692688
42,2025,AFP,0,0.38997286558151245,0.39299580454826355,0.2170313149690628
42,2025,CSM,1,0.3901940882205963,0.40003785490989685,0.209768146276474
42,2025,Cholera,2,0.38830772042274475,0.398618221282959,0.21307401359081268
42,2025,Lassa Fever,3,0.38753804564476013,0.395679235458374,0.21678270399570465
42,2025,Measles,4,0.3849833905696869,0.40070873498916626,0.21430784463882446
42,2025,Mpox,5,0.39160263538360596,0.39765384793281555,0.2107435166835785
42,2025,Yellow Fever,6,0.390360563993454,0.39270007610321045,0.2169393002986908
42,2025,AFP,0,0.30652374029159546,0.37844380736351013,0.3150324523448944
42,2025,CSM,1,0.30817508697509766,0.37585386633872986,0.31597110629081726
42,2025,Cholera,2,0.30334845185279846,0.3838099539279938,0.3128415644168854
42,2025,Lassa Fever,3,0.30689695477485657,0.37810710072517395,0.3149959146976471
42,2025,Measles,4,0.30279579758644104,0.3887721300125122,0.30843207240104675
42,2025,Mpox,5,0.30966416001319885,0.37434276938438416,0.3159931004047394
42,2025,Yellow Fever,6,0.30866119265556335,0.3765430152416229,0.3147957921028137
42,2025,AFP,0,0.33615541458129883,0.33091259002685547,0.3329319953918457
42,2025,CSM,1,0.3398630917072296,0.3357411026954651,0.3243958353996277
42,2025,Cholera,2,0.3392552435398102,0.3332071304321289,0.3275376260280609
42,2025,Lassa Fever,3,0.3342115879058838,0.3335832953453064,0.33220505714416504
42,2025,Measles,4,0.3310036063194275,0.33982113003730774,0.32917529344558716
42,2025,Mpox,5,0.34128111600875854,0.3329453766345978,0.3257735073566437
42,2025,Yellow Fever,6,0.3365931510925293,0.33031606674194336,0.33309078216552734
42,2025,AFP,0,0.4058295786380768,0.34710875153541565,0.24706168472766876
42,2025,CSM,1,0.4068712592124939,0.35293447971343994,0.24019423127174377
42,2025,Cholera,2,0.4087400436401367,0.34942030906677246,0.2418396770954132
42,2025,Lassa Fever,3,0.40230926871299744,0.3493569791316986,0.24833372235298157
42,2025,Measles,4,0.4025816023349762,0.3518054187297821,0.2456130087375641
42,2025,Mpox,5,0.40803083777427673,0.3511422276496887,0.24082690477371216
42,2025,Yellow Fever,6,0.40660998225212097,0.3461252450942993,0.24726469814777374
42,2025,AFP,0,0.47731050848960876,0.31660398840904236,0.20608551800251007
42,2025,CSM,1,0.47766849398612976,0.32225891947746277,0.2000724971294403
42,2025,Cholera,2,0.47719407081604004,0.3201494812965393,0.20265646278858185
42,2025,Lassa Fever,3,0.47344133257865906,0.31957584619522095,0.2069828063249588
42,2025,Measles,4,0.4703449606895447,0.32378914952278137,0.20586583018302917
42,2025,Mpox,5,0.4786255657672882,0.31989091634750366,0.20148351788520813
42,2025,Yellow Fever,6,0.47267022728919983,0.31929099559783936,0.2080388069152832
42,2025,AFP,0,0.4671838879585266,0.3548465371131897,0.17796951532363892
42,2025,CSM,1,0.46505144238471985,0.3548761308193207,0.18007242679595947
42,2025,Cholera,2,0.46841803193092346,0.35683688521385193,0.1747450977563858
42,2025,Lassa Fever,3,0.4656715393066406,0.355500191450119,0.17882832884788513
42,2025,Measles,4,0.46402814984321594,0.3617265522480011,0.17424537241458893
42,2025,Mpox,5,0.4710187315940857,0.3544069230556488,0.17457441985607147
42,2025,Yellow Fever,6,0.46744874119758606,0.35792306065559387,0.1746281385421753
42,2025,AFP,0,0.44073066115379333,0.37311896681785583,0.1861504316329956
42,2025,CSM,1,0.44404131174087524,0.36846277117729187,0.18749591708183289
42,2025,Cholera,2,0.44823530316352844,0.3689953088760376,0.18276935815811157
42,2025,Lassa Fever,3,0.4385814666748047,0.3745357096195221,0.1868828982114792
42,2025,Measles,4,0.44195491075515747,0.37533536553382874,0.1827096939086914
42,2025,Mpox,5,0.4513515532016754,0.3673856556415558,0.1812627613544464
42,2025,Yellow Fever,6,0.4469717741012573,0.3703415095806122,0.18268676102161407
42,2025,AFP,0,0.3845812678337097,0.3652913272380829,0.250127375125885
42,2025,CSM,1,0.3828474283218384,0.3631340265274048,0.25401854515075684
42,2025,Cholera,2,0.3888395428657532,0.3644578158855438,0.24670268595218658
42,2025,Lassa Fever,3,0.3776000440120697,0.36868202686309814,0.25371789932250977
42,2025,Measles,4,0.37821996212005615,0.3693324327468872,0.25244757533073425
42,2025,Mpox,5,0.39244818687438965,0.36108431220054626,0.24646754562854767
42,2025,Yellow Fever,6,0.39005157351493835,0.36287856101989746,0.24706991016864777
42,2025,AFP,0,0.26016542315483093,0.4559273421764374,0.2839072346687317
42,2025,CSM,1,0.2594659924507141,0.45676445960998535,0.2837695777416229
42,2025,Cholera,2,0.262386292219162,0.4562680721282959,0.2813456952571869
42,2025,Lassa Fever,3,0.2561870217323303,0.4642190933227539,0.27959391474723816
42,2025,Measles,4,0.2604992091655731,0.4624788463115692,0.27702197432518005
42,2025,Mpox,5,0.26523417234420776,0.4506962299346924,0.28406956791877747
42,2025,Yellow Fever,6,0.26308155059814453,0.4535673260688782,0.2833511233329773
42,2025,AFP,0,0.3927077353000641,0.37532976269721985,0.23196250200271606
42,2025,CSM,1,0.3907094895839691,0.3737226128578186,0.2355678677558899
42,2025,Cholera,2,0.3967446982860565,0.3718467652797699,0.23140859603881836
42,2025,Lassa Fever,3,0.3882041871547699,0.3826424479484558,0.22915337979793549
42,2025,Measles,4,0.39256778359413147,0.37818992137908936,0.22924230992794037
42,2025,Mpox,5,0.4025405943393707,0.3723023235797882,0.22515708208084106
42,2025,Yellow Fever,6,0.39518341422080994,0.3756323754787445,0.22918421030044556
42,2025,AFP,0,0.3544407784938812,0.40385377407073975,0.24170543253421783
42,2025,CSM,1,0.35284003615379333,0.4030762314796448,0.2440837174654007
42,2025,Cholera,2,0.35620787739753723,0.40550217032432556,0.2382899671792984
42,2025,Lassa Fever,3,0.3546794056892395,0.4049302637577057,0.24039041996002197
42,2025,Measles,4,0.3534580171108246,0.4072389602661133,0.23930300772190094
42,2025,Mpox,5,0.35517603158950806,0.40504735708236694,0.23977655172348022
42,2025,Yellow Fever,6,0.35813555121421814,0.40452393889427185,0.2373405396938324
42,2025,AFP,0,0.4528689682483673,0.3641934096813202,0.18293757736682892
42,2025,CSM,1,0.4495048224925995,0.3650960624217987,0.18539904057979584
42,2025,Cholera,2,0.4522024095058441,0.3695395290851593,0.1782580316066742
42,2025,Lassa Fever,3,0.45197948813438416,0.3643225431442261,0.18369801342487335
42,2025,Measles,4,0.4514053761959076,0.37029361724853516,0.17830100655555725
42,2025,Mpox,5,0.45395326614379883,0.3665790557861328,0.17946764826774597
42,2025,Yellow Fever,6,0.4516303241252899,0.36663416028022766,0.18173551559448242
42,2025,AFP,0,0.42486944794654846,0.3505140244960785,0.22461652755737305
42,2025,CSM,1,0.42515796422958374,0.3500256836414337,0.22481639683246613
42,2025,Cholera,2,0.4272172152996063,0.35506317019462585,0.2177196890115738
42,2025,Lassa Fever,3,0.4252307116985321,0.35030364990234375,0.22446562349796295
42,2025,Measles,4,0.4264402687549591,0.3559556305408478,0.21760407090187073
42,2025,Mpox,5,0.42892324924468994,0.3524496853351593,0.21862711012363434
42,2025,Yellow Fever,6,0.42422494292259216,0.35259342193603516,0.2231816053390503
42,2025,AFP,0,0.3118649423122406,0.37400174140930176,0.31413328647613525
42,2025,CSM,1,0.30949437618255615,0.37384307384490967,0.3166625499725342
42,2025,Cholera,2,0.312113881111145,0.373421311378479,0.31446483731269836
42,2025,Lassa Fever,3,0.30719298124313354,0.37886080145835876,0.3139461576938629
42,2025,Measles,4,0.30939382314682007,0.3768734037876129,0.313732773065567
42,2025,Mpox,5,0.3128798305988312,0.3700662851333618,0.317053884267807
42,2025,Yellow Fever,6,0.31914180517196655,0.3694155216217041,0.31144264340400696
42,2025,AFP,0,0.40866050124168396,0.4206659495830536,0.17067362368106842
42,2025,CSM,1,0.4107070565223694,0.42003458738327026,0.16925840079784393
42,2025,Cholera,2,0.41349586844444275,0.4148513674736023,0.17165283858776093
42,2025,Lassa Fever,3,0.4117279052734375,0.41701754927635193,0.17125454545021057
42,2025,Measles,4,0.4157058298587799,0.4127998948097229,0.17149430513381958
42,2025,Mpox,5,0.4123412072658539,0.4188651740550995,0.16879360377788544
42,2025,Yellow Fever,6,0.4157869517803192,0.4106141924858093,0.17359893023967743
42,2025,AFP,0,0.3569694459438324,0.3323795199394226,0.310651034116745
42,2025,CSM,1,0.35635071992874146,0.3331628739833832,0.31048643589019775
42,2025,Cholera,2,0.3627164363861084,0.3268086314201355,0.3104749917984009
42,2025,Lassa Fever,3,0.3554537892341614,0.334944486618042,0.30960172414779663
42,2025,Measles,4,0.35889291763305664,0.3300658166408539,0.3110412657260895
42,2025,Mpox,5,0.3589327335357666,0.33041641116142273,0.31065091490745544
42,2025,Yellow Fever,6,0.36365020275115967,0.32760077714920044,0.3087490200996399
42,2025,AFP,0,0.33197900652885437,0.44444403052330017,0.22357699275016785
42,2025,CSM,1,0.3318210244178772,0.4389438331127167,0.22923517227172852
42,2025,Cholera,2,0.33748215436935425,0.4367475211620331,0.22577038407325745
42,2025,Lassa Fever,3,0.32482805848121643,0.45054909586906433,0.22462280094623566
42,2025,Measles,4,0.3279939889907837,0.44694504141807556,0.22506098449230194
42,2025,Mpox,5,0.3380196690559387,0.4367005527019501,0.2252797931432724
42,2025,Yellow Fever,6,0.33469149470329285,0.4459611177444458,0.21934740245342255
42,2025,AFP,0,0.37119725346565247,0.46366193890571594,0.16514074802398682
42,2025,CSM,1,0.3746911585330963,0.46039021015167236,0.16491855680942535
42,2025,Cholera,2,0.37975695729255676,0.45458871126174927,0.16565439105033875
42,2025,Lassa Fever,3,0.3718072772026062,0.46136781573295593,0.16682492196559906
42,2025,Measles,4,0.37716108560562134,0.45641666650772095,0.1664222776889801
42,2025,Mpox,5,0.37578433752059937,0.46231165528297424,0.16190405189990997
42,2025,Yellow Fever,6,0.3766438066959381,0.45302119851112366,0.17033499479293823
42,2025,AFP,0,0.4496670961380005,0.4284924864768982,0.1218404695391655
42,2025,CSM,1,0.44916388392448425,0.428543359041214,0.12229280173778534
42,2025,Cholera,2,0.45147383213043213,0.42559531331062317,0.12293083965778351
42,2025,Lassa Fever,3,0.44923725724220276,0.42714986205101013,0.12361288070678711
42,2025,Measles,4,0.44985759258270264,0.4268999695777893,0.12324235588312149
42,2025,Mpox,5,0.4490870237350464,0.43076595664024353,0.12014701962471008
42,2025,Yellow Fever,6,0.4508594572544098,0.423139750957489,0.1260007619857788
42,2025,AFP,0,0.4149116277694702,0.45570501685142517,0.1293834000825882
42,2025,CSM,1,0.42111343145370483,0.4511154890060425,0.12777112424373627
42,2025,Cholera,2,0.4281127452850342,0.4459047317504883,0.12598250806331635
42,2025,Lassa Fever,3,0.41454455256462097,0.4539313018321991,0.13152414560317993
42,2025,Measles,4,0.4200294613838196,0.4506390392780304,0.12933145463466644
42,2025,Mpox,5,0.42116835713386536,0.4524557888507843,0.12637586891651154
42,2025,Yellow Fever,6,0.4240500330924988,0.44380083680152893,0.13214907050132751
42,2025,AFP,0,0.3690342307090759,0.39534151554107666,0.2356242537498474
42,2025,CSM,1,0.3755744695663452,0.39127546548843384,0.23315006494522095
42,2025,Cholera,2,0.37137749791145325,0.39530572295188904,0.23331676423549652
42,2025,Lassa Fever,3,0.365573912858963,0.39699602127075195,0.23743006587028503
42,2025,Measles,4,0.3641491234302521,0.4013919234275818,0.23445895314216614
42,2025,Mpox,5,0.3761168122291565,0.39383819699287415,0.23004496097564697
42,2025,Yellow Fever,6,0.3755403757095337,0.3858180046081543,0.23864154517650604
42,2025,AFP,0,0.3367880880832672,0.3940531015396118,0.26915881037712097
42,2025,CSM,1,0.34066787362098694,0.3865993618965149,0.27273276448249817
42,2025,Cholera,2,0.3384631276130676,0.3911067247390747,0.27043014764785767
42,2025,Lassa Fever,3,0.3350522518157959,0.39443349838256836,0.2705143392086029
42,2025,Measles,4,0.33379456400871277,0.3966490626335144,0.2695564031600952
42,2025,Mpox,5,0.3411578834056854,0.3888794779777527,0.2699626386165619
42,2025,Yellow Fever,6,0.34444665908813477,0.38617050647735596,0.2693828046321869
42,2025,AFP,0,0.31555798649787903,0.3762100040912628,0.30823203921318054
42,2025,CSM,1,0.31763505935668945,0.37359732389450073,0.3087675869464874
42,2025,Cholera,2,0.32055696845054626,0.37622690200805664,0.3032161295413971
42,2025,Lassa Fever,3,0.31413960456848145,0.37738585472106934,0.3084745705127716
42,2025,Measles,4,0.31465592980384827,0.38296669721603394,0.3023773729801178
42,2025,Mpox,5,0.3226649761199951,0.3695831596851349,0.3077518939971924
42,2025,Yellow Fever,6,0.3172904849052429,0.37476763129234314,0.3079419434070587
42,2025,AFP,0,0.3156971037387848,0.37744393944740295,0.30685892701148987
42,2025,CSM,1,0.3182752728462219,0.37416690587997437,0.3075577914714813
42,2025,Cholera,2,0.32397323846817017,0.37271469831466675,0.3033120930194855
42,2025,Lassa Fever,3,0.3149113655090332,0.37790530920028687,0.3071833848953247
42,2025,Measles,4,0.3189781606197357,0.379605770111084,0.3014160990715027
42,2025,Mpox,5,0.32475343346595764,0.36875078082084656,0.3064958453178406
42,2025,Yellow Fever,6,0.31647929549217224,0.37468579411506653,0.30883491039276123
42,2025,AFP,0,0.36411193013191223,0.40099287033081055,0.23489518463611603
42,2025,CSM,1,0.36185982823371887,0.4023694097995758,0.2357707917690277
42,2025,Cholera,2,0.3634456694126129,0.4036041498184204,0.23295018076896667
42,2025,Lassa Fever,3,0.36292150616645813,0.4023802578449249,0.23469819128513336
42,2025,Measles,4,0.36107057332992554,0.40693703293800354,0.23199240863323212
42,2025,Mpox,5,0.366830050945282,0.3962159752845764,0.2369539439678192
42,2025,Yellow Fever,6,0.3644220232963562,0.40457919239997864,0.23099884390830994
42,2025,AFP,0,0.24552707374095917,0.4910699427127838,0.26340293884277344
42,2025,CSM,1,0.24922306835651398,0.4853554964065552,0.2654213607311249
42,2025,Cholera,2,0.25378674268722534,0.4809090495109558,0.26530420780181885
42,2025,Lassa Fever,3,0.2430133819580078,0.49408310651779175,0.2629035413265228
42,2025,Measles,4,0.25054076313972473,0.48639845848083496,0.2630607485771179
42,2025,Mpox,5,0.25332602858543396,0.4806521236896515,0.2660219073295593
42,2025,Yellow Fever,6,0.24879615008831024,0.4886442720890045,0.26255953311920166
42,2025,AFP,0,0.20257803797721863,0.5398942828178406,0.2575277090072632
42,2025,CSM,1,0.2058868408203125,0.5342848300933838,0.2598283886909485
42,2025,Cholera,2,0.2099170833826065,0.5300469398498535,0.26003599166870117
42,2025,Lassa Fever,3,0.20035363733768463,0.5427996516227722,0.25684666633605957
42,2025,Measles,4,0.2069907784461975,0.5354726314544678,0.2575366199016571
42,2025,Mpox,5,0.20952783524990082,0.529742956161499,0.26072919368743896
42,2025,Yellow Fever,6,0.20599131286144257,0.5368692278862,0.2571394741535187
42,2025,AFP,0,0.22825516760349274,0.5161194205284119,0.2556253671646118
42,2025,CSM,1,0.22987741231918335,0.5121943950653076,0.2579282224178314
42,2025,Cholera,2,0.2316741943359375,0.5126197934150696,0.25570592284202576
42,2025,Lassa Fever,3,0.22690391540527344,0.5171706080436707,0.2559254467487335
42,2025,Measles,4,0.23014816641807556,0.5160799026489258,0.25377196073532104
42,2025,Mpox,5,0.23514166474342346,0.5057440400123596,0.25911441445350647
42,2025,Yellow Fever,6,0.23002271354198456,0.5157337188720703,0.2542435824871063
42,2025,AFP,0,0.13551872968673706,0.6237028241157532,0.24077841639518738
42,2025,CSM,1,0.13893431425094604,0.6179072260856628,0.2431584745645523
42,2025,Cholera,2,0.13904541730880737,0.6166347861289978,0.2443198710680008
42,2025,Lassa Fever,3,0.1338217854499817,0.6264819502830505,0.23969629406929016
42,2025,Measles,4,0.13648387789726257,0.6221199631690979,0.24139617383480072
42,2025,Mpox,5,0.1408575475215912,0.614169180393219,0.2449733018875122
42,2025,Yellow Fever,6,0.13720619678497314,0.6218726634979248,0.24092113971710205
42,2025,AFP,0,0.13363073766231537,0.6138210296630859,0.2525481879711151
42,2025,CSM,1,0.13676580786705017,0.6082803606987,0.25495392084121704
42,2025,Cholera,2,0.13742923736572266,0.6057704091072083,0.2568003833293915
42,2025,Lassa Fever,3,0.13160625100135803,0.6175821423530579,0.2508116364479065
42,2025,Measles,4,0.13468758761882782,0.6119349002838135,0.2533775866031647
42,2025,Mpox,5,0.13856658339500427,0.6050390005111694,0.2563943862915039
42,2025,Yellow Fever,6,0.13519375026226044,0.6122788786888123,0.25252729654312134
42,2025,AFP,0,0.12807051837444305,0.6175547242164612,0.25437480211257935
42,2025,CSM,1,0.1312696486711502,0.6118916273117065,0.2568387985229492
42,2025,Cholera,2,0.1317341923713684,0.6095624566078186,0.2587033212184906
42,2025,Lassa Fever,3,0.12611836194992065,0.6212798357009888,0.2526018023490906
42,2025,Measles,4,0.12908977270126343,0.6156874299049377,0.25522279739379883
42,2025,Mpox,5,0.13283167779445648,0.6088598966598511,0.25830844044685364
42,2025,Yellow Fever,6,0.12957815825939178,0.6160491108894348,0.254372775554657
42,2025,AFP,0,0.18441805243492126,0.5083973407745361,0.3071845769882202
42,2025,CSM,1,0.18721126019954681,0.5037424564361572,0.30904629826545715
42,2025,Cholera,2,0.18838976323604584,0.5009360909461975,0.31067410111427307
42,2025,Lassa Fever,3,0.18392255902290344,0.5104278922080994,0.30564960837364197
42,2025,Measles,4,0.1859995722770691,0.5060204863548279,0.30797988176345825
42,2025,Mpox,5,0.18925775587558746,0.5006013512611389,0.3101409375667572
42,2025,Yellow Fever,6,0.1868884265422821,0.5063207745552063,0.3067907691001892
42,2025,AFP,0,0.1839061677455902,0.51372891664505,0.30236488580703735
42,2025,CSM,1,0.186128169298172,0.5093307495117188,0.30454108119010925
42,2025,Cholera,2,0.18789397180080414,0.5062623620033264,0.3058437407016754
42,2025,Lassa Fever,3,0.18308185040950775,0.5159031748771667,0.3010150194168091
42,2025,Measles,4,0.18549108505249023,0.5113486051559448,0.3031603991985321
42,2025,Mpox,5,0.1886262446641922,0.5059828162193298,0.30539101362228394
42,2025,Yellow Fever,6,0.18637387454509735,0.5116420984268188,0.3019840121269226
42,2025,AFP,0,0.15964092314243317,0.5678921341896057,0.2724669575691223
42,2025,CSM,1,0.1624712198972702,0.5631781816482544,0.2743505537509918
42,2025,Cholera,2,0.1626387983560562,0.5617833137512207,0.2755779027938843
42,2025,Lassa Fever,3,0.15832124650478363,0.5703125596046448,0.2713662087917328
42,2025,Measles,4,0.16091154515743256,0.5662832856178284,0.2728051543235779
42,2025,Mpox,5,0.16403955221176147,0.5602200031280518,0.27574050426483154
42,2025,Yellow Fever,6,0.16151705384254456,0.5660359859466553,0.2724469304084778
42,2025,AFP,0,0.32395821809768677,0.3974437713623047,0.27859804034233093
42,2025,CSM,1,0.3263953626155853,0.3922572433948517,0.281347393989563
42,2025,Cholera,2,0.3255937695503235,0.3945198357105255,0.279886394739151
42,2025,Lassa Fever,3,0.31931501626968384,0.39895954728126526,0.2817254364490509
42,2025,Measles,4,0.32061299681663513,0.39967337250709534,0.27971360087394714
42,2025,Mpox,5,0.32942551374435425,0.3905830383300781,0.2799914479255676
42,2025,Yellow Fever,6,0.33108386397361755,0.38890618085861206,0.28001001477241516
42,2025,AFP,0,0.3043348789215088,0.4120103418827057,0.2836547791957855
42,2025,CSM,1,0.30701836943626404,0.4064025580883026,0.28657907247543335
42,2025,Cholera,2,0.3075559139251709,0.4067537188529968,0.2856903672218323
42,2025,Lassa Fever,3,0.3012511730194092,0.4131465554237366,0.28560230135917664
42,2025,Measles,4,0.2997470498085022,0.4154956638813019,0.2847572863101959
42,2025,Mpox,5,0.31098610162734985,0.4031723439693451,0.28584155440330505
42,2025,Yellow Fever,6,0.3104359209537506,0.40538665652275085,0.28417742252349854
42,2026,AFP,0,0.2052772045135498,0.22868099808692932,0.5660417675971985
42,2026,CSM,1,0.2186858206987381,0.23492330312728882,0.5463908314704895
42,2026,Cholera,2,0.2130109667778015,0.2203274518251419,0.5666615962982178
42,2026,Lassa Fever,3,0.2251909375190735,0.23094289004802704,0.5438660979270935
42,2026,Measles,4,0.21094214916229248,0.22531333565711975,0.5637445449829102
42,2026,Mpox,5,0.21708782017230988,0.25518107414245605,0.5277311205863953
42,2026,Yellow Fever,6,0.21867915987968445,0.19712701439857483,0.5841938257217407
42,2026,AFP,0,0.1974678486585617,0.2222767174243927,0.5802554488182068
42,2026,CSM,1,0.2106323540210724,0.2304307371377945,0.5589368939399719
42,2026,Cholera,2,0.2053927183151245,0.21187415719032288,0.582733154296875
42,2026,Lassa Fever,3,0.21653498709201813,0.22761774063110352,0.5558472871780396
42,2026,Measles,4,0.20264606177806854,0.22063098847866058,0.5767229199409485
42,2026,Mpox,5,0.20964238047599792,0.2461480349302292,0.5442095994949341
42,2026,Yellow Fever,6,0.2098335474729538,0.19520236551761627,0.5949640870094299
42,2026,AFP,0,0.16054831445217133,0.2393805831670761,0.6000710725784302
42,2026,CSM,1,0.1762607991695404,0.24597468972206116,0.5777645707130432
42,2026,Cholera,2,0.16286702454090118,0.23122288286685944,0.605910062789917
42,2026,Lassa Fever,3,0.1809796690940857,0.24159637093544006,0.5774239897727966
42,2026,Measles,4,0.16491013765335083,0.2397179752588272,0.5953719019889832
42,2026,Mpox,5,0.17489413917064667,0.2468845546245575,0.578221321105957
42,2026,Yellow Fever,6,0.16520561277866364,0.22089959681034088,0.6138948202133179
42,2026,AFP,0,0.12271837145090103,0.20007629692554474,0.6772053241729736
42,2026,CSM,1,0.14276346564292908,0.2059803009033203,0.6512562036514282
42,2026,Cholera,2,0.1289956271648407,0.19162648916244507,0.6793779134750366
42,2026,Lassa Fever,3,0.1491384357213974,0.20588727295398712,0.6449742317199707
42,2026,Measles,4,0.13059358298778534,0.19420304894447327,0.6752033829689026
42,2026,Mpox,5,0.14309903979301453,0.2212655395269394,0.6356354355812073
42,2026,Yellow Fever,6,0.13139337301254272,0.17533211410045624,0.6932745575904846
42,2026,AFP,0,0.14884334802627563,0.2115142047405243,0.6396424174308777
42,2026,CSM,1,0.16742800176143646,0.2290140688419342,0.6035579442977905
42,2026,Cholera,2,0.15361949801445007,0.1984221637248993,0.6479583978652954
42,2026,Lassa Fever,3,0.17095111310482025,0.23171207308769226,0.5973368287086487
42,2026,Measles,4,0.15622754395008087,0.20659366250038147,0.6371787786483765
42,2026,Mpox,5,0.1616305112838745,0.24917402863502502,0.5891954898834229
42,2026,Yellow Fever,6,0.15575967729091644,0.16833126544952393,0.6759091019630432
42,2026,AFP,0,0.17384211719036102,0.44088277220726013,0.38527506589889526
42,2026,CSM,1,0.18503911793231964,0.4491998553276062,0.36576104164123535
42,2026,Cholera,2,0.17280469834804535,0.4352448880672455,0.391950398683548
42,2026,Lassa Fever,3,0.18878190219402313,0.4521705210208893,0.35904762148857117
42,2026,Measles,4,0.17448808252811432,0.4329008460044861,0.3926110565662384
42,2026,Mpox,5,0.16590693593025208,0.49928346276283264,0.3348096013069153
42,2026,Yellow Fever,6,0.18757502734661102,0.3757014572620392,0.43672341108322144
42,2026,AFP,0,0.16652512550354004,0.3417761027812958,0.4916987717151642
42,2026,CSM,1,0.17891934514045715,0.34591373801231384,0.475166916847229
42,2026,Cholera,2,0.17411211133003235,0.32326990365982056,0.5026180148124695
42,2026,Lassa Fever,3,0.18189527094364166,0.34647688269615173,0.4716279208660126
42,2026,Measles,4,0.17435522377490997,0.3321708142757416,0.49347400665283203
42,2026,Mpox,5,0.17354607582092285,0.3654346466064453,0.46101921796798706
42,2026,Yellow Fever,6,0.1804531365633011,0.2799989879131317,0.5395479202270508
42,2026,AFP,0,0.18582242727279663,0.29636675119400024,0.5178108215332031
42,2026,CSM,1,0.20717494189739227,0.307231605052948,0.4855934977531433
42,2026,Cholera,2,0.19877590239048004,0.2730061411857605,0.5282179117202759
42,2026,Lassa Fever,3,0.21349215507507324,0.30825352668762207,0.4782542288303375
42,2026,Measles,4,0.19758504629135132,0.2861607074737549,0.5162543058395386
42,2026,Mpox,5,0.20388835668563843,0.32155415415763855,0.47455745935440063
42,2026,Yellow Fever,6,0.20450511574745178,0.23498056828975677,0.5605143308639526
42,2026,AFP,0,0.19879750907421112,0.19355063140392303,0.6076518297195435
42,2026,CSM,1,0.23188188672065735,0.2172079086303711,0.550910234451294
42,2026,Cholera,2,0.20202288031578064,0.18424910306930542,0.6137279868125916
42,2026,Lassa Fever,3,0.23580676317214966,0.22006762027740479,0.5441256165504456
42,2026,Measles,4,0.20755107700824738,0.1949278563261032,0.5975210666656494
42,2026,Mpox,5,0.22015249729156494,0.22834330797195435,0.5515041947364807
42,2026,Yellow Fever,6,0.19940072298049927,0.16193072497844696,0.6386685371398926
123,2020,AFP,0,0.3269979655742645,0.14785875380039215,0.5251432657241821
123,2020,CSM,1,0.3268662691116333,0.14838016033172607,0.5247535109519958
123,2020,Cholera,2,0.32998228073120117,0.14783824980258942,0.5221794247627258
123,2020,Lassa Fever,3,0.3259548246860504,0.15098349750041962,0.5230616927146912
123,2020,Measles,4,0.32167330384254456,0.14593680202960968,0.5323899388313293
123,2020,Mpox,5,0.3247413635253906,0.1514436900615692,0.5238149762153625
123,2020,Yellow Fever,6,0.3238052725791931,0.15075387060642242,0.5254408121109009
123,2020,AFP,0,0.2746422290802002,0.2774096727371216,0.44794806838035583
123,2020,CSM,1,0.2687179446220398,0.27570223808288574,0.4555797874927521
123,2020,Cholera,2,0.26702606678009033,0.2721156179904938,0.46085822582244873
123,2020,Lassa Fever,3,0.2728769779205322,0.2785573899745941,0.44856563210487366
123,2020,Measles,4,0.26963162422180176,0.2810753285884857,0.4492930769920349
123,2020,Mpox,5,0.2672642767429352,0.28124988079071045,0.451485812664032
123,2020,Yellow Fever,6,0.26656243205070496,0.27868741750717163,0.454750120639801
123,2020,AFP,0,0.3470798134803772,0.25178879499435425,0.40113139152526855
123,2020,CSM,1,0.3455764055252075,0.2540205419063568,0.40040308237075806
123,2020,Cholera,2,0.3437036871910095,0.2540169954299927,0.4022793769836426
123,2020,Lassa Fever,3,0.34528279304504395,0.2542623281478882,0.40045487880706787
123,2020,Measles,4,0.3404249846935272,0.2528066635131836,0.406768262386322
123,2020,Mpox,5,0.34171468019485474,0.25739970803260803,0.40088558197021484
123,2020,Yellow Fever,6,0.3390932083129883,0.25492018461227417,0.40598660707473755
123,2020,AFP,0,0.4209017753601074,0.3467293977737427,0.2323688566684723
123,2020,CSM,1,0.4188627600669861,0.34459781646728516,0.23653939366340637
123,2020,Cholera,2,0.41277071833610535,0.349839985370636,0.23738929629325867
123,2020,Lassa Fever,3,0.4173736572265625,0.34741291403770447,0.23521338403224945
123,2020,Measles,4,0.412788987159729,0.3527666926383972,0.23444432020187378
123,2020,Mpox,5,0.4106295108795166,0.3530634939670563,0.23630698025226593
123,2020,Yellow Fever,6,0.414885014295578,0.34978702664375305,0.2353280484676361
123,2020,AFP,0,0.23662987351417542,0.1464623212814331,0.6169077754020691
123,2020,CSM,1,0.23645223677158356,0.14381374418735504,0.619733989238739
123,2020,Cholera,2,0.23767372965812683,0.14650127291679382,0.6158249974250793
123,2020,Lassa Fever,3,0.23484663665294647,0.14718963205814362,0.6179637312889099
123,2020,Measles,4,0.2328156679868698,0.145848348736763,0.6213359236717224
123,2020,Mpox,5,0.23574548959732056,0.1503250151872635,0.6139295101165771
123,2020,Yellow Fever,6,0.2317383736371994,0.15082702040672302,0.6174346804618835
123,2020,AFP,0,0.27358269691467285,0.1261596828699112,0.6002575755119324
123,2020,CSM,1,0.27382293343544006,0.12415388971567154,0.6020231246948242
123,2020,Cholera,2,0.27431178092956543,0.12614619731903076,0.5995420813560486
123,2020,Lassa Fever,3,0.2731896936893463,0.1260465383529663,0.6007637977600098
123,2020,Measles,4,0.26789140701293945,0.12670587003231049,0.6054027080535889
123,2020,Mpox,5,0.2731335461139679,0.13024675846099854,0.596619725227356
123,2020,Yellow Fever,6,0.2704014480113983,0.13048474490642548,0.5991138219833374
123,2020,AFP,0,0.29797762632369995,0.37847796082496643,0.3235444128513336
123,2020,CSM,1,0.2963482141494751,0.37860485911369324,0.3250468969345093
123,2020,Cholera,2,0.29532286524772644,0.38244956731796265,0.3222275972366333
123,2020,Lassa Fever,3,0.29691895842552185,0.3793896734714508,0.32369130849838257
123,2020,Measles,4,0.29592105746269226,0.3837040662765503,0.32037487626075745
123,2020,Mpox,5,0.2968951463699341,0.38345983624458313,0.3196450173854828
123,2020,Yellow Fever,6,0.2956168055534363,0.3841176927089691,0.320265531539917
123,2020,AFP,0,0.24008725583553314,0.39394286274909973,0.36596986651420593
123,2020,CSM,1,0.23983006179332733,0.39520567655563354,0.36496424674987793
123,2020,Cholera,2,0.23771080374717712,0.3944784998893738,0.3678106963634491
123,2020,Lassa Fever,3,0.2387605905532837,0.3951077163219452,0.3661317229270935
123,2020,Measles,4,0.2382899522781372,0.39717140793800354,0.36453869938850403
123,2020,Mpox,5,0.23771123588085175,0.39413100481033325,0.3681577742099762
123,2020,Yellow Fever,6,0.23934471607208252,0.39673832058906555,0.3639169931411743
123,2020,AFP,0,0.2579491436481476,0.18621143698692322,0.555839478969574
123,2020,CSM,1,0.26289477944374084,0.18518386781215668,0.5519213676452637
123,2020,Cholera,2,0.25882211327552795,0.1887294203042984,0.5524485111236572
123,2020,Lassa Fever,3,0.26016339659690857,0.1922965943813324,0.5475399494171143
123,2020,Measles,4,0.25151029229164124,0.19520923495292664,0.5532804727554321
123,2020,Mpox,5,0.25800639390945435,0.18653063476085663,0.5554629564285278
123,2020,Yellow Fever,6,0.2589017152786255,0.18615244328975677,0.5549458265304565
123,2020,AFP,0,0.2836620807647705,0.2944398820400238,0.4218980073928833
123,2020,CSM,1,0.2846274673938751,0.29086944460868835,0.4245031177997589
123,2020,Cholera,2,0.27990055084228516,0.2940181493759155,0.42608126997947693
123,2020,Lassa Fever,3,0.28195828199386597,0.2999204397201538,0.4181213080883026
123,2020,Measles,4,0.27576592564582825,0.3059380054473877,0.41829606890678406
123,2020,Mpox,5,0.2816808521747589,0.2943829894065857,0.4239361584186554
123,2020,Yellow Fever,6,0.2827194333076477,0.2925040125846863,0.424776554107666
123,2020,AFP,0,0.2817002832889557,0.23750124871730804,0.4807984530925751
123,2020,CSM,1,0.2860196530818939,0.23584610223770142,0.47813424468040466
123,2020,Cholera,2,0.2812855839729309,0.23827679455280304,0.48043760657310486
123,2020,Lassa Fever,3,0.2798014283180237,0.24157963693141937,0.47861894965171814
123,2020,Measles,4,0.27179092168807983,0.24520646035671234,0.483002632856369
123,2020,Mpox,5,0.28116294741630554,0.23832793533802032,0.4805091619491577
123,2020,Yellow Fever,6,0.27989834547042847,0.23512998223304749,0.48497170209884644
123,2020,AFP,0,0.25929269194602966,0.1509050875902176,0.5898022651672363
123,2020,CSM,1,0.2603660225868225,0.1513739675283432,0.5882599949836731
123,2020,Cholera,2,0.25974687933921814,0.15395376086235046,0.5862993597984314
123,2020,Lassa Fever,3,0.25922247767448425,0.15640421211719513,0.5843732357025146
123,2020,Measles,4,0.25589972734451294,0.157425656914711,0.5866746306419373
123,2020,Mpox,5,0.26011520624160767,0.15189367532730103,0.5879911184310913
123,2020,Yellow Fever,6,0.26021963357925415,0.1500060260295868,0.5897743701934814
123,2020,AFP,0,0.24439895153045654,0.18018540740013123,0.5754156708717346
123,2020,CSM,1,0.24118807911872864,0.1779554933309555,0.5808563828468323
123,2020,Cholera,2,0.24312835931777954,0.18086419999599457,0.5760074853897095
123,2020,Lassa Fever,3,0.2434021532535553,0.18499132990837097,0.5716065168380737
123,2020,Measles,4,0.24077410995960236,0.18524141609668732,0.5739844441413879
123,2020,Mpox,5,0.24304872751235962,0.17958292365074158,0.5773683190345764
123,2020,Yellow Fever,6,0.2429286241531372,0.17797625064849854,0.579095184803009
123,2020,AFP,0,0.2146272361278534,0.10484062880277634,0.6805321574211121
123,2020,CSM,1,0.2136194407939911,0.10461124032735825,0.6817693710327148
123,2020,Cholera,2,0.21430125832557678,0.10620284080505371,0.6794959306716919
123,2020,Lassa Fever,3,0.21353884041309357,0.10881925374269485,0.6776419281959534
123,2020,Measles,4,0.20858410000801086,0.10961238294839859,0.6818034648895264
123,2020,Mpox,5,0.21423481404781342,0.10524072498083115,0.680524468421936
123,2020,Yellow Fever,6,0.21197038888931274,0.10455398261547089,0.6834756135940552
123,2020,AFP,0,0.2331901639699936,0.17382588982582092,0.5929839611053467
123,2020,CSM,1,0.23050576448440552,0.17465637624263763,0.5948379039764404
123,2020,Cholera,2,0.23310793936252594,0.17429649829864502,0.5925955176353455
123,2020,Lassa Fever,3,0.23498155176639557,0.1757725328207016,0.5892458558082581
123,2020,Measles,4,0.23090726137161255,0.1764286458492279,0.5926641225814819
123,2020,Mpox,5,0.2329404503107071,0.17378880083560944,0.5932707786560059
123,2020,Yellow Fever,6,0.2339271456003189,0.17357978224754333,0.5924931168556213
123,2020,AFP,0,0.18966972827911377,0.23514221608638763,0.5751881003379822
123,2020,CSM,1,0.1881832480430603,0.23895908892154694,0.572857677936554
123,2020,Cholera,2,0.18930856883525848,0.23410625755786896,0.5765851736068726
123,2020,Lassa Fever,3,0.19205811619758606,0.23722638189792633,0.5707155466079712
123,2020,Measles,4,0.18780234456062317,0.23782673478126526,0.5743709802627563
123,2020,Mpox,5,0.19053982198238373,0.23659464716911316,0.5728655457496643
123,2020,Yellow Fever,6,0.19074685871601105,0.23573188483715057,0.5735211968421936
123,2020,AFP,0,0.33327364921569824,0.09063614904880524,0.5760902762413025
123,2020,CSM,1,0.33434098958969116,0.08940241485834122,0.5762565732002258
123,2020,Cholera,2,0.33042821288108826,0.09037116169929504,0.5792006254196167
123,2020,Lassa Fever,3,0.33262133598327637,0.09493133425712585,0.5724473595619202
123,2020,Measles,4,0.33064940571784973,0.09633450955152512,0.5730161070823669
123,2020,Mpox,5,0.3310147821903229,0.09087067097425461,0.5781145095825195
123,2020,Yellow Fever,6,0.3322325050830841,0.08937472105026245,0.578392744064331
123,2020,AFP,0,0.17606326937675476,0.38917234539985657,0.43476441502571106
123,2020,CSM,1,0.17594631016254425,0.3952915072441101,0.42876219749450684
123,2020,Cholera,2,0.17814427614212036,0.3948763608932495,0.4269793629646301
123,2020,Lassa Fever,3,0.17714568972587585,0.38707491755485535,0.4357794523239136
123,2020,Measles,4,0.17375874519348145,0.3884979486465454,0.43774330615997314
123,2020,Mpox,5,0.17774367332458496,0.3948962390422821,0.4273601174354553
123,2020,Yellow Fever,6,0.1774337887763977,0.3932182788848877,0.4293479919433594
123,2020,AFP,0,0.1869996339082718,0.39288321137428284,0.42011716961860657
123,2020,CSM,1,0.1861804723739624,0.3972242474555969,0.41659530997276306
123,2020,Cholera,2,0.1885208785533905,0.39301109313964844,0.41846805810928345
123,2020,Lassa Fever,3,0.18673475086688995,0.38945916295051575,0.4238060712814331
123,2020,Measles,4,0.18305522203445435,0.3935704529285431,0.42337435483932495
123,2020,Mpox,5,0.18741469085216522,0.39240217208862305,0.4201831519603729
123,2020,Yellow Fever,6,0.18848396837711334,0.3932878077030182,0.41822823882102966
123,2020,AFP,0,0.1880045235157013,0.3743273913860321,0.4376680254936218
123,2020,CSM,1,0.18736925721168518,0.3784163296222687,0.43421444296836853
123,2020,Cholera,2,0.1870776265859604,0.3774438202381134,0.4354785680770874
123,2020,Lassa Fever,3,0.18846702575683594,0.373174786567688,0.4383581876754761
123,2020,Measles,4,0.18662387132644653,0.3751930892467499,0.438183069229126
123,2020,Mpox,5,0.18624766170978546,0.3793182969093323,0.43443405628204346
123,2020,Yellow Fever,6,0.18783070147037506,0.376564621925354,0.4356047213077545
123,2020,AFP,0,0.22480732202529907,0.34273678064346313,0.4324559271335602
123,2020,CSM,1,0.2238381952047348,0.34507209062576294,0.43108972907066345
123,2020,Cholera,2,0.2242385894060135,0.345510333776474,0.4302510917186737
123,2020,Lassa Fever,3,0.22124795615673065,0.34231680631637573,0.4364352226257324
123,2020,Measles,4,0.22070032358169556,0.3421875536441803,0.4371122121810913
123,2020,Mpox,5,0.22013457119464874,0.34811943769454956,0.4317460060119629
123,2020,Yellow Fever,6,0.22210514545440674,0.34691351652145386,0.4309813380241394
123,2020,AFP,0,0.25582557916641235,0.24650390446186066,0.49767059087753296
123,2020,CSM,1,0.25628119707107544,0.2451302707195282,0.498588502407074
123,2020,Cholera,2,0.2565690875053406,0.24797993898391724,0.4954509437084198
123,2020,Lassa Fever,3,0.25485363602638245,0.246639221906662,0.49850720167160034
123,2020,Measles,4,0.25102245807647705,0.24645422399044037,0.5025233030319214
123,2020,Mpox,5,0.25272512435913086,0.25299957394599915,0.49427536129951477
123,2020,Yellow Fever,6,0.24852314591407776,0.25147655606269836,0.5000002980232239
123,2020,AFP,0,0.27808281779289246,0.18173137307167053,0.540185809135437
123,2020,CSM,1,0.2776416540145874,0.18110404908657074,0.5412542819976807
123,2020,Cholera,2,0.2788451015949249,0.18081766366958618,0.5403372049331665
123,2020,Lassa Fever,3,0.28061264753341675,0.18384329974651337,0.5355440378189087
123,2020,Measles,4,0.27411308884620667,0.18054157495498657,0.5453453063964844
123,2020,Mpox,5,0.27739351987838745,0.18589293956756592,0.5367136001586914
123,2020,Yellow Fever,6,0.2717413008213043,0.18394839763641357,0.5443102717399597
123,2020,AFP,0,0.3386717438697815,0.19281736016273499,0.4685109555721283
123,2020,CSM,1,0.34033817052841187,0.19321927428245544,0.4664425253868103
123,2020,Cholera,2,0.3410300314426422,0.19235160946846008,0.4666183888912201
123,2020,Lassa Fever,3,0.3417837619781494,0.1950061172246933,0.46321016550064087
123,2020,Measles,4,0.3346426486968994,0.19190162420272827,0.4734557271003723
123,2020,Mpox,5,0.3377995491027832,0.19721759855747223,0.46498286724090576
123,2020,Yellow Fever,6,0.3320125937461853,0.1959092766046524,0.4720780551433563
123,2020,AFP,0,0.35124850273132324,0.18186992406845093,0.46688154339790344
123,2020,CSM,1,0.3509300649166107,0.17676280438899994,0.4723070561885834
123,2020,Cholera,2,0.3539910912513733,0.18478257954120636,0.46122631430625916
123,2020,Lassa Fever,3,0.3553341031074524,0.18597359955310822,0.4586923122406006
123,2020,Measles,4,0.3483915627002716,0.18419496715068817,0.4674134850502014
123,2020,Mpox,5,0.3514142334461212,0.1881157010793686,0.4604700207710266
123,2020,Yellow Fever,6,0.3453986942768097,0.18582656979560852,0.4687746465206146
123,2020,AFP,0,0.3694571852684021,0.21625596284866333,0.41428685188293457
123,2020,CSM,1,0.36914801597595215,0.21074537932872772,0.42010658979415894
123,2020,Cholera,2,0.3637004494667053,0.21760080754756927,0.41869866847991943
123,2020,Lassa Fever,3,0.3665006458759308,0.21765919029712677,0.415840208530426
123,2020,Measles,4,0.3628615140914917,0.21965810656547546,0.4174804389476776
123,2020,Mpox,5,0.36500823497772217,0.21742744743824005,0.4175643026828766
123,2020,Yellow Fever,6,0.36700189113616943,0.21745476126670837,0.4155433177947998
123,2020,AFP,0,0.4003020226955414,0.31381431221961975,0.28588372468948364
123,2020,CSM,1,0.3983219265937805,0.3104362487792969,0.291241854429245
123,2020,Cholera,2,0.3950701355934143,0.31502848863601685,0.2899013161659241
123,2020,Lassa Fever,3,0.3974821865558624,0.3116392493247986,0.2908785045146942
123,2020,Measles,4,0.3928007185459137,0.3167683482170105,0.29043087363243103
123,2020,Mpox,5,0.3936775028705597,0.31720924377441406,0.28911322355270386
123,2020,Yellow Fever,6,0.3981626629829407,0.3131098449230194,0.2887275218963623
123,2020,AFP,0,0.330748975276947,0.35229963064193726,0.31695133447647095
123,2020,CSM,1,0.3255496025085449,0.35590070486068726,0.3185496926307678
123,2020,Cholera,2,0.3221638798713684,0.3543793559074402,0.3234567642211914
123,2020,Lassa Fever,3,0.3255436420440674,0.35314127802848816,0.32131513953208923
123,2020,Measles,4,0.3304348886013031,0.35144826769828796,0.3181169033050537
123,2020,Mpox,5,0.32446685433387756,0.354282021522522,0.3212510943412781
123,2020,Yellow Fever,6,0.3268609642982483,0.35343867540359497,0.31970036029815674
123,2020,AFP,0,0.36220982670783997,0.2520582675933838,0.38573193550109863
123,2020,CSM,1,0.3615975081920624,0.2475428432226181,0.3908596634864807
123,2020,Cholera,2,0.3570716381072998,0.25167927145957947,0.3912490904331207
123,2020,Lassa Fever,3,0.35848093032836914,0.25034263730049133,0.39117634296417236
123,2020,Measles,4,0.3553180396556854,0.256472647190094,0.38820937275886536
123,2020,Mpox,5,0.35584235191345215,0.25360390543937683,0.390553742647171
123,2020,Yellow Fever,6,0.35880953073501587,0.25097984075546265,0.3902105689048767
123,2020,AFP,0,0.3227658271789551,0.3029104471206665,0.3743237257003784
123,2020,CSM,1,0.32577723264694214,0.295864462852478,0.3783583641052246
123,2020,Cholera,2,0.3203414976596832,0.30185672640800476,0.377801775932312
123,2020,Lassa Fever,3,0.319989949464798,0.3038252294063568,0.3761848211288452
123,2020,Measles,4,0.3165279030799866,0.3083418905735016,0.37513017654418945
123,2020,Mpox,5,0.317490816116333,0.30424460768699646,0.37826457619667053
123,2020,Yellow Fever,6,0.3202090561389923,0.30149582028388977,0.3782951235771179
123,2020,AFP,0,0.276815801858902,0.25590354204177856,0.46728062629699707
123,2020,CSM,1,0.27444884181022644,0.2603951692581177,0.46515601873397827
123,2020,Cholera,2,0.27476924657821655,0.2520769238471985,0.47315385937690735
123,2020,Lassa Fever,3,0.27697819471359253,0.25864383578300476,0.4643779695034027
123,2020,Measles,4,0.2739243507385254,0.25881096720695496,0.4672647714614868
123,2020,Mpox,5,0.2750879228115082,0.25609341263771057,0.46881866455078125
123,2020,Yellow Fever,6,0.27679353952407837,0.2539159655570984,0.46929049491882324
123,2020,AFP,0,0.30343472957611084,0.2564946413040161,0.4400706887245178
123,2020,CSM,1,0.29995086789131165,0.2617679238319397,0.43828117847442627
123,2020,Cholera,2,0.30138829350471497,0.2528185546398163,0.44579318165779114
123,2020,Lassa Fever,3,0.30357301235198975,0.2594229578971863,0.4370039999485016
123,2020,Measles,4,0.2990301847457886,0.2615797221660614,0.43939009308815
123,2020,Mpox,5,0.3015664219856262,0.2567264437675476,0.44170716404914856
123,2020,Yellow Fever,6,0.3035580813884735,0.2545405924320221,0.441901296377182
123,2020,AFP,0,0.35192859172821045,0.25622427463531494,0.3918471336364746
123,2020,CSM,1,0.3482527434825897,0.2624809145927429,0.38926637172698975
123,2020,Cholera,2,0.3522166311740875,0.2555699348449707,0.39221346378326416
123,2020,Lassa Fever,3,0.3511817157268524,0.2554602324962616,0.3933579921722412
123,2020,Measles,4,0.34534329175949097,0.2618139982223511,0.3928426504135132
123,2020,Mpox,5,0.3509935736656189,0.25554975867271423,0.39345666766166687
123,2020,Yellow Fever,6,0.3541327714920044,0.2566322684288025,0.38923487067222595
123,2020,AFP,0,0.35927167534828186,0.2505359649658203,0.3901923596858978
123,2020,CSM,1,0.35611212253570557,0.2527964413166046,0.3910914957523346
123,2020,Cholera,2,0.3576606810092926,0.24590763449668884,0.39643165469169617
123,2020,Lassa Fever,3,0.35639825463294983,0.2539619207382202,0.38963982462882996
123,2020,Measles,4,0.3561563193798065,0.25886642932891846,0.3849772810935974
123,2020,Mpox,5,0.35514551401138306,0.2516555190086365,0.39319899678230286
123,2020,Yellow Fever,6,0.35558146238327026,0.2521328628063202,0.39228570461273193
123,2020,AFP,0,0.30598849058151245,0.2760574519634247,0.4179540276527405
123,2020,CSM,1,0.30560940504074097,0.27852559089660645,0.415865033864975
123,2020,Cholera,2,0.30258694291114807,0.2769224941730499,0.4204906225204468
123,2020,Lassa Fever,3,0.30369850993156433,0.27488768100738525,0.4214138388633728
123,2020,Measles,4,0.3030302822589874,0.27478861808776855,0.4221811592578888
123,2020,Mpox,5,0.30112943053245544,0.2775608003139496,0.42130976915359497
123,2020,Yellow Fever,6,0.30473747849464417,0.27661362290382385,0.41864895820617676
123,2020,AFP,0,0.2733699679374695,0.31310662627220154,0.41352343559265137
123,2020,CSM,1,0.274496465921402,0.3142479658126831,0.4112555980682373
123,2020,Cholera,2,0.2755316197872162,0.3157711923122406,0.4086971879005432
123,2020,Lassa Fever,3,0.2698083221912384,0.3119058310985565,0.4182858467102051
123,2020,Measles,4,0.27172350883483887,0.31108996272087097,0.41718652844429016
123,2020,Mpox,5,0.26969602704048157,0.31840449571609497,0.41189947724342346
123,2020,Yellow Fever,6,0.27223992347717285,0.3169284760951996,0.4108315706253052
123,2020,AFP,0,0.36533018946647644,0.26790300011634827,0.3667668104171753
123,2020,CSM,1,0.3684123158454895,0.26200243830680847,0.369585245847702
123,2020,Cholera,2,0.35956355929374695,0.2645038068294525,0.3759326636791229
123,2020,Lassa Fever,3,0.3639909029006958,0.2639063596725464,0.3721027970314026
123,2020,Measles,4,0.36032408475875854,0.2674398720264435,0.372236043214798
123,2020,Mpox,5,0.35843217372894287,0.26869896054267883,0.3728688955307007
123,2020,Yellow Fever,6,0.36073702573776245,0.2675051689147949,0.3717578053474426
123,2020,AFP,0,0.36559948325157166,0.3011782765388489,0.33322224020957947
123,2020,CSM,1,0.3699089586734772,0.29950952529907227,0.33058154582977295
123,2020,Cholera,2,0.3573349118232727,0.2992130219936371,0.3434520661830902
123,2020,Lassa Fever,3,0.36533311009407043,0.29851800203323364,0.3361488878726959
123,2020,Measles,4,0.3646444082260132,0.3043895959854126,0.3309659957885742
123,2020,Mpox,5,0.36233434081077576,0.30184435844421387,0.33582136034965515
123,2020,Yellow Fever,6,0.36386317014694214,0.30139145255088806,0.334745317697525
123,2020,AFP,0,0.35975855588912964,0.28294438123703003,0.3572971224784851
123,2020,CSM,1,0.36036035418510437,0.277882844209671,0.36175674200057983
123,2020,Cholera,2,0.3517167270183563,0.28195521235466003,0.36632803082466125
123,2020,Lassa Fever,3,0.35973450541496277,0.28112199902534485,0.3591434955596924
123,2020,Measles,4,0.3556368947029114,0.27997636795043945,0.364386647939682
123,2020,Mpox,5,0.3560549020767212,0.28679510951042175,0.35715004801750183
123,2020,Yellow Fever,6,0.35554206371307373,0.28551769256591797,0.3589402735233307
123,2020,AFP,0,0.39141228795051575,0.27526745200157166,0.3333202600479126
123,2020,CSM,1,0.3922833800315857,0.2708476781845093,0.33686894178390503
123,2020,Cholera,2,0.38763508200645447,0.2714851200580597,0.34087973833084106
123,2020,Lassa Fever,3,0.39154180884361267,0.27400049567222595,0.33445772528648376
123,2020,Measles,4,0.38760730624198914,0.2762375771999359,0.3361550569534302
123,2020,Mpox,5,0.38971278071403503,0.27167174220085144,0.3386155366897583
123,2020,Yellow Fever,6,0.3910176157951355,0.27135735750198364,0.33762502670288086
123,2020,AFP,0,0.37749648094177246,0.2764210104942322,0.34608250856399536
123,2020,CSM,1,0.37732940912246704,0.27370351552963257,0.3489671051502228
123,2020,Cholera,2,0.3731479346752167,0.2724156677722931,0.35443636775016785
123,2020,Lassa Fever,3,0.37544581294059753,0.27456653118133545,0.349987655878067
123,2020,Measles,4,0.37528377771377563,0.2764419913291931,0.34827426075935364
123,2020,Mpox,5,0.37524402141571045,0.2722959518432617,0.3524600565433502
123,2020,Yellow Fever,6,0.3752003014087677,0.2725706994533539,0.3522290289402008
123,2020,AFP,0,0.3705209195613861,0.2798573076725006,0.3496217727661133
123,2020,CSM,1,0.371947705745697,0.2766127586364746,0.35143953561782837
123,2020,Cholera,2,0.36607202887535095,0.2770303189754486,0.35689762234687805
123,2020,Lassa Fever,3,0.36985132098197937,0.2776988744735718,0.35244977474212646
123,2020,Measles,4,0.36318209767341614,0.28655001521110535,0.3502679169178009
123,2020,Mpox,5,0.36574459075927734,0.2793615162372589,0.35489392280578613
123,2020,Yellow Fever,6,0.3666878938674927,0.27863749861717224,0.3546746075153351
123,2020,AFP,0,0.3273070156574249,0.3166094124317169,0.35608360171318054
123,2020,CSM,1,0.3294002115726471,0.3094693124294281,0.3611304759979248
123,2020,Cholera,2,0.32302671670913696,0.31221118569374084,0.3647621273994446
123,2020,Lassa Fever,3,0.3266105353832245,0.31283441185951233,0.36055508255958557
123,2020,Measles,4,0.3219570815563202,0.3169703781604767,0.3610725402832031
123,2020,Mpox,5,0.32279810309410095,0.31431394815444946,0.3628878891468048
123,2020,Yellow Fever,6,0.3239882290363312,0.3127433955669403,0.36326834559440613
123,2020,AFP,0,0.329611212015152,0.3079385459423065,0.3624502122402191
123,2020,CSM,1,0.3320445120334625,0.306755393743515,0.3612000644207001
123,2020,Cholera,2,0.3248203694820404,0.31293416023254395,0.36224547028541565
123,2020,Lassa Fever,3,0.3282928764820099,0.3091309666633606,0.36257609724998474
123,2020,Measles,4,0.32607129216194153,0.31115132570266724,0.36277735233306885
123,2020,Mpox,5,0.32248252630233765,0.31299248337745667,0.36452504992485046
123,2020,Yellow Fever,6,0.3253149092197418,0.3156201243400574,0.3590649366378784
123,2020,AFP,0,0.32790812849998474,0.2607884407043457,0.41130340099334717
123,2020,CSM,1,0.3299379050731659,0.2594437599182129,0.41061827540397644
123,2020,Cholera,2,0.32451131939888,0.2601008415222168,0.41538774967193604
123,2020,Lassa Fever,3,0.32772424817085266,0.2621864080429077,0.4100893437862396
123,2020,Measles,4,0.3225727081298828,0.271583616733551,0.40584373474121094
123,2020,Mpox,5,0.32338598370552063,0.26028817892074585,0.41632580757141113
123,2020,Yellow Fever,6,0.3258682191371918,0.2633281946182251,0.41080355644226074
123,2020,AFP,0,0.3267640769481659,0.2712882459163666,0.40194764733314514
123,2020,CSM,1,0.32730013132095337,0.2722046375274658,0.4004952311515808
123,2020,Cholera,2,0.3242240250110626,0.2709168791770935,0.40485912561416626
123,2020,Lassa Fever,3,0.3263656497001648,0.2744573652744293,0.3991769552230835
123,2020,Measles,4,0.32928192615509033,0.2763649821281433,0.3943531811237335
123,2020,Mpox,5,0.32423317432403564,0.26878055930137634,0.4069862365722656
123,2020,Yellow Fever,6,0.32672321796417236,0.27329516410827637,0.39998161792755127
123,2020,AFP,0,0.346062570810318,0.23731856048107147,0.41661885380744934
123,2020,CSM,1,0.3459509611129761,0.23845036327838898,0.41559866070747375
123,2020,Cholera,2,0.3429613709449768,0.23718047142028809,0.41985824704170227
123,2020,Lassa Fever,3,0.3462981879711151,0.23980683088302612,0.41389498114585876
123,2020,Measles,4,0.34277835488319397,0.24822881817817688,0.4089927673339844
123,2020,Mpox,5,0.3403462767601013,0.23849990963935852,0.4211537539958954
123,2020,Yellow Fever,6,0.3432057499885559,0.24233973026275635,0.41445448994636536
123,2020,AFP,0,0.3830867111682892,0.23465831577777863,0.38225501775741577
123,2020,CSM,1,0.3813090920448303,0.2376091182231903,0.381081759929657
123,2020,Cholera,2,0.37771615386009216,0.23725396394729614,0.3850298225879669
123,2020,Lassa Fever,3,0.3836324214935303,0.2362777590751648,0.38008978962898254
123,2020,Measles,4,0.38105544447898865,0.24262844026088715,0.3763161599636078
123,2020,Mpox,5,0.3748157024383545,0.24155889451503754,0.383625328540802
123,2020,Yellow Fever,6,0.3784923553466797,0.2450307011604309,0.3764769732952118
123,2020,AFP,0,0.3733137845993042,0.26704511046409607,0.3596411347389221
123,2020,CSM,1,0.37376177310943604,0.2690320312976837,0.35720622539520264
123,2020,Cholera,2,0.36510252952575684,0.2725473940372467,0.36235007643699646
123,2020,Lassa Fever,3,0.37500837445259094,0.2651493549346924,0.35984230041503906
123,2020,Measles,4,0.37290990352630615,0.26732590794563293,0.3597641885280609
123,2020,Mpox,5,0.36461010575294495,0.2737516164779663,0.3616383373737335
123,2020,Yellow Fever,6,0.3670686185359955,0.2746543884277344,0.35827702283859253
123,2020,AFP,0,0.4179959297180176,0.2004871964454651,0.3815169632434845
123,2020,CSM,1,0.4168816804885864,0.2013530135154724,0.38176533579826355
123,2020,Cholera,2,0.413157194852829,0.20276568830013275,0.3840771019458771
123,2020,Lassa Fever,3,0.41877079010009766,0.20159338414669037,0.37963587045669556
123,2020,Measles,4,0.4177529215812683,0.20330891013145447,0.3789381980895996
123,2020,Mpox,5,0.41000857949256897,0.20634248852729797,0.38364899158477783
123,2020,Yellow Fever,6,0.4140748083591461,0.20886002480983734,0.3770652115345001
123,2021,AFP,0,0.30731651186943054,0.4369552731513977,0.25572818517684937
123,2021,CSM,1,0.308355450630188,0.4402713477611542,0.2513732612133026
123,2021,Cholera,2,0.3060801029205322,0.43834009766578674,0.2555798292160034
123,2021,Lassa Fever,3,0.29852408170700073,0.4300202429294586,0.27145564556121826
123,2021,Measles,4,0.30498722195625305,0.441205233335495,0.2538074851036072
123,2021,Mpox,5,0.2979980707168579,0.43716952204704285,0.2648325264453888
123,2021,Yellow Fever,6,0.3122997283935547,0.43594929575920105,0.2517509460449219
123,2021,AFP,0,0.6891459226608276,0.2829708158969879,0.027883287519216537
123,2021,CSM,1,0.6940074563026428,0.2781897485256195,0.02780277468264103
123,2021,Cholera,2,0.6885858774185181,0.2833192050457001,0.02809482254087925
123,2021,Lassa Fever,3,0.6892600655555725,0.2813113331794739,0.029428569599986076
123,2021,Measles,4,0.6910004019737244,0.281071275472641,0.027928313240408897
123,2021,Mpox,5,0.6905806660652161,0.28076645731925964,0.028652872890233994
123,2021,Yellow Fever,6,0.6934712529182434,0.27828216552734375,0.0282465647906065
123,2021,AFP,0,0.3224673271179199,0.5892990231513977,0.08823362737894058
123,2021,CSM,1,0.3327329754829407,0.576378583908081,0.09088848531246185
123,2021,Cholera,2,0.3185901939868927,0.5909907221794128,0.09041903167963028
123,2021,Lassa Fever,3,0.31825464963912964,0.5877822637557983,0.09396309405565262
123,2021,Measles,4,0.32429808378219604,0.5838329792022705,0.09186893701553345
123,2021,Mpox,5,0.32539525628089905,0.5820662379264832,0.09253847599029541
123,2021,Yellow Fever,6,0.3295094072818756,0.5792871713638306,0.09120333939790726
123,2021,AFP,0,0.5109246373176575,0.36665335297584534,0.12242203205823898
123,2021,CSM,1,0.5224300622940063,0.35732296109199524,0.12024694681167603
123,2021,Cholera,2,0.5148868560791016,0.3622280955314636,0.12288504093885422
123,2021,Lassa Fever,3,0.5126917958259583,0.3620177209377289,0.12529043853282928
123,2021,Measles,4,0.5175992250442505,0.3623167872428894,0.12008402496576309
123,2021,Mpox,5,0.5163218975067139,0.36069145798683167,0.12298665195703506
123,2021,Yellow Fever,6,0.5213743448257446,0.3569266200065613,0.1216990128159523
123,2021,AFP,0,0.354799747467041,0.5080834031105042,0.13711683452129364
123,2021,CSM,1,0.3608793318271637,0.5040968060493469,0.13502389192581177
123,2021,Cholera,2,0.35597652196884155,0.5085737705230713,0.13544969260692596
123,2021,Lassa Fever,3,0.34987345337867737,0.5062626004219055,0.1438639611005783
123,2021,Measles,4,0.3513440489768982,0.5091675519943237,0.13948829472064972
123,2021,Mpox,5,0.3502182960510254,0.5064195990562439,0.14336208999156952
123,2021,Yellow Fever,6,0.36181336641311646,0.5017673969268799,0.1364191770553589
123,2021,AFP,0,0.3327334225177765,0.5951966047286987,0.07206995785236359
123,2021,CSM,1,0.35080307722091675,0.5735366940498352,0.07566028833389282
123,2021,Cholera,2,0.3416762948036194,0.584915280342102,0.07340844720602036
123,2021,Lassa Fever,3,0.3356357216835022,0.5921805500984192,0.0721837505698204
123,2021,Measles,4,0.3450520634651184,0.5815294981002808,0.07341846823692322
123,2021,Mpox,5,0.33998793363571167,0.5858962535858154,0.07411571592092514
123,2021,Yellow Fever,6,0.3426307737827301,0.5818225741386414,0.07554665207862854
123,2021,AFP,0,0.35335737466812134,0.5446382164955139,0.10200437158346176
123,2021,CSM,1,0.37005171179771423,0.5245763659477234,0.10537198930978775
123,2021,Cholera,2,0.3620416522026062,0.5339065790176392,0.10405172407627106
123,2021,Lassa Fever,3,0.3569165766239166,0.5409955382347107,0.10208790004253387
123,2021,Measles,4,0.35957562923431396,0.5375252366065979,0.10289909690618515
123,2021,Mpox,5,0.35963475704193115,0.5365849733352661,0.10378028452396393
123,2021,Yellow Fever,6,0.36537736654281616,0.5299471020698547,0.1046755239367485
123,2021,AFP,0,0.36082395911216736,0.540172815322876,0.09900326281785965
123,2021,CSM,1,0.37608838081359863,0.520659863948822,0.10325172543525696
123,2021,Cholera,2,0.366951048374176,0.5313870906829834,0.10166185349225998
123,2021,Lassa Fever,3,0.3600267469882965,0.5399723052978516,0.10000090301036835
123,2021,Measles,4,0.35809004306793213,0.5391097664833069,0.10280019044876099
123,2021,Mpox,5,0.3593660891056061,0.5377398133277893,0.1028941348195076
123,2021,Yellow Fever,6,0.3725185990333557,0.5249813199043274,0.10250010341405869
123,2021,AFP,0,0.31336164474487305,0.5885252356529236,0.09811308979988098
123,2021,CSM,1,0.3263641595840454,0.5709199905395508,0.1027158871293068
123,2021,Cholera,2,0.32145068049430847,0.57858806848526,0.0999612808227539
123,2021,Lassa Fever,3,0.3185536861419678,0.5825042128562927,0.0989421084523201
123,2021,Measles,4,0.31768348813056946,0.5820191502571106,0.10029739886522293
123,2021,Mpox,5,0.3193279206752777,0.5805429816246033,0.10012905299663544
123,2021,Yellow Fever,6,0.3237924873828888,0.5747697949409485,0.10143765062093735
123,2021,AFP,0,0.2659512162208557,0.524379551410675,0.209669291973114
123,2021,CSM,1,0.2722534239292145,0.512546956539154,0.21519964933395386
123,2021,Cholera,2,0.2701101303100586,0.5210981369018555,0.20879165828227997
123,2021,Lassa Fever,3,0.26931339502334595,0.5240041017532349,0.2066824734210968
123,2021,Measles,4,0.2662994861602783,0.5225909948348999,0.2111094743013382
123,2021,Mpox,5,0.268460750579834,0.5194056034088135,0.21213361620903015
123,2021,Yellow Fever,6,0.2707161009311676,0.5161134004592896,0.21317048370838165
123,2021,AFP,0,0.3056950271129608,0.5130838751792908,0.18122106790542603
123,2021,CSM,1,0.33310186862945557,0.4811648726463318,0.18573322892189026
123,2021,Cholera,2,0.31698542833328247,0.5013911128044128,0.18162347376346588
123,2021,Lassa Fever,3,0.3177947700023651,0.4915216863155365,0.1906835436820984
123,2021,Measles,4,0.32495394349098206,0.49092453718185425,0.1841214895248413
123,2021,Mpox,5,0.3176455795764923,0.49298545718193054,0.18936899304389954
123,2021,Yellow Fever,6,0.32309195399284363,0.48865678906440735,0.18825119733810425
123,2021,AFP,0,0.34693777561187744,0.5152193307876587,0.13784295320510864
123,2021,CSM,1,0.37319856882095337,0.49097514152526855,0.13582627475261688
123,2021,Cholera,2,0.35951340198516846,0.501928985118866,0.1385575532913208
123,2021,Lassa Fever,3,0.3611546754837036,0.4950748682022095,0.14377042651176453
123,2021,Measles,4,0.36300790309906006,0.49880582094192505,0.1381862908601761
123,2021,Mpox,5,0.35557615756988525,0.5025262832641602,0.1418975591659546
123,2021,Yellow Fever,6,0.36511337757110596,0.49532216787338257,0.1395643949508667
123,2021,AFP,0,0.34797608852386475,0.5389800667762756,0.11304378509521484
123,2021,CSM,1,0.36628472805023193,0.5185877084732056,0.11512763053178787
123,2021,Cholera,2,0.3604097366333008,0.5237337946891785,0.11585648357868195
123,2021,Lassa Fever,3,0.36034879088401794,0.5198837518692017,0.11976748704910278
123,2021,Measles,4,0.3578469753265381,0.5269762873649597,0.11517670750617981
123,2021,Mpox,5,0.3553045988082886,0.5260508060455322,0.11864452064037323
123,2021,Yellow Fever,6,0.3614930510520935,0.5202414393424988,0.11826547235250473
123,2021,AFP,0,0.47066131234169006,0.44925403594970703,0.08008459955453873
123,2021,CSM,1,0.4865632951259613,0.43067705631256104,0.08275960385799408
123,2021,Cholera,2,0.4699064791202545,0.44823527336120605,0.08185824006795883
123,2021,Lassa Fever,3,0.47366979718208313,0.44335123896598816,0.08297894150018692
123,2021,Measles,4,0.4748225808143616,0.4440305233001709,0.08114691078662872
123,2021,Mpox,5,0.4769080877304077,0.4401108920574188,0.08298109471797943
123,2021,Yellow Fever,6,0.4747665226459503,0.4412487745285034,0.08398472517728806
123,2021,AFP,0,0.33671140670776367,0.5970747470855713,0.0662139281630516
123,2021,CSM,1,0.3703209459781647,0.5580183267593384,0.07166079431772232
123,2021,Cholera,2,0.3447898030281067,0.5867435932159424,0.06846658885478973
123,2021,Lassa Fever,3,0.34770333766937256,0.5809733271598816,0.07132326811552048
123,2021,Measles,4,0.3563244640827179,0.5749788880348206,0.06869662553071976
123,2021,Mpox,5,0.35201767086982727,0.5778585076332092,0.0701238363981247
123,2021,Yellow Fever,6,0.35066282749176025,0.5783172845840454,0.07101988792419434
123,2021,AFP,0,0.5152878761291504,0.2849910855293274,0.19972102344036102
123,2021,CSM,1,0.5230100750923157,0.27254244685173035,0.2044474333524704
123,2021,Cholera,2,0.5089573264122009,0.2878706753253937,0.20317193865776062
123,2021,Lassa Fever,3,0.5135432481765747,0.2841893136501312,0.2022673487663269
123,2021,Measles,4,0.5146653652191162,0.28102099895477295,0.20431356132030487
123,2021,Mpox,5,0.5141525268554688,0.28191104531288147,0.20393642783164978
123,2021,Yellow Fever,6,0.5167675614356995,0.27540239691734314,0.20783008635044098
123,2021,AFP,0,0.286467581987381,0.6429754495620728,0.07055699080228806
123,2021,CSM,1,0.33665940165519714,0.5834991931915283,0.07984145730733871
123,2021,Cholera,2,0.2972015142440796,0.6300275325775146,0.07277096062898636
123,2021,Lassa Fever,3,0.2979592978954315,0.6277046799659729,0.07433605939149857
123,2021,Measles,4,0.31700438261032104,0.6084133982658386,0.07458221167325974
123,2021,Mpox,5,0.3088288903236389,0.6160107851028442,0.07516037672758102
123,2021,Yellow Fever,6,0.31121936440467834,0.6119486689567566,0.07683194428682327
123,2021,AFP,0,0.4040234088897705,0.3398421108722687,0.2561344802379608
123,2021,CSM,1,0.4034111201763153,0.3396475315093994,0.2569413185119629
123,2021,Cholera,2,0.4034765064716339,0.33911800384521484,0.25740548968315125
123,2021,Lassa Fever,3,0.40471333265304565,0.33728501200675964,0.2580017149448395
123,2021,Measles,4,0.3999784588813782,0.34536969661712646,0.25465184450149536
123,2021,Mpox,5,0.4020727574825287,0.34214580059051514,0.2557814419269562
123,2021,Yellow Fever,6,0.4020828604698181,0.3393455743789673,0.2585715055465698
123,2021,AFP,0,0.2626749873161316,0.6839916110038757,0.053333401679992676
123,2021,CSM,1,0.30790528655052185,0.6312174797058105,0.06087728217244148
123,2021,Cholera,2,0.27202239632606506,0.6721027493476868,0.05587483569979668
123,2021,Lassa Fever,3,0.27287495136260986,0.6700152158737183,0.05710982158780098
123,2021,Measles,4,0.291178822517395,0.6513521075248718,0.05746908113360405
123,2021,Mpox,5,0.28367379307746887,0.6586806178092957,0.05764557421207428
123,2021,Yellow Fever,6,0.2863766849040985,0.6545365452766418,0.05908675864338875
123,2021,AFP,0,0.28374651074409485,0.49242717027664185,0.2238263189792633
123,2021,CSM,1,0.29104939103126526,0.4879523813724518,0.22099831700325012
123,2021,Cholera,2,0.2804226875305176,0.49301496148109436,0.22656241059303284
123,2021,Lassa Fever,3,0.2758592367172241,0.4905940592288971,0.23354671895503998
123,2021,Measles,4,0.2876676619052887,0.4921146035194397,0.22021779417991638
123,2021,Mpox,5,0.28325799107551575,0.4899609684944153,0.22678110003471375
123,2021,Yellow Fever,6,0.2860426604747772,0.49068066477775574,0.22327664494514465
123,2021,AFP,0,0.4753667116165161,0.3691061735153198,0.15552720427513123
123,2021,CSM,1,0.47680652141571045,0.361045241355896,0.16214822232723236
123,2021,Cholera,2,0.4704982340335846,0.3709300756454468,0.15857167541980743
123,2021,Lassa Fever,3,0.4708782732486725,0.3690340518951416,0.16008763015270233
123,2021,Measles,4,0.4658510684967041,0.3733568489551544,0.1607920527458191
123,2021,Mpox,5,0.47321203351020813,0.3667463958263397,0.16004160046577454
123,2021,Yellow Fever,6,0.47610169649124146,0.36274251341819763,0.1611557900905609
123,2021,AFP,0,0.38177597522735596,0.5302358269691467,0.08798819035291672
123,2021,CSM,1,0.40561091899871826,0.5037277340888977,0.09066133201122284
123,2021,Cholera,2,0.3814525604248047,0.5286191701889038,0.0899282842874527
123,2021,Lassa Fever,3,0.3855111300945282,0.5228269696235657,0.09166190773248672
123,2021,Measles,4,0.3926686942577362,0.516280472278595,0.09105078876018524
123,2021,Mpox,5,0.39238545298576355,0.5171036720275879,0.09051092714071274
123,2021,Yellow Fever,6,0.39142751693725586,0.5171497464179993,0.09142275154590607
123,2021,AFP,0,0.41736629605293274,0.5065640807151794,0.07606960088014603
123,2021,CSM,1,0.42297470569610596,0.5037992596626282,0.07322609424591064
123,2021,Cholera,2,0.4126569330692291,0.5107229948043823,0.07662010192871094
123,2021,Lassa Fever,3,0.4132291078567505,0.5081084966659546,0.07866235077381134
123,2021,Measles,4,0.4205418527126312,0.5050127506256104,0.07444536685943604
123,2021,Mpox,5,0.4208509624004364,0.5024073719978333,0.07674164324998856
123,2021,Yellow Fever,6,0.41733863949775696,0.5069893002510071,0.07567213475704193
123,2021,AFP,0,0.27952057123184204,0.6892049312591553,0.03127451613545418
123,2021,CSM,1,0.29713693261146545,0.671547532081604,0.03131546080112457
123,2021,Cholera,2,0.2732517123222351,0.6954604387283325,0.03128788620233536
123,2021,Lassa Fever,3,0.28110623359680176,0.684752345085144,0.03414146229624748
123,2021,Measles,4,0.29925960302352905,0.6696963310241699,0.031044114381074905
123,2021,Mpox,5,0.2921586036682129,0.6754623651504517,0.03237893059849739
123,2021,Yellow Fever,6,0.28656068444252014,0.6812358498573303,0.032203469425439835
123,2021,AFP,0,0.49063360691070557,0.4564039409160614,0.0529625341296196
123,2021,CSM,1,0.5115184187889099,0.43345969915390015,0.05502193421125412
123,2021,Cholera,2,0.49406540393829346,0.45178812742233276,0.05414649471640587
123,2021,Lassa Fever,3,0.4898739755153656,0.453355073928833,0.05677090585231781
123,2021,Measles,4,0.5033513307571411,0.44132930040359497,0.05531937628984451
123,2021,Mpox,5,0.5021939277648926,0.44200652837753296,0.05579961836338043
123,2021,Yellow Fever,6,0.5064160227775574,0.43871355056762695,0.05487046763300896
123,2021,AFP,0,0.2546679675579071,0.7325617074966431,0.012770334258675575
123,2021,CSM,1,0.27929556369781494,0.7075300216674805,0.013174513354897499
123,2021,Cholera,2,0.25321030616760254,0.7337927222251892,0.012996995821595192
123,2021,Lassa Fever,3,0.25876909494400024,0.7273186445236206,0.013912300579249859
123,2021,Measles,4,0.27400311827659607,0.7126164436340332,0.013380481861531734
123,2021,Mpox,5,0.2644636034965515,0.7219052910804749,0.0136311249807477
123,2021,Yellow Fever,6,0.2670316696166992,0.7196230292320251,0.01334534864872694
123,2021,AFP,0,0.1969064176082611,0.7923209071159363,0.01077268086373806
123,2021,CSM,1,0.21399860084056854,0.7752787470817566,0.010722707025706768
123,2021,Cholera,2,0.19480431079864502,0.7943098545074463,0.010885854251682758
123,2021,Lassa Fever,3,0.1973305344581604,0.791149377822876,0.011520154774188995
123,2021,Measles,4,0.21153956651687622,0.77741539478302,0.011045154184103012
123,2021,Mpox,5,0.20472489297389984,0.7839681506156921,0.0113070048391819
123,2021,Yellow Fever,6,0.20570433139801025,0.7832837700843811,0.011011986993253231
123,2022,AFP,0,0.313703715801239,0.33167383074760437,0.3546224534511566
123,2022,CSM,1,0.3139874339103699,0.33112117648124695,0.35489144921302795
123,2022,Cholera,2,0.3106812536716461,0.33319714665412903,0.35612159967422485
123,2022,Lassa Fever,3,0.3117002546787262,0.3312933146953583,0.3570064306259155
123,2022,Measles,4,0.313050240278244,0.33246445655822754,0.3544853627681732
123,2022,Mpox,5,0.3118704557418823,0.3320189118385315,0.35611069202423096
123,2022,Yellow Fever,6,0.3119291067123413,0.3312707841396332,0.3568001091480255
123,2022,AFP,0,0.2149936854839325,0.37338271737098694,0.41162359714508057
123,2022,CSM,1,0.214384064078331,0.3732586205005646,0.4123573303222656
123,2022,Cholera,2,0.21403080224990845,0.3739936947822571,0.41197553277015686
123,2022,Lassa Fever,3,0.21752238273620605,0.37132322788238525,0.41115444898605347
123,2022,Measles,4,0.21483510732650757,0.37448740005493164,0.4106774628162384
123,2022,Mpox,5,0.2126806378364563,0.37354418635368347,0.41377517580986023
123,2022,Yellow Fever,6,0.21646587550640106,0.37185510993003845,0.41167905926704407
123,2022,AFP,0,0.2085394561290741,0.435090571641922,0.3563700020313263
123,2022,CSM,1,0.21155530214309692,0.4362594485282898,0.3521851897239685
123,2022,Cholera,2,0.21221022307872772,0.4340384304523468,0.3537513017654419
123,2022,Lassa Fever,3,0.2159811109304428,0.43046995997428894,0.35354888439178467
123,2022,Measles,4,0.21115393936634064,0.435523122549057,0.3533230125904083
123,2022,Mpox,5,0.21098950505256653,0.4333418011665344,0.3556687533855438
123,2022,Yellow Fever,6,0.21452964842319489,0.4335208833217621,0.35194945335388184
123,2022,AFP,0,0.2738327085971832,0.4043544828891754,0.3218127489089966
123,2022,CSM,1,0.2745440602302551,0.4056670367717743,0.3197888731956482
123,2022,Cholera,2,0.27490556240081787,0.40450790524482727,0.32058659195899963
123,2022,Lassa Fever,3,0.27827203273773193,0.4025309383869171,0.31919705867767334
123,2022,Measles,4,0.27317652106285095,0.4069617688655853,0.31986168026924133
123,2022,Mpox,5,0.27168214321136475,0.404995858669281,0.32332202792167664
123,2022,Yellow Fever,6,0.2784126102924347,0.4041009545326233,0.3174864649772644
123,2022,AFP,0,0.3420649766921997,0.3437075614929199,0.31422746181488037
123,2022,CSM,1,0.3395181894302368,0.34496524930000305,0.3155165910720825
123,2022,Cholera,2,0.34161388874053955,0.34431761503219604,0.3140685260295868
123,2022,Lassa Fever,3,0.3442223072052002,0.34487321972846985,0.3109043836593628
123,2022,Measles,4,0.33796289563179016,0.3460614085197449,0.31597569584846497
123,2022,Mpox,5,0.33485522866249084,0.3489718437194824,0.31617292761802673
123,2022,Yellow Fever,6,0.34808841347694397,0.3411541283130646,0.3107573986053467
123,2022,AFP,0,0.31100112199783325,0.35039222240448,0.33860665559768677
123,2022,CSM,1,0.309456467628479,0.3507712483406067,0.3397722542285919
123,2022,Cholera,2,0.3093159794807434,0.3515079915523529,0.3391760289669037
123,2022,Lassa Fever,3,0.3083443343639374,0.35494014620780945,0.3367155194282532
123,2022,Measles,4,0.3091750741004944,0.35056737065315247,0.34025758504867554
123,2022,Mpox,5,0.3054002821445465,0.3540303111076355,0.34056946635246277
123,2022,Yellow Fever,6,0.3072783350944519,0.35551896691322327,0.33720266819000244
123,2022,AFP,0,0.2753129005432129,0.3768876791000366,0.3477993905544281
123,2022,CSM,1,0.28112515807151794,0.3720898926258087,0.34678491950035095
123,2022,Cholera,2,0.2734204828739166,0.3783832788467407,0.3481962978839874
123,2022,Lassa Fever,3,0.27152422070503235,0.3799148201942444,0.34856098890304565
123,2022,Measles,4,0.27613431215286255,0.3760203421115875,0.3478453457355499
123,2022,Mpox,5,0.2732141315937042,0.3786012828350067,0.34818461537361145
123,2022,Yellow Fever,6,0.2715502381324768,0.379910945892334,0.34853875637054443
123,2022,AFP,0,0.3812277317047119,0.31111180782318115,0.30766046047210693
123,2022,CSM,1,0.38096439838409424,0.310514360666275,0.3085213005542755
123,2022,Cholera,2,0.3811851143836975,0.31107500195503235,0.30773985385894775
123,2022,Lassa Fever,3,0.37823766469955444,0.31505823135375977,0.3067041337490082
123,2022,Measles,4,0.3789094090461731,0.3122538924217224,0.3088366687297821
123,2022,Mpox,5,0.3763713836669922,0.3139789402484894,0.3096497058868408
123,2022,Yellow Fever,6,0.3782764971256256,0.3149222135543823,0.3068012595176697
123,2022,AFP,0,0.26353806257247925,0.38688427209854126,0.3495776653289795
123,2022,CSM,1,0.269204318523407,0.3821048438549042,0.34869086742401123
123,2022,Cholera,2,0.26169446110725403,0.38837188482284546,0.3499336540699005
123,2022,Lassa Fever,3,0.2598474323749542,0.3898956775665283,0.35025689005851746
123,2022,Measles,4,0.2643396556377411,0.38601627945899963,0.3496440649032593
123,2022,Mpox,5,0.26149314641952515,0.388590008020401,0.34991687536239624
123,2022,Yellow Fever,6,0.2598726749420166,0.38989225029945374,0.3502350151538849
123,2022,AFP,0,0.3168349862098694,0.34632351994514465,0.33684149384498596
123,2022,CSM,1,0.31920573115348816,0.34368062019348145,0.33711370825767517
123,2022,Cholera,2,0.31564587354660034,0.3480580449104309,0.3362961411476135
123,2022,Lassa Fever,3,0.3110162615776062,0.3551204800605774,0.33386319875717163
123,2022,Measles,4,0.317641019821167,0.34564900398254395,0.33671003580093384
123,2022,Mpox,5,0.3142816126346588,0.34883102774620056,0.336887389421463
123,2022,Yellow Fever,6,0.31229740381240845,0.35163402557373047,0.33606863021850586
123,2022,AFP,0,0.3578333258628845,0.4637607932090759,0.17840591073036194
123,2022,CSM,1,0.35249727964401245,0.4685252904891968,0.1789773851633072
123,2022,Cholera,2,0.3521837294101715,0.4675244092941284,0.18029193580150604
123,2022,Lassa Fever,3,0.34796759486198425,0.4686761796474457,0.18335619568824768
123,2022,Measles,4,0.3385359048843384,0.47870877385139465,0.18275532126426697
123,2022,Mpox,5,0.35096246004104614,0.4677678942680359,0.18126963078975677
123,2022,Yellow Fever,6,0.34540092945098877,0.4715173542499542,0.18308177590370178
123,2022,AFP,0,0.21982929110527039,0.5797452926635742,0.20042537152767181
123,2022,CSM,1,0.21616551280021667,0.5840911865234375,0.19974331557750702
123,2022,Cholera,2,0.21781501173973083,0.582124650478363,0.2000603973865509
123,2022,Lassa Fever,3,0.21751633286476135,0.5806753635406494,0.2018083781003952
123,2022,Measles,4,0.21232666075229645,0.5882962346076965,0.19937705993652344
123,2022,Mpox,5,0.21952161192893982,0.5797995328903198,0.20067889988422394
123,2022,Yellow Fever,6,0.2156147062778473,0.5832282304763794,0.20115703344345093
123,2022,AFP,0,0.16597376763820648,0.6451402902603149,0.18888592720031738
123,2022,CSM,1,0.1643848568201065,0.6477829217910767,0.18783223628997803
123,2022,Cholera,2,0.16471461951732635,0.647068977355957,0.18821637332439423
123,2022,Lassa Fever,3,0.16179275512695312,0.6471298336982727,0.19107738137245178
123,2022,Measles,4,0.15668600797653198,0.6545253992080688,0.18878868222236633
123,2022,Mpox,5,0.1646459400653839,0.6456964015960693,0.18965762853622437
123,2022,Yellow Fever,6,0.16015583276748657,0.6491143107414246,0.19072985649108887
123,2022,AFP,0,0.38601401448249817,0.37238484621047974,0.2416011244058609
123,2022,CSM,1,0.3786272406578064,0.3770669102668762,0.2443058043718338
123,2022,Cholera,2,0.3843059241771698,0.3746875524520874,0.24100655317306519
123,2022,Lassa Fever,3,0.3868612051010132,0.3728405237197876,0.24029827117919922
123,2022,Measles,4,0.37422001361846924,0.3823498487472534,0.24343016743659973
123,2022,Mpox,5,0.3797280788421631,0.3748226761817932,0.24544920027256012
123,2022,Yellow Fever,6,0.37777620553970337,0.37824612855911255,0.2439776510000229
123,2022,AFP,0,0.432449072599411,0.33761245012283325,0.22993846237659454
123,2022,CSM,1,0.4255391061306,0.3425484895706177,0.23191244900226593
123,2022,Cholera,2,0.4292444884777069,0.3410309851169586,0.22972455620765686
123,2022,Lassa Fever,3,0.428611159324646,0.341729074716568,0.229659765958786
123,2022,Measles,4,0.419767290353775,0.34816330671310425,0.23206929862499237
123,2022,Mpox,5,0.42501702904701233,0.3413050174713135,0.2336779534816742
123,2022,Yellow Fever,6,0.4242749512195587,0.3432409465312958,0.2324841469526291
123,2023,AFP,0,0.3458186686038971,0.23339268565177917,0.42078861594200134
123,2023,CSM,1,0.35264497995376587,0.22795896232128143,0.4193960130214691
123,2023,Cholera,2,0.35362866520881653,0.22844795882701874,0.41792336106300354
123,2023,Lassa Fever,3,0.3488768935203552,0.2323979288339615,0.4187251925468445
123,2023,Measles,4,0.34604188799858093,0.23381838202476501,0.42013972997665405
123,2023,Mpox,5,0.35222476720809937,0.22915618121623993,0.4186190366744995
123,2023,Yellow Fever,6,0.3517027795314789,0.2293674647808075,0.418929785490036
123,2023,AFP,0,0.16715757548809052,0.5469613671302795,0.28588104248046875
123,2023,CSM,1,0.1680343747138977,0.5392934083938599,0.29267221689224243
123,2023,Cholera,2,0.16737903654575348,0.5450676083564758,0.2875533103942871
123,2023,Lassa Fever,3,0.1664339303970337,0.5485619306564331,0.2850041687488556
123,2023,Measles,4,0.1632336974143982,0.5598666667938232,0.27689969539642334
123,2023,Mpox,5,0.16639111936092377,0.5533769726753235,0.28023195266723633
123,2023,Yellow Fever,6,0.1730351448059082,0.5350483655929565,0.2919164299964905
123,2023,AFP,0,0.26343730092048645,0.48281779885292053,0.25374487042427063
123,2023,CSM,1,0.2696264982223511,0.4746527373790741,0.2557208240032196
123,2023,Cholera,2,0.2662524878978729,0.47349023818969727,0.2602572739124298
123,2023,Lassa Fever,3,0.2628035545349121,0.4817832112312317,0.2554132044315338
123,2023,Measles,4,0.2558791935443878,0.49107736349105835,0.2530434727668762
123,2023,Mpox,5,0.26568368077278137,0.4776246249675751,0.2566917836666107
123,2023,Yellow Fever,6,0.2753542959690094,0.46377652883529663,0.26086920499801636
123,2023,AFP,0,0.3228476941585541,0.3894328773021698,0.28771939873695374
123,2023,CSM,1,0.32833683490753174,0.38231146335601807,0.28935176134109497
123,2023,Cholera,2,0.32404541969299316,0.3852079510688782,0.29074665904045105
123,2023,Lassa Fever,3,0.3219234347343445,0.3893299102783203,0.2887466549873352
123,2023,Measles,4,0.3157992660999298,0.39632946252822876,0.28787124156951904
123,2023,Mpox,5,0.32405394315719604,0.3880346715450287,0.28791141510009766
123,2023,Yellow Fever,6,0.331561803817749,0.374957412481308,0.293480783700943
123,2023,AFP,0,0.2406010627746582,0.44295990467071533,0.31643903255462646
123,2023,CSM,1,0.24787940084934235,0.4342520833015442,0.31786853075027466
123,2023,Cholera,2,0.2388538122177124,0.442521333694458,0.318624883890152
123,2023,Lassa Fever,3,0.24243348836898804,0.44002386927604675,0.31754270195961
123,2023,Measles,4,0.23231230676174164,0.4518778622150421,0.3158099353313446
123,2023,Mpox,5,0.23808516561985016,0.4453561305999756,0.31655871868133545
123,2023,Yellow Fever,6,0.24662137031555176,0.43203720450401306,0.3213414251804352
123,2023,AFP,0,0.2994789779186249,0.3484501242637634,0.3520709276199341
123,2023,CSM,1,0.2992158532142639,0.3439829349517822,0.35680121183395386
123,2023,Cholera,2,0.2999587059020996,0.3489907383918762,0.35105055570602417
123,2023,Lassa Fever,3,0.29867109656333923,0.3479379415512085,0.35339096188545227
123,2023,Measles,4,0.29402217268943787,0.3531280755996704,0.3528498411178589
123,2023,Mpox,5,0.297600656747818,0.3502114415168762,0.3521879017353058
123,2023,Yellow Fever,6,0.29976600408554077,0.3465874493122101,0.35364651679992676
123,2023,AFP,0,0.2868822515010834,0.35960665345191956,0.3535110056400299
123,2023,CSM,1,0.2856985628604889,0.3545188903808594,0.35978248715400696
123,2023,Cholera,2,0.28521493077278137,0.35897383093833923,0.3558112382888794
123,2023,Lassa Fever,3,0.28634169697761536,0.3578324615955353,0.35582584142684937
123,2023,Measles,4,0.28293460607528687,0.36337903141975403,0.3536863625049591
123,2023,Mpox,5,0.28507646918296814,0.36039310693740845,0.35453036427497864
123,2023,Yellow Fever,6,0.2876953184604645,0.35565856099128723,0.3566460609436035
123,2023,AFP,0,0.21559669077396393,0.38753288984298706,0.3968704640865326
123,2023,CSM,1,0.21394813060760498,0.38238024711608887,0.40367162227630615
123,2023,Cholera,2,0.2100071907043457,0.390884131193161,0.3991087079048157
123,2023,Lassa Fever,3,0.21632161736488342,0.38491377234458923,0.39876458048820496
123,2023,Measles,4,0.21265798807144165,0.39250993728637695,0.394832044839859
123,2023,Mpox,5,0.21983672678470612,0.38423952460289,0.3959237337112427
123,2023,Yellow Fever,6,0.21624413132667542,0.3833658695220947,0.40038999915122986
123,2023,AFP,0,0.12995484471321106,0.619411826133728,0.2506332993507385
123,2023,CSM,1,0.1328429877758026,0.6144922375679016,0.2526647746562958
123,2023,Cholera,2,0.1244874969124794,0.6233729720115662,0.25213953852653503
123,2023,Lassa Fever,3,0.1320633888244629,0.6156198382377625,0.25231680274009705
123,2023,Measles,4,0.1223418340086937,0.6296825408935547,0.24797558784484863
123,2023,Mpox,5,0.12952017784118652,0.6197792291641235,0.2507006525993347
123,2023,Yellow Fever,6,0.13394798338413239,0.6086727380752563,0.25737935304641724
123,2023,AFP,0,0.1445399969816208,0.5112262964248657,0.3442336916923523
123,2023,CSM,1,0.14418190717697144,0.5000585913658142,0.3557594418525696
123,2023,Cholera,2,0.1408582627773285,0.5144124031066895,0.3447294235229492
123,2023,Lassa Fever,3,0.14557404816150665,0.5067121386528015,0.3477138578891754
123,2023,Measles,4,0.1413407027721405,0.5225633978843689,0.3360958993434906
123,2023,Mpox,5,0.14394044876098633,0.5143968462944031,0.3416626453399658
123,2023,Yellow Fever,6,0.14377805590629578,0.5031635165214539,0.3530583679676056
123,2023,AFP,0,0.15720432996749878,0.44109898805618286,0.40169671177864075
123,2023,CSM,1,0.15594005584716797,0.43944036960601807,0.40461957454681396
123,2023,Cholera,2,0.15260086953639984,0.4423203468322754,0.40507879853248596
123,2023,Lassa Fever,3,0.15749241411685944,0.4383850395679474,0.40412259101867676
123,2023,Measles,4,0.15422464907169342,0.4442692697048187,0.40150609612464905
123,2023,Mpox,5,0.1555793732404709,0.43992215394973755,0.40449851751327515
123,2023,Yellow Fever,6,0.15603913366794586,0.4432491064071655,0.4007118344306946
123,2023,AFP,0,0.17640525102615356,0.504572868347168,0.31902188062667847
123,2023,CSM,1,0.17411009967327118,0.5057708621025085,0.32011911273002625
123,2023,Cholera,2,0.17202749848365784,0.5111817121505737,0.31679078936576843
123,2023,Lassa Fever,3,0.17725753784179688,0.506126344203949,0.31661614775657654
123,2023,Measles,4,0.17463085055351257,0.5119820833206177,0.31338709592819214
123,2023,Mpox,5,0.17479750514030457,0.506618857383728,0.3185836672782898
123,2023,Yellow Fever,6,0.1730942577123642,0.5074797868728638,0.3194259703159332
123,2023,AFP,0,0.24881316721439362,0.539610743522644,0.21157610416412354
123,2023,CSM,1,0.24637284874916077,0.5355730652809143,0.2180541455745697
123,2023,Cholera,2,0.24364839494228363,0.5469053983688354,0.2094462811946869
123,2023,Lassa Fever,3,0.2497606724500656,0.541962206363678,0.2082771211862564
123,2023,Measles,4,0.24725911021232605,0.5472742319107056,0.20546665787696838
123,2023,Mpox,5,0.2501745820045471,0.5414609313011169,0.20836453139781952
123,2023,Yellow Fever,6,0.24591082334518433,0.535503089427948,0.21858613193035126
123,2023,AFP,0,0.19102688133716583,0.47353413701057434,0.33543893694877625
123,2023,CSM,1,0.19041907787322998,0.46784698963165283,0.34173384308815
123,2023,Cholera,2,0.1894330382347107,0.47536399960517883,0.3352029621601105
123,2023,Lassa Fever,3,0.19349808990955353,0.4689974784851074,0.33750444650650024
123,2023,Measles,4,0.19001199305057526,0.47876882553100586,0.3312191963195801
123,2023,Mpox,5,0.19337397813796997,0.468980073928833,0.3376460075378418
123,2023,Yellow Fever,6,0.19113215804100037,0.46965181827545166,0.33921605348587036
123,2023,AFP,0,0.17430643737316132,0.5046597719192505,0.3210338354110718
123,2023,CSM,1,0.17455188930034637,0.49985066056251526,0.3255974054336548
123,2023,Cholera,2,0.1726164072751999,0.5062102675437927,0.3211733400821686
123,2023,Lassa Fever,3,0.17725038528442383,0.5009082555770874,0.3218413293361664
123,2023,Measles,4,0.17155924439430237,0.507535457611084,0.32090532779693604
123,2023,Mpox,5,0.17600615322589874,0.4993668496608734,0.3246270716190338
123,2023,Yellow Fever,6,0.17496824264526367,0.5014074444770813,0.32362425327301025
123,2023,AFP,0,0.13327254354953766,0.6315819025039673,0.23514549434185028
123,2023,CSM,1,0.13307733833789825,0.6330946087837219,0.23382803797721863
123,2023,Cholera,2,0.13066928088665009,0.6382229328155518,0.23110783100128174
123,2023,Lassa Fever,3,0.13328726589679718,0.6331914663314819,0.2335212677717209
123,2023,Measles,4,0.12885239720344543,0.6385155916213989,0.23263204097747803
123,2023,Mpox,5,0.1317429393529892,0.6324709057807922,0.23578616976737976
123,2023,Yellow Fever,6,0.13314521312713623,0.6350854635238647,0.23176927864551544
123,2023,AFP,0,0.1351138949394226,0.696834146976471,0.16805192828178406
123,2023,CSM,1,0.13502176105976105,0.6950334906578064,0.16994471848011017
123,2023,Cholera,2,0.13419614732265472,0.6989742517471313,0.16682960093021393
123,2023,Lassa Fever,3,0.1342216432094574,0.6996282339096069,0.16615016758441925
123,2023,Measles,4,0.13065402209758759,0.7042008638381958,0.1651451587677002
123,2023,Mpox,5,0.13277241587638855,0.6988557577133179,0.16837185621261597
123,2023,Yellow Fever,6,0.1356494128704071,0.6968398690223694,0.1675107479095459
123,2023,AFP,0,0.17005006968975067,0.5656313300132751,0.264318585395813
123,2023,CSM,1,0.170720174908638,0.5663755536079407,0.2629042863845825
123,2023,Cholera,2,0.16901946067810059,0.571681022644043,0.25929951667785645
123,2023,Lassa Fever,3,0.17044541239738464,0.566302478313446,0.2632520794868469
123,2023,Measles,4,0.16680271923542023,0.5703262090682983,0.2628709673881531
123,2023,Mpox,5,0.1673225611448288,0.5674659013748169,0.2652115821838379
123,2023,Yellow Fever,6,0.1688511222600937,0.5716521143913269,0.259496808052063
123,2023,AFP,0,0.23431561887264252,0.5346341133117676,0.2310502529144287
123,2023,CSM,1,0.23079627752304077,0.5373550653457642,0.23184862732887268
123,2023,Cholera,2,0.22841835021972656,0.5425175428390503,0.22906407713890076
123,2023,Lassa Fever,3,0.23456750810146332,0.5380141139030457,0.22741840779781342
123,2023,Measles,4,0.23415632545948029,0.5396267175674438,0.22621695697307587
123,2023,Mpox,5,0.24134810268878937,0.5307077169418335,0.22794418036937714
123,2023,Yellow Fever,6,0.2369854748249054,0.5312539935112,0.23176051676273346
123,2023,AFP,0,0.32320597767829895,0.39210623502731323,0.2846878170967102
123,2023,CSM,1,0.3247523605823517,0.39198023080825806,0.28326743841171265
123,2023,Cholera,2,0.3265515863895416,0.39432525634765625,0.2791231870651245
123,2023,Lassa Fever,3,0.32368749380111694,0.3940434455871582,0.28226906061172485
123,2023,Measles,4,0.3225307762622833,0.3939594328403473,0.2835098206996918
123,2023,Mpox,5,0.32228195667266846,0.39403048157691956,0.28368762135505676
123,2023,Yellow Fever,6,0.3285178542137146,0.3929544985294342,0.2785276472568512
123,2023,AFP,0,0.19342057406902313,0.5663828253746033,0.2401965707540512
123,2023,CSM,1,0.1957804262638092,0.5645318031311035,0.2396877408027649
123,2023,Cholera,2,0.19887857139110565,0.5584561824798584,0.24266529083251953
123,2023,Lassa Fever,3,0.196498841047287,0.5612154006958008,0.24228569865226746
123,2023,Measles,4,0.19123007357120514,0.5676862001419067,0.2410837709903717
123,2023,Mpox,5,0.19615215063095093,0.5588151216506958,0.24503274261951447
123,2023,Yellow Fever,6,0.20286132395267487,0.5541011095046997,0.24303752183914185
123,2023,AFP,0,0.19995589554309845,0.5294280648231506,0.2706160545349121
123,2023,CSM,1,0.20013339817523956,0.5265626907348633,0.2733038663864136
123,2023,Cholera,2,0.2015559822320938,0.5231230854988098,0.2753209173679352
123,2023,Lassa Fever,3,0.2028047740459442,0.5273804068565369,0.26981475949287415
123,2023,Measles,4,0.19720298051834106,0.5341976284980774,0.26859942078590393
123,2023,Mpox,5,0.2029981017112732,0.5310142636299133,0.2659875750541687
123,2023,Yellow Fever,6,0.2064722329378128,0.5174847841262817,0.27604302763938904
123,2024,AFP,0,0.12974397838115692,0.5499598979949951,0.32029616832733154
123,2024,CSM,1,0.12030667066574097,0.510104238986969,0.36958903074264526
123,2024,Cholera,2,0.16560854017734528,0.6302264928817749,0.20416495203971863
123,2024,Lassa Fever,3,0.0694524273276329,0.3414548337459564,0.5890927314758301
123,2024,Measles,4,0.08523526787757874,0.40708810091018677,0.5076766014099121
123,2024,Mpox,5,0.1276887208223343,0.562548041343689,0.30976319313049316
123,2024,Yellow Fever,6,0.1834569126367569,0.6572611927986145,0.1592819094657898
123,2024,AFP,0,0.1314367949962616,0.5310307145118713,0.33753252029418945
123,2024,CSM,1,0.1179729625582695,0.5101191997528076,0.3719078302383423
123,2024,Cholera,2,0.18842670321464539,0.6251204609870911,0.18645288050174713
123,2024,Lassa Fever,3,0.061416883021593094,0.31402257084846497,0.6245605945587158
123,2024,Measles,4,0.0729692354798317,0.3709808588027954,0.5560499429702759
123,2024,Mpox,5,0.13111282885074615,0.554784893989563,0.31410229206085205
123,2024,Yellow Fever,6,0.21404758095741272,0.6365845203399658,0.14936791360378265
123,2024,AFP,0,0.113930843770504,0.5038038492202759,0.3822652995586395
123,2024,CSM,1,0.10370471328496933,0.47577640414237976,0.4205189049243927
123,2024,Cholera,2,0.17489029467105865,0.6187916994094849,0.20631805062294006
123,2024,Lassa Fever,3,0.05979093164205551,0.30762073397636414,0.6325883269309998
123,2024,Measles,4,0.07497508078813553,0.3771339952945709,0.5478909611701965
123,2024,Mpox,5,0.1136915534734726,0.5267335772514343,0.3595748841762543
123,2024,Yellow Fever,6,0.2027754783630371,0.6309843063354492,0.16624027490615845
123,2024,AFP,0,0.05116976797580719,0.4143223464488983,0.5345078706741333
123,2024,CSM,1,0.05383408069610596,0.37112483382225037,0.5750411152839661
123,2024,Cholera,2,0.06322332471609116,0.5835183262825012,0.3532584011554718
123,2024,Lassa Fever,3,0.03127304092049599,0.2584007680416107,0.7103261947631836
123,2024,Measles,4,0.03403627872467041,0.3238162696361542,0.6421474814414978
123,2024,Mpox,5,0.047969769686460495,0.42693859338760376,0.5250916481018066
123,2024,Yellow Fever,6,0.0959465354681015,0.5928410887718201,0.31121233105659485
123,2024,AFP,0,0.05750328674912453,0.524275541305542,0.4182211458683014
123,2024,CSM,1,0.06115240976214409,0.4714912474155426,0.4673563838005066
123,2024,Cholera,2,0.06564957648515701,0.6808070540428162,0.25354325771331787
123,2024,Lassa Fever,3,0.037614405155181885,0.3000947833061218,0.6622907519340515
123,2024,Measles,4,0.041206635534763336,0.3794032037258148,0.5793901681900024
123,2024,Mpox,5,0.05467332527041435,0.5375990271568298,0.40772756934165955
123,2024,Yellow Fever,6,0.09186045825481415,0.6841019988059998,0.22403749823570251
123,2024,AFP,0,0.08537790924310684,0.42919740080833435,0.485424667596817
123,2024,CSM,1,0.0786643698811531,0.3654879927635193,0.5558476448059082
123,2024,Cholera,2,0.13047413527965546,0.5697686672210693,0.2997572124004364
123,2024,Lassa Fever,3,0.03637311980128288,0.20887978374958038,0.7547470927238464
123,2024,Measles,4,0.04386003687977791,0.2400171458721161,0.7161228060722351
123,2024,Mpox,5,0.08464118838310242,0.4309329688549042,0.484425812959671
123,2024,Yellow Fever,6,0.15184609591960907,0.6297826766967773,0.21837115287780762
123,2024,AFP,0,0.06142236292362213,0.6260178685188293,0.3125597834587097
123,2024,CSM,1,0.06772197782993317,0.5906779766082764,0.34160006046295166
123,2024,Cholera,2,0.07347164303064346,0.7447968125343323,0.18173156678676605
123,2024,Lassa Fever,3,0.040923748165369034,0.40536394715309143,0.5537123084068298
123,2024,Measles,4,0.045239612460136414,0.48675984144210815,0.4680005609989166
123,2024,Mpox,5,0.059878475964069366,0.6458466053009033,0.2942748963832855
123,2024,Yellow Fever,6,0.09307516366243362,0.7439899444580078,0.1629348248243332
123,2024,AFP,0,0.042845968157052994,0.4621439278125763,0.4950101375579834
123,2024,CSM,1,0.04725854471325874,0.44809097051620483,0.5046505331993103
123,2024,Cholera,2,0.07749314606189728,0.6746562719345093,0.24785059690475464
123,2024,Lassa Fever,3,0.03032512031495571,0.33296096324920654,0.6367138624191284
123,2024,Measles,4,0.03163894638419151,0.3977985680103302,0.570562481880188
123,2024,Mpox,5,0.04421528801321983,0.4996815025806427,0.45610323548316956
123,2024,Yellow Fever,6,0.10911927372217178,0.6261678338050842,0.2647128105163574
123,2024,AFP,0,0.09349647909402847,0.5295688509941101,0.376934677362442
123,2024,CSM,1,0.10032139718532562,0.4876638352870941,0.41201481223106384
123,2024,Cholera,2,0.10876273363828659,0.6848110556602478,0.2064262181520462
123,2024,Lassa Fever,3,0.05875669792294502,0.30503755807876587,0.6362057328224182
123,2024,Measles,4,0.06424891948699951,0.37786078453063965,0.5578902959823608
123,2024,Mpox,5,0.0890970453619957,0.5483191013336182,0.36258381605148315
123,2024,Yellow Fever,6,0.16761377453804016,0.6861141324043274,0.14627207815647125
123,2024,AFP,0,0.20143702626228333,0.5555177927017212,0.24304521083831787
123,2024,CSM,1,0.220123291015625,0.5250276923179626,0.25484904646873474
123,2024,Cholera,2,0.2203119844198227,0.5853891372680664,0.19429881870746613
123,2024,Lassa Fever,3,0.1392045021057129,0.4110947251319885,0.44970080256462097
123,2024,Measles,4,0.14686569571495056,0.4762970209121704,0.3768373131752014
123,2024,Mpox,5,0.19457270205020905,0.5658854842185974,0.23954187333583832
123,2024,Yellow Fever,6,0.28882455825805664,0.5788848996162415,0.1322905421257019
123,2024,AFP,0,0.04514097049832344,0.5536798238754272,0.4011792540550232
123,2024,CSM,1,0.05003794655203819,0.5364503264427185,0.4135116934776306
123,2024,Cholera,2,0.05661451444029808,0.6794036626815796,0.26398178935050964
123,2024,Lassa Fever,3,0.03354723006486893,0.46094927191734314,0.5055035352706909
123,2024,Measles,4,0.03472111374139786,0.5210595726966858,0.4442192614078522
123,2024,Mpox,5,0.04389624297618866,0.5772406458854675,0.3788630962371826
123,2024,Yellow Fever,6,0.07843465358018875,0.6170858144760132,0.3044794797897339
123,2024,AFP,0,0.15997043251991272,0.48938652873039246,0.3506430387496948
123,2024,CSM,1,0.13352294266223907,0.4400710463523865,0.42640596628189087
123,2024,Cholera,2,0.26049742102622986,0.5799277424812317,0.15957488119602203
123,2024,Lassa Fever,3,0.06968369334936142,0.30091041326522827,0.6294058561325073
123,2024,Measles,4,0.08862336724996567,0.3577422499656677,0.5536344051361084
123,2024,Mpox,5,0.164225772023201,0.4989328682422638,0.3368414044380188
123,2024,Yellow Fever,6,0.2737111449241638,0.5661478638648987,0.1601409763097763
123,2024,AFP,0,0.23553813993930817,0.31090453267097473,0.4535573124885559
123,2024,CSM,1,0.2423122525215149,0.3105710446834564,0.4471167027950287
123,2024,Cholera,2,0.3529832065105438,0.33614790439605713,0.31086888909339905
123,2024,Lassa Fever,3,0.15066318213939667,0.29729580879211426,0.5520409345626831
123,2024,Measles,4,0.16855835914611816,0.29934877157211304,0.5320928692817688
123,2024,Mpox,5,0.24388547241687775,0.3169466555118561,0.43916791677474976
123,2024,Yellow Fever,6,0.37789350748062134,0.32697808742523193,0.29512840509414673
123,2024,AFP,0,0.2049517035484314,0.3126870393753052,0.48236116766929626
123,2024,CSM,1,0.21079203486442566,0.31294357776641846,0.47626441717147827
123,2024,Cholera,2,0.3400510549545288,0.3404604196548462,0.3194884657859802
123,2024,Lassa Fever,3,0.13203559815883636,0.292349249124527,0.5756151676177979
123,2024,Measles,4,0.1438857465982437,0.29527178406715393,0.5608425140380859
123,2024,Mpox,5,0.21429768204689026,0.3135303556919098,0.47217196226119995
123,2024,Yellow Fever,6,0.3645835518836975,0.3316594362258911,0.30375704169273376
123,2024,AFP,0,0.20801125466823578,0.3179141879081726,0.4740745425224304
123,2024,CSM,1,0.21273262798786163,0.316089004278183,0.4711783528327942
123,2024,Cholera,2,0.3470676839351654,0.3453916013240814,0.3075407147407532
123,2024,Lassa Fever,3,0.13092319667339325,0.28958138823509216,0.5794954299926758
123,2024,Measles,4,0.14478333294391632,0.2941312789916992,0.5610854029655457
123,2024,Mpox,5,0.21757394075393677,0.3198346495628357,0.4625914394855499
123,2024,Yellow Fever,6,0.36966970562934875,0.33619070053100586,0.2941396236419678
123,2024,AFP,0,0.22153429687023163,0.3235316574573517,0.45493409037590027
123,2024,CSM,1,0.22641922533512115,0.32157057523727417,0.45201021432876587
123,2024,Cholera,2,0.3650752305984497,0.33608922362327576,0.29883551597595215
123,2024,Lassa Fever,3,0.14163678884506226,0.29535388946533203,0.5630093812942505
123,2024,Measles,4,0.15541167557239532,0.2987319827079773,0.5458562970161438
123,2024,Mpox,5,0.2313741147518158,0.3239140808582306,0.444711834192276
123,2024,Yellow Fever,6,0.39072340726852417,0.3279435932636261,0.28133293986320496
123,2024,AFP,0,0.2023768573999405,0.3200218379497528,0.4776012897491455
123,2024,CSM,1,0.2061528116464615,0.318899005651474,0.47494813799858093
123,2024,Cholera,2,0.33879873156547546,0.33153608441352844,0.3296651244163513
123,2024,Lassa Fever,3,0.13345257937908173,0.290506511926651,0.5760409235954285
123,2024,Measles,4,0.1455908715724945,0.2937879264354706,0.5606212019920349
123,2024,Mpox,5,0.21081799268722534,0.32142820954322815,0.4677537977695465
123,2024,Yellow Fever,6,0.36429283022880554,0.32765331864356995,0.3080538511276245
123,2024,AFP,0,0.17714262008666992,0.3092918395996094,0.5135655999183655
123,2024,CSM,1,0.18011035025119781,0.30832499265670776,0.5115646123886108
123,2024,Cholera,2,0.2952995002269745,0.33640316128730774,0.36829739809036255
123,2024,Lassa Fever,3,0.12502320110797882,0.2853509187698364,0.5896258354187012
123,2024,Measles,4,0.12892647087574005,0.28471243381500244,0.5863610506057739
123,2024,Mpox,5,0.18441267311573029,0.3111523985862732,0.5044348835945129
123,2024,Yellow Fever,6,0.3214057683944702,0.3430422842502594,0.335551917552948
123,2024,AFP,0,0.16737213730812073,0.3052895665168762,0.5273383259773254
123,2024,CSM,1,0.16981492936611176,0.3055403530597687,0.524644672870636
123,2024,Cholera,2,0.2752556800842285,0.33725976943969727,0.3874845504760742
123,2024,Lassa Fever,3,0.12470706552267075,0.2868568003177643,0.5884361267089844
123,2024,Measles,4,0.12769079208374023,0.2856818735599518,0.5866272449493408
123,2024,Mpox,5,0.17373701930046082,0.3072137236595154,0.5190492272377014
123,2024,Yellow Fever,6,0.30137449502944946,0.3475136458873749,0.35111182928085327
123,2024,AFP,0,0.17377126216888428,0.3100687861442566,0.5161599516868591
123,2024,CSM,1,0.17473694682121277,0.31133541464805603,0.5139275789260864
123,2024,Cholera,2,0.2915894091129303,0.3390410244464874,0.36936959624290466
123,2024,Lassa Fever,3,0.12319064885377884,0.28263023495674133,0.5941791534423828
123,2024,Measles,4,0.13233508169651031,0.2912163734436035,0.5764486193656921
123,2024,Mpox,5,0.17976650595664978,0.3117508590221405,0.5084826946258545
123,2024,Yellow Fever,6,0.3301198184490204,0.3485015332698822,0.3213787078857422
123,2024,AFP,0,0.1922796070575714,0.31973788142204285,0.4879825711250305
123,2024,CSM,1,0.19303162395954132,0.32050007581710815,0.4864683151245117
123,2024,Cholera,2,0.31597790122032166,0.3401172459125519,0.34390485286712646
123,2024,Lassa Fever,3,0.12438331544399261,0.2808309495449066,0.594785749912262
123,2024,Measles,4,0.13416244089603424,0.2890893816947937,0.5767481923103333
123,2024,Mpox,5,0.19869278371334076,0.3211158514022827,0.48019132018089294
123,2024,Yellow Fever,6,0.3548908233642578,0.34981828927993774,0.29529088735580444
123,2024,AFP,0,0.1769435554742813,0.3091433346271515,0.5139132142066956
123,2024,CSM,1,0.1793784350156784,0.30968448519706726,0.5109370350837708
123,2024,Cholera,2,0.29921838641166687,0.3566553592681885,0.3441263437271118
123,2024,Lassa Fever,3,0.11799092590808868,0.26884591579437256,0.6131631731987
123,2024,Measles,4,0.12623809278011322,0.2759894132614136,0.5977725386619568
123,2024,Mpox,5,0.18425539135932922,0.3107723593711853,0.5049721598625183
123,2024,Yellow Fever,6,0.32856622338294983,0.3654293715953827,0.30600446462631226
123,2024,AFP,0,0.14737308025360107,0.29799985885620117,0.5546270608901978
123,2024,CSM,1,0.15043945610523224,0.2973146438598633,0.5522458553314209
123,2024,Cholera,2,0.25889888405799866,0.37192797660827637,0.369173139333725
123,2024,Lassa Fever,3,0.09796834737062454,0.24509158730506897,0.6569400429725647
123,2024,Measles,4,0.10549996048212051,0.25382182002067566,0.6406782269477844
123,2024,Mpox,5,0.15476462244987488,0.3024902641773224,0.542745053768158
123,2024,Yellow Fever,6,0.2822555601596832,0.3729889392852783,0.3447554409503937
123,2024,AFP,0,0.06813878566026688,0.32680052518844604,0.6050606369972229
123,2024,CSM,1,0.06758890300989151,0.31039002537727356,0.6220210194587708
123,2024,Cholera,2,0.14101791381835938,0.4664779305458069,0.39250412583351135
123,2024,Lassa Fever,3,0.03884367644786835,0.21856355667114258,0.7425927519798279
123,2024,Measles,4,0.04407651349902153,0.2510794401168823,0.7048439979553223
123,2024,Mpox,5,0.06708768010139465,0.34358587861061096,0.5893264412879944
123,2024,Yellow Fever,6,0.17913936078548431,0.44900721311569214,0.37185338139533997
123,2024,AFP,0,0.03283592686057091,0.47783491015434265,0.48932915925979614
123,2024,CSM,1,0.03546683490276337,0.46118253469467163,0.5033506155014038
123,2024,Cholera,2,0.058580316603183746,0.6948537230491638,0.24656587839126587
123,2024,Lassa Fever,3,0.024421272799372673,0.34568271040916443,0.6298959851264954
123,2024,Measles,4,0.025129279121756554,0.4113038182258606,0.5635668635368347
123,2024,Mpox,5,0.03249349072575569,0.5106128454208374,0.4568937122821808
123,2024,Yellow Fever,6,0.08432377129793167,0.6557179093360901,0.25995832681655884
123,2024,AFP,0,0.02563474327325821,0.5262640118598938,0.448101282119751
123,2024,CSM,1,0.02801351621747017,0.5045984387397766,0.4673880636692047
123,2024,Cholera,2,0.04143570736050606,0.7306154370307922,0.22794881463050842
123,2024,Lassa Fever,3,0.02053089626133442,0.38282522559165955,0.59664386510849
123,2024,Measles,4,0.0206119567155838,0.45341935753822327,0.5259686708450317
123,2024,Mpox,5,0.024640098214149475,0.5537667870521545,0.4215931296348572
123,2024,Yellow Fever,6,0.0624559111893177,0.6925805807113647,0.24496358633041382
123,2024,AFP,0,0.030662504956126213,0.4535647928714752,0.5157727003097534
123,2024,CSM,1,0.0330398827791214,0.4400556981563568,0.5269044637680054
123,2024,Cholera,2,0.048025958240032196,0.647457480430603,0.30451664328575134
123,2024,Lassa Fever,3,0.024513989686965942,0.33209291100502014,0.6433931589126587
123,2024,Measles,4,0.026014702394604683,0.39073583483695984,0.5832494497299194
123,2024,Mpox,5,0.029252061620354652,0.4770984351634979,0.49364951252937317
123,2024,Yellow Fever,6,0.07037398219108582,0.6352988481521606,0.29432713985443115
123,2024,AFP,0,0.027778005227446556,0.4520155191421509,0.5202064514160156
123,2024,CSM,1,0.029934212565422058,0.43858855962753296,0.5314772725105286
123,2024,Cholera,2,0.046170443296432495,0.6548044681549072,0.29902511835098267
123,2024,Lassa Fever,3,0.020275015383958817,0.324788898229599,0.6549360156059265
123,2024,Measles,4,0.022099431604146957,0.38971826434135437,0.5881823301315308
123,2024,Mpox,5,0.02632819302380085,0.4770124554634094,0.4966593384742737
123,2024,Yellow Fever,6,0.06494414061307907,0.6271529793739319,0.30790290236473083
123,2024,AFP,0,0.04363861307501793,0.4664517045021057,0.48990967869758606
123,2024,CSM,1,0.048139967024326324,0.452335000038147,0.4995250403881073
123,2024,Cholera,2,0.07939760386943817,0.6781121492385864,0.24249020218849182
123,2024,Lassa Fever,3,0.03039613924920559,0.33436065912246704,0.6352432370185852
123,2024,Measles,4,0.031864430755376816,0.39951643347740173,0.5686191320419312
123,2024,Mpox,5,0.04499834403395653,0.5039480328559875,0.4510536193847656
123,2024,Yellow Fever,6,0.11166413873434067,0.6289966702461243,0.2593391239643097
123,2024,AFP,0,0.03175460547208786,0.46709612011909485,0.5011492371559143
123,2024,CSM,1,0.034757450222969055,0.45230209827423096,0.5129404067993164
123,2024,Cholera,2,0.05891073867678642,0.689694344997406,0.25139492750167847
123,2024,Lassa Fever,3,0.023158561438322067,0.3286098837852478,0.648231565952301
123,2024,Measles,4,0.02424457296729088,0.39487388730049133,0.5808814764022827
123,2024,Mpox,5,0.03250320255756378,0.5041292905807495,0.46336743235588074
123,2024,Yellow Fever,6,0.08462538570165634,0.6500176191329956,0.26535698771476746
123,2024,AFP,0,0.03769005089998245,0.4648285508155823,0.49748140573501587
123,2024,CSM,1,0.041595134884119034,0.45094847679138184,0.5074564218521118
123,2024,Cholera,2,0.07002121955156326,0.6829605102539062,0.2470182329416275
123,2024,Lassa Fever,3,0.026821181178092957,0.3303336799144745,0.6428451538085938
123,2024,Measles,4,0.028126295655965805,0.3953374922275543,0.576536238193512
123,2024,Mpox,5,0.03890008479356766,0.5026549696922302,0.4584449529647827
123,2024,Yellow Fever,6,0.09937863796949387,0.6385748386383057,0.26204657554626465
123,2024,AFP,0,0.04186926782131195,0.47332289814949036,0.48480790853500366
123,2024,CSM,1,0.045136552304029465,0.45509466528892517,0.49976885318756104
123,2024,Cholera,2,0.06818980723619461,0.664575457572937,0.2672347128391266
123,2024,Lassa Fever,3,0.029663702473044395,0.31148993968963623,0.6588463187217712
123,2024,Measles,4,0.031898628920316696,0.3670353889465332,0.601065993309021
123,2024,Mpox,5,0.041010960936546326,0.4979400038719177,0.46104902029037476
123,2024,Yellow Fever,6,0.09519866853952408,0.6599342823028564,0.2448669970035553
123,2024,AFP,0,0.09825880825519562,0.3964632749557495,0.5052778720855713
123,2024,CSM,1,0.10463999211788177,0.37261107563972473,0.5227489471435547
123,2024,Cholera,2,0.17563936114311218,0.5339769124984741,0.2903836965560913
123,2024,Lassa Fever,3,0.05916251614689827,0.24328245222568512,0.6975550651550293
123,2024,Measles,4,0.06957722455263138,0.2797798216342926,0.6506429314613342
123,2024,Mpox,5,0.09674368798732758,0.4094426929950714,0.4938136339187622
123,2024,Yellow Fever,6,0.22648797929286957,0.5574665069580078,0.216045543551445
123,2024,AFP,0,0.07852435111999512,0.4299223721027374,0.49155324697494507
123,2024,CSM,1,0.08573179692029953,0.4085906445980072,0.5056775212287903
123,2024,Cholera,2,0.15155017375946045,0.5882962942123413,0.26015347242355347
123,2024,Lassa Fever,3,0.03896206617355347,0.25913557410240173,0.7019023895263672
123,2024,Measles,4,0.0471184216439724,0.30233386158943176,0.6505477428436279
123,2024,Mpox,5,0.08192583173513412,0.446980357170105,0.4710937440395355
123,2024,Yellow Fever,6,0.1967635452747345,0.6076357960700989,0.19560061395168304
123,2024,AFP,0,0.13281819224357605,0.48623618483543396,0.3809456527233124
123,2024,CSM,1,0.14511634409427643,0.4563019275665283,0.39858171343803406
123,2024,Cholera,2,0.2107599824666977,0.611579179763794,0.17766079306602478
123,2024,Lassa Fever,3,0.05982533097267151,0.27797064185142517,0.6622040271759033
123,2024,Measles,4,0.07127624750137329,0.3353390693664551,0.5933847427368164
123,2024,Mpox,5,0.1332080364227295,0.5060175657272339,0.3607744872570038
123,2024,Yellow Fever,6,0.2961437404155731,0.5832616090774536,0.12059464305639267
123,2024,AFP,0,0.13736477494239807,0.44639354944229126,0.41624170541763306
123,2024,CSM,1,0.14533157646656036,0.42149925231933594,0.4331691265106201
123,2024,Cholera,2,0.2297285497188568,0.5611266493797302,0.20914477109909058
123,2024,Lassa Fever,3,0.06079502031207085,0.24898961186408997,0.6902153491973877
123,2024,Measles,4,0.07402156293392181,0.3011654317378998,0.6248130202293396
123,2024,Mpox,5,0.13871192932128906,0.46195727586746216,0.39933085441589355
123,2024,Yellow Fever,6,0.30671757459640503,0.5459483861923218,0.1473340392112732
123,2024,AFP,0,0.11837689578533173,0.45542237162590027,0.42620065808296204
123,2024,CSM,1,0.10750115662813187,0.4313699007034302,0.46112895011901855
123,2024,Cholera,2,0.17667822539806366,0.5493499636650085,0.2739717662334442
123,2024,Lassa Fever,3,0.05390719696879387,0.26236221194267273,0.6837305426597595
123,2024,Measles,4,0.06672929972410202,0.31679731607437134,0.616473376750946
123,2024,Mpox,5,0.11810312420129776,0.467974990606308,0.41392189264297485
123,2024,Yellow Fever,6,0.20208346843719482,0.5865291357040405,0.21138742566108704
123,2024,AFP,0,0.13137729465961456,0.5964661836624146,0.2721565067768097
123,2024,CSM,1,0.11782664805650711,0.5583950281143188,0.32377833127975464
123,2024,Cholera,2,0.16929633915424347,0.6628682017326355,0.16783539950847626
123,2024,Lassa Fever,3,0.07315175235271454,0.37057727575302124,0.556270956993103
123,2024,Measles,4,0.08670303970575333,0.43914178013801575,0.47415515780448914
123,2024,Mpox,5,0.1310865730047226,0.6084825396537781,0.26043084263801575
123,2024,Yellow Fever,6,0.18868525326251984,0.6699209213256836,0.14139379560947418
123,2024,AFP,0,0.1318790465593338,0.60889732837677,0.2592235803604126
123,2024,CSM,1,0.12237446010112762,0.5743056535720825,0.30331987142562866
123,2024,Cholera,2,0.15648019313812256,0.6745412945747375,0.16897842288017273
123,2024,Lassa Fever,3,0.07555314898490906,0.3855937719345093,0.5388530492782593
123,2024,Measles,4,0.0922553539276123,0.46649089455604553,0.44125378131866455
123,2024,Mpox,5,0.13055351376533508,0.622056245803833,0.2473902404308319
123,2024,Yellow Fever,6,0.17637065052986145,0.6773248910903931,0.1463044434785843
123,2024,AFP,0,0.0852469801902771,0.5203484892845154,0.3944045603275299
123,2024,CSM,1,0.08248773217201233,0.46661776304244995,0.45089447498321533
123,2024,Cholera,2,0.13104334473609924,0.6162230968475342,0.25273361802101135
123,2024,Lassa Fever,3,0.04445793107151985,0.33690106868743896,0.6186410188674927
123,2024,Measles,4,0.0510699562728405,0.38321760296821594,0.5657124519348145
123,2024,Mpox,5,0.08439760655164719,0.5265299081802368,0.3890725076198578
123,2024,Yellow Fever,6,0.16737088561058044,0.6520348191261292,0.1805942952632904
123,2024,AFP,0,0.1263035088777542,0.5408444404602051,0.3328520655632019
123,2024,CSM,1,0.11629384011030197,0.49398043751716614,0.3897257447242737
123,2024,Cholera,2,0.1708364188671112,0.6396675109863281,0.18949609994888306
123,2024,Lassa Fever,3,0.06879469007253647,0.3597451150417328,0.5714601874351501
123,2024,Measles,4,0.0839632973074913,0.4125106632709503,0.5035260319709778
123,2024,Mpox,5,0.12548215687274933,0.546106219291687,0.32841163873672485
123,2024,Yellow Fever,6,0.1829846352338791,0.6654608249664307,0.15155456960201263
123,2024,AFP,0,0.11701866239309311,0.5570852160453796,0.32589611411094666
123,2024,CSM,1,0.10833043605089188,0.5093790292739868,0.3822905421257019
123,2024,Cholera,2,0.20045249164104462,0.63137286901474,0.1681746244430542
123,2024,Lassa Fever,3,0.06377105414867401,0.3288387954235077,0.6073901057243347
123,2024,Measles,4,0.0772106721997261,0.39405590295791626,0.5287334322929382
123,2024,Mpox,5,0.1176934540271759,0.564621090888977,0.3176855444908142
123,2024,Yellow Fever,6,0.22222116589546204,0.6446722149848938,0.133106529712677
123,2025,AFP,0,0.03937166556715965,0.6136205196380615,0.3470078408718109
123,2025,CSM,1,0.12400133907794952,0.4489905536174774,0.4270080626010895
123,2025,Cholera,2,0.01857520267367363,0.7640523314476013,0.21737241744995117
123,2025,Lassa Fever,3,0.1928974837064743,0.22457733750343323,0.5825251936912537
123,2025,Measles,4,0.22376282513141632,0.2988424003124237,0.4773947596549988
123,2025,Mpox,5,0.02315407432615757,0.7780312895774841,0.19881458580493927
123,2025,Yellow Fever,6,0.03398777171969414,0.6849381923675537,0.28107404708862305
123,2025,AFP,0,0.021842684596776962,0.6554489731788635,0.322708398103714
123,2025,CSM,1,0.07515271008014679,0.5753703117370605,0.34947702288627625
123,2025,Cholera,2,0.012010082602500916,0.7797101736068726,0.20827974379062653
123,2025,Lassa Fever,3,0.1116611585021019,0.41279542446136475,0.47554337978363037
123,2025,Measles,4,0.15587861835956573,0.4539135694503784,0.39020776748657227
123,2025,Mpox,5,0.01578696258366108,0.7830097079277039,0.2012033462524414
123,2025,Yellow Fever,6,0.021811842918395996,0.6888808608055115,0.28930726647377014
123,2025,AFP,0,0.019276157021522522,0.6392948031425476,0.3414289951324463
123,2025,CSM,1,0.06818472594022751,0.5622467398643494,0.3695685863494873
123,2025,Cholera,2,0.010682501830160618,0.7657737731933594,0.22354374825954437
123,2025,Lassa Fever,3,0.09767508506774902,0.43650975823402405,0.4658150374889374
123,2025,Measles,4,0.14206551015377045,0.4783676862716675,0.37956687808036804
123,2025,Mpox,5,0.01406059693545103,0.7701435089111328,0.21579588949680328
123,2025,Yellow Fever,6,0.019345054402947426,0.6726799607276917,0.30797508358955383
123,2025,AFP,0,0.03453442081809044,0.6037271022796631,0.36173853278160095
123,2025,CSM,1,0.11290886253118515,0.4494595229625702,0.43763160705566406
123,2025,Cholera,2,0.015289098024368286,0.761885404586792,0.22282549738883972
123,2025,Lassa Fever,3,0.17530886828899384,0.23453670740127563,0.5901544094085693
123,2025,Measles,4,0.20225316286087036,0.3012535572052002,0.49649325013160706
123,2025,Mpox,5,0.018207993358373642,0.7819898724555969,0.19980211555957794
123,2025,Yellow Fever,6,0.029436755925416946,0.6693951487541199,0.30116817355155945
123,2025,AFP,0,0.019328905269503593,0.6515282392501831,0.32914283871650696
123,2025,CSM,1,0.06701043248176575,0.5061402916908264,0.42684921622276306
123,2025,Cholera,2,0.009813678450882435,0.7906408905982971,0.1995454877614975
123,2025,Lassa Fever,3,0.09578317403793335,0.3225231170654297,0.5816936492919922
123,2025,Measles,4,0.12054768949747086,0.3869262933731079,0.492526113986969
123,2025,Mpox,5,0.01411205343902111,0.7537655830383301,0.23212237656116486
123,2025,Yellow Fever,6,0.01919395476579666,0.6837332844734192,0.29707279801368713
123,2025,AFP,0,0.019455868750810623,0.7768927812576294,0.20365138351917267
123,2025,CSM,1,0.05113724619150162,0.6181718111038208,0.3306909501552582
123,2025,Cholera,2,0.006656779441982508,0.9075700044631958,0.08577319979667664
123,2025,Lassa Fever,3,0.08491507172584534,0.454865425825119,0.46021953225135803
123,2025,Measles,4,0.1021566316485405,0.45414456725120544,0.44369885325431824
123,2025,Mpox,5,0.01084907166659832,0.870675265789032,0.11847571283578873
123,2025,Yellow Fever,6,0.018099669367074966,0.7880069017410278,0.19389338791370392
123,2025,AFP,0,0.02520393766462803,0.613326907157898,0.3614690899848938
123,2025,CSM,1,0.059863653033971786,0.48907142877578735,0.4510648846626282
123,2025,Cholera,2,0.008860146626830101,0.8317410349845886,0.1593988537788391
123,2025,Lassa Fever,3,0.0774124413728714,0.5042998194694519,0.4182876646518707
123,2025,Measles,4,0.10770688951015472,0.42606979608535767,0.4662233293056488
123,2025,Mpox,5,0.013070091605186462,0.7795960903167725,0.20733383297920227
123,2025,Yellow Fever,6,0.024384139105677605,0.5947032570838928,0.3809126615524292
123,2025,AFP,0,0.04476964846253395,0.5889500975608826,0.3662802278995514
123,2025,CSM,1,0.12193502485752106,0.44967949390411377,0.42838549613952637
123,2025,Cholera,2,0.019547821953892708,0.7785815596580505,0.2018706053495407
123,2025,Lassa Fever,3,0.15661105513572693,0.3892034888267517,0.45418548583984375
123,2025,Measles,4,0.19402047991752625,0.390231728553772,0.41574788093566895
123,2025,Mpox,5,0.03231221064925194,0.724066436290741,0.24362142384052277
123,2025,Yellow Fever,6,0.046688344329595566,0.5972373485565186,0.35607436299324036
123,2025,AFP,0,0.05514102056622505,0.6415818929672241,0.3032771050930023
123,2025,CSM,1,0.12474773824214935,0.5213087797164917,0.35394346714019775
123,2025,Cholera,2,0.0273355133831501,0.8036662936210632,0.1689981073141098
123,2025,Lassa Fever,3,0.15342485904693604,0.45530468225479126,0.39127039909362793
123,2025,Measles,4,0.20397606492042542,0.40495428442955017,0.391069620847702
123,2025,Mpox,5,0.04460429027676582,0.7496995329856873,0.2056961953639984
123,2025,Yellow Fever,6,0.053749654442071915,0.6569972634315491,0.2892530560493469
123,2025,AFP,0,0.058352768421173096,0.602221667766571,0.33942562341690063
123,2025,CSM,1,0.12781922519207,0.4645559787750244,0.40762487053871155
123,2025,Cholera,2,0.02352285571396351,0.8123503923416138,0.16412675380706787
123,2025,Lassa Fever,3,0.15305499732494354,0.4372946619987488,0.40965035557746887
123,2025,Measles,4,0.18603602051734924,0.3925802409648895,0.42138367891311646
123,2025,Mpox,5,0.03991800174117088,0.755736231803894,0.20434577763080597
123,2025,Yellow Fever,6,0.059967901557683945,0.6132127642631531,0.3268193006515503
123,2025,AFP,0,0.06362161785364151,0.6318701505661011,0.3045082688331604
123,2025,CSM,1,0.1417907178401947,0.4716452956199646,0.3865640163421631
123,2025,Cholera,2,0.03310975432395935,0.7377731204032898,0.22911711037158966
123,2025,Lassa Fever,3,0.20889832079410553,0.37358853220939636,0.4175131022930145
123,2025,Measles,4,0.23081082105636597,0.3551107347011566,0.4140784740447998
123,2025,Mpox,5,0.0579429492354393,0.6309924721717834,0.31106463074684143
123,2025,Yellow Fever,6,0.06920404732227325,0.5929315090179443,0.3378644287586212
123,2025,AFP,0,0.06862952560186386,0.627143144607544,0.3042272925376892
123,2025,CSM,1,0.15885786712169647,0.4473172426223755,0.39382484555244446
123,2025,Cholera,2,0.037891559302806854,0.7244404554367065,0.2376679629087448
123,2025,Lassa Fever,3,0.23033097386360168,0.35051506757736206,0.41915395855903625
123,2025,Measles,4,0.24978019297122955,0.3320508897304535,0.41816896200180054
123,2025,Mpox,5,0.0637483224272728,0.6233729720115662,0.31287866830825806
123,2025,Yellow Fever,6,0.07333199679851532,0.596763014793396,0.3299049735069275
123,2025,AFP,0,0.10829562693834305,0.50334632396698,0.38835808634757996
123,2025,CSM,1,0.1974641978740692,0.38842055201530457,0.41411522030830383
123,2025,Cholera,2,0.06127912178635597,0.6631659269332886,0.27555498480796814
123,2025,Lassa Fever,3,0.21084144711494446,0.37129053473472595,0.417868047952652
123,2025,Measles,4,0.24170514941215515,0.36102357506752014,0.3972712755203247
123,2025,Mpox,5,0.10105550289154053,0.5736365914344788,0.3253078758716583
123,2025,Yellow Fever,6,0.11139199137687683,0.5045950412750244,0.38401296734809875
123,2025,AFP,0,0.041518278419971466,0.659142017364502,0.2993396520614624
123,2025,CSM,1,0.13421335816383362,0.38380253314971924,0.48198413848876953
123,2025,Cholera,2,0.01374348346143961,0.8486201763153076,0.13763637840747833
123,2025,Lassa Fever,3,0.13830162584781647,0.39310961961746216,0.4685887396335602
123,2025,Measles,4,0.1985614001750946,0.29139435291290283,0.5100441575050354
123,2025,Mpox,5,0.02771018072962761,0.7810142040252686,0.19127561151981354
123,2025,Yellow Fever,6,0.04779417812824249,0.6070160865783691,0.3451896905899048
123,2025,AFP,0,0.038560930639505386,0.7735310196876526,0.18790799379348755
123,2025,CSM,1,0.1199367418885231,0.588339626789093,0.2917236387729645
123,2025,Cholera,2,0.013347607105970383,0.9078125953674316,0.07883976399898529
123,2025,Lassa Fever,3,0.15614353120326996,0.5228442549705505,0.3210121989250183
123,2025,Measles,4,0.1959977000951767,0.46883490681648254,0.33516737818717957
123,2025,Mpox,5,0.02519308775663376,0.8618494868278503,0.11295740306377411
123,2025,Yellow Fever,6,0.0428704097867012,0.7561818361282349,0.20094774663448334
123,2025,AFP,0,0.01673114486038685,0.8912217617034912,0.0920470729470253
123,2025,CSM,1,0.07382425665855408,0.7242909669876099,0.20188486576080322
123,2025,Cholera,2,0.0050222184509038925,0.9603807330131531,0.03459708020091057
123,2025,Lassa Fever,3,0.10734856873750687,0.6216685771942139,0.2709828317165375
123,2025,Measles,4,0.16277684271335602,0.5477633476257324,0.28945979475975037
123,2025,Mpox,5,0.009226004593074322,0.9375633597373962,0.05321073159575462
123,2025,Yellow Fever,6,0.01792491041123867,0.8803626894950867,0.1017124205827713
123,2025,AFP,0,0.043015699833631516,0.7463564276695251,0.21062788367271423
123,2025,CSM,1,0.16110467910766602,0.5216155648231506,0.31727978587150574
123,2025,Cholera,2,0.013289736583828926,0.8996455073356628,0.08706473559141159
123,2025,Lassa Fever,3,0.1802089363336563,0.5012056827545166,0.3185853958129883
123,2025,Measles,4,0.2494109719991684,0.43965965509414673,0.31092938780784607
123,2025,Mpox,5,0.02539650909602642,0.8505873084068298,0.1240161582827568
123,2025,Yellow Fever,6,0.0480332113802433,0.7319475412368774,0.2200191766023636
123,2025,AFP,0,0.08491125702857971,0.589984655380249,0.32510408759117126
123,2025,CSM,1,0.1957148313522339,0.4088008403778076,0.3954842686653137
123,2025,Cholera,2,0.043333396315574646,0.7174026370048523,0.23926393687725067
123,2025,Lassa Fever,3,0.2703436613082886,0.31363657116889954,0.4160197377204895
123,2025,Measles,4,0.28669753670692444,0.29753369092941284,0.4157687723636627
123,2025,Mpox,5,0.07325458526611328,0.6242865920066833,0.3024587333202362
123,2025,Yellow Fever,6,0.08411949872970581,0.5710871815681458,0.3447933793067932
123,2025,AFP,0,0.13625244796276093,0.6101566553115845,0.25359082221984863
123,2025,CSM,1,0.24505245685577393,0.4724976420402527,0.2824499011039734
123,2025,Cholera,2,0.06161921098828316,0.8037112355232239,0.13466955721378326
123,2025,Lassa Fever,3,0.29556387662887573,0.4062582850456238,0.2981778681278229
123,2025,Measles,4,0.2841555178165436,0.42882606387138367,0.28701844811439514
123,2025,Mpox,5,0.0935669094324112,0.740527331829071,0.16590577363967896
123,2025,Yellow Fever,6,0.12418659776449203,0.6273202300071716,0.24849317967891693
123,2025,AFP,0,0.14197885990142822,0.6311289072036743,0.22689230740070343
123,2025,CSM,1,0.26136285066604614,0.48571309447288513,0.2529240548610687
123,2025,Cholera,2,0.06875348091125488,0.8090944290161133,0.12215208262205124
123,2025,Lassa Fever,3,0.2940998673439026,0.41661661863327026,0.28928351402282715
123,2025,Measles,4,0.27739158272743225,0.4653732478618622,0.25723516941070557
123,2025,Mpox,5,0.10166631639003754,0.7432137131690979,0.1551198810338974
123,2025,Yellow Fever,6,0.14652518928050995,0.6186481714248657,0.23482660949230194
123,2025,AFP,0,0.12501835823059082,0.6667611002922058,0.20822057127952576
123,2025,CSM,1,0.2607203423976898,0.4920249283313751,0.24725466966629028
123,2025,Cholera,2,0.047520898282527924,0.8573458790779114,0.0951332077383995
123,2025,Lassa Fever,3,0.2869589924812317,0.4662553071975708,0.2467857301235199
123,2025,Measles,4,0.30774807929992676,0.44725921750068665,0.24499265849590302
123,2025,Mpox,5,0.07952152192592621,0.7972959280014038,0.12318247556686401
123,2025,Yellow Fever,6,0.14219623804092407,0.6165249347686768,0.24127879738807678
123,2025,AFP,0,0.06675028055906296,0.8625302910804749,0.07071951776742935
123,2025,CSM,1,0.1464720517396927,0.7342633008956909,0.11926466226577759
123,2025,Cholera,2,0.021386440843343735,0.9539238810539246,0.024689635261893272
123,2025,Lassa Fever,3,0.2128371000289917,0.6039144992828369,0.18324844539165497
123,2025,Measles,4,0.18773333728313446,0.6558141708374023,0.15645253658294678
123,2025,Mpox,5,0.035858940333127975,0.9301345348358154,0.034006573259830475
123,2025,Yellow Fever,6,0.06315045058727264,0.8707596659660339,0.06608990579843521
123,2025,AFP,0,0.03931817039847374,0.9047785401344299,0.05590337514877319
123,2025,CSM,1,0.13481585681438446,0.7610276341438293,0.1041564866900444
123,2025,Cholera,2,0.012946522794663906,0.9669925570487976,0.020060952752828598
123,2025,Lassa Fever,3,0.18005533516407013,0.6671475768089294,0.15279710292816162
123,2025,Measles,4,0.16606050729751587,0.6996187567710876,0.13432078063488007
123,2025,Mpox,5,0.022752538323402405,0.9489409923553467,0.028306446969509125
123,2025,Yellow Fever,6,0.03954422473907471,0.9088757634162903,0.0515800304710865
123,2025,AFP,0,0.05266967788338661,0.8968035578727722,0.05052671208977699
123,2025,CSM,1,0.1346813589334488,0.7796905636787415,0.08562812954187393
123,2025,Cholera,2,0.02064780704677105,0.9593607187271118,0.019991451874375343
123,2025,Lassa Fever,3,0.12485834211111069,0.7725853323936462,0.10255635529756546
123,2025,Measles,4,0.18491171300411224,0.7145522832870483,0.10053607076406479
123,2025,Mpox,5,0.035896964371204376,0.9374024271965027,0.02670062705874443
123,2025,Yellow Fever,6,0.058103375136852264,0.892915666103363,0.048980962485075
123,2025,AFP,0,0.04369991645216942,0.8781333565711975,0.07816669344902039
123,2025,CSM,1,0.16016003489494324,0.654503345489502,0.185336634516716
123,2025,Cholera,2,0.010725739412009716,0.968583345413208,0.020690932869911194
123,2025,Lassa Fever,3,0.17244035005569458,0.5773144960403442,0.2502451241016388
123,2025,Measles,4,0.24239857494831085,0.49940210580825806,0.2581993043422699
123,2025,Mpox,5,0.020809344947338104,0.9458568096160889,0.03333382308483124
123,2025,Yellow Fever,6,0.04309258610010147,0.8832529187202454,0.07365447282791138
123,2025,AFP,0,0.018109655007719994,0.9272249937057495,0.054665375500917435
123,2025,CSM,1,0.06620573252439499,0.8268156051635742,0.10697869956493378
123,2025,Cholera,2,0.005540191661566496,0.9753705263137817,0.019089292734861374
123,2025,Lassa Fever,3,0.08857977390289307,0.7661507725715637,0.14526936411857605
123,2025,Measles,4,0.13036750257015228,0.7144832015037537,0.15514931082725525
123,2025,Mpox,5,0.010952329263091087,0.9597188830375671,0.029328778386116028
123,2025,Yellow Fever,6,0.020532531663775444,0.9203745126724243,0.05909287557005882
123,2025,AFP,0,0.03245433792471886,0.8382529020309448,0.12929269671440125
123,2025,CSM,1,0.15868031978607178,0.5826566815376282,0.2586629390716553
123,2025,Cholera,2,0.008995361626148224,0.9517160654067993,0.039288513362407684
123,2025,Lassa Fever,3,0.2237517386674881,0.4293932318687439,0.3468550443649292
123,2025,Measles,4,0.24599234759807587,0.4376818537712097,0.3163257837295532
123,2025,Mpox,5,0.014987688511610031,0.9314809441566467,0.053531426936388016
123,2025,Yellow Fever,6,0.032568007707595825,0.8391517996788025,0.1282801628112793
123,2025,AFP,0,0.1489897519350052,0.7706944346427917,0.08031585812568665
123,2025,CSM,1,0.19059528410434723,0.7157000303268433,0.09370457381010056
123,2025,Cholera,2,0.0889238491654396,0.8699101805686951,0.04116599261760712
123,2025,Lassa Fever,3,0.2712584137916565,0.5866530537605286,0.14208850264549255
123,2025,Measles,4,0.26181280612945557,0.6179175972938538,0.12026957422494888
123,2025,Mpox,5,0.09709306061267853,0.8604729771614075,0.04243398457765579
123,2025,Yellow Fever,6,0.13408634066581726,0.7883378267288208,0.07757586985826492
123,2025,AFP,0,0.15248654782772064,0.7876744866371155,0.05983889102935791
123,2025,CSM,1,0.22138755023479462,0.7099407911300659,0.06867164373397827
123,2025,Cholera,2,0.10109826177358627,0.8672151565551758,0.03168656304478645
123,2025,Lassa Fever,3,0.3281044065952301,0.565858006477356,0.10603757947683334
123,2025,Measles,4,0.2828025221824646,0.6326335668563843,0.08456391096115112
123,2025,Mpox,5,0.12172185629606247,0.8468027114868164,0.03147535026073456
123,2025,Yellow Fever,6,0.15228833258152008,0.7957124710083008,0.05199921876192093
123,2025,AFP,0,0.06881656497716904,0.8968366980552673,0.03434673696756363
123,2025,CSM,1,0.26225802302360535,0.6856258511543274,0.052116092294454575
123,2025,Cholera,2,0.033407509326934814,0.9520667791366577,0.01452567707747221
123,2025,Lassa Fever,3,0.25249814987182617,0.6980248689651489,0.04947700724005699
123,2025,Measles,4,0.3342154026031494,0.6124883890151978,0.05329624190926552
123,2025,Mpox,5,0.053614094853401184,0.9299933314323425,0.01639256440103054
123,2025,Yellow Fever,6,0.09478108584880829,0.8628634214401245,0.04235551878809929
123,2025,AFP,0,0.04512917250394821,0.8192147016525269,0.13565610349178314
123,2025,CSM,1,0.20487989485263824,0.6344375610351562,0.16068261861801147
123,2025,Cholera,2,0.023015525192022324,0.8988769054412842,0.07810754328966141
123,2025,Lassa Fever,3,0.17552821338176727,0.70244300365448,0.12202880531549454
123,2025,Measles,4,0.35871967673301697,0.5174657702445984,0.12381459772586823
123,2025,Mpox,5,0.034900080412626266,0.8924340605735779,0.07266582548618317
123,2025,Yellow Fever,6,0.05621405690908432,0.7612165808677673,0.18256935477256775
123,2025,AFP,0,0.07728400826454163,0.8694586157798767,0.05325746536254883
123,2025,CSM,1,0.24823589622974396,0.6731555461883545,0.07860852777957916
123,2025,Cholera,2,0.03972407430410385,0.9353337287902832,0.02494223602116108
123,2025,Lassa Fever,3,0.24015411734580994,0.681559681892395,0.07828620076179504
123,2025,Measles,4,0.343752384185791,0.5858282446861267,0.07041934132575989
123,2025,Mpox,5,0.05636250600218773,0.9192978143692017,0.024339664727449417
123,2025,Yellow Fever,6,0.0935007706284523,0.8531135320663452,0.0533856637775898
123,2025,AFP,0,0.09999704360961914,0.8476441502571106,0.052358776330947876
123,2025,CSM,1,0.23813389241695404,0.6825546026229858,0.07931140810251236
123,2025,Cholera,2,0.055449433624744415,0.9198895692825317,0.02466101385653019
123,2025,Lassa Fever,3,0.21427205204963684,0.6959767937660217,0.0897512137889862
123,2025,Measles,4,0.3213757276535034,0.5855753421783447,0.09304890036582947
123,2025,Mpox,5,0.07426523417234421,0.8995546698570251,0.026180123910307884
123,2025,Yellow Fever,6,0.12899553775787354,0.8140859007835388,0.05691862106323242
123,2025,AFP,0,0.02828746847808361,0.9022742509841919,0.06943818926811218
123,2025,CSM,1,0.12140625715255737,0.7820003032684326,0.09659338742494583
123,2025,Cholera,2,0.013805657625198364,0.9496143460273743,0.036580074578523636
123,2025,Lassa Fever,3,0.10451498627662659,0.8263282179832458,0.06915678828954697
123,2025,Measles,4,0.2483636885881424,0.6617717146873474,0.089864581823349
123,2025,Mpox,5,0.02058001048862934,0.943477988243103,0.035942040383815765
123,2025,Yellow Fever,6,0.03465621545910835,0.8688451051712036,0.0964987576007843
123,2025,AFP,0,0.04751240834593773,0.7858572602272034,0.16663026809692383
123,2025,CSM,1,0.1838456690311432,0.6276103258132935,0.18854404985904694
123,2025,Cholera,2,0.02463551051914692,0.8672570586204529,0.10810739547014236
123,2025,Lassa Fever,3,0.16700759530067444,0.696820080280304,0.1361723244190216
123,2025,Measles,4,0.31416064500808716,0.5279746651649475,0.15786471962928772
123,2025,Mpox,5,0.03688189759850502,0.8618932366371155,0.1012248545885086
123,2025,Yellow Fever,6,0.05396592244505882,0.7345050573348999,0.21152901649475098
123,2025,AFP,0,0.040093470364809036,0.8349469304084778,0.12495961785316467
123,2025,CSM,1,0.11219228059053421,0.6967743039131165,0.19103339314460754
123,2025,Cholera,2,0.025280259549617767,0.9044357538223267,0.07028406113386154
123,2025,Lassa Fever,3,0.09721361845731735,0.7431836128234863,0.15960267186164856
123,2025,Measles,4,0.15994715690612793,0.6412734985351562,0.19877932965755463
123,2025,Mpox,5,0.03377050533890724,0.8873347640037537,0.07889469712972641
123,2025,Yellow Fever,6,0.044540777802467346,0.8194992542266846,0.13596002757549286
123,2025,AFP,0,0.05897993594408035,0.8360410928726196,0.10497891157865524
123,2025,CSM,1,0.13096490502357483,0.7016850113868713,0.16735006868839264
123,2025,Cholera,2,0.034948620945215225,0.9165900945663452,0.04846125841140747
123,2025,Lassa Fever,3,0.12215214222669601,0.7225831747055054,0.15526466071605682
123,2025,Measles,4,0.17432129383087158,0.6298025846481323,0.1958761066198349
123,2025,Mpox,5,0.0500684529542923,0.8976293802261353,0.052302148193120956
123,2025,Yellow Fever,6,0.06528086215257645,0.8303263783454895,0.10439284890890121
123,2025,AFP,0,0.07952306419610977,0.8125297427177429,0.10794726759195328
123,2025,CSM,1,0.1546294391155243,0.6649544835090637,0.18041610717773438
123,2025,Cholera,2,0.04631805792450905,0.8955591917037964,0.058122821152210236
123,2025,Lassa Fever,3,0.16359037160873413,0.6332442164421082,0.20316541194915771
123,2025,Measles,4,0.21801576018333435,0.5715756416320801,0.21040859818458557
123,2025,Mpox,5,0.0647571012377739,0.872218906879425,0.06302393972873688
123,2025,Yellow Fever,6,0.07854792475700378,0.8168222308158875,0.10462989658117294
123,2025,AFP,0,0.09140874445438385,0.7412142753601074,0.1673770397901535
123,2025,CSM,1,0.16395695507526398,0.6288399696350098,0.20720314979553223
123,2025,Cholera,2,0.04363851994276047,0.878713071346283,0.07764836400747299
123,2025,Lassa Fever,3,0.22521209716796875,0.5086087584495544,0.2661792039871216
123,2025,Measles,4,0.25861215591430664,0.490695983171463,0.25069186091423035
123,2025,Mpox,5,0.05962027609348297,0.8462328314781189,0.09414681792259216
123,2025,Yellow Fever,6,0.07560423016548157,0.7763158082962036,0.148079976439476
123,2025,AFP,0,0.07017457485198975,0.754943311214447,0.17488206923007965
123,2025,CSM,1,0.1452585607767105,0.6361423134803772,0.21859906613826752
123,2025,Cholera,2,0.02854021266102791,0.899495542049408,0.0719643384218216
123,2025,Lassa Fever,3,0.20844583213329315,0.5155699253082275,0.2759843170642853
123,2025,Measles,4,0.21466639637947083,0.5327281355857849,0.25260546803474426
123,2025,Mpox,5,0.03988375514745712,0.871931791305542,0.08818453550338745
123,2025,Yellow Fever,6,0.057988476008176804,0.7905125617980957,0.1514989137649536
123,2025,AFP,0,0.049318987876176834,0.599693238735199,0.3509877920150757
123,2025,CSM,1,0.12455765157938004,0.45423969626426697,0.421202689409256
123,2025,Cholera,2,0.027144774794578552,0.7331113219261169,0.2397439181804657
123,2025,Lassa Fever,3,0.18573468923568726,0.261111855506897,0.553153395652771
123,2025,Measles,4,0.2229178547859192,0.29533833265304565,0.48174381256103516
123,2025,Mpox,5,0.035160694271326065,0.7378873229026794,0.2269519865512848
123,2025,Yellow Fever,6,0.04621735215187073,0.6473276615142822,0.30645495653152466
123,2025,AFP,0,0.046864911913871765,0.7136318683624268,0.23950320482254028
123,2025,CSM,1,0.13202810287475586,0.6232122778892517,0.24475963413715363
123,2025,Cholera,2,0.03047586977481842,0.7992770671844482,0.17024697363376617
123,2025,Lassa Fever,3,0.1543438732624054,0.5968532562255859,0.24880287051200867
123,2025,Measles,4,0.21244974434375763,0.5450116395950317,0.2425386756658554
123,2025,Mpox,5,0.04694698005914688,0.7766505479812622,0.17640243470668793
123,2025,Yellow Fever,6,0.05179690569639206,0.7104429006576538,0.23776015639305115
123,2025,AFP,0,0.05436703935265541,0.7023500800132751,0.24328282475471497
123,2025,CSM,1,0.14344602823257446,0.6000381112098694,0.25651589035987854
123,2025,Cholera,2,0.0365191288292408,0.7886238694190979,0.17485694587230682
123,2025,Lassa Fever,3,0.16838447749614716,0.5701472759246826,0.2614682614803314
123,2025,Measles,4,0.22472888231277466,0.5229814052581787,0.25228971242904663
123,2025,Mpox,5,0.05548510327935219,0.7579445838928223,0.18657025694847107
123,2025,Yellow Fever,6,0.058761708438396454,0.7094723582267761,0.231766015291214
123,2025,AFP,0,0.04018809273838997,0.6864075660705566,0.2734043598175049
123,2025,CSM,1,0.12486118078231812,0.5908218622207642,0.2843169569969177
123,2025,Cholera,2,0.025468910112977028,0.7749107480049133,0.1996202915906906
123,2025,Lassa Fever,3,0.16080158948898315,0.5140706300735474,0.3251277208328247
123,2025,Measles,4,0.20686672627925873,0.4902949333190918,0.3028382956981659
123,2025,Mpox,5,0.033772826194763184,0.7674392461776733,0.19878794252872467
123,2025,Yellow Fever,6,0.043529704213142395,0.6653613448143005,0.29110899567604065
123,2025,AFP,0,0.15810678899288177,0.5681789517402649,0.2737143039703369
123,2025,CSM,1,0.25330260396003723,0.47629135847091675,0.270406037569046
123,2025,Cholera,2,0.11284223198890686,0.6885156631469727,0.19864210486412048
123,2025,Lassa Fever,3,0.28709837794303894,0.4801676273345947,0.2327340543270111
123,2025,Measles,4,0.29367589950561523,0.474287748336792,0.2320363074541092
123,2025,Mpox,5,0.1421688348054886,0.6392128467559814,0.21861831843852997
123,2025,Yellow Fever,6,0.14790862798690796,0.5739374756813049,0.2781538665294647
123,2025,AFP,0,0.1526840478181839,0.6052982211112976,0.24201764166355133
123,2025,CSM,1,0.2651635408401489,0.4767363965511322,0.25810009241104126
123,2025,Cholera,2,0.10363344848155975,0.7381620407104492,0.15820449590682983
123,2025,Lassa Fever,3,0.29413580894470215,0.48865339159965515,0.21721084415912628
123,2025,Measles,4,0.2949962019920349,0.4772685766220093,0.22773517668247223
123,2025,Mpox,5,0.13496427237987518,0.6774436235427856,0.18759208917617798
123,2025,Yellow Fever,6,0.14213824272155762,0.612159788608551,0.24570195376873016
123,2025,AFP,0,0.14093314111232758,0.6193056702613831,0.23976118862628937
123,2025,CSM,1,0.24481114745140076,0.4863061010837555,0.26888275146484375
123,2025,Cholera,2,0.0950397476553917,0.7479409575462341,0.15701933205127716
123,2025,Lassa Fever,3,0.2825565040111542,0.4799901247024536,0.2374533861875534
123,2025,Measles,4,0.2866579592227936,0.47028806805610657,0.24305403232574463
123,2025,Mpox,5,0.12390968203544617,0.6894941926002502,0.1865960657596588
123,2025,Yellow Fever,6,0.13069169223308563,0.6291122436523438,0.24019604921340942
123,2025,AFP,0,0.17764484882354736,0.6538529992103577,0.1685020923614502
123,2025,CSM,1,0.2516666650772095,0.5576949119567871,0.190638467669487
123,2025,Cholera,2,0.11358846724033356,0.7758600115776062,0.11055144667625427
123,2025,Lassa Fever,3,0.2777957022190094,0.549225926399231,0.17297834157943726
123,2025,Measles,4,0.26191455125808716,0.5510252714157104,0.18706011772155762
123,2025,Mpox,5,0.14620772004127502,0.742878258228302,0.11091397702693939
123,2025,Yellow Fever,6,0.15459157526493073,0.6657845973968506,0.1796238124370575
123,2025,AFP,0,0.18039879202842712,0.6216962337493896,0.19790500402450562
123,2025,CSM,1,0.24850046634674072,0.5338558554649353,0.21764366328716278
123,2025,Cholera,2,0.12234625220298767,0.7468776702880859,0.13077612221240997
123,2025,Lassa Fever,3,0.2725926637649536,0.52813720703125,0.1992701292037964
123,2025,Measles,4,0.25749388337135315,0.5355502367019653,0.2069559097290039
123,2025,Mpox,5,0.15527507662773132,0.7084673643112183,0.13625752925872803
123,2025,Yellow Fever,6,0.16275286674499512,0.64150071144104,0.19574637711048126
123,2025,AFP,0,0.15170684456825256,0.6279149651527405,0.22037819027900696
123,2025,CSM,1,0.2777019739151001,0.4851783812046051,0.23711958527565002
123,2025,Cholera,2,0.10994648933410645,0.7264758944511414,0.16357754170894623
123,2025,Lassa Fever,3,0.29195064306259155,0.5000120401382446,0.2080373913049698
123,2025,Measles,4,0.2849707305431366,0.5055617690086365,0.20946748554706573
123,2025,Mpox,5,0.1377054750919342,0.6836116313934326,0.17868290841579437
123,2025,Yellow Fever,6,0.141841322183609,0.6374302506446838,0.22072839736938477
123,2025,AFP,0,0.10182953625917435,0.7705600261688232,0.12761034071445465
123,2025,CSM,1,0.18436555564403534,0.6333346962928772,0.18229976296424866
123,2025,Cholera,2,0.04966897517442703,0.8989237546920776,0.051407262682914734
123,2025,Lassa Fever,3,0.16834627091884613,0.6450380086898804,0.1866157203912735
123,2025,Measles,4,0.24181094765663147,0.5555791258811951,0.20260992646217346
123,2025,Mpox,5,0.06856163591146469,0.8714419007301331,0.059996381402015686
123,2025,Yellow Fever,6,0.10492829978466034,0.7739715576171875,0.12110015749931335
123,2025,AFP,0,0.09279173612594604,0.7889531850814819,0.11825504153966904
123,2025,CSM,1,0.18283601105213165,0.6345604658126831,0.18260353803634644
123,2025,Cholera,2,0.04690022021532059,0.9008709192276001,0.0522289052605629
123,2025,Lassa Fever,3,0.16768746078014374,0.641254186630249,0.19105833768844604
123,2025,Measles,4,0.23850664496421814,0.5675806999206543,0.19391268491744995
123,2025,Mpox,5,0.06480296701192856,0.8741821050643921,0.061014868319034576
123,2025,Yellow Fever,6,0.0955883339047432,0.7922213077545166,0.11219031363725662
123,2026,AFP,0,0.09705128520727158,0.5693095922470093,0.33363911509513855
123,2026,CSM,1,0.06511419266462326,0.872943103313446,0.061942730098962784
123,2026,Cholera,2,0.2736252546310425,0.4514997601509094,0.27487504482269287
123,2026,Lassa Fever,3,0.11923617124557495,0.8262875080108643,0.05447631701827049
123,2026,Measles,4,0.04069420322775841,0.5852590203285217,0.3740467131137848
123,2026,Mpox,5,0.37837615609169006,0.4963884949684143,0.12523534893989563
123,2026,Yellow Fever,6,0.12636485695838928,0.6432607769966125,0.23037438094615936
123,2026,AFP,0,0.09549979865550995,0.5790969133377075,0.32540327310562134
123,2026,CSM,1,0.06576141715049744,0.8813600540161133,0.052878499031066895
123,2026,Cholera,2,0.2617025375366211,0.45364126563072205,0.28465625643730164
123,2026,Lassa Fever,3,0.11769229918718338,0.8339057564735413,0.04840202257037163
123,2026,Measles,4,0.03907456248998642,0.5791507363319397,0.3817746937274933
123,2026,Mpox,5,0.38678720593452454,0.4890040457248688,0.12420874834060669
123,2026,Yellow Fever,6,0.12788628041744232,0.6655736565589905,0.20654012262821198
123,2026,AFP,0,0.05952605605125427,0.6035720705986023,0.33690184354782104
123,2026,CSM,1,0.03965384513139725,0.8930174708366394,0.06732863932847977
123,2026,Cholera,2,0.1735094040632248,0.4813520610332489,0.3451385498046875
123,2026,Lassa Fever,3,0.08434628695249557,0.8581919074058533,0.05746174231171608
123,2026,Measles,4,0.027414167299866676,0.570197343826294,0.40238842368125916
123,2026,Mpox,5,0.4159786105155945,0.4830610454082489,0.10096044093370438
123,2026,Yellow Fever,6,0.07404597103595734,0.6808533668518066,0.2451006919145584
123,2026,AFP,0,0.05166620761156082,0.5114391446113586,0.4368947744369507
123,2026,CSM,1,0.04284932464361191,0.8231637477874756,0.13398699462413788
123,2026,Cholera,2,0.1663106232881546,0.4619726240634918,0.37171670794487
123,2026,Lassa Fever,3,0.10418292880058289,0.7899067401885986,0.10591039806604385
123,2026,Measles,4,0.02640298753976822,0.5013315081596375,0.47226545214653015
123,2026,Mpox,5,0.44618692994117737,0.42173826694488525,0.13207480311393738
123,2026,Yellow Fever,6,0.0679875984787941,0.597743809223175,0.33426862955093384
123,2026,AFP,0,0.039247576147317886,0.6250362396240234,0.335716187953949
123,2026,CSM,1,0.028535017743706703,0.8866494297981262,0.08481555432081223
123,2026,Cholera,2,0.19487148523330688,0.49024495482444763,0.31488358974456787
123,2026,Lassa Fever,3,0.07501537352800369,0.8642448782920837,0.06073971092700958
123,2026,Measles,4,0.023326562717556953,0.6095852255821228,0.36708828806877136
123,2026,Mpox,5,0.4220980107784271,0.48157501220703125,0.09632698446512222
123,2026,Yellow Fever,6,0.05567797273397446,0.7075899839401245,0.23673205077648163
123,2026,AFP,0,0.04286827892065048,0.6942203044891357,0.2629113793373108
123,2026,CSM,1,0.02207074500620365,0.9302624464035034,0.04766688868403435
123,2026,Cholera,2,0.2520582377910614,0.47693079710006714,0.2710109055042267
123,2026,Lassa Fever,3,0.06276068091392517,0.8968967199325562,0.04034256190061569
123,2026,Measles,4,0.023673271760344505,0.6715187430381775,0.30480799078941345
123,2026,Mpox,5,0.41579145193099976,0.4861273169517517,0.09808124601840973
123,2026,Yellow Fever,6,0.055913131684064865,0.7685807943344116,0.17550607025623322
123,2026,AFP,0,0.04226268455386162,0.6948835253715515,0.2628537714481354
123,2026,CSM,1,0.027410104870796204,0.9198803901672363,0.052709612995386124
123,2026,Cholera,2,0.21744750440120697,0.5399895310401917,0.24256299436092377
123,2026,Lassa Fever,3,0.07198353111743927,0.8899940848350525,0.03802242502570152
123,2026,Measles,4,0.024595826864242554,0.6735485196113586,0.3018556535243988
123,2026,Mpox,5,0.37821999192237854,0.5424965023994446,0.07928352057933807
123,2026,Yellow Fever,6,0.05880869925022125,0.7616390585899353,0.17955230176448822
123,2026,AFP,0,0.03776654973626137,0.5988911390304565,0.36334237456321716
123,2026,CSM,1,0.024585451930761337,0.895218551158905,0.08019600808620453
123,2026,Cholera,2,0.20395828783512115,0.4812603294849396,0.3147813677787781
123,2026,Lassa Fever,3,0.07151110470294952,0.8680899739265442,0.06039884313941002
123,2026,Measles,4,0.01940073072910309,0.5668562054634094,0.4137430489063263
123,2026,Mpox,5,0.4281376898288727,0.46606796979904175,0.10579439252614975
123,2026,Yellow Fever,6,0.053983211517333984,0.682959258556366,0.26305752992630005
123,2026,AFP,0,0.05156589671969414,0.5213832259178162,0.42705079913139343
123,2026,CSM,1,0.04897742345929146,0.7817392945289612,0.16928325593471527
123,2026,Cholera,2,0.2384018898010254,0.4614277184009552,0.300170361995697
123,2026,Lassa Fever,3,0.16635063290596008,0.6977686882019043,0.13588064908981323
123,2026,Measles,4,0.030477989464998245,0.538211464881897,0.43131062388420105
123,2026,Mpox,5,0.4242660403251648,0.4731641411781311,0.1025698333978653
123,2026,Yellow Fever,6,0.08087898045778275,0.5889407396316528,0.3301803171634674
2024,2020,AFP,0,0.16529130935668945,0.4628499746322632,0.37185877561569214
2024,2020,CSM,1,0.1655515730381012,0.4593154191970825,0.3751329779624939
2024,2020,Cholera,2,0.15649043023586273,0.4616793096065521,0.38183021545410156
2024,2020,Lassa Fever,3,0.1622014194726944,0.4619392454624176,0.37585940957069397
2024,2020,Measles,4,0.159779354929924,0.46272778511047363,0.37749290466308594
2024,2020,Mpox,5,0.16185060143470764,0.45785465836524963,0.3802947998046875
2024,2020,Yellow Fever,6,0.17237533628940582,0.46330562233924866,0.3643190860748291
2024,2020,AFP,0,0.19792065024375916,0.5058399438858032,0.2962394058704376
2024,2020,CSM,1,0.19971291720867157,0.5057968497276306,0.294490247964859
2024,2020,Cholera,2,0.19424021244049072,0.5174233317375183,0.28833648562431335
2024,2020,Lassa Fever,3,0.19734470546245575,0.5096204876899719,0.2930348515510559
2024,2020,Measles,4,0.19693982601165771,0.5070827603340149,0.2959774434566498
2024,2020,Mpox,5,0.19857917726039886,0.4990561008453369,0.3023647964000702
2024,2020,Yellow Fever,6,0.20297232270240784,0.4998156428337097,0.2972121238708496
2024,2020,AFP,0,0.3320181965827942,0.416000097990036,0.2519816756248474
2024,2020,CSM,1,0.3416901230812073,0.4107041656970978,0.24760577082633972
2024,2020,Cholera,2,0.3209854066371918,0.43359997868537903,0.24541465938091278
2024,2020,Lassa Fever,3,0.3354341387748718,0.4176952540874481,0.24687062203884125
2024,2020,Measles,4,0.331255704164505,0.4210934638977051,0.24765077233314514
2024,2020,Mpox,5,0.3397855758666992,0.40780192613601685,0.25241249799728394
2024,2020,Yellow Fever,6,0.35143139958381653,0.39926818013191223,0.24930031597614288
2024,2020,AFP,0,0.272396057844162,0.4461161196231842,0.28148776292800903
2024,2020,CSM,1,0.28657543659210205,0.4395740032196045,0.27385053038597107
2024,2020,Cholera,2,0.27153947949409485,0.46140429377555847,0.2670561671257019
2024,2020,Lassa Fever,3,0.28108498454093933,0.446044921875,0.27287015318870544
2024,2020,Measles,4,0.2721181809902191,0.45170456171035767,0.2761772871017456
2024,2020,Mpox,5,0.28261876106262207,0.4372403919696808,0.28014087677001953
2024,2020,Yellow Fever,6,0.28463849425315857,0.4323054552078247,0.2830560505390167
2024,2020,AFP,0,0.24082760512828827,0.36916884779930115,0.39000362157821655
2024,2020,CSM,1,0.2337600588798523,0.37574145197868347,0.3904985189437866
2024,2020,Cholera,2,0.22460876405239105,0.3773817718029022,0.39800944924354553
2024,2020,Lassa Fever,3,0.236545592546463,0.3759419620037079,0.3875124752521515
2024,2020,Measles,4,0.23955881595611572,0.3687799274921417,0.39166125655174255
2024,2020,Mpox,5,0.23743125796318054,0.37235987186431885,0.390208899974823
2024,2020,Yellow Fever,6,0.25265437364578247,0.3663402497768402,0.38100531697273254
2024,2020,AFP,0,0.21636106073856354,0.3792855441570282,0.40435343980789185
2024,2020,CSM,1,0.21365125477313995,0.3801807761192322,0.40616804361343384
2024,2020,Cholera,2,0.20575369894504547,0.3909792900085449,0.4032670259475708
2024,2020,Lassa Fever,3,0.2135763019323349,0.3839840888977051,0.4024396538734436
2024,2020,Measles,4,0.2146630734205246,0.3776925206184387,0.4076444208621979
2024,2020,Mpox,5,0.21589522063732147,0.3751906454563141,0.40891414880752563
2024,2020,Yellow Fever,6,0.22158494591712952,0.3764113187789917,0.4020037353038788
2024,2020,AFP,0,0.19614861905574799,0.6516292095184326,0.1522221863269806
2024,2020,CSM,1,0.19797705113887787,0.653895914554596,0.14812704920768738
2024,2020,Cholera,2,0.1903674304485321,0.6660323143005371,0.1436002105474472
2024,2020,Lassa Fever,3,0.19450253248214722,0.656721830368042,0.1487756073474884
2024,2020,Measles,4,0.19810670614242554,0.6510035395622253,0.15088972449302673
2024,2020,Mpox,5,0.20010903477668762,0.648592472076416,0.15129849314689636
2024,2020,Yellow Fever,6,0.19853581488132477,0.6467146277427673,0.15474958717823029
2024,2020,AFP,0,0.27882876992225647,0.4644237756729126,0.25674745440483093
2024,2020,CSM,1,0.2715585231781006,0.46979737281799316,0.258644163608551
2024,2020,Cholera,2,0.2619914412498474,0.4829072058200836,0.25510135293006897
2024,2020,Lassa Fever,3,0.26752451062202454,0.4745301306247711,0.25794532895088196
2024,2020,Measles,4,0.27309390902519226,0.4649069011211395,0.2619991600513458
2024,2020,Mpox,5,0.27263960242271423,0.4627234935760498,0.2646368741989136
2024,2020,Yellow Fever,6,0.28771546483039856,0.4536471962928772,0.258637398481369
2024,2020,AFP,0,0.32451799511909485,0.4553719162940979,0.22011008858680725
2024,2020,CSM,1,0.304519385099411,0.4708383083343506,0.22464227676391602
2024,2020,Cholera,2,0.3026971220970154,0.4744354486465454,0.2228674441576004
2024,2020,Lassa Fever,3,0.31151312589645386,0.4689176678657532,0.21956920623779297
2024,2020,Measles,4,0.31849047541618347,0.4570038318634033,0.2245056927204132
2024,2020,Mpox,5,0.3119158446788788,0.46220237016677856,0.22588175535202026
2024,2020,Yellow Fever,6,0.3316970467567444,0.45049306750297546,0.217809796333313
2024,2020,AFP,0,0.173291876912117,0.5637215971946716,0.26298651099205017
2024,2020,CSM,1,0.17370016872882843,0.5636163949966431,0.2626833915710449
2024,2020,Cholera,2,0.1613711267709732,0.5788756608963013,0.25975319743156433
2024,2020,Lassa Fever,3,0.1755070686340332,0.5663133859634399,0.25817957520484924
2024,2020,Measles,4,0.1710813343524933,0.5628745555877686,0.26604416966438293
2024,2020,Mpox,5,0.17425549030303955,0.5594679117202759,0.26627659797668457
2024,2020,Yellow Fever,6,0.17670275270938873,0.5631322860717773,0.26016491651535034
2024,2020,AFP,0,0.29298242926597595,0.5030765533447266,0.2039409726858139
2024,2020,CSM,1,0.2740383446216583,0.519021213054657,0.2069404572248459
2024,2020,Cholera,2,0.2722075879573822,0.5234987139701843,0.20429375767707825
2024,2020,Lassa Fever,3,0.28058332204818726,0.5162084698677063,0.20320811867713928
2024,2020,Measles,4,0.28872525691986084,0.5044133067131042,0.20686137676239014
2024,2020,Mpox,5,0.2810753583908081,0.5115876793861389,0.2073369324207306
2024,2020,Yellow Fever,6,0.3001861572265625,0.5008271932601929,0.19898664951324463
2024,2020,AFP,0,0.30607151985168457,0.49659261107444763,0.197335883975029
2024,2020,CSM,1,0.29715701937675476,0.5054075121879578,0.19743549823760986
2024,2020,Cholera,2,0.2874954640865326,0.5090895295143127,0.20341506600379944
2024,2020,Lassa Fever,3,0.29918718338012695,0.5025641322135925,0.19824860990047455
2024,2020,Measles,4,0.3004635274410248,0.4989910125732422,0.20054548978805542
2024,2020,Mpox,5,0.29657313227653503,0.501721203327179,0.20170561969280243
2024,2020,Yellow Fever,6,0.3167657256126404,0.4918883144855499,0.19134603440761566
2024,2020,AFP,0,0.22568543255329132,0.5065913200378418,0.2677232325077057
2024,2020,CSM,1,0.2167874276638031,0.5210366249084473,0.262175977230072
2024,2020,Cholera,2,0.21071448922157288,0.5197330117225647,0.2695525586605072
2024,2020,Lassa Fever,3,0.21982723474502563,0.5146207213401794,0.2655520439147949
2024,2020,Measles,4,0.22236189246177673,0.5078696012496948,0.2697685658931732
2024,2020,Mpox,5,0.21683113276958466,0.5162643194198608,0.26690447330474854
2024,2020,Yellow Fever,6,0.23479515314102173,0.5043618679046631,0.2608429491519928
2024,2020,AFP,0,0.19934941828250885,0.44526365399360657,0.355386883020401
2024,2020,CSM,1,0.20414943993091583,0.44884276390075684,0.3470078408718109
2024,2020,Cholera,2,0.19557034969329834,0.444755494594574,0.3596741855144501
2024,2020,Lassa Fever,3,0.20052513480186462,0.4435195326805115,0.3559553027153015
2024,2020,Measles,4,0.19818082451820374,0.4433075785636902,0.3585115969181061
2024,2020,Mpox,5,0.1994127631187439,0.4495568573474884,0.3510303199291229
2024,2020,Yellow Fever,6,0.20821033418178558,0.4476346969604492,0.344154953956604
2024,2020,AFP,0,0.18682098388671875,0.4768049120903015,0.3363741338253021
2024,2020,CSM,1,0.18537302315235138,0.48431873321533203,0.3303082287311554
2024,2020,Cholera,2,0.17535711824893951,0.4893817603588104,0.33526116609573364
2024,2020,Lassa Fever,3,0.1828308403491974,0.48288384079933167,0.33428525924682617
2024,2020,Measles,4,0.185062438249588,0.4771237373352051,0.33781394362449646
2024,2020,Mpox,5,0.1839725822210312,0.47715383768081665,0.33887359499931335
2024,2020,Yellow Fever,6,0.19291077554225922,0.47302860021591187,0.3340606689453125
2024,2020,AFP,0,0.23670968413352966,0.5167301893234253,0.24656014144420624
2024,2020,CSM,1,0.23069611191749573,0.5270919799804688,0.24221186339855194
2024,2020,Cholera,2,0.21860046684741974,0.534463107585907,0.24693641066551208
2024,2020,Lassa Fever,3,0.23107768595218658,0.5236573219299316,0.2452649474143982
2024,2020,Measles,4,0.23364074528217316,0.5182250738143921,0.24813415110111237
2024,2020,Mpox,5,0.2332395613193512,0.518172025680542,0.2485884130001068
2024,2020,Yellow Fever,6,0.24832065403461456,0.5084739327430725,0.24320539832115173
2024,2020,AFP,0,0.33430999517440796,0.3748451769351959,0.29084476828575134
2024,2020,CSM,1,0.3447994291782379,0.3795502781867981,0.2756502628326416
2024,2020,Cholera,2,0.3243069648742676,0.38886868953704834,0.2868242859840393
2024,2020,Lassa Fever,3,0.33754196763038635,0.3755476176738739,0.28691041469573975
2024,2020,Measles,4,0.32983651757240295,0.3760264217853546,0.29413700103759766
2024,2020,Mpox,5,0.33754390478134155,0.37764298915863037,0.2848131060600281
2024,2020,Yellow Fever,6,0.34469377994537354,0.373383104801178,0.2819230854511261
2024,2020,AFP,0,0.2195851057767868,0.5570028424263,0.22341203689575195
2024,2020,CSM,1,0.2193192094564438,0.5684178471565247,0.21226297318935394
2024,2020,Cholera,2,0.21102628111839294,0.5745651125907898,0.21440860629081726
2024,2020,Lassa Fever,3,0.21857891976833344,0.5660684704780579,0.2153525948524475
2024,2020,Measles,4,0.21559444069862366,0.5602689385414124,0.2241366058588028
2024,2020,Mpox,5,0.21663855016231537,0.5619599223136902,0.2214016169309616
2024,2020,Yellow Fever,6,0.22625187039375305,0.5486209988594055,0.22512716054916382
2024,2020,AFP,0,0.17982880771160126,0.5717169046401978,0.2484542429447174
2024,2020,CSM,1,0.17995920777320862,0.581707239151001,0.2383335679769516
2024,2020,Cholera,2,0.17130102217197418,0.587477445602417,0.2412215918302536
2024,2020,Lassa Fever,3,0.17832939326763153,0.5809283256530762,0.2407422810792923
2024,2020,Measles,4,0.1779695749282837,0.5731367468833923,0.2488936483860016
2024,2020,Mpox,5,0.1796368509531021,0.5738595128059387,0.24650362133979797
2024,2020,Yellow Fever,6,0.18611560761928558,0.5636187195777893,0.2502656579017639
2024,2020,AFP,0,0.22610028088092804,0.5017855167388916,0.2721143066883087
2024,2020,CSM,1,0.2273946851491928,0.5084870457649231,0.2641182243824005
2024,2020,Cholera,2,0.2193126380443573,0.5158933997154236,0.2647940218448639
2024,2020,Lassa Fever,3,0.22546593844890594,0.5088196396827698,0.2657144367694855
2024,2020,Measles,4,0.22246700525283813,0.5025983452796936,0.27493464946746826
2024,2020,Mpox,5,0.2234080582857132,0.5024423599243164,0.27414950728416443
2024,2020,Yellow Fever,6,0.23320332169532776,0.4937066435813904,0.27309003472328186
2024,2020,AFP,0,0.24523554742336273,0.45389580726623535,0.3008686602115631
2024,2020,CSM,1,0.25044339895248413,0.4570348560810089,0.29252174496650696
2024,2020,Cholera,2,0.24146515130996704,0.46464836597442627,0.2938865125179291
2024,2020,Lassa Fever,3,0.2474895715713501,0.4583917260169983,0.2941187620162964
2024,2020,Measles,4,0.24129027128219604,0.45621150732040405,0.3024982511997223
2024,2020,Mpox,5,0.2455371767282486,0.45275628566741943,0.3017064929008484
2024,2020,Yellow Fever,6,0.25200045108795166,0.45162561535835266,0.2963739037513733
2024,2020,AFP,0,0.2552572190761566,0.463253378868103,0.28148943185806274
2024,2020,CSM,1,0.25339722633361816,0.4715971052646637,0.27500566840171814
2024,2020,Cholera,2,0.2449614554643631,0.474721223115921,0.2803172767162323
2024,2020,Lassa Fever,3,0.25360098481178284,0.46929359436035156,0.277105450630188
2024,2020,Measles,4,0.25664862990379333,0.46563979983329773,0.27771157026290894
2024,2020,Mpox,5,0.25025808811187744,0.47347599267959595,0.2762660086154938
2024,2020,Yellow Fever,6,0.2642172873020172,0.46165046095848083,0.27413222193717957
2024,2020,AFP,0,0.23209425806999207,0.48507407307624817,0.28283166885375977
2024,2020,CSM,1,0.22636906802654266,0.49072498083114624,0.28290602564811707
2024,2020,Cholera,2,0.220587819814682,0.4933270514011383,0.2860851585865021
2024,2020,Lassa Fever,3,0.22695501148700714,0.4893474876880646,0.2836974859237671
2024,2020,Measles,4,0.22909297049045563,0.4867916703224182,0.28411540389060974
2024,2020,Mpox,5,0.22478149831295013,0.49173834919929504,0.28348010778427124
2024,2020,Yellow Fever,6,0.2395315319299698,0.4811953902244568,0.27927303314208984
2024,2020,AFP,0,0.22945669293403625,0.47913163900375366,0.29141172766685486
2024,2020,CSM,1,0.22343669831752777,0.4861189126968384,0.29044437408447266
2024,2020,Cholera,2,0.21974410116672516,0.48670217394828796,0.29355373978614807
2024,2020,Lassa Fever,3,0.22584104537963867,0.4831714928150177,0.29098746180534363
2024,2020,Measles,4,0.2250020056962967,0.48187771439552307,0.2931203544139862
2024,2020,Mpox,5,0.2184087187051773,0.4898374378681183,0.2917539179325104
2024,2020,Yellow Fever,6,0.23352274298667908,0.47866445779800415,0.2878127694129944
2024,2020,AFP,0,0.2399318367242813,0.4676939845085144,0.29237422347068787
2024,2020,CSM,1,0.23380400240421295,0.47464048862457275,0.2915555536746979
2024,2020,Cholera,2,0.23015084862709045,0.47524434328079224,0.2946048080921173
2024,2020,Lassa Fever,3,0.23631399869918823,0.4716261029243469,0.2920599579811096
2024,2020,Measles,4,0.23552891612052917,0.4702381193637848,0.29423296451568604
2024,2020,Mpox,5,0.2287411391735077,0.4782499372959137,0.2930089235305786
2024,2020,Yellow Fever,6,0.24430406093597412,0.46693283319473267,0.2887630760669708
2024,2020,AFP,0,0.31707504391670227,0.3941221535205841,0.28880271315574646
2024,2020,CSM,1,0.3193371295928955,0.3957076966762543,0.2849552035331726
2024,2020,Cholera,2,0.3122127652168274,0.3995111286640167,0.28827613592147827
2024,2020,Lassa Fever,3,0.3188594579696655,0.39490482211112976,0.2862357795238495
2024,2020,Measles,4,0.31347721815109253,0.39664021134376526,0.2898825705051422
2024,2020,Mpox,5,0.3168681859970093,0.3966667652130127,0.2864650785923004
2024,2020,Yellow Fever,6,0.3234035074710846,0.3921150267124176,0.2844814658164978
2024,2020,AFP,0,0.3972277045249939,0.3411068916320801,0.26166537404060364
2024,2020,CSM,1,0.4079623222351074,0.33947011828422546,0.2525675296783447
2024,2020,Cholera,2,0.3996623456478119,0.3429425358772278,0.2573951184749603
2024,2020,Lassa Fever,3,0.4051850140094757,0.34072762727737427,0.25408735871315
2024,2020,Measles,4,0.39861753582954407,0.3432454764842987,0.258137047290802
2024,2020,Mpox,5,0.4056044816970825,0.340669184923172,0.2537262737751007
2024,2020,Yellow Fever,6,0.4058249890804291,0.33893540501594543,0.2552396357059479
2024,2020,AFP,0,0.27767419815063477,0.36387425661087036,0.35845157504081726
2024,2020,CSM,1,0.28677499294281006,0.36736518144607544,0.3458598554134369
2024,2020,Cholera,2,0.2781919240951538,0.37508466839790344,0.34672337770462036
2024,2020,Lassa Fever,3,0.2808440625667572,0.36935749650001526,0.3497985005378723
2024,2020,Measles,4,0.27204596996307373,0.36699825525283813,0.3609558343887329
2024,2020,Mpox,5,0.27995729446411133,0.3619784712791443,0.3580642640590668
2024,2020,Yellow Fever,6,0.2844485938549042,0.358857661485672,0.35669374465942383
2024,2020,AFP,0,0.28575170040130615,0.3835476338863373,0.3307006061077118
2024,2020,CSM,1,0.29153579473495483,0.38514387607574463,0.32332026958465576
2024,2020,Cholera,2,0.28475332260131836,0.3854076564311981,0.32983899116516113
2024,2020,Lassa Fever,3,0.2922368049621582,0.38073447346687317,0.32702866196632385
2024,2020,Measles,4,0.2853824198246002,0.3819526433944702,0.33266496658325195
2024,2020,Mpox,5,0.2907117009162903,0.38213154673576355,0.32715681195259094
2024,2020,Yellow Fever,6,0.29698342084884644,0.3776572346687317,0.3253593146800995
2024,2020,AFP,0,0.2799549400806427,0.3912689685821533,0.3287760615348816
2024,2020,CSM,1,0.27862825989723206,0.3983004689216614,0.3230712115764618
2024,2020,Cholera,2,0.27271658182144165,0.3995596468448639,0.3277237117290497
2024,2020,Lassa Fever,3,0.281019002199173,0.39345911145210266,0.32552191615104675
2024,2020,Measles,4,0.27665239572525024,0.39399662613868713,0.3293510377407074
2024,2020,Mpox,5,0.2774408459663391,0.3978041708469391,0.324754923582077
2024,2020,Yellow Fever,6,0.28722164034843445,0.3883886933326721,0.32438966631889343
2024,2020,AFP,0,0.1431998312473297,0.40172696113586426,0.4550732970237732
2024,2020,CSM,1,0.14416323602199554,0.41486310958862305,0.4409736394882202
2024,2020,Cholera,2,0.1361643671989441,0.41021135449409485,0.45362427830696106
2024,2020,Lassa Fever,3,0.14307643473148346,0.4055618345737457,0.4513617753982544
2024,2020,Measles,4,0.14099445939064026,0.40029940009117126,0.4587061107158661
2024,2020,Mpox,5,0.1431635469198227,0.4105803072452545,0.446256160736084
2024,2020,Yellow Fever,6,0.14832253754138947,0.4004751443862915,0.4512023627758026
2024,2020,AFP,0,0.12825383245944977,0.3917382061481476,0.48000791668891907
2024,2020,CSM,1,0.1314350813627243,0.4047508239746094,0.4638141691684723
2024,2020,Cholera,2,0.12285681068897247,0.4008967876434326,0.4762464165687561
2024,2020,Lassa Fever,3,0.1284841001033783,0.3953606188297272,0.4761553108692169
2024,2020,Measles,4,0.12535439431667328,0.39179491996765137,0.48285067081451416
2024,2020,Mpox,5,0.13047584891319275,0.4014463722705841,0.46807780861854553
2024,2020,Yellow Fever,6,0.1337030977010727,0.3904877305030823,0.47580915689468384
2024,2020,AFP,0,0.08101756870746613,0.384640097618103,0.5343422889709473
2024,2020,CSM,1,0.08124824613332748,0.3950803577899933,0.5236713886260986
2024,2020,Cholera,2,0.07586084306240082,0.40171921253204346,0.5224199295043945
2024,2020,Lassa Fever,3,0.0794483870267868,0.3893020749092102,0.5312495827674866
2024,2020,Measles,4,0.07866697758436203,0.3869461417198181,0.5343868136405945
2024,2020,Mpox,5,0.08044601231813431,0.3885801136493683,0.5309739112854004
2024,2020,Yellow Fever,6,0.08627162128686905,0.3778839707374573,0.5358443260192871
2024,2020,AFP,0,0.07771701365709305,0.4085676074028015,0.5137153267860413
2024,2020,CSM,1,0.07786916941404343,0.4152476191520691,0.5068832039833069
2024,2020,Cholera,2,0.07303765416145325,0.4201720356941223,0.506790280342102
2024,2020,Lassa Fever,3,0.07527653127908707,0.41504648327827454,0.5096769332885742
2024,2020,Measles,4,0.07525601238012314,0.41214054822921753,0.5126034617424011
2024,2020,Mpox,5,0.07634736597537994,0.40976014733314514,0.5138925313949585
2024,2020,Yellow Fever,6,0.08192803710699081,0.4043770432472229,0.5136948823928833
2024,2020,AFP,0,0.16242998838424683,0.37265288829803467,0.4649171531200409
2024,2020,CSM,1,0.16206303238868713,0.37937527894973755,0.45856165885925293
2024,2020,Cholera,2,0.15236151218414307,0.37363579869270325,0.4740026593208313
2024,2020,Lassa Fever,3,0.1617879420518875,0.374427855014801,0.4637841582298279
2024,2020,Measles,4,0.16169694066047668,0.3741617798805237,0.46414121985435486
2024,2020,Mpox,5,0.16340455412864685,0.3794328570365906,0.4571625888347626
2024,2020,Yellow Fever,6,0.16818417608737946,0.3738124668598175,0.45800334215164185
2024,2020,AFP,0,0.1225103810429573,0.3563370108604431,0.5211526155471802
2024,2020,CSM,1,0.12152788788080215,0.3571551740169525,0.5213170051574707
2024,2020,Cholera,2,0.11639092117547989,0.35945436358451843,0.5241546630859375
2024,2020,Lassa Fever,3,0.12138301879167557,0.35533472895622253,0.5232822299003601
2024,2020,Measles,4,0.12316564470529556,0.35610729455947876,0.5207269787788391
2024,2020,Mpox,5,0.12390006333589554,0.3585805892944336,0.5175193548202515
2024,2020,Yellow Fever,6,0.1257798671722412,0.35624611377716064,0.5179740786552429
2024,2020,AFP,0,0.17206375300884247,0.39803609251976013,0.4299001395702362
2024,2020,CSM,1,0.16517119109630585,0.40575772523880005,0.4290710985660553
2024,2020,Cholera,2,0.1555401235818863,0.4036247432231903,0.4408351480960846
2024,2020,Lassa Fever,3,0.1696559339761734,0.3991367220878601,0.4312073588371277
2024,2020,Measles,4,0.17141714692115784,0.3948207497596741,0.4337621033191681
2024,2020,Mpox,5,0.1652883142232895,0.4064537584781647,0.42825791239738464
2024,2020,Yellow Fever,6,0.17706796526908875,0.39986610412597656,0.4230659306049347
2024,2020,AFP,0,0.144746333360672,0.4119696319103241,0.4432840049266815
2024,2020,CSM,1,0.14013251662254333,0.42223796248435974,0.4376295208930969
2024,2020,Cholera,2,0.1333363801240921,0.4157871901988983,0.4508764147758484
2024,2020,Lassa Fever,3,0.14482007920742035,0.4137263894081116,0.44145360589027405
2024,2020,Measles,4,0.14309057593345642,0.40853622555732727,0.4483731985092163
2024,2020,Mpox,5,0.13942423462867737,0.42264842987060547,0.4379273056983948
2024,2020,Yellow Fever,6,0.1489291936159134,0.41242173314094543,0.43864911794662476
2024,2020,AFP,0,0.13566620647907257,0.41732722520828247,0.447006493806839
2024,2020,CSM,1,0.13010624051094055,0.4246786832809448,0.44521501660346985
2024,2020,Cholera,2,0.12229757010936737,0.4213348925113678,0.4563676118850708
2024,2020,Lassa Fever,3,0.13347367942333221,0.4175370931625366,0.44898924231529236
2024,2020,Measles,4,0.134756401181221,0.41274869441986084,0.4524948298931122
2024,2020,Mpox,5,0.1301460713148117,0.42537450790405273,0.44447943568229675
2024,2020,Yellow Fever,6,0.1395728588104248,0.4195590317249298,0.4408680498600006
2024,2020,AFP,0,0.13057874143123627,0.45140135288238525,0.4180198907852173
2024,2020,CSM,1,0.12878814339637756,0.4586632549762726,0.4125485420227051
2024,2020,Cholera,2,0.1213766485452652,0.454723596572876,0.42389971017837524
2024,2020,Lassa Fever,3,0.13086842000484467,0.4515228271484375,0.4176087975502014
2024,2020,Measles,4,0.1288445144891739,0.4462917149066925,0.4248637557029724
2024,2020,Mpox,5,0.1283307820558548,0.459425151348114,0.41224405169487
2024,2020,Yellow Fever,6,0.13396790623664856,0.4538315534591675,0.41220057010650635
2024,2020,AFP,0,0.15595503151416779,0.4379284679889679,0.4061165750026703
2024,2020,CSM,1,0.15210430324077606,0.4454895853996277,0.40240609645843506
2024,2020,Cholera,2,0.14299270510673523,0.4424196183681488,0.4145876169204712
2024,2020,Lassa Fever,3,0.156063511967659,0.4380608797073364,0.40587565302848816
2024,2020,Measles,4,0.15394216775894165,0.43313559889793396,0.412922203540802
2024,2020,Mpox,5,0.15213386714458466,0.4461697041988373,0.4016963839530945
2024,2020,Yellow Fever,6,0.15988266468048096,0.4399552345275879,0.40016210079193115
2024,2020,AFP,0,0.16346749663352966,0.40616390109062195,0.430368572473526
2024,2020,CSM,1,0.15606431663036346,0.41336873173713684,0.4305669367313385
2024,2020,Cholera,2,0.1462039053440094,0.40990111231803894,0.4438949525356293
2024,2020,Lassa Fever,3,0.16108687222003937,0.4067830741405487,0.4321300983428955
2024,2020,Measles,4,0.1620609313249588,0.40128928422927856,0.43664976954460144
2024,2020,Mpox,5,0.15577472746372223,0.41382724046707153,0.43039801716804504
2024,2020,Yellow Fever,6,0.17009778320789337,0.40917739272117615,0.4207248091697693
2024,2020,AFP,0,0.1561887115240097,0.3945408761501312,0.4492703974246979
2024,2020,CSM,1,0.14746560156345367,0.40026360750198364,0.4522707760334015
2024,2020,Cholera,2,0.14047376811504364,0.3988804817199707,0.4606457054615021
2024,2020,Lassa Fever,3,0.1540963053703308,0.39560773968696594,0.45029592514038086
2024,2020,Measles,4,0.15638525784015656,0.3916943669319153,0.4519203007221222
2024,2020,Mpox,5,0.14799968898296356,0.40123578906059265,0.45076456665992737
2024,2020,Yellow Fever,6,0.16114996373653412,0.3962760269641876,0.44257402420043945
2024,2020,AFP,0,0.18761233985424042,0.4006340205669403,0.4117535948753357
2024,2020,CSM,1,0.18223591148853302,0.40583014488220215,0.4119339883327484
2024,2020,Cholera,2,0.17207583785057068,0.40265223383903503,0.4252719283103943
2024,2020,Lassa Fever,3,0.1854875236749649,0.3998335003852844,0.4146789312362671
2024,2020,Measles,4,0.18526220321655273,0.3945240378379822,0.42021381855010986
2024,2020,Mpox,5,0.17981287837028503,0.40496790409088135,0.41521915793418884
2024,2020,Yellow Fever,6,0.19508172571659088,0.40288716554641724,0.4020311236381531
2024,2020,AFP,0,0.19319511950016022,0.4087376892566681,0.3980671763420105
2024,2020,CSM,1,0.1856897622346878,0.4170801639556885,0.3972301781177521
2024,2020,Cholera,2,0.17421278357505798,0.4150440990924835,0.4107431471347809
2024,2020,Lassa Fever,3,0.18995064496994019,0.40935274958610535,0.4006965756416321
2024,2020,Measles,4,0.19031251966953278,0.4034455716609955,0.40624192357063293
2024,2020,Mpox,5,0.1836899071931839,0.4156912565231323,0.40061888098716736
2024,2020,Yellow Fever,6,0.19965173304080963,0.4108794927597046,0.3894687592983246
2024,2020,AFP,0,0.19578473269939423,0.4142526090145111,0.38996267318725586
2024,2020,CSM,1,0.18819212913513184,0.4223766028881073,0.3894312381744385
2024,2020,Cholera,2,0.17765797674655914,0.42141616344451904,0.4009259045124054
2024,2020,Lassa Fever,3,0.1930207908153534,0.4157770872116089,0.3912021517753601
2024,2020,Measles,4,0.19482333958148956,0.4110640585422516,0.39411258697509766
2024,2020,Mpox,5,0.18824444711208344,0.423065721988678,0.38868987560272217
2024,2020,Yellow Fever,6,0.20136979222297668,0.415399432182312,0.38323071599006653
2024,2020,AFP,0,0.19711828231811523,0.43442803621292114,0.3684537410736084
2024,2020,CSM,1,0.18942128121852875,0.4437790811061859,0.36679962277412415
2024,2020,Cholera,2,0.17782366275787354,0.44349008798599243,0.37868624925613403
2024,2020,Lassa Fever,3,0.1929139345884323,0.43817055225372314,0.3689154386520386
2024,2020,Measles,4,0.1935112476348877,0.43200454115867615,0.37448424100875854
2024,2020,Mpox,5,0.1879657804965973,0.4414364993572235,0.3705977201461792
2024,2020,Yellow Fever,6,0.20329906046390533,0.43698355555534363,0.3597174286842346
2024,2020,AFP,0,0.1614590436220169,0.4432397782802582,0.3953011631965637
2024,2020,CSM,1,0.1549280434846878,0.45211973786354065,0.39295220375061035
2024,2020,Cholera,2,0.1450139731168747,0.45049452781677246,0.40449151396751404
2024,2020,Lassa Fever,3,0.15787792205810547,0.44666966795921326,0.3954523801803589
2024,2020,Measles,4,0.1589963436126709,0.4412420392036438,0.3997615873813629
2024,2020,Mpox,5,0.1544283777475357,0.4506530463695526,0.3949185907840729
2024,2020,Yellow Fever,6,0.16680574417114258,0.44660764932632446,0.38658657670021057
2024,2020,AFP,0,0.1410464346408844,0.42371609807014465,0.43523749709129333
2024,2020,CSM,1,0.13485173881053925,0.4317032992839813,0.4334449768066406
2024,2020,Cholera,2,0.12617941200733185,0.42878755927085876,0.44503307342529297
2024,2020,Lassa Fever,3,0.1380550116300583,0.4268190860748291,0.43512585759162903
2024,2020,Measles,4,0.13927841186523438,0.4218202531337738,0.4389013946056366
2024,2020,Mpox,5,0.1357787698507309,0.43199706077575684,0.4322241544723511
2024,2020,Yellow Fever,6,0.14542724192142487,0.4262515902519226,0.4283212423324585
2024,2020,AFP,0,0.15451651811599731,0.39520448446273804,0.45027902722358704
2024,2020,CSM,1,0.14595942199230194,0.4079129695892334,0.4461275637149811
2024,2020,Cholera,2,0.1375005692243576,0.4031563699245453,0.4593430757522583
2024,2020,Lassa Fever,3,0.15080182254314423,0.3997059464454651,0.44949227571487427
2024,2020,Measles,4,0.1523914933204651,0.39461758732795715,0.452990859746933
2024,2020,Mpox,5,0.14667417109012604,0.40709516406059265,0.4462306499481201
2024,2020,Yellow Fever,6,0.15893234312534332,0.39598071575164795,0.4450869858264923
2024,2021,AFP,0,0.2920992076396942,0.35629701614379883,0.35160374641418457
2024,2021,CSM,1,0.29771888256073,0.3644828498363495,0.33779826760292053
2024,2021,Cholera,2,0.2988642156124115,0.35683566331863403,0.34430012106895447
2024,2021,Lassa Fever,3,0.29356399178504944,0.35142043232917786,0.3550155758857727
2024,2021,Measles,4,0.2915647327899933,0.362773597240448,0.3456616699695587
2024,2021,Mpox,5,0.2949165403842926,0.35701197385787964,0.34807145595550537
2024,2021,Yellow Fever,6,0.3003169298171997,0.36071157455444336,0.33897149562835693
2024,2021,AFP,0,0.26504579186439514,0.3195193409919739,0.41543492674827576
2024,2021,CSM,1,0.277298241853714,0.32123473286628723,0.4014669954776764
2024,2021,Cholera,2,0.2746732831001282,0.32019755244255066,0.4051291346549988
2024,2021,Lassa Fever,3,0.2638235092163086,0.32005423307418823,0.4161222279071808
2024,2021,Measles,4,0.269325315952301,0.3184811472892761,0.41219350695610046
2024,2021,Mpox,5,0.2672155499458313,0.3205695152282715,0.4122149348258972
2024,2021,Yellow Fever,6,0.27995967864990234,0.3216317296028137,0.39840853214263916
2024,2021,AFP,0,0.43452781438827515,0.14404065907001495,0.4214315712451935
2024,2021,CSM,1,0.4400375485420227,0.14390216767787933,0.4160603880882263
2024,2021,Cholera,2,0.4501963257789612,0.1439685970544815,0.4058350622653961
2024,2021,Lassa Fever,3,0.4286528527736664,0.1436232030391693,0.4277239143848419
2024,2021,Measles,4,0.43945804238319397,0.14389252662658691,0.41664940118789673
2024,2021,Mpox,5,0.435377299785614,0.142255038022995,0.4223676025867462
2024,2021,Yellow Fever,6,0.4491174817085266,0.14531154930591583,0.4055710434913635
2024,2021,AFP,0,0.3144822120666504,0.42589882016181946,0.25961896777153015
2024,2021,CSM,1,0.32379692792892456,0.422261118888855,0.25394195318222046
2024,2021,Cholera,2,0.3327813744544983,0.4175415635108948,0.24967700242996216
2024,2021,Lassa Fever,3,0.31367722153663635,0.42451441287994385,0.2618083357810974
2024,2021,Measles,4,0.3201049566268921,0.4213317036628723,0.2585633099079132
2024,2021,Mpox,5,0.31773701310157776,0.4242649972438812,0.25799810886383057
2024,2021,Yellow Fever,6,0.3365824222564697,0.4148704707622528,0.2485470473766327
2024,2021,AFP,0,0.3069354295730591,0.46449705958366394,0.22856752574443817
2024,2021,CSM,1,0.31673356890678406,0.458944171667099,0.22432231903076172
2024,2021,Cholera,2,0.3170359134674072,0.4585171639919281,0.22444693744182587
2024,2021,Lassa Fever,3,0.30745306611061096,0.46445226669311523,0.22809463739395142
2024,2021,Measles,4,0.3079312741756439,0.46417492628097534,0.2278938591480255
2024,2021,Mpox,5,0.3057142496109009,0.46415939927101135,0.23012636601924896
2024,2021,Yellow Fever,6,0.31801196932792664,0.45832574367523193,0.22366224229335785
2024,2021,AFP,0,0.4307091236114502,0.3059333562850952,0.2633574604988098
2024,2021,CSM,1,0.4306276738643646,0.31051167845726013,0.25886061787605286
2024,2021,Cholera,2,0.4337868392467499,0.30614954233169556,0.26006361842155457
2024,2021,Lassa Fever,3,0.4323013126850128,0.30438539385795593,0.26331329345703125
2024,2021,Measles,4,0.43513792753219604,0.3056703805923462,0.2591916620731354
2024,2021,Mpox,5,0.42976275086402893,0.3055506646633148,0.26468658447265625
2024,2021,Yellow Fever,6,0.4383315145969391,0.3043437898159027,0.257324755191803
2024,2021,AFP,0,0.32927024364471436,0.3422025144100189,0.32852721214294434
2024,2021,CSM,1,0.33214041590690613,0.3414173126220703,0.32644227147102356
2024,2021,Cholera,2,0.33028262853622437,0.3382027745246887,0.3315145969390869
2024,2021,Lassa Fever,3,0.3318568170070648,0.3416806161403656,0.3264625072479248
2024,2021,Measles,4,0.3346123695373535,0.34365978837013245,0.3217278718948364
2024,2021,Mpox,5,0.3267645537853241,0.34063470363616943,0.3326007127761841
2024,2021,Yellow Fever,6,0.33420461416244507,0.33650851249694824,0.3292868733406067
2024,2021,AFP,0,0.31593379378318787,0.3165439963340759,0.3675222098827362
2024,2021,CSM,1,0.32075464725494385,0.316380113363266,0.36286526918411255
2024,2021,Cholera,2,0.32082033157348633,0.31580430269241333,0.36337539553642273
2024,2021,Lassa Fever,3,0.31718435883522034,0.315202534198761,0.36761313676834106
2024,2021,Measles,4,0.3216851055622101,0.31726714968681335,0.36104774475097656
2024,2021,Mpox,5,0.3143763840198517,0.31623154878616333,0.3693920969963074
2024,2021,Yellow Fever,6,0.3256886303424835,0.31447944045066833,0.35983186960220337
2024,2021,AFP,0,0.36509108543395996,0.34968051314353943,0.2852284014225006
2024,2021,CSM,1,0.36594903469085693,0.34866684675216675,0.2853841483592987
2024,2021,Cholera,2,0.3662935793399811,0.3462262451648712,0.28748011589050293
2024,2021,Lassa Fever,3,0.36686718463897705,0.3487620949745178,0.2843707501888275
2024,2021,Measles,4,0.36940765380859375,0.35045531392097473,0.2801370918750763
2024,2021,Mpox,5,0.36155709624290466,0.34843212366104126,0.2900107502937317
2024,2021,Yellow Fever,6,0.36983972787857056,0.3443028926849365,0.2858573794364929
2024,2021,AFP,0,0.4108703136444092,0.3666847050189972,0.22244496643543243
2024,2021,CSM,1,0.41436052322387695,0.3653148114681244,0.2203245908021927
2024,2021,Cholera,2,0.41628387570381165,0.3603495955467224,0.22336658835411072
2024,2021,Lassa Fever,3,0.40870845317840576,0.36855876445770264,0.2227327823638916
2024,2021,Measles,4,0.41819822788238525,0.3620702624320984,0.21973146498203278
2024,2021,Mpox,5,0.4056316614151001,0.36894503235816956,0.22542324662208557
2024,2021,Yellow Fever,6,0.4185672998428345,0.35837024450302124,0.2230624556541443
2024,2021,AFP,0,0.3870801031589508,0.3149252235889435,0.2979946732521057
2024,2021,CSM,1,0.39026373624801636,0.3181346654891968,0.29160159826278687
2024,2021,Cholera,2,0.38654017448425293,0.3155713677406311,0.29788845777511597
2024,2021,Lassa Fever,3,0.387641966342926,0.31418561935424805,0.29817235469818115
2024,2021,Measles,4,0.39027145504951477,0.31559595465660095,0.2941325604915619
2024,2021,Mpox,5,0.3845122158527374,0.3149283230304718,0.300559401512146
2024,2021,Yellow Fever,6,0.3891465365886688,0.31663867831230164,0.2942146956920624
2024,2021,AFP,0,0.3594992160797119,0.3223735988140106,0.31812721490859985
2024,2021,CSM,1,0.36176061630249023,0.3245055675506592,0.3137337863445282
2024,2021,Cholera,2,0.3616334795951843,0.32195043563842773,0.31641608476638794
2024,2021,Lassa Fever,3,0.3626677393913269,0.3214053511619568,0.3159269392490387
2024,2021,Measles,4,0.35857823491096497,0.32122600078582764,0.3201957643032074
2024,2021,Mpox,5,0.36073732376098633,0.3247186541557312,0.31454405188560486
2024,2021,Yellow Fever,6,0.36079031229019165,0.3225688636302948,0.31664085388183594
2024,2021,AFP,0,0.35832738876342773,0.32668882608413696,0.3149838447570801
2024,2021,CSM,1,0.3663882315158844,0.32377704977989197,0.30983468890190125
2024,2021,Cholera,2,0.3664913773536682,0.3223881423473358,0.31112051010131836
2024,2021,Lassa Fever,3,0.3623177409172058,0.32542887330055237,0.31225335597991943
2024,2021,Measles,4,0.3611452281475067,0.3232562243938446,0.3155984878540039
2024,2021,Mpox,5,0.35966888070106506,0.32858484983444214,0.3117462694644928
2024,2021,Yellow Fever,6,0.3661899268627167,0.32209739089012146,0.31171268224716187
2024,2021,AFP,0,0.2997688949108124,0.31612929701805115,0.3841017484664917
2024,2021,CSM,1,0.3042007386684418,0.3131038546562195,0.38269540667533875
2024,2021,Cholera,2,0.31210649013519287,0.31010663509368896,0.37778687477111816
2024,2021,Lassa Fever,3,0.29897376894950867,0.3144320547580719,0.3865942060947418
2024,2021,Measles,4,0.3094043731689453,0.308199405670166,0.38239622116088867
2024,2021,Mpox,5,0.29531189799308777,0.3186444640159607,0.38604360818862915
2024,2021,Yellow Fever,6,0.3148758113384247,0.30865615606307983,0.3764679729938507
2024,2021,AFP,0,0.36374950408935547,0.25598132610321045,0.3802691698074341
2024,2021,CSM,1,0.37039822340011597,0.25437942147254944,0.375222384929657
2024,2021,Cholera,2,0.37266772985458374,0.25658515095710754,0.3707471191883087
2024,2021,Lassa Fever,3,0.36277323961257935,0.25313591957092285,0.3840909004211426
2024,2021,Measles,4,0.37589263916015625,0.25528132915496826,0.3688259720802307
2024,2021,Mpox,5,0.3557680547237396,0.25710272789001465,0.3871292769908905
2024,2021,Yellow Fever,6,0.37688300013542175,0.25374841690063477,0.36936864256858826
2024,2021,AFP,0,0.38795900344848633,0.2487245351076126,0.3633164167404175
2024,2021,CSM,1,0.3943677842617035,0.24757085740566254,0.35806137323379517
2024,2021,Cholera,2,0.40183624625205994,0.2432260662317276,0.3549376428127289
2024,2021,Lassa Fever,3,0.3868404030799866,0.2479304075241089,0.36522918939590454
2024,2021,Measles,4,0.3970753848552704,0.24285992980003357,0.36006468534469604
2024,2021,Mpox,5,0.38438329100608826,0.25040262937545776,0.36521410942077637
2024,2021,Yellow Fever,6,0.4033372402191162,0.24441032111644745,0.35225242376327515
2024,2021,AFP,0,0.4282926321029663,0.25782346725463867,0.313883900642395
2024,2021,CSM,1,0.4369632303714752,0.2573927342891693,0.3056440055370331
2024,2021,Cholera,2,0.4350113868713379,0.26046475768089294,0.30452391505241394
2024,2021,Lassa Fever,3,0.4305518567562103,0.25476789474487305,0.31468021869659424
2024,2021,Measles,4,0.438803493976593,0.25531601905822754,0.30588048696517944
2024,2021,Mpox,5,0.4216346740722656,0.2601010799407959,0.3182642459869385
2024,2021,Yellow Fever,6,0.4387364685535431,0.2581191956996918,0.30314427614212036
2024,2021,AFP,0,0.4064294397830963,0.353558748960495,0.24001175165176392
2024,2021,CSM,1,0.41218301653862,0.35501188039779663,0.232805073261261
2024,2021,Cholera,2,0.4186685383319855,0.348854660987854,0.23247672617435455
2024,2021,Lassa Fever,3,0.407046377658844,0.3544897437095642,0.23846381902694702
2024,2021,Measles,4,0.4149129390716553,0.3513142168521881,0.23377281427383423
2024,2021,Mpox,5,0.40223270654678345,0.3555479943752289,0.24221926927566528
2024,2021,Yellow Fever,6,0.4226958155632019,0.3481166362762451,0.22918759286403656
2024,2021,AFP,0,0.42595812678337097,0.2504369616508484,0.32360491156578064
2024,2021,CSM,1,0.4345914125442505,0.25056594610214233,0.3148425817489624
2024,2021,Cholera,2,0.4323245584964752,0.2564769983291626,0.31119850277900696
2024,2021,Lassa Fever,3,0.42579197883605957,0.2503547966480255,0.32385316491127014
2024,2021,Measles,4,0.43442294001579285,0.25050124526023865,0.3150758147239685
2024,2021,Mpox,5,0.41907477378845215,0.2530025541782379,0.32792261242866516
2024,2021,Yellow Fever,6,0.4363729655742645,0.25374123454093933,0.30988579988479614
2024,2021,AFP,0,0.42736756801605225,0.16939647495746613,0.4032360017299652
2024,2021,CSM,1,0.4280804395675659,0.17293252050876617,0.39898696541786194
2024,2021,Cholera,2,0.43584638833999634,0.16999103128910065,0.3941625952720642
2024,2021,Lassa Fever,3,0.4254291355609894,0.16914676129817963,0.4054241180419922
2024,2021,Measles,4,0.4264918565750122,0.17346739768981934,0.40004071593284607
2024,2021,Mpox,5,0.42422911524772644,0.16661454737186432,0.40915635228157043
2024,2021,Yellow Fever,6,0.4288110136985779,0.17178571224212646,0.3994032144546509
2024,2021,AFP,0,0.39747798442840576,0.3858183026313782,0.21670368313789368
2024,2021,CSM,1,0.4012176990509033,0.38786885142326355,0.2109135389328003
2024,2021,Cholera,2,0.40380990505218506,0.3833678662776947,0.21282224357128143
2024,2021,Lassa Fever,3,0.3962253928184509,0.38547202944755554,0.21830259263515472
2024,2021,Measles,4,0.40219002962112427,0.3848433792591095,0.21296648681163788
2024,2021,Mpox,5,0.3928356468677521,0.3879086673259735,0.21925559639930725
2024,2021,Yellow Fever,6,0.4069170355796814,0.38245758414268494,0.2106253057718277
2024,2021,AFP,0,0.3995091915130615,0.20937709510326385,0.3911137282848358
2024,2021,CSM,1,0.4019993841648102,0.21455998718738556,0.38344061374664307
2024,2021,Cholera,2,0.40777671337127686,0.2100934535264969,0.38212987780570984
2024,2021,Lassa Fever,3,0.4000382125377655,0.20726098120212555,0.39270082116127014
2024,2021,Measles,4,0.40762168169021606,0.20880085229873657,0.3835773766040802
2024,2021,Mpox,5,0.39472660422325134,0.21085886657238007,0.3944145143032074
2024,2021,Yellow Fever,6,0.4065331816673279,0.2134559154510498,0.3800108730792999
2024,2021,AFP,0,0.3341090679168701,0.3759196996688843,0.289971262216568
2024,2021,CSM,1,0.33403638005256653,0.38400790095329285,0.28195568919181824
2024,2021,Cholera,2,0.3408318758010864,0.37625977396965027,0.2829083502292633
2024,2021,Lassa Fever,3,0.33278772234916687,0.3740960359573364,0.2931163012981415
2024,2021,Measles,4,0.3414904475212097,0.3733064830303192,0.28520306944847107
2024,2021,Mpox,5,0.32921546697616577,0.37772732973098755,0.2930571734905243
2024,2021,Yellow Fever,6,0.34386077523231506,0.37632012367248535,0.279819130897522
2024,2021,AFP,0,0.31016606092453003,0.3300286829471588,0.3598053455352783
2024,2021,CSM,1,0.31839752197265625,0.333589643239975,0.34801286458969116
2024,2021,Cholera,2,0.3171784579753876,0.33141186833381653,0.3514096736907959
2024,2021,Lassa Fever,3,0.3099386990070343,0.3274758458137512,0.3625854253768921
2024,2021,Measles,4,0.31805965304374695,0.3293943405151367,0.35254600644111633
2024,2021,Mpox,5,0.30997422337532043,0.32845592498779297,0.361569881439209
2024,2021,Yellow Fever,6,0.32178157567977905,0.3305133581161499,0.34770509600639343
2024,2021,AFP,0,0.2685232162475586,0.36589959263801575,0.3655772805213928
2024,2021,CSM,1,0.27953940629959106,0.3632514178752899,0.3572092056274414
2024,2021,Cholera,2,0.2763693928718567,0.3717562258243561,0.3518744111061096
2024,2021,Lassa Fever,3,0.2661304175853729,0.3666343688964844,0.3672351837158203
2024,2021,Measles,4,0.27480873465538025,0.36149588227272034,0.3636953830718994
2024,2021,Mpox,5,0.265656054019928,0.3688364326953888,0.3655075132846832
2024,2021,Yellow Fever,6,0.2798554301261902,0.3696931004524231,0.35045143961906433
2024,2021,AFP,0,0.2738610804080963,0.4135579466819763,0.3125808537006378
2024,2021,CSM,1,0.28415578603744507,0.4125315546989441,0.30331262946128845
2024,2021,Cholera,2,0.2810925543308258,0.41970017552375793,0.2992072105407715
2024,2021,Lassa Fever,3,0.2729206383228302,0.4110967218875885,0.31598255038261414
2024,2021,Measles,4,0.28030261397361755,0.4085265100002289,0.3111708462238312
2024,2021,Mpox,5,0.2715813219547272,0.41598013043403625,0.3124385178089142
2024,2021,Yellow Fever,6,0.2847687602043152,0.4185275137424469,0.2967037558555603
2024,2021,AFP,0,0.2943260073661804,0.41102108359336853,0.29465293884277344
2024,2021,CSM,1,0.3047899007797241,0.4102918803691864,0.2849182188510895
2024,2021,Cholera,2,0.30033639073371887,0.4166666865348816,0.28299689292907715
2024,2021,Lassa Fever,3,0.29451245069503784,0.4095308184623718,0.29595670104026794
2024,2021,Measles,4,0.30070778727531433,0.40724584460258484,0.2920463979244232
2024,2021,Mpox,5,0.2931467294692993,0.4130283296108246,0.2938249409198761
2024,2021,Yellow Fever,6,0.30491963028907776,0.4156262278556824,0.27945420145988464
2024,2022,AFP,0,0.25439080595970154,0.27638301253318787,0.4692261219024658
2024,2022,CSM,1,0.26609188318252563,0.2444939762353897,0.48941412568092346
2024,2022,Cholera,2,0.25546783208847046,0.2719545364379883,0.47257766127586365
2024,2022,Lassa Fever,3,0.24566982686519623,0.28239426016807556,0.4719359278678894
2024,2022,Measles,4,0.2566918432712555,0.2613103687763214,0.4819978177547455
2024,2022,Mpox,5,0.26582297682762146,0.2671886086463928,0.4669884145259857
2024,2022,Yellow Fever,6,0.26551663875579834,0.2764369547367096,0.45804640650749207
2024,2022,AFP,0,0.17156240344047546,0.5761245489120483,0.2523130476474762
2024,2022,CSM,1,0.199907124042511,0.5133978724479675,0.2866950035095215
2024,2022,Cholera,2,0.18227043747901917,0.5546419024467468,0.263087660074234
2024,2022,Lassa Fever,3,0.17729391157627106,0.5503184795379639,0.27238765358924866
2024,2022,Measles,4,0.189693421125412,0.5230941772460938,0.2872123718261719
2024,2022,Mpox,5,0.18410012125968933,0.5536014437675476,0.26229843497276306
2024,2022,Yellow Fever,6,0.1760816127061844,0.5798039436340332,0.24411450326442719
2024,2022,AFP,0,0.1883656084537506,0.27360081672668457,0.5380336046218872
2024,2022,CSM,1,0.2009567767381668,0.25145843625068665,0.5475848317146301
2024,2022,Cholera,2,0.18586231768131256,0.2665066719055176,0.5476309657096863
2024,2022,Lassa Fever,3,0.18507970869541168,0.25790074467658997,0.5570195317268372
2024,2022,Measles,4,0.19160141050815582,0.2567339837551117,0.5516645908355713
2024,2022,Mpox,5,0.18779413402080536,0.2701515257358551,0.5420543551445007
2024,2022,Yellow Fever,6,0.18435423076152802,0.2832207977771759,0.5324249863624573
2024,2022,AFP,0,0.14849966764450073,0.2390170842409134,0.6124833226203918
2024,2022,CSM,1,0.15173588693141937,0.21907544136047363,0.6291887164115906
2024,2022,Cholera,2,0.1475982964038849,0.22503650188446045,0.6273651719093323
2024,2022,Lassa Fever,3,0.14916542172431946,0.2176487296819687,0.6331858038902283
2024,2022,Measles,4,0.15277308225631714,0.2171769142150879,0.630050003528595
2024,2022,Mpox,5,0.14441676437854767,0.22099657356739044,0.6345866918563843
2024,2022,Yellow Fever,6,0.14185437560081482,0.2261500358581543,0.6319956183433533
2024,2022,AFP,0,0.17255941033363342,0.3352092504501343,0.4922313690185547
2024,2022,CSM,1,0.17252117395401,0.3176080584526062,0.5098708271980286
2024,2022,Cholera,2,0.1672697812318802,0.3312240242958069,0.5015061497688293
2024,2022,Lassa Fever,3,0.1671387106180191,0.33154523372650146,0.5013160109519958
2024,2022,Measles,4,0.16845488548278809,0.32703885436058044,0.5045062899589539
2024,2022,Mpox,5,0.16796325147151947,0.32756876945495605,0.5044679641723633
2024,2022,Yellow Fever,6,0.17162223160266876,0.3257441520690918,0.5026336908340454
2024,2022,AFP,0,0.1242671087384224,0.48347899317741394,0.39225393533706665
2024,2022,CSM,1,0.1394079327583313,0.4505704939365387,0.4100215435028076
2024,2022,Cholera,2,0.1260385513305664,0.48113957047462463,0.3928218483924866
2024,2022,Lassa Fever,3,0.11841879785060883,0.5098209977149963,0.37176021933555603
2024,2022,Measles,4,0.13261348009109497,0.4693183898925781,0.3980681896209717
2024,2022,Mpox,5,0.1259651482105255,0.5010750889778137,0.37295979261398315
2024,2022,Yellow Fever,6,0.1198270246386528,0.509983479976654,0.37018948793411255
2024,2022,AFP,0,0.1551942229270935,0.4766637086868286,0.36814209818840027
2024,2022,CSM,1,0.1805902123451233,0.4392818212509155,0.38012802600860596
2024,2022,Cholera,2,0.1602543294429779,0.4726123809814453,0.3671332597732544
2024,2022,Lassa Fever,3,0.15472427010536194,0.4875849187374115,0.35769081115722656
2024,2022,Measles,4,0.1752275973558426,0.455066978931427,0.3697054982185364
2024,2022,Mpox,5,0.1719563901424408,0.4666174650192261,0.3614261746406555
2024,2022,Yellow Fever,6,0.15716451406478882,0.4884014129638672,0.3544340133666992
2024,2022,AFP,0,0.13103634119033813,0.5837191939353943,0.2852444648742676
2024,2022,CSM,1,0.14289285242557526,0.5615766048431396,0.29553061723709106
2024,2022,Cholera,2,0.12978142499923706,0.5837005376815796,0.28651800751686096
2024,2022,Lassa Fever,3,0.12190542370080948,0.6094316840171814,0.2686628997325897
2024,2022,Measles,4,0.13531062006950378,0.5803041458129883,0.28438523411750793
2024,2022,Mpox,5,0.12881827354431152,0.5955081582069397,0.2756735384464264
2024,2022,Yellow Fever,6,0.12265435606241226,0.6054696440696716,0.2718760371208191
2024,2022,AFP,0,0.16032609343528748,0.47959765791893005,0.36007624864578247
2024,2022,CSM,1,0.18626175820827484,0.44326281547546387,0.3704754710197449
2024,2022,Cholera,2,0.16537491977214813,0.4751811623573303,0.35944387316703796
2024,2022,Lassa Fever,3,0.15980744361877441,0.4909476935863495,0.3492448329925537
2024,2022,Measles,4,0.1808035522699356,0.4578011929988861,0.3613952696323395
2024,2022,Mpox,5,0.17720511555671692,0.4704605042934418,0.35233446955680847
2024,2022,Yellow Fever,6,0.16202834248542786,0.49072131514549255,0.34725040197372437
2024,2022,AFP,0,0.097917839884758,0.6409777402877808,0.26110443472862244
2024,2022,CSM,1,0.10753154754638672,0.6283483505249023,0.2641201317310333
2024,2022,Cholera,2,0.09724242985248566,0.6464367508888245,0.2563207447528839
2024,2022,Lassa Fever,3,0.08980849385261536,0.6711759567260742,0.2390156090259552
2024,2022,Measles,4,0.10032045096158981,0.6464998126029968,0.25317972898483276
2024,2022,Mpox,5,0.09658001363277435,0.6629219651222229,0.24049809575080872
2024,2022,Yellow Fever,6,0.09248232841491699,0.6669399738311768,0.24057774245738983
2024,2022,AFP,0,0.14375445246696472,0.6151824593544006,0.24106304347515106
2024,2022,CSM,1,0.17240704596042633,0.546241044998169,0.2813519537448883
2024,2022,Cholera,2,0.15240304172039032,0.5833559036254883,0.2642410397529602
2024,2022,Lassa Fever,3,0.14446969330310822,0.6129105687141418,0.24261973798274994
2024,2022,Measles,4,0.16176439821720123,0.5667306184768677,0.27150505781173706
2024,2022,Mpox,5,0.14616894721984863,0.5992194414138794,0.2546115815639496
2024,2022,Yellow Fever,6,0.1398211270570755,0.6184964776039124,0.2416824847459793
2024,2022,AFP,0,0.13536332547664642,0.7180689573287964,0.1465676873922348
2024,2022,CSM,1,0.16765646636486053,0.6516827344894409,0.18066082894802094
2024,2022,Cholera,2,0.14448699355125427,0.6955240964889526,0.15998896956443787
2024,2022,Lassa Fever,3,0.13451360166072845,0.715707004070282,0.14977934956550598
2024,2022,Measles,4,0.1559571623802185,0.6639767289161682,0.18006618320941925
2024,2022,Mpox,5,0.1368636190891266,0.7122993469238281,0.15083692967891693
2024,2022,Yellow Fever,6,0.1301569640636444,0.7378178238868713,0.13202521204948425
2024,2022,AFP,0,0.1322384625673294,0.7349893450737,0.13277222216129303
2024,2022,CSM,1,0.16370929777622223,0.6750649809837341,0.16122575104236603
2024,2022,Cholera,2,0.13975948095321655,0.717182993888855,0.14305751025676727
2024,2022,Lassa Fever,3,0.13207292556762695,0.7366305589675903,0.1312965303659439
2024,2022,Measles,4,0.14651530981063843,0.7019110918045044,0.15157361328601837
2024,2022,Mpox,5,0.13322246074676514,0.7312780022621155,0.13549955189228058
2024,2022,Yellow Fever,6,0.1273464560508728,0.7462467551231384,0.12640677392482758
2024,2022,AFP,0,0.25070521235466003,0.5378605127334595,0.2114342600107193
2024,2022,CSM,1,0.2739942669868469,0.4941863715648651,0.23181934654712677
2024,2022,Cholera,2,0.257315993309021,0.5250380635261536,0.21764589846134186
2024,2022,Lassa Fever,3,0.2418503761291504,0.5480179786682129,0.21013164520263672
2024,2022,Measles,4,0.25132817029953003,0.5205515027046204,0.22812031209468842
2024,2022,Mpox,5,0.25209665298461914,0.5384039878845215,0.2094993144273758
2024,2022,Yellow Fever,6,0.2529621124267578,0.5442340970039368,0.20280376076698303
2024,2022,AFP,0,0.25058111548423767,0.519075870513916,0.2303430438041687
2024,2022,CSM,1,0.2731476128101349,0.47639238834381104,0.2504599392414093
2024,2022,Cholera,2,0.2581058740615845,0.5020841956138611,0.23980993032455444
2024,2022,Lassa Fever,3,0.24362511932849884,0.524249792098999,0.23212513327598572
2024,2022,Measles,4,0.2513640820980072,0.49863243103027344,0.25000348687171936
2024,2022,Mpox,5,0.2559516429901123,0.5147390365600586,0.2293093055486679
2024,2022,Yellow Fever,6,0.25863170623779297,0.5206584930419922,0.22070978581905365
2024,2023,AFP,0,0.27910953760147095,0.5651273131370544,0.1557631492614746
2024,2023,CSM,1,0.2776426374912262,0.5649183392524719,0.15743906795978546
2024,2023,Cholera,2,0.2829688489437103,0.5649399757385254,0.15209120512008667
2024,2023,Lassa Fever,3,0.27765730023384094,0.5627679228782654,0.15957480669021606
2024,2023,Measles,4,0.2738053500652313,0.5623252987861633,0.16386930644512177
2024,2023,Mpox,5,0.27792105078697205,0.5670471787452698,0.1550317108631134
2024,2023,Yellow Fever,6,0.28933626413345337,0.5537545084953308,0.15690921247005463
2024,2023,AFP,0,0.36080291867256165,0.4334034025669098,0.2057936042547226
2024,2023,CSM,1,0.36259889602661133,0.4353136420249939,0.20208740234375
2024,2023,Cholera,2,0.3576509952545166,0.44077950716018677,0.20156948268413544
2024,2023,Lassa Fever,3,0.3600075840950012,0.4370795786380768,0.2029128074645996
2024,2023,Measles,4,0.3650536835193634,0.43181872367858887,0.20312754809856415
2024,2023,Mpox,5,0.35638949275016785,0.4406944215297699,0.20291602611541748
2024,2023,Yellow Fever,6,0.3705260157585144,0.4269951283931732,0.20247884094715118
2024,2023,AFP,0,0.22892485558986664,0.5727320909500122,0.198342964053154
2024,2023,CSM,1,0.23366163671016693,0.5727819800376892,0.19355638325214386
2024,2023,Cholera,2,0.22908292710781097,0.5819252729415894,0.18899168074131012
2024,2023,Lassa Fever,3,0.2293471395969391,0.573639988899231,0.19701293110847473
2024,2023,Measles,4,0.23369136452674866,0.5669946074485779,0.19931399822235107
2024,2023,Mpox,5,0.22638645768165588,0.5836227536201477,0.1899908035993576
2024,2023,Yellow Fever,6,0.23938387632369995,0.565049946308136,0.19556614756584167
2024,2023,AFP,0,0.15556275844573975,0.726320743560791,0.11811646074056625
2024,2023,CSM,1,0.15697155892848969,0.7234748005867004,0.11955369263887405
2024,2023,Cholera,2,0.15462085604667664,0.731124997138977,0.11425413191318512
2024,2023,Lassa Fever,3,0.15515266358852386,0.7254549860954285,0.11939238011837006
2024,2023,Measles,4,0.15738874673843384,0.7184063196182251,0.12420491129159927
2024,2023,Mpox,5,0.1522093415260315,0.731184720993042,0.11660592257976532
2024,2023,Yellow Fever,6,0.16002240777015686,0.7215799689292908,0.11839765310287476
2024,2023,AFP,0,0.20244993269443512,0.6704984307289124,0.12705157697200775
2024,2023,CSM,1,0.20029494166374207,0.6720118522644043,0.12769316136837006
2024,2023,Cholera,2,0.198162242770195,0.6743978261947632,0.12743988633155823
2024,2023,Lassa Fever,3,0.1996745765209198,0.6720787882804871,0.12824662029743195
2024,2023,Measles,4,0.20316176116466522,0.6658257842063904,0.1310124695301056
2024,2023,Mpox,5,0.19778823852539062,0.6721208095550537,0.13009095191955566
2024,2023,Yellow Fever,6,0.20506048202514648,0.6673778295516968,0.12756167352199554
2024,2023,AFP,0,0.15635938942432404,0.7326880097389221,0.11095259338617325
2024,2023,CSM,1,0.15699931979179382,0.7290659546852112,0.11393473297357559
2024,2023,Cholera,2,0.15539437532424927,0.7320390343666077,0.11256656795740128
2024,2023,Lassa Fever,3,0.15761886537075043,0.7275003790855408,0.11488081514835358
2024,2023,Measles,4,0.16130144894123077,0.7182571291923523,0.12044145166873932
2024,2023,Mpox,5,0.1555919647216797,0.7295104265213013,0.11489766091108322
2024,2023,Yellow Fever,6,0.15942475199699402,0.7274987101554871,0.11307651549577713
2024,2023,AFP,0,0.17385929822921753,0.723244845867157,0.10289584845304489
2024,2023,CSM,1,0.17397889494895935,0.7199674248695374,0.1060536801815033
2024,2023,Cholera,2,0.17220698297023773,0.7218905687332153,0.10590248554944992
2024,2023,Lassa Fever,3,0.17409850656986237,0.7183362245559692,0.10756527632474899
2024,2023,Measles,4,0.1780945211648941,0.7096865177154541,0.11221896857023239
2024,2023,Mpox,5,0.1718967854976654,0.7190033793449402,0.10909978300333023
2024,2023,Yellow Fever,6,0.1773538440465927,0.7172212600708008,0.10542480647563934
2024,2023,AFP,0,0.18368393182754517,0.7370963096618652,0.07921972125768661
2024,2023,CSM,1,0.18453079462051392,0.7360736131668091,0.07939550280570984
2024,2023,Cholera,2,0.1832083761692047,0.7373714447021484,0.07942018657922745
2024,2023,Lassa Fever,3,0.18406063318252563,0.7369018793106079,0.07903741300106049
2024,2023,Measles,4,0.1888134777545929,0.728541374206543,0.08264515548944473
2024,2023,Mpox,5,0.18396049737930298,0.7371811866760254,0.07885832339525223
2024,2023,Yellow Fever,6,0.18813757598400116,0.7318276166915894,0.0800347551703453
2024,2023,AFP,0,0.3109925389289856,0.4690091609954834,0.21999822556972504
2024,2023,CSM,1,0.30822640657424927,0.46631133556365967,0.22546225786209106
2024,2023,Cholera,2,0.30671021342277527,0.4673317074775696,0.22595800459384918
2024,2023,Lassa Fever,3,0.3060709536075592,0.4667525291442871,0.2271764576435089
2024,2023,Measles,4,0.31094494462013245,0.4549696743488312,0.23408538103103638
2024,2023,Mpox,5,0.30402812361717224,0.4651689827442169,0.23080289363861084
2024,2023,Yellow Fever,6,0.31449249386787415,0.46182161569595337,0.22368590533733368
2024,2023,AFP,0,0.2092992514371872,0.6947928667068481,0.09590797126293182
2024,2023,CSM,1,0.2092844843864441,0.6921295523643494,0.09858602285385132
2024,2023,Cholera,2,0.2076265513896942,0.693619966506958,0.0987534448504448
2024,2023,Lassa Fever,3,0.2089536190032959,0.6917519569396973,0.09929440915584564
2024,2023,Measles,4,0.2147396206855774,0.6817995309829712,0.10346085578203201
2024,2023,Mpox,5,0.20923304557800293,0.6897221207618713,0.10104484111070633
2024,2023,Yellow Fever,6,0.21387195587158203,0.6879907846450806,0.09813724458217621
2024,2023,AFP,0,0.14128535985946655,0.7901641130447388,0.06855049729347229
2024,2023,CSM,1,0.14150287210941315,0.7906295657157898,0.06786762177944183
2024,2023,Cholera,2,0.14061178267002106,0.790462076663971,0.0689261183142662
2024,2023,Lassa Fever,3,0.1402669996023178,0.7914930582046509,0.06824003905057907
2024,2023,Measles,4,0.14468041062355042,0.7845030426979065,0.07081659883260727
2024,2023,Mpox,5,0.14046578109264374,0.7913600206375122,0.06817419826984406
2024,2023,Yellow Fever,6,0.14540448784828186,0.7866641283035278,0.06793136149644852
2024,2023,AFP,0,0.15614420175552368,0.7067432999610901,0.13711246848106384
2024,2023,CSM,1,0.15669694542884827,0.7064517736434937,0.13685129582881927
2024,2023,Cholera,2,0.15359531342983246,0.7101313471794128,0.1362733542919159
2024,2023,Lassa Fever,3,0.15653972327709198,0.707565426826477,0.13589484989643097
2024,2023,Measles,4,0.16032490134239197,0.6975637674331665,0.14211131632328033
2024,2023,Mpox,5,0.15574562549591064,0.7096344232559204,0.13461990654468536
2024,2023,Yellow Fever,6,0.16085904836654663,0.7005512118339539,0.1385897845029831
2024,2023,AFP,0,0.20437006652355194,0.5873380899429321,0.20829185843467712
2024,2023,CSM,1,0.21025922894477844,0.5820019245147705,0.20773884654045105
2024,2023,Cholera,2,0.20497998595237732,0.5899969339370728,0.20502310991287231
2024,2023,Lassa Fever,3,0.21180090308189392,0.5799420475959778,0.20825695991516113
2024,2023,Measles,4,0.21344290673732758,0.5689759254455566,0.21758124232292175
2024,2023,Mpox,5,0.20810888707637787,0.5833305716514587,0.2085605412721634
2024,2023,Yellow Fever,6,0.20941276848316193,0.5854945778846741,0.2050926834344864
2024,2023,AFP,0,0.18371810019016266,0.5995178818702698,0.21676404774188995
2024,2023,CSM,1,0.1894633024930954,0.5868229866027832,0.22371375560760498
2024,2023,Cholera,2,0.18258453905582428,0.5988234281539917,0.21859204769134521
2024,2023,Lassa Fever,3,0.1886603683233261,0.5853520035743713,0.22598762810230255
2024,2023,Measles,4,0.19171857833862305,0.5755280256271362,0.23275335133075714
2024,2023,Mpox,5,0.1833830028772354,0.5947902202606201,0.22182685136795044
2024,2023,Yellow Fever,6,0.1947605162858963,0.5828689336776733,0.222370445728302
2024,2023,AFP,0,0.22045813500881195,0.5406592488288879,0.23888258635997772
2024,2023,CSM,1,0.22634495794773102,0.5281081199645996,0.24554692208766937
2024,2023,Cholera,2,0.220009908080101,0.5389317870140076,0.24105830490589142
2024,2023,Lassa Fever,3,0.22573302686214447,0.5259908437728882,0.24827615916728973
2024,2023,Measles,4,0.22940605878829956,0.5150754451751709,0.25551849603652954
2024,2023,Mpox,5,0.2202615737915039,0.5354787707328796,0.24425968527793884
2024,2023,Yellow Fever,6,0.2323807328939438,0.5238568186759949,0.24376249313354492
2024,2023,AFP,0,0.26241010427474976,0.4308928847312927,0.3066970407962799
2024,2023,CSM,1,0.2682686150074005,0.42166176438331604,0.31006962060928345
2024,2023,Cholera,2,0.2615831196308136,0.4316142201423645,0.3068026900291443
2024,2023,Lassa Fever,3,0.263644278049469,0.42724713683128357,0.3091086149215698
2024,2023,Measles,4,0.26847049593925476,0.4151311218738556,0.3163982927799225
2024,2023,Mpox,5,0.2624921500682831,0.43159693479537964,0.3059108853340149
2024,2023,Yellow Fever,6,0.27460116147994995,0.4168337881565094,0.3085651397705078
2024,2023,AFP,0,0.2970075309276581,0.44194233417510986,0.26105019450187683
2024,2023,CSM,1,0.30266132950782776,0.44014206528663635,0.2571966052055359
2024,2023,Cholera,2,0.2982930541038513,0.4443220794200897,0.2573848366737366
2024,2023,Lassa Fever,3,0.3015673756599426,0.43960320949554443,0.25882941484451294
2024,2023,Measles,4,0.3092654347419739,0.4274762272834778,0.2632583975791931
2024,2023,Mpox,5,0.3033830523490906,0.4409145414829254,0.2557024657726288
2024,2023,Yellow Fever,6,0.3048391044139862,0.4333481192588806,0.2618127763271332
2024,2023,AFP,0,0.24333754181861877,0.3806236982345581,0.3760387897491455
2024,2023,CSM,1,0.24664005637168884,0.3760579228401184,0.37730202078819275
2024,2023,Cholera,2,0.23928648233413696,0.3824361264705658,0.37827739119529724
2024,2023,Lassa Fever,3,0.24232934415340424,0.38073572516441345,0.3769349157810211
2024,2023,Measles,4,0.24533334374427795,0.3741917312145233,0.3804749548435211
2024,2023,Mpox,5,0.24107737839221954,0.38681134581565857,0.3721112608909607
2024,2023,Yellow Fever,6,0.2516462504863739,0.3723977506160736,0.37595605850219727
2024,2023,AFP,0,0.2968900501728058,0.4205869734287262,0.2825230062007904
2024,2023,CSM,1,0.2971009612083435,0.4190685749053955,0.2838304042816162
2024,2023,Cholera,2,0.3007165193557739,0.4162002205848694,0.2830832898616791
2024,2023,Lassa Fever,3,0.2990688681602478,0.41815850138664246,0.28277266025543213
2024,2023,Measles,4,0.2946317195892334,0.4173261225223541,0.2880421578884125
2024,2023,Mpox,5,0.29836946725845337,0.4158249795436859,0.2858055531978607
2024,2023,Yellow Fever,6,0.2994793653488159,0.41806942224502563,0.28245115280151367
2024,2023,AFP,0,0.25430116057395935,0.3761773705482483,0.3695214092731476
2024,2023,CSM,1,0.25748389959335327,0.36934465169906616,0.37317147850990295
2024,2023,Cholera,2,0.25554361939430237,0.3752190172672272,0.36923739314079285
2024,2023,Lassa Fever,3,0.25236228108406067,0.3746454417705536,0.37299224734306335
2024,2023,Measles,4,0.25597694516181946,0.3669460713863373,0.37707701325416565
2024,2023,Mpox,5,0.25600799918174744,0.37346208095550537,0.37052997946739197
2024,2023,Yellow Fever,6,0.2570273280143738,0.36987510323524475,0.3730975091457367
2024,2023,AFP,0,0.30245906114578247,0.25202879309654236,0.4455121159553528
2024,2023,CSM,1,0.307822585105896,0.24785056710243225,0.4443269371986389
2024,2023,Cholera,2,0.30231937766075134,0.2549709379673004,0.44270965456962585
2024,2023,Lassa Fever,3,0.30159199237823486,0.2504690885543823,0.44793882966041565
2024,2023,Measles,4,0.3048075735569,0.2450774610042572,0.4501149654388428
2024,2023,Mpox,5,0.30154380202293396,0.25224941968917847,0.4462067782878876
2024,2023,Yellow Fever,6,0.3147296607494354,0.2451074868440628,0.44016286730766296
2024,2023,AFP,0,0.23363135755062103,0.3407990038394928,0.42556965351104736
2024,2023,CSM,1,0.23593328893184662,0.33733150362968445,0.4267352223396301
2024,2023,Cholera,2,0.23055565357208252,0.3407469093799591,0.4286974370479584
2024,2023,Lassa Fever,3,0.23116376996040344,0.33740857243537903,0.4314277172088623
2024,2023,Measles,4,0.23544856905937195,0.33379635214805603,0.43075504899024963
2024,2023,Mpox,5,0.23164647817611694,0.3388655185699463,0.42948803305625916
2024,2023,Yellow Fever,6,0.24058082699775696,0.33501890301704407,0.4244002103805542
2024,2024,AFP,0,0.2516098916530609,0.5201241374015808,0.22826601564884186
2024,2024,CSM,1,0.2479979693889618,0.5275745391845703,0.22442744672298431
2024,2024,Cholera,2,0.24508917331695557,0.5396374464035034,0.21527335047721863
2024,2024,Lassa Fever,3,0.25442394614219666,0.4900764524936676,0.25549963116645813
2024,2024,Measles,4,0.2535543441772461,0.500432014465332,0.2460135668516159
2024,2024,Mpox,5,0.24394898116588593,0.5366005897521973,0.2194504290819168
2024,2024,Yellow Fever,6,0.23962284624576569,0.5613583922386169,0.19901876151561737
2024,2024,AFP,0,0.20812928676605225,0.6274839639663696,0.16438671946525574
2024,2024,CSM,1,0.20468418300151825,0.6333739757537842,0.1619417518377304
2024,2024,Cholera,2,0.2011551558971405,0.6433402299880981,0.15550455451011658
2024,2024,Lassa Fever,3,0.21425428986549377,0.6009202599525452,0.18482539057731628
2024,2024,Measles,4,0.2124258130788803,0.6102116703987122,0.17736248672008514
2024,2024,Mpox,5,0.20237591862678528,0.6399818658828735,0.15764220058918
2024,2024,Yellow Fever,6,0.19395723938941956,0.6623038649559021,0.14373883605003357
2024,2024,AFP,0,0.23977001011371613,0.5813048481941223,0.17892508208751678
2024,2024,CSM,1,0.23616783320903778,0.587421178817749,0.1764109879732132
2024,2024,Cholera,2,0.23256945610046387,0.5971837639808655,0.17024682462215424
2024,2024,Lassa Fever,3,0.24608375132083893,0.5565139055252075,0.19740228354930878
2024,2024,Measles,4,0.24404917657375336,0.5647802352905273,0.1911705881357193
2024,2024,Mpox,5,0.23378132283687592,0.5944375991821289,0.17178118228912354
2024,2024,Yellow Fever,6,0.22519531846046448,0.6169031262397766,0.1579016000032425
2024,2024,AFP,0,0.3149344027042389,0.4814893305301666,0.20357631146907806
2024,2024,CSM,1,0.3153330385684967,0.484305202960968,0.20036178827285767
2024,2024,Cholera,2,0.3102341592311859,0.4972969591617584,0.19246889650821686
2024,2024,Lassa Fever,3,0.32610592246055603,0.44656893610954285,0.2273251712322235
2024,2024,Measles,4,0.3220365047454834,0.4612939953804016,0.216669499874115
2024,2024,Mpox,5,0.31376588344573975,0.48808109760284424,0.19815298914909363
2024,2024,Yellow Fever,6,0.3034197688102722,0.5203676819801331,0.17621256411075592
2024,2024,AFP,0,0.3264724612236023,0.4599546492099762,0.21357284486293793
2024,2024,CSM,1,0.32600855827331543,0.4623008668422699,0.21169057488441467
2024,2024,Cholera,2,0.3213106691837311,0.4716213345527649,0.2070680409669876
2024,2024,Lassa Fever,3,0.3339844346046448,0.42872849106788635,0.23728705942630768
2024,2024,Measles,4,0.3344613015651703,0.4350713789463043,0.23046733438968658
2024,2024,Mpox,5,0.33101874589920044,0.45608627796173096,0.212895005941391
2024,2024,Yellow Fever,6,0.31543534994125366,0.4899066686630249,0.19465801119804382
2024,2024,AFP,0,0.27843207120895386,0.3488711714744568,0.3726966977119446
2024,2024,CSM,1,0.27524128556251526,0.35435259342193604,0.3704061508178711
2024,2024,Cholera,2,0.2793821394443512,0.347962349653244,0.3726554214954376
2024,2024,Lassa Fever,3,0.2845980226993561,0.3303741216659546,0.38502785563468933
2024,2024,Measles,4,0.281926691532135,0.33607712388038635,0.38199615478515625
2024,2024,Mpox,5,0.28281113505363464,0.3359764814376831,0.38121238350868225
2024,2024,Yellow Fever,6,0.2731139361858368,0.35432901978492737,0.372557133436203
2024,2024,AFP,0,0.30461549758911133,0.4620898365974426,0.23329469561576843
2024,2024,CSM,1,0.3033004403114319,0.46113768219947815,0.23556186258792877
2024,2024,Cholera,2,0.30365726351737976,0.4687149226665497,0.22762779891490936
2024,2024,Lassa Fever,3,0.3078494668006897,0.4508824646472931,0.24126803874969482
2024,2024,Measles,4,0.30710771679878235,0.45569056272506714,0.23720169067382812
2024,2024,Mpox,5,0.30980560183525085,0.45772624015808105,0.2324681133031845
2024,2024,Yellow Fever,6,0.30375906825065613,0.4667205810546875,0.2295202612876892
2024,2024,AFP,0,0.2855015695095062,0.4744439423084259,0.24005451798439026
2024,2024,CSM,1,0.2843383848667145,0.47671565413475037,0.23894597589969635
2024,2024,Cholera,2,0.282740980386734,0.4895341992378235,0.22772487998008728
2024,2024,Lassa Fever,3,0.28916245698928833,0.46038031578063965,0.2504573166370392
2024,2024,Measles,4,0.2888633608818054,0.46319568157196045,0.2479410022497177
2024,2024,Mpox,5,0.28324252367019653,0.4902507960796356,0.22650665044784546
2024,2024,Yellow Fever,6,0.2794915437698364,0.5022098422050476,0.21829859912395477
2024,2024,AFP,0,0.32393068075180054,0.49621617794036865,0.17985312640666962
2024,2024,CSM,1,0.3226615786552429,0.49532797932624817,0.1820104420185089
2024,2024,Cholera,2,0.32147154211997986,0.49950358271598816,0.17902489006519318
2024,2024,Lassa Fever,3,0.3320004343986511,0.473193496465683,0.1948060840368271
2024,2024,Measles,4,0.3311956822872162,0.48032146692276,0.188482865691185
2024,2024,Mpox,5,0.3258152902126312,0.48790600895881653,0.18627870082855225
2024,2024,Yellow Fever,6,0.3160724341869354,0.5139954090118408,0.16993214190006256
2024,2024,AFP,0,0.26552876830101013,0.5421093106269836,0.19236187636852264
2024,2024,CSM,1,0.26152077317237854,0.5427421927452087,0.1957370489835739
2024,2024,Cholera,2,0.26513707637786865,0.5490964651107788,0.18576647341251373
2024,2024,Lassa Fever,3,0.2697116434574127,0.5151625871658325,0.21512576937675476
2024,2024,Measles,4,0.26942577958106995,0.524544894695282,0.20602931082248688
2024,2024,Mpox,5,0.2716527581214905,0.5383151173591614,0.19003207981586456
2024,2024,Yellow Fever,6,0.26263976097106934,0.565754771232605,0.1716054081916809
2024,2024,AFP,0,0.26493191719055176,0.498831570148468,0.23623646795749664
2024,2024,CSM,1,0.2642257511615753,0.5000739097595215,0.235700324177742
2024,2024,Cholera,2,0.265826553106308,0.5099536776542664,0.22421985864639282
2024,2024,Lassa Fever,3,0.27283692359924316,0.47135570645332336,0.2558072805404663
2024,2024,Measles,4,0.2728285491466522,0.4775252640247345,0.24964623153209686
2024,2024,Mpox,5,0.27065804600715637,0.505416214466095,0.22392578423023224
2024,2024,Yellow Fever,6,0.2555176913738251,0.5286774635314941,0.2158048003911972
2024,2024,AFP,0,0.30056318640708923,0.28398019075393677,0.4154565930366516
2024,2024,CSM,1,0.2983451783657074,0.2857554852962494,0.4158993363380432
2024,2024,Cholera,2,0.3042418956756592,0.28994205594062805,0.405815988779068
2024,2024,Lassa Fever,3,0.29815006256103516,0.28171369433403015,0.4201362431049347
2024,2024,Measles,4,0.29897457361221313,0.2803339660167694,0.42069146037101746
2024,2024,Mpox,5,0.3053079843521118,0.2866407632827759,0.4080512523651123
2024,2024,Yellow Fever,6,0.3026709258556366,0.29418444633483887,0.40314459800720215
2024,2024,AFP,0,0.24324901401996613,0.49746835231781006,0.25928255915641785
2024,2024,CSM,1,0.24308477342128754,0.49239665269851685,0.2645185589790344
2024,2024,Cholera,2,0.24390104413032532,0.49912136793136597,0.2569775879383087
2024,2024,Lassa Fever,3,0.24480752646923065,0.48198944330215454,0.2732030749320984
2024,2024,Measles,4,0.24516718089580536,0.4856772720813751,0.2691555619239807
2024,2024,Mpox,5,0.24914750456809998,0.494568794965744,0.256283700466156
2024,2024,Yellow Fever,6,0.24367623031139374,0.5065406560897827,0.24978315830230713
2024,2024,AFP,0,0.2413530796766281,0.5316551923751831,0.226991668343544
2024,2024,CSM,1,0.23977743089199066,0.527732789516449,0.23248977959156036
2024,2024,Cholera,2,0.24390384554862976,0.5353437066078186,0.22075235843658447
2024,2024,Lassa Fever,3,0.24255478382110596,0.5204694271087646,0.2369757443666458
2024,2024,Measles,4,0.244886115193367,0.5193360447883606,0.23577781021595
2024,2024,Mpox,5,0.25248855352401733,0.5268434882164001,0.2206680029630661
2024,2024,Yellow Fever,6,0.24308332800865173,0.5422946810722351,0.21462197601795197
2024,2024,AFP,0,0.2277783453464508,0.5740903615951538,0.19813136756420135
2024,2024,CSM,1,0.2262505441904068,0.5694413781166077,0.2043081372976303
2024,2024,Cholera,2,0.22996844351291656,0.5775279402732849,0.19250354170799255
2024,2024,Lassa Fever,3,0.22914308309555054,0.5622473359107971,0.20860953629016876
2024,2024,Measles,4,0.2315291166305542,0.5616623759269714,0.20680846273899078
2024,2024,Mpox,5,0.23833663761615753,0.5690119862556458,0.1926514208316803
2024,2024,Yellow Fever,6,0.2288791835308075,0.5842209458351135,0.18689988553524017
2024,2024,AFP,0,0.22284872829914093,0.5867028832435608,0.19044843316078186
2024,2024,CSM,1,0.22142234444618225,0.5821313858032227,0.1964462548494339
2024,2024,Cholera,2,0.22493605315685272,0.5900707840919495,0.1849932223558426
2024,2024,Lassa Fever,3,0.22434011101722717,0.574999988079071,0.20065990090370178
2024,2024,Measles,4,0.22667494416236877,0.5743986368179321,0.19892646372318268
2024,2024,Mpox,5,0.2332082837820053,0.5815871953964233,0.18520455062389374
2024,2024,Yellow Fever,6,0.22378382086753845,0.5966776013374329,0.1795385330915451
2024,2024,AFP,0,0.22560696303844452,0.5719998478889465,0.20239311456680298
2024,2024,CSM,1,0.22405694425106049,0.5672745704650879,0.20866847038269043
2024,2024,Cholera,2,0.22781147062778473,0.5755138993263245,0.1966746747493744
2024,2024,Lassa Fever,3,0.22690077126026154,0.5600569248199463,0.2130422443151474
2024,2024,Measles,4,0.229277104139328,0.559507429599762,0.21121545135974884
2024,2024,Mpox,5,0.23611189424991608,0.567053496837616,0.1968347281217575
2024,2024,Yellow Fever,6,0.22676292061805725,0.582261860370636,0.19097526371479034
2024,2024,AFP,0,0.22371900081634521,0.5639256238937378,0.21235539019107819
2024,2024,CSM,1,0.2221420407295227,0.5620734691619873,0.21578451991081238
2024,2024,Cholera,2,0.22598084807395935,0.5662148594856262,0.20780424773693085
2024,2024,Lassa Fever,3,0.22488363087177277,0.5532259941101074,0.22189033031463623
2024,2024,Measles,4,0.2272670567035675,0.553093671798706,0.21963925659656525
2024,2024,Mpox,5,0.23419612646102905,0.5578470230102539,0.207956925034523
2024,2024,Yellow Fever,6,0.22503593564033508,0.5730962157249451,0.20186778903007507
2024,2024,AFP,0,0.22431153059005737,0.5466577410697937,0.22903072834014893
2024,2024,CSM,1,0.22299209237098694,0.5458417534828186,0.23116615414619446
2024,2024,Cholera,2,0.22628337144851685,0.5468716025352478,0.22684507071971893
2024,2024,Lassa Fever,3,0.22560963034629822,0.5369521379470825,0.23743823170661926
2024,2024,Measles,4,0.22784030437469482,0.536260724067688,0.2358989417552948
2024,2024,Mpox,5,0.23406752943992615,0.5351232886314392,0.23080921173095703
2024,2024,Yellow Fever,6,0.22521284222602844,0.5522629618644714,0.22252428531646729
2024,2024,AFP,0,0.23227915167808533,0.5030697584152222,0.2646510601043701
2024,2024,CSM,1,0.23083199560642242,0.5021429061889648,0.26702508330345154
2024,2024,Cholera,2,0.23438827693462372,0.5034109950065613,0.2622007131576538
2024,2024,Lassa Fever,3,0.23382773995399475,0.4917835593223572,0.2743886113166809
2024,2024,Measles,4,0.23545707762241364,0.49250563979148865,0.2720372974872589
2024,2024,Mpox,5,0.2420082688331604,0.49169638752937317,0.26629525423049927
2024,2024,Yellow Fever,6,0.2334519475698471,0.5086760520935059,0.2578720152378082
2024,2024,AFP,0,0.2312128245830536,0.5120774507522583,0.2567097246646881
2024,2024,CSM,1,0.23016948997974396,0.5097000002861023,0.26013049483299255
2024,2024,Cholera,2,0.23310579359531403,0.5142254829406738,0.25266867876052856
2024,2024,Lassa Fever,3,0.23406431078910828,0.4991392493247986,0.2667964696884155
2024,2024,Measles,4,0.2345828264951706,0.5010139346122742,0.26440322399139404
2024,2024,Mpox,5,0.23878005146980286,0.5059154629707336,0.2553044855594635
2024,2024,Yellow Fever,6,0.2305271178483963,0.520060658454895,0.24941210448741913
2024,2024,AFP,0,0.2321791648864746,0.5038080215454102,0.26401278376579285
2024,2024,CSM,1,0.2310429960489273,0.5023102760314941,0.26664674282073975
2024,2024,Cholera,2,0.23424005508422852,0.5042310953140259,0.2615288496017456
2024,2024,Lassa Fever,3,0.23495355248451233,0.4902612268924713,0.27478519082069397
2024,2024,Measles,4,0.23544490337371826,0.4930957555770874,0.2714593708515167
2024,2024,Mpox,5,0.23986156284809113,0.4961364269256592,0.2640020251274109
2024,2024,Yellow Fever,6,0.23149509727954865,0.512779712677002,0.255725234746933
2024,2024,AFP,0,0.23238667845726013,0.45944714546203613,0.3081662058830261
2024,2024,CSM,1,0.23147785663604736,0.45581015944480896,0.31271207332611084
2024,2024,Cholera,2,0.23243863880634308,0.46375715732574463,0.30380427837371826
2024,2024,Lassa Fever,3,0.23642466962337494,0.44268444180488586,0.3208908140659332
2024,2024,Measles,4,0.23611168563365936,0.44727906584739685,0.316609263420105
2024,2024,Mpox,5,0.23572975397109985,0.46092498302459717,0.3033451735973358
2024,2024,Yellow Fever,6,0.22836193442344666,0.4744507372379303,0.29718732833862305
2024,2024,AFP,0,0.2505958676338196,0.45767050981521606,0.29173365235328674
2024,2024,CSM,1,0.2495851069688797,0.4587513506412506,0.2916634976863861
2024,2024,Cholera,2,0.25179943442344666,0.4637956917285919,0.2844048738479614
2024,2024,Lassa Fever,3,0.2519909739494324,0.43690693378448486,0.31110212206840515
2024,2024,Measles,4,0.2521776258945465,0.44167301058769226,0.30614933371543884
2024,2024,Mpox,5,0.25311803817749023,0.46217527985572815,0.28470665216445923
2024,2024,Yellow Fever,6,0.24940873682498932,0.47736242413520813,0.2732287645339966
2024,2024,AFP,0,0.2848341464996338,0.4640559256076813,0.25110992789268494
2024,2024,CSM,1,0.2834348678588867,0.4656549394130707,0.2509101927280426
2024,2024,Cholera,2,0.2818623483181,0.4783036410808563,0.23983395099639893
2024,2024,Lassa Fever,3,0.2882733941078186,0.4499073922634125,0.26181918382644653
2024,2024,Measles,4,0.2880263030529022,0.45273905992507935,0.2592347264289856
2024,2024,Mpox,5,0.2821255326271057,0.47971734404563904,0.23815716803073883
2024,2024,Yellow Fever,6,0.27819061279296875,0.49271413683891296,0.2290952503681183
2024,2024,AFP,0,0.28382018208503723,0.48070842027664185,0.23547132313251495
2024,2024,CSM,1,0.2841997742652893,0.4812283515930176,0.2345719337463379
2024,2024,Cholera,2,0.28176313638687134,0.4936746060848236,0.22456224262714386
2024,2024,Lassa Fever,3,0.2893882989883423,0.4593719244003296,0.2512398660182953
2024,2024,Measles,4,0.2896328270435333,0.4605068862438202,0.24986028671264648
2024,2024,Mpox,5,0.2838233411312103,0.4900771677494049,0.22609944641590118
2024,2024,Yellow Fever,6,0.2763567268848419,0.5149123668670654,0.20873090624809265
2024,2024,AFP,0,0.268691748380661,0.5457602739334106,0.18554797768592834
2024,2024,CSM,1,0.2691679000854492,0.5453294515609741,0.18550261855125427
2024,2024,Cholera,2,0.2668604850769043,0.5570028424263,0.17613668739795685
2024,2024,Lassa Fever,3,0.27550795674324036,0.5250085592269897,0.19948337972164154
2024,2024,Measles,4,0.2742810547351837,0.5286355018615723,0.19708344340324402
2024,2024,Mpox,5,0.2688150703907013,0.5539085865020752,0.17727641761302948
2024,2024,Yellow Fever,6,0.26207152009010315,0.5727459788322449,0.16518248617649078
2024,2024,AFP,0,0.26971399784088135,0.5522377490997314,0.1780482977628708
2024,2024,CSM,1,0.27027201652526855,0.5510115623474121,0.17871636152267456
2024,2024,Cholera,2,0.2675817310810089,0.5628153681755066,0.16960294544696808
2024,2024,Lassa Fever,3,0.2767563760280609,0.5313436985015869,0.191899836063385
2024,2024,Measles,4,0.27558252215385437,0.5347327589988708,0.18968476355075836
2024,2024,Mpox,5,0.2695886194705963,0.559658944606781,0.17075243592262268
2024,2024,Yellow Fever,6,0.2627077102661133,0.5799230337142944,0.15736925601959229
2024,2024,AFP,0,0.2850896120071411,0.47472718358039856,0.24018317461013794
2024,2024,CSM,1,0.2838340997695923,0.47678133845329285,0.23938454687595367
2024,2024,Cholera,2,0.2822440564632416,0.4896094501018524,0.228146493434906
2024,2024,Lassa Fever,3,0.28874754905700684,0.4606589078903198,0.25059351325035095
2024,2024,Measles,4,0.28844866156578064,0.4634755849838257,0.2480756938457489
2024,2024,Mpox,5,0.2827456295490265,0.49032771587371826,0.22692669928073883
2024,2024,Yellow Fever,6,0.2790030539035797,0.5022919774055481,0.21870487928390503
2024,2024,AFP,0,0.28913062810897827,0.5001851320266724,0.21068425476551056
2024,2024,CSM,1,0.2881675660610199,0.5020994544029236,0.2097329944372177
2024,2024,Cholera,2,0.2859918773174286,0.5144825577735901,0.19952556490898132
2024,2024,Lassa Fever,3,0.29276376962661743,0.4834374785423279,0.2237987220287323
2024,2024,Measles,4,0.2926408350467682,0.48681938648223877,0.22053979337215424
2024,2024,Mpox,5,0.28734445571899414,0.5125060081481934,0.20014944672584534
2024,2024,Yellow Fever,6,0.28185340762138367,0.5278538465499878,0.19029279053211212
2024,2024,AFP,0,0.28692492842674255,0.4867934584617615,0.22628161311149597
2024,2024,CSM,1,0.2858230173587799,0.4893115758895874,0.2248653769493103
2024,2024,Cholera,2,0.2839357554912567,0.5019710659980774,0.21409320831298828
2024,2024,Lassa Fever,3,0.2899106442928314,0.4706222414970398,0.23946714401245117
2024,2024,Measles,4,0.2898663580417633,0.47411516308784485,0.23601838946342468
2024,2024,Mpox,5,0.2844128906726837,0.502659022808075,0.21292802691459656
2024,2024,Yellow Fever,6,0.2804070711135864,0.5145828723907471,0.20500996708869934
2024,2024,AFP,0,0.24605771899223328,0.6518037915229797,0.10213848948478699
2024,2024,CSM,1,0.24646882712841034,0.6500648856163025,0.10346637666225433
2024,2024,Cholera,2,0.24348387122154236,0.6591903567314148,0.09732575714588165
2024,2024,Lassa Fever,3,0.2552472651004791,0.6322655081748962,0.11248714476823807
2024,2024,Measles,4,0.253464013338089,0.6358935236930847,0.1106424406170845
2024,2024,Mpox,5,0.24538452923297882,0.6565530896186829,0.09806239604949951
2024,2024,Yellow Fever,6,0.23704726994037628,0.6734563112258911,0.08949640393257141
2024,2024,AFP,0,0.19358579814434052,0.7568584680557251,0.04955574870109558
2024,2024,CSM,1,0.19390064477920532,0.7556969523429871,0.05040246620774269
2024,2024,Cholera,2,0.19249635934829712,0.7601792216300964,0.04732443764805794
2024,2024,Lassa Fever,3,0.20269623398780823,0.7416316270828247,0.05567220225930214
2024,2024,Measles,4,0.20053493976593018,0.744997501373291,0.05446755886077881
2024,2024,Mpox,5,0.19384589791297913,0.7581610083580017,0.04799305275082588
2024,2024,Yellow Fever,6,0.1871003955602646,0.7691106200218201,0.04378904402256012
2024,2024,AFP,0,0.1930520087480545,0.7588050961494446,0.0481429286301136
2024,2024,CSM,1,0.1950562596321106,0.7552708387374878,0.04967290908098221
2024,2024,Cholera,2,0.1906508058309555,0.7638941407203674,0.04545503854751587
2024,2024,Lassa Fever,3,0.20245344936847687,0.7415867447853088,0.05595986172556877
2024,2024,Measles,4,0.19983741641044617,0.7464349269866943,0.053727708756923676
2024,2024,Mpox,5,0.1914251297712326,0.7626223564147949,0.045952487736940384
2024,2024,Yellow Fever,6,0.18376748263835907,0.775784432888031,0.04044809937477112
2024,2024,AFP,0,0.19069017469882965,0.7623785138130188,0.04693128913640976
2024,2024,CSM,1,0.1908150166273117,0.760539174079895,0.04864579066634178
2024,2024,Cholera,2,0.18779338896274567,0.7672615051269531,0.044945113360881805
2024,2024,Lassa Fever,3,0.20049630105495453,0.745116114616394,0.054387569427490234
2024,2024,Measles,4,0.1979822814464569,0.7498583793640137,0.05215936154127121
2024,2024,Mpox,5,0.1926829218864441,0.7605881690979004,0.04672899469733238
2024,2024,Yellow Fever,6,0.1801636517047882,0.7792623043060303,0.04057410731911659
2024,2024,AFP,0,0.21682819724082947,0.7176463603973389,0.06552539020776749
2024,2024,CSM,1,0.2162625640630722,0.7174807190895081,0.06625667959451675
2024,2024,Cholera,2,0.21020054817199707,0.7296972274780273,0.06010221689939499
2024,2024,Lassa Fever,3,0.2266000658273697,0.6995065808296204,0.07389338314533234
2024,2024,Measles,4,0.22346913814544678,0.7055329084396362,0.0709979236125946
2024,2024,Mpox,5,0.2124939113855362,0.7261670231819153,0.06133905425667763
2024,2024,Yellow Fever,6,0.20105710625648499,0.7450867891311646,0.053856149315834045
2024,2024,AFP,0,0.21468976140022278,0.6609817147254944,0.12432853132486343
2024,2024,CSM,1,0.21129395067691803,0.666746199131012,0.12195982038974762
2024,2024,Cholera,2,0.2058688849210739,0.6827173829078674,0.11141372472047806
2024,2024,Lassa Fever,3,0.22052119672298431,0.6428515911102295,0.136627197265625
2024,2024,Measles,4,0.22024179995059967,0.6463280916213989,0.1334301382303238
2024,2024,Mpox,5,0.20750266313552856,0.6801204681396484,0.112376868724823
2024,2024,Yellow Fever,6,0.19720609486103058,0.7006751894950867,0.10211877524852753
2024,2024,AFP,0,0.2916366457939148,0.4648856520652771,0.2434777170419693
2024,2024,CSM,1,0.2891603112220764,0.4717632234096527,0.2390763908624649
2024,2024,Cholera,2,0.2858039140701294,0.4827568531036377,0.2314392775297165
2024,2024,Lassa Fever,3,0.29969629645347595,0.43272313475608826,0.2675805687904358
2024,2024,Measles,4,0.29874587059020996,0.44509652256965637,0.25615763664245605
2024,2024,Mpox,5,0.28932690620422363,0.47662118077278137,0.23405195772647858
2024,2024,Yellow Fever,6,0.27776017785072327,0.5014063119888306,0.22083352506160736
2024,2024,AFP,0,0.31132692098617554,0.46373221278190613,0.22494077682495117
2024,2024,CSM,1,0.30755889415740967,0.46975839138031006,0.22268275916576385
2024,2024,Cholera,2,0.303469181060791,0.4811449348926544,0.21538588404655457
2024,2024,Lassa Fever,3,0.32385125756263733,0.4316881000995636,0.24446068704128265
2024,2024,Measles,4,0.32102155685424805,0.44397953152656555,0.234998881816864
2024,2024,Mpox,5,0.3071337640285492,0.4759942293167114,0.21687202155590057
2024,2024,Yellow Fever,6,0.2910997271537781,0.501699686050415,0.2072005718946457
2024,2024,AFP,0,0.32254722714424133,0.5146346092224121,0.16281811892986298
2024,2024,CSM,1,0.3179631531238556,0.5209170579910278,0.1611197292804718
2024,2024,Cholera,2,0.3132186830043793,0.5302029848098755,0.15657834708690643
2024,2024,Lassa Fever,3,0.3315761387348175,0.49821195006370544,0.17021189630031586
2024,2024,Measles,4,0.3287012577056885,0.5040310621261597,0.1672675907611847
2024,2024,Mpox,5,0.31678131222724915,0.5267722010612488,0.15644656121730804
2024,2024,Yellow Fever,6,0.30409419536590576,0.5443301200866699,0.15157566964626312
2024,2024,AFP,0,0.32373952865600586,0.5113546848297119,0.16490575671195984
2024,2024,CSM,1,0.3208356201648712,0.5144753456115723,0.16468895971775055
2024,2024,Cholera,2,0.3201419413089752,0.5201457142829895,0.15971232950687408
2024,2024,Lassa Fever,3,0.3279144763946533,0.4934117794036865,0.17867375910282135
2024,2024,Measles,4,0.32661911845207214,0.4996153712272644,0.17376549541950226
2024,2024,Mpox,5,0.32379576563835144,0.5140925049781799,0.16211174428462982
2024,2024,Yellow Fever,6,0.3127259314060211,0.5347058773040771,0.15256814658641815
2024,2024,AFP,0,0.29026931524276733,0.48185262084007263,0.22787803411483765
2024,2024,CSM,1,0.2878499925136566,0.4859493374824524,0.22620071470737457
2024,2024,Cholera,2,0.2898804247379303,0.49071288108825684,0.21940666437149048
2024,2024,Lassa Fever,3,0.2984481155872345,0.4561414420604706,0.24541042745113373
2024,2024,Measles,4,0.2966395914554596,0.46563106775283813,0.23772944509983063
2024,2024,Mpox,5,0.29359763860702515,0.4825417399406433,0.22386060655117035
2024,2024,Yellow Fever,6,0.28212475776672363,0.5057089328765869,0.21216635406017303
2024,2025,AFP,0,0.06951066851615906,0.8507683277130127,0.07972101867198944
2024,2025,CSM,1,0.06826965510845184,0.8534803986549377,0.0782499760389328
2024,2025,Cholera,2,0.07074011117219925,0.8483136296272278,0.08094630390405655
2024,2025,Lassa Fever,3,0.06721217930316925,0.8562367558479309,0.07655104249715805
2024,2025,Measles,4,0.06817427277565002,0.8532034754753113,0.07862231880426407
2024,2025,Mpox,5,0.06891034543514252,0.8533211946487427,0.07776844501495361
2024,2025,Yellow Fever,6,0.071552574634552,0.8468255400657654,0.08162187784910202
2024,2025,AFP,0,0.0970296636223793,0.7990382313728333,0.10393212735652924
2024,2025,CSM,1,0.09679316729307175,0.8002784848213196,0.10292834788560867
2024,2025,Cholera,2,0.10031212866306305,0.7931241989135742,0.10656365007162094
2024,2025,Lassa Fever,3,0.09633577615022659,0.8022815585136414,0.10138264298439026
2024,2025,Measles,4,0.09820345789194107,0.7973530888557434,0.10444346070289612
2024,2025,Mpox,5,0.0968950167298317,0.8003958463668823,0.10270917415618896
2024,2025,Yellow Fever,6,0.09950681030750275,0.7948221564292908,0.10567101836204529
2024,2025,AFP,0,0.10165689885616302,0.7891805171966553,0.10916249454021454
2024,2025,CSM,1,0.10138454288244247,0.7906801700592041,0.10793528705835342
2024,2025,Cholera,2,0.10533025860786438,0.7828782796859741,0.11179141700267792
2024,2025,Lassa Fever,3,0.10136784613132477,0.7920553088188171,0.10657689720392227
2024,2025,Measles,4,0.10338917374610901,0.7869417667388916,0.10966900736093521
2024,2025,Mpox,5,0.10145214200019836,0.7908576130867004,0.10769028961658478
2024,2025,Yellow Fever,6,0.10367297381162643,0.7858448624610901,0.11048217117786407
2024,2025,AFP,0,0.076020248234272,0.8378788232803345,0.0861009955406189
2024,2025,CSM,1,0.07408619672060013,0.8417919278144836,0.0841219499707222
2024,2025,Cholera,2,0.07672708481550217,0.8362957835197449,0.08697714656591415
2024,2025,Lassa Fever,3,0.07412245869636536,0.8428720235824585,0.08300553262233734
2024,2025,Measles,4,0.0750117227435112,0.8397839069366455,0.08520431071519852
2024,2025,Mpox,5,0.07499253749847412,0.8412834405899048,0.08372396975755692
2024,2025,Yellow Fever,6,0.07759563624858856,0.8347318768501282,0.0876724123954773
2024,2025,AFP,0,0.12262286990880966,0.6931737661361694,0.1842033416032791
2024,2025,CSM,1,0.12160120904445648,0.6956590414047241,0.1827397346496582
2024,2025,Cholera,2,0.12502115964889526,0.6884214282035828,0.18655738234519958
2024,2025,Lassa Fever,3,0.12139319628477097,0.7002803087234497,0.17832651734352112
2024,2025,Measles,4,0.12193045020103455,0.6941295266151428,0.18394005298614502
2024,2025,Mpox,5,0.12346436083316803,0.6939039826393127,0.18263167142868042
2024,2025,Yellow Fever,6,0.12498789280653,0.6889986395835876,0.18601341545581818
2024,2025,AFP,0,0.13166917860507965,0.6884756684303284,0.1798551231622696
2024,2025,CSM,1,0.12903109192848206,0.6933038234710693,0.17766505479812622
2024,2025,Cholera,2,0.13343000411987305,0.6856889128684998,0.1808810532093048
2024,2025,Lassa Fever,3,0.12841764092445374,0.6982347965240479,0.1733475774526596
2024,2025,Measles,4,0.13008949160575867,0.6902570724487305,0.17965343594551086
2024,2025,Mpox,5,0.13091164827346802,0.692182719707489,0.17690563201904297
2024,2025,Yellow Fever,6,0.13393458724021912,0.6854163408279419,0.18064898252487183
2024,2025,AFP,0,0.22625750303268433,0.515485405921936,0.2582571506500244
2024,2025,CSM,1,0.21751070022583008,0.5307698845863342,0.25171947479248047
2024,2025,Cholera,2,0.22578126192092896,0.5162031054496765,0.2580156624317169
2024,2025,Lassa Fever,3,0.21845924854278564,0.5362364053726196,0.24530427157878876
2024,2025,Measles,4,0.21913567185401917,0.5255347490310669,0.25532957911491394
2024,2025,Mpox,5,0.22404974699020386,0.520777702331543,0.2551725208759308
2024,2025,Yellow Fever,6,0.22595921158790588,0.517310619354248,0.25673022866249084
2024,2025,AFP,0,0.2023148238658905,0.5962367653846741,0.20144838094711304
2024,2025,CSM,1,0.19334793090820312,0.610355019569397,0.19629701972007751
2024,2025,Cholera,2,0.19701163470745087,0.6056398153305054,0.19734852015972137
2024,2025,Lassa Fever,3,0.19162617623806,0.6159871220588684,0.1923866868019104
2024,2025,Measles,4,0.1933640092611313,0.6102907061576843,0.19634531438350677
2024,2025,Mpox,5,0.201119527220726,0.598450243473053,0.20043028891086578
2024,2025,Yellow Fever,6,0.20037023723125458,0.600329577922821,0.19930019974708557
2024,2025,AFP,0,0.23440028727054596,0.5365159511566162,0.22908377647399902
2024,2025,CSM,1,0.2257121056318283,0.5502438545227051,0.22404399514198303
2024,2025,Cholera,2,0.23117244243621826,0.5422095656394958,0.22661808133125305
2024,2025,Lassa Fever,3,0.22605501115322113,0.5528448820114136,0.22110021114349365
2024,2025,Measles,4,0.2295350283384323,0.5445874929428101,0.22587750852108002
2024,2025,Mpox,5,0.23028333485126495,0.5425258278846741,0.22719083726406097
2024,2025,Yellow Fever,6,0.23256675899028778,0.5399287343025208,0.22750450670719147
2024,2025,AFP,0,0.22728560864925385,0.5213563442230225,0.2513580322265625
2024,2025,CSM,1,0.22791381180286407,0.5230928063392639,0.24899333715438843
2024,2025,Cholera,2,0.2264159470796585,0.5246875286102295,0.2488965392112732
2024,2025,Lassa Fever,3,0.23034822940826416,0.5238962769508362,0.24575546383857727
2024,2025,Measles,4,0.2313777357339859,0.5182870030403137,0.2503352165222168
2024,2025,Mpox,5,0.2263779193162918,0.523588240146637,0.2500338554382324
2024,2025,Yellow Fever,6,0.22806455194950104,0.5211748480796814,0.250760555267334
2024,2025,AFP,0,0.25418007373809814,0.5539254546165466,0.1918945163488388
2024,2025,CSM,1,0.24937719106674194,0.5658795833587646,0.1847432255744934
2024,2025,Cholera,2,0.2508928179740906,0.5598239302635193,0.18928322196006775
2024,2025,Lassa Fever,3,0.24498790502548218,0.5736332535743713,0.1813788264989853
2024,2025,Measles,4,0.25093016028404236,0.5623708963394165,0.18669889867305756
2024,2025,Mpox,5,0.2557578980922699,0.5532530546188354,0.19098901748657227
2024,2025,Yellow Fever,6,0.2530443072319031,0.5549478530883789,0.1920078545808792
2024,2025,AFP,0,0.2584763765335083,0.5608267784118652,0.18069681525230408
2024,2025,CSM,1,0.2480657547712326,0.5790721774101257,0.17286203801631927
2024,2025,Cholera,2,0.25466975569725037,0.5672005414962769,0.17812977731227875
2024,2025,Lassa Fever,3,0.24292992055416107,0.5873981714248657,0.1696719080209732
2024,2025,Measles,4,0.24964894354343414,0.5757669806480408,0.1745840162038803
2024,2025,Mpox,5,0.2576018273830414,0.5630096197128296,0.17938850820064545
2024,2025,Yellow Fever,6,0.25659528374671936,0.5627326965332031,0.1806720346212387
2024,2025,AFP,0,0.22538471221923828,0.6382303833961487,0.13638488948345184
2024,2025,CSM,1,0.22840428352355957,0.6392340064048767,0.13236166536808014
2024,2025,Cholera,2,0.22611890733242035,0.6378714442253113,0.1360095888376236
2024,2025,Lassa Fever,3,0.22724485397338867,0.6425948143005371,0.1301603466272354
2024,2025,Measles,4,0.2294914424419403,0.6354243755340576,0.13508416712284088
2024,2025,Mpox,5,0.2287406474351883,0.63848477602005,0.13277457654476166
2024,2025,Yellow Fever,6,0.22601918876171112,0.6364609003067017,0.1375199258327484
2024,2025,AFP,0,0.2123589664697647,0.6105507612228394,0.17709028720855713
2024,2025,CSM,1,0.20500917732715607,0.6197484135627747,0.17524242401123047
2024,2025,Cholera,2,0.21303583681583405,0.6097736358642578,0.17719049751758575
2024,2025,Lassa Fever,3,0.19659262895584106,0.6331665515899658,0.17024077475070953
2024,2025,Measles,4,0.20536674559116364,0.6176475286483765,0.17698568105697632
2024,2025,Mpox,5,0.21004918217658997,0.6132606267929077,0.1766902059316635
2024,2025,Yellow Fever,6,0.21324016153812408,0.6085607409477234,0.17819909751415253
2024,2025,AFP,0,0.2449146807193756,0.4891321063041687,0.2659532129764557
2024,2025,CSM,1,0.24227508902549744,0.49520978331565857,0.2625150680541992
2024,2025,Cholera,2,0.24378716945648193,0.48879146575927734,0.2674213945865631
2024,2025,Lassa Fever,3,0.23695755004882812,0.5043109059333801,0.25873151421546936
2024,2025,Measles,4,0.2444056272506714,0.48853829503059387,0.26705601811408997
2024,2025,Mpox,5,0.24519725143909454,0.4906613826751709,0.26414141058921814
2024,2025,Yellow Fever,6,0.24536216259002686,0.48585179448127747,0.26878613233566284
2024,2025,AFP,0,0.2505927085876465,0.46891626715660095,0.28049102425575256
2024,2025,CSM,1,0.2435750961303711,0.4822520315647125,0.27417296171188354
2024,2025,Cholera,2,0.25008928775787354,0.47052884101867676,0.2793818712234497
2024,2025,Lassa Fever,3,0.2395002394914627,0.49222853779792786,0.26827123761177063
2024,2025,Measles,4,0.2471495121717453,0.4749009311199188,0.27794960141181946
2024,2025,Mpox,5,0.2468843013048172,0.47556182742118835,0.27755382657051086
2024,2025,Yellow Fever,6,0.25107720494270325,0.4688829183578491,0.28003990650177
2024,2025,AFP,0,0.26646700501441956,0.39340803027153015,0.3401249647140503
2024,2025,CSM,1,0.26778173446655273,0.39166057109832764,0.34055766463279724
2024,2025,Cholera,2,0.2681732773780823,0.3913879692554474,0.34043875336647034
2024,2025,Lassa Fever,3,0.27083417773246765,0.3882538080215454,0.3409120440483093
2024,2025,Measles,4,0.26572421193122864,0.39407825469970703,0.3401975929737091
2024,2025,Mpox,5,0.2702781856060028,0.3886849880218506,0.3410367965698242
2024,2025,Yellow Fever,6,0.2666783928871155,0.3932528793811798,0.34006866812705994
2024,2025,AFP,0,0.28805458545684814,0.4944315552711487,0.21751385927200317
2024,2025,CSM,1,0.287551611661911,0.5019710659980774,0.2104773223400116
2024,2025,Cholera,2,0.2820734679698944,0.503050684928894,0.21487587690353394
2024,2025,Lassa Fever,3,0.28677240014076233,0.5058506727218628,0.2073768675327301
2024,2025,Measles,4,0.28865936398506165,0.4992632269859314,0.2120773047208786
2024,2025,Mpox,5,0.2899250090122223,0.49362435936927795,0.21645058691501617
2024,2025,Yellow Fever,6,0.28588637709617615,0.4964071810245514,0.21770641207695007
2024,2025,AFP,0,0.23252412676811218,0.3995361626148224,0.36793968081474304
2024,2025,CSM,1,0.23318983614444733,0.4018842279911041,0.36492592096328735
2024,2025,Cholera,2,0.234515979886055,0.39586368203163147,0.36962029337882996
2024,2025,Lassa Fever,3,0.23684890568256378,0.39989855885505676,0.36325252056121826
2024,2025,Measles,4,0.23142534494400024,0.4018031358718872,0.36677154898643494
2024,2025,Mpox,5,0.2369184046983719,0.3968546986579895,0.3662269413471222
2024,2025,Yellow Fever,6,0.2332468330860138,0.4004708528518677,0.36628225445747375
2024,2025,AFP,0,0.21718162298202515,0.3939211666584015,0.38889721035957336
2024,2025,CSM,1,0.21741318702697754,0.3952396810054779,0.38734719157218933
2024,2025,Cholera,2,0.21696865558624268,0.39463502168655396,0.38839638233184814
2024,2025,Lassa Fever,3,0.21992303431034088,0.3988105356693268,0.3812664747238159
2024,2025,Measles,4,0.2171032577753067,0.3940356969833374,0.3888609707355499
2024,2025,Mpox,5,0.21968011558055878,0.3938217759132385,0.3864981234073639
2024,2025,Yellow Fever,6,0.2170473337173462,0.39564403891563416,0.38730865716934204
2024,2025,AFP,0,0.183699831366539,0.43752869963645935,0.37877157330513
2024,2025,CSM,1,0.18373994529247284,0.4373094141483307,0.37895065546035767
2024,2025,Cholera,2,0.18374863266944885,0.4372192323207855,0.37903210520744324
2024,2025,Lassa Fever,3,0.18656513094902039,0.4388861656188965,0.3745487332344055
2024,2025,Measles,4,0.18209676444530487,0.4393090009689331,0.37859421968460083
2024,2025,Mpox,5,0.18643932044506073,0.4334498941898346,0.3801107406616211
2024,2025,Yellow Fever,6,0.18543574213981628,0.43767833709716797,0.37688595056533813
2024,2025,AFP,0,0.15026408433914185,0.4362400472164154,0.41349583864212036
2024,2025,CSM,1,0.15252231061458588,0.43762555718421936,0.40985217690467834
2024,2025,Cholera,2,0.15100830793380737,0.4375458061695099,0.4114459455013275
2024,2025,Lassa Fever,3,0.1547713577747345,0.4361743927001953,0.4090542793273926
2024,2025,Measles,4,0.14973853528499603,0.4421064257621765,0.40815499424934387
2024,2025,Mpox,5,0.15458576381206512,0.4316495656967163,0.4137646555900574
2024,2025,Yellow Fever,6,0.15199068188667297,0.4353296458721161,0.4126797318458557
2024,2025,AFP,0,0.17195343971252441,0.41350749135017395,0.414539098739624
2024,2025,CSM,1,0.17561429738998413,0.4139307141304016,0.41045498847961426
2024,2025,Cholera,2,0.1741107851266861,0.4146045744419098,0.4112846553325653
2024,2025,Lassa Fever,3,0.17760558426380157,0.41436535120010376,0.4080289900302887
2024,2025,Measles,4,0.17146414518356323,0.41947972774505615,0.4090560972690582
2024,2025,Mpox,5,0.17720139026641846,0.4091086685657501,0.4136899411678314
2024,2025,Yellow Fever,6,0.17492148280143738,0.4116400480270386,0.41343846917152405
2024,2025,AFP,0,0.21180808544158936,0.3722062408924103,0.41598570346832275
2024,2025,CSM,1,0.21075983345508575,0.3826324939727783,0.4066076874732971
2024,2025,Cholera,2,0.21099212765693665,0.376061350107193,0.41294652223587036
2024,2025,Lassa Fever,3,0.20984786748886108,0.3899649977684021,0.4001871645450592
2024,2025,Measles,4,0.20967137813568115,0.38113051652908325,0.4091980755329132
2024,2025,Mpox,5,0.21265530586242676,0.3764680027961731,0.41087669134140015
2024,2025,Yellow Fever,6,0.21347934007644653,0.37260934710502625,0.4139113128185272
2024,2025,AFP,0,0.16257604956626892,0.5696443915367126,0.2677795886993408
2024,2025,CSM,1,0.16308210790157318,0.5774604678153992,0.25945746898651123
2024,2025,Cholera,2,0.16387589275836945,0.5705831050872803,0.26554107666015625
2024,2025,Lassa Fever,3,0.16156451404094696,0.5838564038276672,0.254579097032547
2024,2025,Measles,4,0.16084791719913483,0.5799388885498047,0.2592131197452545
2024,2025,Mpox,5,0.16621460020542145,0.5672651529312134,0.2665202021598816
2024,2025,Yellow Fever,6,0.1647414118051529,0.5666574835777283,0.26860108971595764
2024,2025,AFP,0,0.17585767805576324,0.5537646412849426,0.27037766575813293
2024,2025,CSM,1,0.1746673434972763,0.5596963763237,0.26563626527786255
2024,2025,Cholera,2,0.17575699090957642,0.554104745388031,0.2701382637023926
2024,2025,Lassa Fever,3,0.16994328796863556,0.5723207592964172,0.2577360272407532
2024,2025,Measles,4,0.17238453030586243,0.5594117045402527,0.2682037055492401
2024,2025,Mpox,5,0.176956906914711,0.5565934777259827,0.26644960045814514
2024,2025,Yellow Fever,6,0.17846143245697021,0.5501609444618225,0.2713776230812073
2024,2025,AFP,0,0.20883387327194214,0.4663550555706024,0.32481110095977783
2024,2025,CSM,1,0.2107330709695816,0.4651392698287964,0.3241276741027832
2024,2025,Cholera,2,0.2109375,0.46513646841049194,0.3239259421825409
2024,2025,Lassa Fever,3,0.2124183028936386,0.4678981304168701,0.31968358159065247
2024,2025,Measles,4,0.2074723094701767,0.4718284010887146,0.32069921493530273
2024,2025,Mpox,5,0.211378276348114,0.46154895424842834,0.32707270979881287
2024,2025,Yellow Fever,6,0.2120468020439148,0.46331238746643066,0.32464081048965454
2024,2025,AFP,0,0.12991051375865936,0.4631537199020386,0.40693575143814087
2024,2025,CSM,1,0.1326724737882614,0.4593573808670044,0.4079701602458954
2024,2025,Cholera,2,0.13271181285381317,0.4579072892665863,0.4093809127807617
2024,2025,Lassa Fever,3,0.13499224185943604,0.4620322585105896,0.4029754400253296
2024,2025,Measles,4,0.13199517130851746,0.46140170097351074,0.406603068113327
2024,2025,Mpox,5,0.1332603096961975,0.45310869812965393,0.41363102197647095
2024,2025,Yellow Fever,6,0.1323276162147522,0.46164563298225403,0.4060267508029938
2024,2025,AFP,0,0.12774114310741425,0.5112903118133545,0.3609685003757477
2024,2025,CSM,1,0.12902900576591492,0.5128320455551147,0.3581390082836151
2024,2025,Cholera,2,0.1297474056482315,0.5090723037719727,0.36118030548095703
2024,2025,Lassa Fever,3,0.1317368894815445,0.5110288858413696,0.3572341799736023
2024,2025,Measles,4,0.12859311699867249,0.5135524272918701,0.35785436630249023
2024,2025,Mpox,5,0.12974052131175995,0.5044323205947876,0.3658270537853241
2024,2025,Yellow Fever,6,0.12991492450237274,0.5115492343902588,0.35853588581085205
2024,2025,AFP,0,0.18846741318702698,0.43862515687942505,0.3729074001312256
2024,2025,CSM,1,0.192034050822258,0.43404024839401245,0.37392571568489075
2024,2025,Cholera,2,0.1922604739665985,0.4350598454475403,0.3726796805858612
2024,2025,Lassa Fever,3,0.1987680196762085,0.427908331155777,0.3733236789703369
2024,2025,Measles,4,0.19266277551651,0.43623659014701843,0.37110066413879395
2024,2025,Mpox,5,0.19229863584041595,0.42872756719589233,0.3789738118648529
2024,2025,Yellow Fever,6,0.19023291766643524,0.43575331568717957,0.3740137815475464
2024,2025,AFP,0,0.15354852378368378,0.5120317935943604,0.33441969752311707
2024,2025,CSM,1,0.15554918348789215,0.509393572807312,0.33505722880363464
2024,2025,Cholera,2,0.1565847545862198,0.5099311470985413,0.33348408341407776
2024,2025,Lassa Fever,3,0.1593557745218277,0.5042533874511719,0.33639076352119446
2024,2025,Measles,4,0.15571337938308716,0.5108550190925598,0.33343157172203064
2024,2025,Mpox,5,0.15603826940059662,0.5028802156448364,0.34108155965805054
2024,2025,Yellow Fever,6,0.15584330260753632,0.5091347098350525,0.33502197265625
2024,2025,AFP,0,0.14813506603240967,0.49169760942459106,0.36016735434532166
2024,2025,CSM,1,0.14953935146331787,0.49249881505966187,0.3579619228839874
2024,2025,Cholera,2,0.15089410543441772,0.49018704891204834,0.3589188754558563
2024,2025,Lassa Fever,3,0.15363582968711853,0.4852224290370941,0.36114171147346497
2024,2025,Measles,4,0.15003398060798645,0.4920218288898468,0.35794422030448914
2024,2025,Mpox,5,0.15048283338546753,0.4833618700504303,0.36615532636642456
2024,2025,Yellow Fever,6,0.14986056089401245,0.4915267527103424,0.35861265659332275
2024,2025,AFP,0,0.21720406413078308,0.4346032738685608,0.34819263219833374
2024,2025,CSM,1,0.22500480711460114,0.4297131299972534,0.34528201818466187
2024,2025,Cholera,2,0.22161303460597992,0.4285930395126343,0.3497939109802246
2024,2025,Lassa Fever,3,0.2261675000190735,0.4352934658527374,0.33853909373283386
2024,2025,Measles,4,0.2201530486345291,0.4337718188762665,0.346075177192688
2024,2025,Mpox,5,0.22142855823040009,0.4348074495792389,0.34376397728919983
2024,2025,Yellow Fever,6,0.22440138459205627,0.42489153146743774,0.35070711374282837
2024,2025,AFP,0,0.14656312763690948,0.5525220036506653,0.30091485381126404
2024,2025,CSM,1,0.14830440282821655,0.5506095886230469,0.301085889339447
2024,2025,Cholera,2,0.14943155646324158,0.550571620464325,0.29999682307243347
2024,2025,Lassa Fever,3,0.15334276854991913,0.5441616177558899,0.30249568819999695
2024,2025,Measles,4,0.14870090782642365,0.5511135458946228,0.30018553137779236
2024,2025,Mpox,5,0.14922094345092773,0.5432739853858948,0.3075050413608551
2024,2025,Yellow Fever,6,0.14850538969039917,0.5506241321563721,0.300870418548584
2024,2025,AFP,0,0.14859725534915924,0.5323425531387329,0.3190601170063019
2024,2025,CSM,1,0.15073923766613007,0.5252447724342346,0.3240159749984741
2024,2025,Cholera,2,0.1516239047050476,0.5317843556404114,0.316591739654541
2024,2025,Lassa Fever,3,0.15393102169036865,0.5206018090248108,0.32546722888946533
2024,2025,Measles,4,0.15081603825092316,0.5296544432640076,0.3195294737815857
2024,2025,Mpox,5,0.15092849731445312,0.5208021402359009,0.328269362449646
2024,2025,Yellow Fever,6,0.1509382724761963,0.5308742523193359,0.3181874454021454
2024,2025,AFP,0,0.17260125279426575,0.5722011923789978,0.25519752502441406
2024,2025,CSM,1,0.1743333786725998,0.5744448900222778,0.25122180581092834
2024,2025,Cholera,2,0.17658644914627075,0.5693046450614929,0.25410890579223633
2024,2025,Lassa Fever,3,0.17222502827644348,0.5768523216247559,0.25092267990112305
2024,2025,Measles,4,0.17550067603588104,0.5682701468467712,0.2562292814254761
2024,2025,Mpox,5,0.1735132485628128,0.573317289352417,0.253169447183609
2024,2025,Yellow Fever,6,0.17587578296661377,0.5668516159057617,0.2572726011276245
2024,2025,AFP,0,0.16830918192863464,0.6469020843505859,0.1847887486219406
2024,2025,CSM,1,0.16913332045078278,0.6490474939346313,0.1818191260099411
2024,2025,Cholera,2,0.17030024528503418,0.6449028253555298,0.18479689955711365
2024,2025,Lassa Fever,3,0.16516605019569397,0.6522083282470703,0.18262556195259094
2024,2025,Measles,4,0.16739104688167572,0.6492229700088501,0.18338598310947418
2024,2025,Mpox,5,0.16921952366828918,0.6476584672927856,0.1831219494342804
2024,2025,Yellow Fever,6,0.1711675524711609,0.6425697207450867,0.18626278638839722
2024,2025,AFP,0,0.14926916360855103,0.6507927775382996,0.1999381184577942
2024,2025,CSM,1,0.1500486433506012,0.6531625986099243,0.1967887282371521
2024,2025,Cholera,2,0.1510707288980484,0.6489350199699402,0.1999942660331726
2024,2025,Lassa Fever,3,0.14645081758499146,0.6559931635856628,0.19755609333515167
2024,2025,Measles,4,0.1484544426202774,0.6531258225440979,0.19841976463794708
2024,2025,Mpox,5,0.1501118391752243,0.651706874370575,0.19818124175071716
2024,2025,Yellow Fever,6,0.15183885395526886,0.6465821266174316,0.20157906413078308
2024,2025,AFP,0,0.13657434284687042,0.6271615028381348,0.236264169216156
2024,2025,CSM,1,0.13641788065433502,0.6313669681549072,0.23221509158611298
2024,2025,Cholera,2,0.13806229829788208,0.6288800835609436,0.23305760324001312
2024,2025,Lassa Fever,3,0.13518567383289337,0.6399946212768555,0.22481968998908997
2024,2025,Measles,4,0.13518492877483368,0.634229838848114,0.2305852323770523
2024,2025,Mpox,5,0.13758030533790588,0.6256818771362305,0.23673786222934723
2024,2025,Yellow Fever,6,0.13863711059093475,0.6287822723388672,0.23258060216903687
2024,2025,AFP,0,0.13590408861637115,0.6350813508033752,0.2290145456790924
2024,2025,CSM,1,0.13611775636672974,0.6359065771102905,0.22797569632530212
2024,2025,Cholera,2,0.14023754000663757,0.6310853958129883,0.22867709398269653
2024,2025,Lassa Fever,3,0.13394849002361298,0.6475884318351746,0.21846310794353485
2024,2025,Measles,4,0.13568414747714996,0.6370756030082703,0.2272402048110962
2024,2025,Mpox,5,0.1369578242301941,0.6328374147415161,0.230204775929451
2024,2025,Yellow Fever,6,0.1392442137002945,0.6326618194580078,0.2280939668416977
2024,2025,AFP,0,0.09017619490623474,0.7977232336997986,0.1121004968881607
2024,2025,CSM,1,0.08841695636510849,0.8014786243438721,0.11010435223579407
2024,2025,Cholera,2,0.09161889553070068,0.7943140268325806,0.11406707018613815
2024,2025,Lassa Fever,3,0.08821986615657806,0.8031510710716248,0.108629010617733
2024,2025,Measles,4,0.08908779919147491,0.7992965579032898,0.11161565780639648
2024,2025,Mpox,5,0.08948120474815369,0.8009346723556519,0.10958407819271088
2024,2025,Yellow Fever,6,0.0922982394695282,0.7938494682312012,0.11385225504636765
2024,2025,AFP,0,0.1740499883890152,0.4246272146701813,0.40132278203964233
2024,2025,CSM,1,0.1738223284482956,0.4322643578052521,0.39391329884529114
2024,2025,Cholera,2,0.17326699197292328,0.4304686188697815,0.3962644338607788
2024,2025,Lassa Fever,3,0.18206478655338287,0.42797064781188965,0.3899645507335663
2024,2025,Measles,4,0.1789349913597107,0.42470231652259827,0.39636269211769104
2024,2025,Mpox,5,0.17568646371364594,0.42399850487709045,0.40031498670578003
2024,2025,Yellow Fever,6,0.1714777946472168,0.43076932430267334,0.3977528214454651
2024,2025,AFP,0,0.1623011827468872,0.5084659457206726,0.3292328119277954
2024,2025,CSM,1,0.16269418597221375,0.522699773311615,0.31460610032081604
2024,2025,Cholera,2,0.16161103546619415,0.5178795456886292,0.3205093443393707
2024,2025,Lassa Fever,3,0.1707296222448349,0.5189526677131653,0.310317724943161
2024,2025,Measles,4,0.16754694283008575,0.5127236247062683,0.31972944736480713
2024,2025,Mpox,5,0.1642870008945465,0.5116252899169922,0.3240877091884613
2024,2025,Yellow Fever,6,0.1599336415529251,0.5170732140541077,0.32299309968948364
2024,2025,AFP,0,0.12611965835094452,0.6986600160598755,0.17522040009498596
2024,2025,CSM,1,0.1272687166929245,0.6979348659515381,0.1747964471578598
2024,2025,Cholera,2,0.12735137343406677,0.6962410807609558,0.1764075756072998
2024,2025,Lassa Fever,3,0.13488540053367615,0.6889618039131165,0.17615282535552979
2024,2025,Measles,4,0.13043995201587677,0.6939898729324341,0.17557016015052795
2024,2025,Mpox,5,0.12725117802619934,0.6978867053985596,0.17486213147640228
2024,2025,Yellow Fever,6,0.1268080621957779,0.6961467862129211,0.17704512178897858
2024,2025,AFP,0,0.12281975150108337,0.44016405940055847,0.43701621890068054
2024,2025,CSM,1,0.12512624263763428,0.439479261636734,0.43539440631866455
2024,2025,Cholera,2,0.12265706062316895,0.4398423433303833,0.43750065565109253
2024,2025,Lassa Fever,3,0.12827931344509125,0.43830111622810364,0.4334195554256439
2024,2025,Measles,4,0.1272372603416443,0.435880571603775,0.4368821382522583
2024,2025,Mpox,5,0.12355829030275345,0.4377746880054474,0.43866705894470215
2024,2025,Yellow Fever,6,0.1234128475189209,0.4391691982746124,0.4374179244041443
2024,2025,AFP,0,0.11805342882871628,0.4399699568748474,0.4419766068458557
2024,2025,CSM,1,0.12041499465703964,0.43948113918304443,0.44010382890701294
2024,2025,Cholera,2,0.11967316269874573,0.4391659200191498,0.4411609172821045
2024,2025,Lassa Fever,3,0.12375785410404205,0.4386802911758423,0.4375617802143097
2024,2025,Measles,4,0.1222260594367981,0.4356589913368225,0.44211485981941223
2024,2025,Mpox,5,0.11890949308872223,0.43775197863578796,0.443338543176651
2024,2025,Yellow Fever,6,0.11898311972618103,0.4392419755458832,0.4417749345302582
2024,2025,AFP,0,0.12072461098432541,0.45499011874198914,0.42428529262542725
2024,2025,CSM,1,0.1231258288025856,0.4544338583946228,0.4224402904510498
2024,2025,Cholera,2,0.1226375475525856,0.4538578391075134,0.42350465059280396
2024,2025,Lassa Fever,3,0.12652498483657837,0.4535377621650696,0.41993722319602966
2024,2025,Measles,4,0.12499893456697464,0.45055824518203735,0.42444276809692383
2024,2025,Mpox,5,0.12161349505186081,0.4527466595172882,0.4256398379802704
2024,2025,Yellow Fever,6,0.1219351664185524,0.4539542496204376,0.4241105616092682
2024,2025,AFP,0,0.14419716596603394,0.3626873791217804,0.49311545491218567
2024,2025,CSM,1,0.14579740166664124,0.3608550727367401,0.49334752559661865
2024,2025,Cholera,2,0.14399325847625732,0.3622745871543884,0.49373215436935425
2024,2025,Lassa Fever,3,0.1502869725227356,0.35967665910720825,0.4900364279747009
2024,2025,Measles,4,0.14857597649097443,0.357920378446579,0.493503600358963
2024,2025,Mpox,5,0.14543285965919495,0.36101049184799194,0.49355658888816833
2024,2025,Yellow Fever,6,0.14455822110176086,0.36158695816993713,0.493854820728302
2024,2025,AFP,0,0.1517636477947235,0.36547765135765076,0.4827587306499481
2024,2025,CSM,1,0.1535281538963318,0.36418014764785767,0.48229172825813293
2024,2025,Cholera,2,0.1515006721019745,0.36511778831481934,0.4833814799785614
2024,2025,Lassa Fever,3,0.15829536318778992,0.3634214699268341,0.4782831370830536
2024,2025,Measles,4,0.15634331107139587,0.36060717701911926,0.4830494523048401
2024,2025,Mpox,5,0.15305766463279724,0.36377236247062683,0.4831700026988983
2024,2025,Yellow Fever,6,0.1521444320678711,0.36437055468559265,0.48348507285118103
2024,2025,AFP,0,0.1484210044145584,0.4147699475288391,0.43680906295776367
2024,2025,CSM,1,0.15107393264770508,0.4149491786956787,0.4339768588542938
2024,2025,Cholera,2,0.14855684340000153,0.4149547815322876,0.4364883601665497
2024,2025,Lassa Fever,3,0.15544047951698303,0.41280320286750793,0.43175625801086426
2024,2025,Measles,4,0.15365059673786163,0.4107683002948761,0.43558114767074585
2024,2025,Mpox,5,0.1492578536272049,0.41547009348869324,0.43527212738990784
2024,2025,Yellow Fever,6,0.14959844946861267,0.4118190109729767,0.4385825991630554
2024,2025,AFP,0,0.174236461520195,0.6458885669708252,0.17987504601478577
2024,2025,CSM,1,0.17037445306777954,0.6561645865440369,0.17346100509166718
2024,2025,Cholera,2,0.1736646592617035,0.6476183533668518,0.17871706187725067
2024,2025,Lassa Fever,3,0.16507039964199066,0.6617383360862732,0.17319133877754211
2024,2025,Measles,4,0.1701391339302063,0.6536322236061096,0.1762285977602005
2024,2025,Mpox,5,0.17353035509586334,0.6493163704872131,0.17715324461460114
2024,2025,Yellow Fever,6,0.17609746754169464,0.6425989866256714,0.1813034564256668
2024,2025,AFP,0,0.16232216358184814,0.6331354379653931,0.20454244315624237
2024,2025,CSM,1,0.160518079996109,0.6402701139450073,0.19921176135540009
2024,2025,Cholera,2,0.16391348838806152,0.6317958831787109,0.20429067313671112
2024,2025,Lassa Fever,3,0.15583445131778717,0.6460216641426086,0.19814389944076538
2024,2025,Measles,4,0.1603214293718338,0.6375806927680969,0.20209789276123047
2024,2025,Mpox,5,0.16323712468147278,0.6340194344520569,0.20274338126182556
2024,2025,Yellow Fever,6,0.16505438089370728,0.6288021206855774,0.20614348351955414
2024,2026,AFP,0,0.34575948119163513,0.3527122139930725,0.30152836441993713
2024,2026,CSM,1,0.4231863021850586,0.33730319142341614,0.23951055109500885
2024,2026,Cholera,2,0.04386690631508827,0.387050986289978,0.5690820813179016
2024,2026,Lassa Fever,3,0.21112766861915588,0.44212716817855835,0.3467451333999634
2024,2026,Measles,4,0.5395333170890808,0.27541887760162354,0.18504786491394043
2024,2026,Mpox,5,0.02430473454296589,0.38075459003448486,0.5949406027793884
2024,2026,Yellow Fever,6,0.37464872002601624,0.3407333195209503,0.28461793065071106
2024,2026,AFP,0,0.3072245717048645,0.3562568724155426,0.33651861548423767
2024,2026,CSM,1,0.39282894134521484,0.35063472390174866,0.2565363347530365
2024,2026,Cholera,2,0.03580431640148163,0.3721446990966797,0.5920509696006775
2024,2026,Lassa Fever,3,0.18317782878875732,0.43997249007225037,0.3768496811389923
2024,2026,Measles,4,0.5553005337715149,0.26175397634506226,0.18294548988342285
2024,2026,Mpox,5,0.019902262836694717,0.3687451481819153,0.6113526225090027
2024,2026,Yellow Fever,6,0.3379260003566742,0.3445265591144562,0.31754741072654724
2024,2026,AFP,0,0.28813666105270386,0.45372751355171204,0.2581357955932617
2024,2026,CSM,1,0.3740057051181793,0.4372515380382538,0.1887427568435669
2024,2026,Cholera,2,0.03756624832749367,0.4339565932750702,0.528477132320404
2024,2026,Lassa Fever,3,0.2470051497220993,0.45591577887535095,0.2970789670944214
2024,2026,Measles,4,0.5598871111869812,0.3157087564468384,0.12440413981676102
2024,2026,Mpox,5,0.0203530415892601,0.4258063733577728,0.5538405776023865
2024,2026,Yellow Fever,6,0.31366488337516785,0.4385177493095398,0.2478172928094864
2024,2026,AFP,0,0.27009478211402893,0.5227668881416321,0.20713837444782257
2024,2026,CSM,1,0.3763579726219177,0.459856778383255,0.16378523409366608
2024,2026,Cholera,2,0.03483259305357933,0.5971781611442566,0.3679892420768738
2024,2026,Lassa Fever,3,0.23901939392089844,0.5527501106262207,0.20823049545288086
2024,2026,Measles,4,0.5626772046089172,0.33369719982147217,0.10362555086612701
2024,2026,Mpox,5,0.021881261840462685,0.5892382860183716,0.3888804018497467
2024,2026,Yellow Fever,6,0.28645411133766174,0.5098840594291687,0.20366190373897552
2024,2026,AFP,0,0.24125459790229797,0.5192908644676208,0.23945455253124237
2024,2026,CSM,1,0.4091234803199768,0.4176531732082367,0.1732233613729477
2024,2026,Cholera,2,0.038635432720184326,0.5569885969161987,0.40437591075897217
2024,2026,Lassa Fever,3,0.26325762271881104,0.5180975794792175,0.21864481270313263
2024,2026,Measles,4,0.5674239993095398,0.3031255304813385,0.1294505000114441
2024,2026,Mpox,5,0.023268718272447586,0.5108165144920349,0.4659147560596466
2024,2026,Yellow Fever,6,0.27150923013687134,0.4978627562522888,0.23062804341316223
2024,2026,AFP,0,0.3027941584587097,0.43839573860168457,0.2588101327419281
2024,2026,CSM,1,0.4881759285926819,0.34081602096557617,0.17100809514522552
2024,2026,Cholera,2,0.06195632740855217,0.5234452486038208,0.4145984351634979
2024,2026,Lassa Fever,3,0.48178067803382874,0.32601243257522583,0.19220690429210663
2024,2026,Measles,4,0.4945639669895172,0.34369486570358276,0.1617412269115448
2024,2026,Mpox,5,0.04144243150949478,0.5232597589492798,0.43529781699180603
2024,2026,Yellow Fever,6,0.3467194437980652,0.4120619595050812,0.24121862649917603
2024,2026,AFP,0,0.24028123915195465,0.4978386461734772,0.26188012957572937
2024,2026,CSM,1,0.4304508864879608,0.38983380794525146,0.1797153204679489
2024,2026,Cholera,2,0.041599590331315994,0.5085071325302124,0.44989335536956787
2024,2026,Lassa Fever,3,0.35883665084838867,0.42589572072029114,0.21526765823364258
2024,2026,Measles,4,0.5528017282485962,0.3145318627357483,0.13266637921333313
2024,2026,Mpox,5,0.027818111702799797,0.46722957491874695,0.5049522519111633
2024,2026,Yellow Fever,6,0.27626100182533264,0.4737917482852936,0.24994724988937378
2024,2026,AFP,0,0.3305870294570923,0.43231528997421265,0.2370976209640503
2024,2026,CSM,1,0.4847746193408966,0.35626035928726196,0.15896500647068024
2024,2026,Cholera,2,0.08195926249027252,0.5253366231918335,0.3927040696144104
2024,2026,Lassa Fever,3,0.4450560510158539,0.36429914832115173,0.19064481556415558
2024,2026,Measles,4,0.5002858638763428,0.37442007660865784,0.12529411911964417
2024,2026,Mpox,5,0.05091002956032753,0.49955740571022034,0.44953256845474243
2024,2026,Yellow Fever,6,0.36859020590782166,0.4072316288948059,0.22417816519737244
2024,2026,AFP,0,0.4161345660686493,0.32151898741722107,0.26234644651412964
2024,2026,CSM,1,0.5232267379760742,0.2879079282283783,0.18886536359786987
2024,2026,Cholera,2,0.13493452966213226,0.4137958288192749,0.45126962661743164
2024,2026,Lassa Fever,3,0.3938240706920624,0.3180009126663208,0.28817498683929443
2024,2026,Measles,4,0.564252495765686,0.2800023555755615,0.15574510395526886
2024,2026,Mpox,5,0.07595980167388916,0.39126643538475037,0.5327737331390381
2024,2026,Yellow Fever,6,0.4502536952495575,0.30421727895736694,0.24552902579307556
