seed_run,fold_test_year,disease,disease_id,context,w_tcn,w_bilstm,w_transformer
42,2020,AFP,0,quiet,0.30210164189338684,0.4570316672325134,0.24086661636829376
42,2020,CSM,1,quiet,0.3034564256668091,0.4588317573070526,0.2377118021249771
42,2020,Cholera,2,outbreak,0.29301637411117554,0.46407249569892883,0.24291114509105682
42,2020,Lassa Fever,3,outbreak,0.2958635091781616,0.46991202235221863,0.23422442376613617
42,2020,Measles,4,quiet,0.3040899932384491,0.46018680930137634,0.23572321236133575
42,2020,Mpox,5,quiet,0.2931668162345886,0.4582382142543793,0.2485949546098709
42,2020,Yellow Fever,6,quiet,0.29490211606025696,0.4598439335823059,0.24525398015975952
42,2020,AFP,0,quiet,0.4657345116138458,0.3235619366168976,0.21070347726345062
42,2020,CSM,1,quiet,0.46760180592536926,0.3243366479873657,0.2080615907907486
42,2020,Cholera,2,quiet,0.4569021761417389,0.3301055431365967,0.21299225091934204
42,2020,Lassa Fever,3,outbreak,0.4586491286754608,0.33558472990989685,0.20576612651348114
42,2020,Measles,4,outbreak,0.46338221430778503,0.32718518376350403,0.20943258702754974
42,2020,Mpox,5,outbreak,0.4592536985874176,0.32539665699005127,0.21534961462020874
42,2020,Yellow Fever,6,quiet,0.461479127407074,0.32782235741615295,0.2106984406709671
42,2020,AFP,0,quiet,0.424137145280838,0.3764854073524475,0.19937744736671448
42,2020,CSM,1,quiet,0.4231184720993042,0.37824881076812744,0.19863274693489075
42,2020,Cholera,2,quiet,0.41475921869277954,0.3825172483921051,0.20272356271743774
42,2020,Lassa Fever,3,outbreak,0.41372519731521606,0.38833433389663696,0.197940394282341
42,2020,Measles,4,outbreak,0.4188838303089142,0.38364237546920776,0.19747373461723328
42,2020,Mpox,5,quiet,0.4198644459247589,0.375876784324646,0.20425871014595032
42,2020,Yellow Fever,6,quiet,0.4202866852283478,0.3772246241569519,0.20248866081237793
42,2020,AFP,0,quiet,0.3577803373336792,0.47978734970092773,0.16243234276771545
42,2020,CSM,1,quiet,0.35889917612075806,0.4793577492237091,0.16174301505088806
42,2020,Cholera,2,outbreak,0.35163038969039917,0.4843042492866516,0.16406534612178802
42,2020,Lassa Fever,3,outbreak,0.34812667965888977,0.48884257674217224,0.1630307137966156
42,2020,Measles,4,outbreak,0.35289278626441956,0.4872525930404663,0.15985463559627533
42,2020,Mpox,5,quiet,0.3555363714694977,0.4812600910663605,0.16320349276065826
42,2020,Yellow Fever,6,quiet,0.35614049434661865,0.48031970858573914,0.1635397970676422
42,2020,AFP,0,quiet,0.3291923403739929,0.5295467376708984,0.14126089215278625
42,2020,CSM,1,outbreak,0.33204641938209534,0.5284523963928223,0.13950125873088837
42,2020,Cholera,2,outbreak,0.3257750868797302,0.5306832790374756,0.14354167878627777
42,2020,Lassa Fever,3,outbreak,0.3293564021587372,0.5302309989929199,0.14041250944137573
42,2020,Measles,4,outbreak,0.3302212357521057,0.5312790274620056,0.13849981129169464
42,2020,Mpox,5,quiet,0.32537931203842163,0.5300257205963135,0.14459499716758728
42,2020,Yellow Fever,6,quiet,0.32753920555114746,0.530486524105072,0.14197425544261932
42,2020,AFP,0,quiet,0.4052504599094391,0.4629795551300049,0.13176994025707245
42,2020,CSM,1,quiet,0.4098523259162903,0.4605420231819153,0.12960560619831085
42,2020,Cholera,2,outbreak,0.39840444922447205,0.46600648760795593,0.13558906316757202
42,2020,Lassa Fever,3,outbreak,0.40159574151039124,0.46619611978530884,0.1322081834077835
42,2020,Measles,4,outbreak,0.4056251347064972,0.46375367045402527,0.13062120974063873
42,2020,Mpox,5,quiet,0.402062326669693,0.4628530442714691,0.13508452475070953
42,2020,Yellow Fever,6,quiet,0.4040411114692688,0.46168145537376404,0.13427747786045074
42,2020,AFP,0,quiet,0.5741318464279175,0.2674364447593689,0.15843163430690765
42,2020,CSM,1,quiet,0.5764082074165344,0.26887428760528564,0.15471753478050232
42,2020,Cholera,2,quiet,0.5641961097717285,0.2748793065547943,0.16092458367347717
42,2020,Lassa Fever,3,outbreak,0.5652732253074646,0.27731144428253174,0.15741528570652008
42,2020,Measles,4,outbreak,0.5703855156898499,0.274108350276947,0.1555061787366867
42,2020,Mpox,5,quiet,0.5676588416099548,0.27253347635269165,0.15980768203735352
42,2020,Yellow Fever,6,quiet,0.571357250213623,0.27080219984054565,0.15784047544002533
42,2020,AFP,0,quiet,0.3888022005558014,0.4857230484485626,0.12547476589679718
42,2020,CSM,1,quiet,0.39188048243522644,0.4859001338481903,0.12221939861774445
42,2020,Cholera,2,quiet,0.38628527522087097,0.48744383454322815,0.1262708157300949
42,2020,Lassa Fever,3,outbreak,0.3892689645290375,0.4886305034160614,0.12210049480199814
42,2020,Measles,4,outbreak,0.38353827595710754,0.4934330880641937,0.12302863597869873
42,2020,Mpox,5,quiet,0.38118788599967957,0.4923054873943329,0.12650659680366516
42,2020,Yellow Fever,6,quiet,0.3874324560165405,0.48772361874580383,0.12484389543533325
42,2020,AFP,0,quiet,0.5230724811553955,0.36686238646507263,0.11006508767604828
42,2020,CSM,1,quiet,0.5247623920440674,0.36713510751724243,0.10810249298810959
42,2020,Cholera,2,quiet,0.5094531774520874,0.37693536281585693,0.11361148208379745
42,2020,Lassa Fever,3,outbreak,0.5111820697784424,0.3779047429561615,0.1109132245182991
42,2020,Measles,4,outbreak,0.5184885263442993,0.374620646238327,0.10689086467027664
42,2020,Mpox,5,quiet,0.5152096748352051,0.3729822039604187,0.11180819571018219
42,2020,Yellow Fever,6,quiet,0.5186334252357483,0.3694104552268982,0.1119561418890953
42,2020,AFP,0,quiet,0.5188999772071838,0.3111979365348816,0.1699020266532898
42,2020,CSM,1,quiet,0.5220203399658203,0.3126641511917114,0.16531555354595184
42,2020,Cholera,2,quiet,0.5060480833053589,0.31879764795303345,0.17515426874160767
42,2020,Lassa Fever,3,outbreak,0.510851263999939,0.318167507648468,0.1709812879562378
42,2020,Measles,4,outbreak,0.5137676000595093,0.3199745714664459,0.16625778377056122
42,2020,Mpox,5,quiet,0.5134592056274414,0.31431323289871216,0.17222753167152405
42,2020,Yellow Fever,6,quiet,0.5157499313354492,0.31190958619117737,0.17234042286872864
42,2020,AFP,0,quiet,0.5229649543762207,0.33595049381256104,0.14108453691005707
42,2020,CSM,1,quiet,0.5258395671844482,0.3363063931465149,0.13785406947135925
42,2020,Cholera,2,quiet,0.5088604092597961,0.3457809388637543,0.1453586220741272
42,2020,Lassa Fever,3,outbreak,0.5100404024124146,0.34817665815353394,0.1417829543352127
42,2020,Measles,4,outbreak,0.5165629982948303,0.3466796576976776,0.1367572844028473
42,2020,Mpox,5,quiet,0.517697811126709,0.33939051628112793,0.14291170239448547
42,2020,Yellow Fever,6,quiet,0.5226085782051086,0.3345571458339691,0.14283432066440582
42,2020,AFP,0,quiet,0.5438192486763,0.3025228679180145,0.1536579132080078
42,2020,CSM,1,outbreak,0.5434426069259644,0.30328962206840515,0.1532677710056305
42,2020,Cholera,2,quiet,0.5360801815986633,0.30799999833106995,0.1559198647737503
42,2020,Lassa Fever,3,outbreak,0.5381273031234741,0.3105137348175049,0.15135891735553741
42,2020,Measles,4,outbreak,0.5453019142150879,0.30386069416999817,0.1508374810218811
42,2020,Mpox,5,quiet,0.5379330515861511,0.3037484884262085,0.1583184003829956
42,2020,Yellow Fever,6,quiet,0.5365400314331055,0.30490541458129883,0.15855450928211212
42,2020,AFP,0,quiet,0.5139382481575012,0.3229299485683441,0.16313184797763824
42,2020,CSM,1,outbreak,0.5136070847511292,0.32365623116493225,0.16273675858974457
42,2020,Cholera,2,quiet,0.5051858425140381,0.3299735188484192,0.16484063863754272
42,2020,Lassa Fever,3,outbreak,0.5071917772293091,0.3322995603084564,0.1605086475610733
42,2020,Measles,4,outbreak,0.5145058035850525,0.32552841305732727,0.15996572375297546
42,2020,Mpox,5,quiet,0.5086677074432373,0.3230019807815552,0.16833029687404633
42,2020,Yellow Fever,6,quiet,0.5071970224380493,0.324289470911026,0.16851350665092468
42,2020,AFP,0,quiet,0.46295231580734253,0.35889551043510437,0.1781521886587143
42,2020,CSM,1,outbreak,0.4631688594818115,0.3575981557369232,0.1792328804731369
42,2020,Cholera,2,quiet,0.4565095603466034,0.36658957600593567,0.17690086364746094
42,2020,Lassa Fever,3,outbreak,0.4581238627433777,0.3666219115257263,0.17525416612625122
42,2020,Measles,4,outbreak,0.4669104814529419,0.3546450436115265,0.1784444898366928
42,2020,Mpox,5,quiet,0.4602411687374115,0.36021295189857483,0.17954586446285248
42,2020,Yellow Fever,6,quiet,0.45739060640335083,0.3617802560329437,0.18082915246486664
42,2020,AFP,0,quiet,0.5694422125816345,0.2503323554992676,0.1802254170179367
42,2020,CSM,1,quiet,0.5700960159301758,0.2512960135936737,0.1786080002784729
42,2020,Cholera,2,quiet,0.5611159205436707,0.2574101984500885,0.18147388100624084
42,2020,Lassa Fever,3,outbreak,0.5651052594184875,0.25759053230285645,0.1773041933774948
42,2020,Measles,4,outbreak,0.570732831954956,0.25184258818626404,0.17742466926574707
42,2020,Mpox,5,quiet,0.5650457739830017,0.2521263360977173,0.1828278750181198
42,2020,Yellow Fever,6,quiet,0.5656383037567139,0.25260457396507263,0.18175707757472992
42,2020,AFP,0,quiet,0.5356475710868835,0.27376723289489746,0.19058530032634735
42,2020,CSM,1,quiet,0.535727322101593,0.2746383845806122,0.189634308218956
42,2020,Cholera,2,quiet,0.5293334722518921,0.28060925006866455,0.19005726277828217
42,2020,Lassa Fever,3,outbreak,0.5307421684265137,0.2821041941642761,0.1871536821126938
42,2020,Measles,4,outbreak,0.5353205800056458,0.2763637602329254,0.18831565976142883
42,2020,Mpox,5,quiet,0.5322927832603455,0.2750885784626007,0.19261859357357025
42,2020,Yellow Fever,6,quiet,0.530850350856781,0.27734529972076416,0.19180439412593842
42,2020,AFP,0,quiet,0.3707152009010315,0.39395254850387573,0.23533234000205994
42,2020,CSM,1,quiet,0.37676316499710083,0.39354830980300903,0.22968855500221252
42,2020,Cholera,2,outbreak,0.36515262722969055,0.40098801255226135,0.23385930061340332
42,2020,Lassa Fever,3,quiet,0.3670453429222107,0.40453994274139404,0.22841477394104004
42,2020,Measles,4,quiet,0.3789629340171814,0.3958185315132141,0.22521857917308807
42,2020,Mpox,5,quiet,0.36956149339675903,0.39028623700141907,0.2401522696018219
42,2020,Yellow Fever,6,quiet,0.3728371262550354,0.38829857110977173,0.2388642579317093
42,2020,AFP,0,quiet,0.5305847525596619,0.28747183084487915,0.1819433867931366
42,2020,CSM,1,quiet,0.5309754610061646,0.2888355255126953,0.1801890730857849
42,2020,Cholera,2,quiet,0.530556857585907,0.28677117824554443,0.182671919465065
42,2020,Lassa Fever,3,quiet,0.5344524383544922,0.2877577543258667,0.1777898073196411
42,2020,Measles,4,outbreak,0.5314639806747437,0.28823935985565186,0.18029668927192688
42,2020,Mpox,5,quiet,0.5257547497749329,0.2897811532020569,0.18446414172649384
42,2020,Yellow Fever,6,quiet,0.5288756489753723,0.28876397013664246,0.1823604255914688
42,2020,AFP,0,quiet,0.556016743183136,0.28560391068458557,0.15837928652763367
42,2020,CSM,1,quiet,0.557155430316925,0.28596231341362,0.15688219666481018
42,2020,Cholera,2,quiet,0.5562799572944641,0.2849451005458832,0.15877491235733032
42,2020,Lassa Fever,3,quiet,0.5604010820388794,0.2848517596721649,0.1547471433877945
42,2020,Measles,4,quiet,0.551449716091156,0.2901410758495331,0.1584092676639557
42,2020,Mpox,5,quiet,0.5492222309112549,0.28866496682167053,0.16211286187171936
42,2020,Yellow Fever,6,quiet,0.5585428476333618,0.28373345732688904,0.15772365033626556
42,2020,AFP,0,quiet,0.49127861857414246,0.3458145260810852,0.16290690004825592
42,2020,CSM,1,quiet,0.4912949502468109,0.3476531207561493,0.1610518991947174
42,2020,Cholera,2,quiet,0.4895629286766052,0.34747540950775146,0.16296161711215973
42,2020,Lassa Fever,3,quiet,0.49212291836738586,0.34898850321769714,0.15888860821723938
42,2020,Measles,4,quiet,0.48983684182167053,0.3487675189971924,0.16139565408229828
42,2020,Mpox,5,quiet,0.4852887988090515,0.3499583899974823,0.16475282609462738
42,2020,Yellow Fever,6,quiet,0.49064409732818604,0.34602734446525574,0.16332857310771942
42,2020,AFP,0,quiet,0.44975918531417847,0.42319443821907043,0.12704633176326752
42,2020,CSM,1,quiet,0.4491957128047943,0.4247903525829315,0.12601397931575775
42,2020,Cholera,2,quiet,0.4488877058029175,0.42345088720321655,0.12766140699386597
42,2020,Lassa Fever,3,quiet,0.44969168305397034,0.42606568336486816,0.12424264848232269
42,2020,Measles,4,quiet,0.4514152407646179,0.426033079624176,0.12255163490772247
42,2020,Mpox,5,quiet,0.44300299882888794,0.4260382056236267,0.13095885515213013
42,2020,Yellow Fever,6,quiet,0.446444571018219,0.4219677746295929,0.13158760964870453
42,2020,AFP,0,quiet,0.7046585083007812,0.17561094462871552,0.11973052471876144
42,2020,CSM,1,quiet,0.7098351716995239,0.17369318008422852,0.11647163331508636
42,2020,Cholera,2,quiet,0.7026448249816895,0.1766040325164795,0.12075120955705643
42,2020,Lassa Fever,3,quiet,0.7080202698707581,0.1745438575744629,0.11743585765361786
42,2020,Measles,4,outbreak,0.7097657322883606,0.17516304552555084,0.11507125943899155
42,2020,Mpox,5,quiet,0.7005471587181091,0.17847949266433716,0.12097332626581192
42,2020,Yellow Fever,6,quiet,0.7050223350524902,0.17598563432693481,0.11899203062057495
42,2020,AFP,0,outbreak,0.4885747730731964,0.3516407608985901,0.15978440642356873
42,2020,CSM,1,quiet,0.49054718017578125,0.3527103662490845,0.15674249827861786
42,2020,Cholera,2,quiet,0.4895181953907013,0.3526824414730072,0.15779931843280792
42,2020,Lassa Fever,3,outbreak,0.48953527212142944,0.3545326292514801,0.15593203902244568
42,2020,Measles,4,outbreak,0.4941628575325012,0.35022851824760437,0.15560871362686157
42,2020,Mpox,5,quiet,0.48958054184913635,0.3515869379043579,0.15883249044418335
42,2020,Yellow Fever,6,quiet,0.4907185137271881,0.3518452048301697,0.15743637084960938
42,2020,AFP,0,quiet,0.3364824950695038,0.4611019194126129,0.20241552591323853
42,2020,CSM,1,quiet,0.33639779686927795,0.4622390568256378,0.20136316120624542
42,2020,Cholera,2,quiet,0.33109626173973083,0.4638438820838928,0.20505984127521515
42,2020,Lassa Fever,3,quiet,0.33357909321784973,0.467304527759552,0.19911637902259827
42,2020,Measles,4,quiet,0.3386753797531128,0.46529287099838257,0.19603176414966583
42,2020,Mpox,5,quiet,0.32943207025527954,0.4635106325149536,0.20705732703208923
42,2020,Yellow Fever,6,quiet,0.3345886170864105,0.4599554240703583,0.20545604825019836
42,2020,AFP,0,outbreak,0.3403433561325073,0.49587228894233704,0.16378434002399445
42,2020,CSM,1,quiet,0.34016066789627075,0.4969530999660492,0.16288627684116364
42,2020,Cholera,2,quiet,0.33484968543052673,0.4989413321018219,0.1662089079618454
42,2020,Lassa Fever,3,quiet,0.3370479941368103,0.5020083785057068,0.16094359755516052
42,2020,Measles,4,quiet,0.3420279920101166,0.4996000826358795,0.1583719700574875
42,2020,Mpox,5,quiet,0.33199888467788696,0.4994029998779297,0.1685980260372162
42,2020,Yellow Fever,6,quiet,0.3369077742099762,0.49436280131340027,0.1687294989824295
42,2020,AFP,0,quiet,0.29177287220954895,0.6342450976371765,0.07398203015327454
42,2020,CSM,1,quiet,0.2917822301387787,0.6344092488288879,0.07380857318639755
42,2020,Cholera,2,quiet,0.2893317639827728,0.6360228657722473,0.07464536279439926
42,2020,Lassa Fever,3,quiet,0.28881263732910156,0.6376038789749146,0.07358350604772568
42,2020,Measles,4,quiet,0.29175034165382385,0.6354085206985474,0.07284121215343475
42,2020,Mpox,5,quiet,0.2880840003490448,0.6366803646087646,0.07523568719625473
42,2020,Yellow Fever,6,quiet,0.29011332988739014,0.6337713599205017,0.07611531019210815
42,2020,AFP,0,outbreak,0.25048738718032837,0.6747004985809326,0.07481209188699722
42,2020,CSM,1,quiet,0.2522135376930237,0.6732784509658813,0.07450801879167557
42,2020,Cholera,2,quiet,0.24845264852046967,0.676261305809021,0.0752861276268959
42,2020,Lassa Fever,3,quiet,0.2500858008861542,0.6758192181587219,0.07409493625164032
42,2020,Measles,4,quiet,0.24790440499782562,0.6783435344696045,0.07375209033489227
42,2020,Mpox,5,quiet,0.24797563254833221,0.6760354042053223,0.07598898559808731
42,2020,Yellow Fever,6,quiet,0.25350773334503174,0.6700564026832581,0.07643591612577438
42,2020,AFP,0,quiet,0.18409965932369232,0.7153337001800537,0.10056666284799576
42,2020,CSM,1,quiet,0.18652059137821198,0.7131119966506958,0.10036743432283401
42,2020,Cholera,2,quiet,0.18101325631141663,0.7165878415107727,0.10239886492490768
42,2020,Lassa Fever,3,quiet,0.18029721081256866,0.7186840772628784,0.10101870447397232
42,2020,Measles,4,quiet,0.17994090914726257,0.7202059030532837,0.0998532772064209
42,2020,Mpox,5,outbreak,0.18521972000598907,0.7130513787269592,0.10172893106937408
42,2020,Yellow Fever,6,quiet,0.18697373569011688,0.7097766399383545,0.10324964672327042
42,2020,AFP,0,quiet,0.27918076515197754,0.670872688293457,0.04994657263159752
42,2020,CSM,1,quiet,0.2815009653568268,0.6688700318336487,0.04962899163365364
42,2020,Cholera,2,quiet,0.2788240313529968,0.670950174331665,0.050225768238306046
42,2020,Lassa Fever,3,quiet,0.27932223677635193,0.6712834239006042,0.049394313246011734
42,2020,Measles,4,quiet,0.27908816933631897,0.6717613935470581,0.0491504967212677
42,2020,Mpox,5,quiet,0.27683159708976746,0.6724691390991211,0.050699248909950256
42,2020,Yellow Fever,6,quiet,0.28222668170928955,0.6667413115501404,0.051031991839408875
42,2020,AFP,0,quiet,0.3381264805793762,0.6128802299499512,0.04899323359131813
42,2020,CSM,1,quiet,0.34070873260498047,0.6106420755386353,0.04864916205406189
42,2020,Cholera,2,outbreak,0.3377240002155304,0.6130046248435974,0.049271419644355774
42,2020,Lassa Fever,3,quiet,0.3382962644100189,0.6132524013519287,0.048451296985149384
42,2020,Measles,4,quiet,0.33804187178611755,0.6137418150901794,0.04821627959609032
42,2020,Mpox,5,quiet,0.33549895882606506,0.6147372722625732,0.04976383224129677
42,2020,Yellow Fever,6,quiet,0.34148114919662476,0.60850989818573,0.05000898614525795
42,2020,AFP,0,quiet,0.3116706311702728,0.6111264228820801,0.07720287144184113
42,2020,CSM,1,quiet,0.31524187326431274,0.6083654761314392,0.07639265805482864
42,2020,Cholera,2,quiet,0.3116281032562256,0.6117630004882812,0.07660895586013794
42,2020,Lassa Fever,3,quiet,0.3131043016910553,0.6115313768386841,0.07536441832780838
42,2020,Measles,4,quiet,0.31197261810302734,0.6131032705307007,0.07492407411336899
42,2020,Mpox,5,quiet,0.30975377559661865,0.611551821231842,0.0786944180727005
42,2020,Yellow Fever,6,quiet,0.31499868631362915,0.6060830354690552,0.07891823351383209
42,2020,AFP,0,quiet,0.2969798147678375,0.6067349910736084,0.09628520905971527
42,2020,CSM,1,quiet,0.3004874885082245,0.604204535484314,0.09530793130397797
42,2020,Cholera,2,quiet,0.29698362946510315,0.6074576377868652,0.09555870294570923
42,2020,Lassa Fever,3,quiet,0.29850253462791443,0.607455849647522,0.0940416231751442
42,2020,Measles,4,quiet,0.29744353890419006,0.6090579628944397,0.09349846094846725
42,2020,Mpox,5,quiet,0.2950187623500824,0.6068805456161499,0.0981006771326065
42,2020,Yellow Fever,6,quiet,0.3000599443912506,0.6015454530715942,0.09839463979005814
42,2020,AFP,0,quiet,0.25646451115608215,0.5429955720901489,0.20054000616073608
42,2020,CSM,1,quiet,0.2617102563381195,0.5382578372955322,0.20003195106983185
42,2020,Cholera,2,quiet,0.2563362717628479,0.5401068925857544,0.20355679094791412
42,2020,Lassa Fever,3,quiet,0.25704827904701233,0.5410577058792114,0.2018941044807434
42,2020,Measles,4,quiet,0.2578597366809845,0.5438181161880493,0.1983221173286438
42,2020,Mpox,5,quiet,0.2589426338672638,0.5369620323181152,0.20409536361694336
42,2020,Yellow Fever,6,quiet,0.25868457555770874,0.5364042520523071,0.20491114258766174
42,2020,AFP,0,quiet,0.2319205403327942,0.5302211046218872,0.2378583550453186
42,2020,CSM,1,quiet,0.23204022645950317,0.5284498333930969,0.23951004445552826
42,2020,Cholera,2,quiet,0.23322677612304688,0.5272631049156189,0.23951014876365662
42,2020,Lassa Fever,3,quiet,0.23186320066452026,0.5297374129295349,0.2383994311094284
42,2020,Measles,4,quiet,0.22959239780902863,0.5281524062156677,0.24225524067878723
42,2020,Mpox,5,quiet,0.2354184091091156,0.5281692147254944,0.2364124208688736
42,2020,Yellow Fever,6,quiet,0.2329195886850357,0.5308250188827515,0.23625530302524567
42,2020,AFP,0,quiet,0.29967209696769714,0.6266627311706543,0.07366518676280975
42,2020,CSM,1,quiet,0.30232352018356323,0.6249104738235474,0.07276598364114761
42,2020,Cholera,2,quiet,0.30016884207725525,0.6266430616378784,0.0731881633400917
42,2020,Lassa Fever,3,quiet,0.3006734549999237,0.627478837966919,0.07184774428606033
42,2020,Measles,4,quiet,0.3007761240005493,0.6276021003723145,0.07162182778120041
42,2020,Mpox,5,quiet,0.2974207103252411,0.6275625824928284,0.07501677423715591
42,2020,Yellow Fever,6,quiet,0.30291908979415894,0.6217630505561829,0.07531782239675522
42,2020,AFP,0,quiet,0.41252848505973816,0.5040833353996277,0.08338820189237595
42,2020,CSM,1,quiet,0.42312031984329224,0.49582913517951965,0.08105059713125229
42,2020,Cholera,2,quiet,0.40166693925857544,0.5122890472412109,0.08604402095079422
42,2020,Lassa Fever,3,quiet,0.40679389238357544,0.5095899701118469,0.08361617475748062
42,2020,Measles,4,quiet,0.41339898109436035,0.5043710470199585,0.08222995698451996
42,2020,Mpox,5,quiet,0.40624532103538513,0.5082218647003174,0.0855327695608139
42,2020,Yellow Fever,6,quiet,0.41464412212371826,0.5001186728477478,0.08523714542388916
42,2020,AFP,0,quiet,0.343654066324234,0.5828909873962402,0.07345494627952576
42,2020,CSM,1,quiet,0.34959644079208374,0.5782697200775146,0.07213381677865982
42,2020,Cholera,2,quiet,0.33939436078071594,0.5858328342437744,0.07477286458015442
42,2020,Lassa Fever,3,quiet,0.3442484736442566,0.5831615328788757,0.0725899487733841
42,2020,Measles,4,quiet,0.34701910614967346,0.5809604525566101,0.0720205008983612
42,2020,Mpox,5,quiet,0.33838197588920593,0.5864410400390625,0.07517696171998978
42,2020,Yellow Fever,6,quiet,0.34488216042518616,0.5798609852790833,0.07525687664747238
42,2020,AFP,0,quiet,0.28889042139053345,0.6359667181968689,0.07514283061027527
42,2020,CSM,1,quiet,0.29150667786598206,0.6342393159866333,0.07425407320261002
42,2020,Cholera,2,quiet,0.2849631905555725,0.6387697458267212,0.0762670561671257
42,2020,Lassa Fever,3,quiet,0.2866003215312958,0.6388548016548157,0.07454489916563034
42,2020,Measles,4,quiet,0.2917168438434601,0.6346110105514526,0.07367219030857086
42,2020,Mpox,5,quiet,0.28437909483909607,0.6389966607093811,0.0766243115067482
42,2020,Yellow Fever,6,quiet,0.2872270345687866,0.6355107426643372,0.07726230472326279
42,2020,AFP,0,quiet,0.3202728033065796,0.5933918952941895,0.08633531630039215
42,2020,CSM,1,quiet,0.3222180902957916,0.5928865075111389,0.08489534258842468
42,2020,Cholera,2,quiet,0.315303772687912,0.5963102579116821,0.0883859395980835
42,2020,Lassa Fever,3,quiet,0.3174275755882263,0.5967320799827576,0.08584028482437134
42,2020,Measles,4,quiet,0.32580357789993286,0.5890511274337769,0.0851452574133873
42,2020,Mpox,5,quiet,0.3163227438926697,0.595533013343811,0.0881442278623581
42,2020,Yellow Fever,6,quiet,0.3159702718257904,0.5955673456192017,0.08846239000558853
42,2020,AFP,0,quiet,0.2439953088760376,0.6571944355964661,0.09881025552749634
42,2020,CSM,1,quiet,0.2451232522726059,0.6579076051712036,0.09696914255619049
42,2020,Cholera,2,outbreak,0.24241414666175842,0.6560024619102478,0.10158339142799377
42,2020,Lassa Fever,3,outbreak,0.24404992163181305,0.6570286750793457,0.09892144799232483
42,2020,Measles,4,quiet,0.24785560369491577,0.6544790863990784,0.09766533970832825
42,2020,Mpox,5,quiet,0.2426430732011795,0.6571626663208008,0.10019426047801971
42,2020,Yellow Fever,6,quiet,0.2431677281856537,0.6556474566459656,0.10118485987186432
42,2020,AFP,0,quiet,0.25905686616897583,0.6421525478363037,0.09879051893949509
42,2020,CSM,1,quiet,0.2606058120727539,0.6418542861938477,0.0975399762392044
42,2020,Cholera,2,outbreak,0.257556289434433,0.6412661075592041,0.10117757320404053
42,2020,Lassa Fever,3,quiet,0.2589797377586365,0.6422351598739624,0.09878513216972351
42,2020,Measles,4,quiet,0.26332032680511475,0.6392880082130432,0.09739166498184204
42,2020,Mpox,5,quiet,0.25771287083625793,0.6419786810874939,0.10030843317508698
42,2020,Yellow Fever,6,quiet,0.25805234909057617,0.64035964012146,0.10158805549144745
42,2020,AFP,0,quiet,0.2805960178375244,0.6164937615394592,0.10291016101837158
42,2020,CSM,1,quiet,0.28203490376472473,0.6165479421615601,0.10141711682081223
42,2020,Cholera,2,outbreak,0.2789204716682434,0.615726113319397,0.10535339266061783
42,2020,Lassa Fever,3,quiet,0.28059661388397217,0.6164273023605347,0.10297604650259018
42,2020,Measles,4,quiet,0.28423547744750977,0.6150754690170288,0.10068908333778381
42,2020,Mpox,5,quiet,0.2787840962409973,0.6170450448989868,0.10417086631059647
42,2020,Yellow Fever,6,quiet,0.2796061336994171,0.61446613073349,0.1059277206659317
42,2020,AFP,0,quiet,0.3438262641429901,0.5458940267562866,0.11027974635362625
42,2020,CSM,1,quiet,0.3469712734222412,0.5440194606781006,0.10900918394327164
42,2020,Cholera,2,quiet,0.34045645594596863,0.5470324158668518,0.11251115798950195
42,2020,Lassa Fever,3,outbreak,0.34446007013320923,0.5450615882873535,0.11047831177711487
42,2020,Measles,4,quiet,0.35330986976623535,0.5376979112625122,0.10899222642183304
42,2020,Mpox,5,quiet,0.3406963646411896,0.5479448437690735,0.11135868728160858
42,2020,Yellow Fever,6,quiet,0.3411945104598999,0.545703113079071,0.11310231685638428
42,2020,AFP,0,quiet,0.3528166115283966,0.5369372367858887,0.11024622619152069
42,2020,CSM,1,quiet,0.35472193360328674,0.5362796187400818,0.10899839550256729
42,2020,Cholera,2,quiet,0.35050663352012634,0.5371704697608948,0.1123228445649147
42,2020,Lassa Fever,3,outbreak,0.3523693382740021,0.5382301807403564,0.10940048098564148
42,2020,Measles,4,quiet,0.3576502203941345,0.5355541110038757,0.10679567605257034
42,2020,Mpox,5,quiet,0.35033491253852844,0.5387799739837646,0.1108851283788681
42,2020,Yellow Fever,6,outbreak,0.35109254717826843,0.5363264679908752,0.11258098483085632
42,2020,AFP,0,quiet,0.31432196497917175,0.5720931887626648,0.11358486115932465
42,2020,CSM,1,quiet,0.3159293234348297,0.5721352696418762,0.11193536967039108
42,2020,Cholera,2,quiet,0.31241151690483093,0.5713194608688354,0.11626903712749481
42,2020,Lassa Fever,3,quiet,0.314318984746933,0.5720247626304626,0.11365624517202377
42,2020,Measles,4,quiet,0.31906983256340027,0.5696229934692383,0.11130727082490921
42,2020,Mpox,5,quiet,0.312331885099411,0.5726772546768188,0.11499091237783432
42,2020,Yellow Fever,6,outbreak,0.3131066560745239,0.5700176358222961,0.11687570065259933
42,2020,AFP,0,quiet,0.28808075189590454,0.5926763415336609,0.11924293637275696
42,2020,CSM,1,quiet,0.28931400179862976,0.5933359265327454,0.11735009402036667
42,2020,Cholera,2,quiet,0.2860192358493805,0.5921046137809753,0.12187613546848297
42,2020,Lassa Fever,3,outbreak,0.28820574283599854,0.5923957228660583,0.11939847469329834
42,2020,Measles,4,quiet,0.29156818985939026,0.5919262766838074,0.11650557070970535
42,2020,Mpox,5,quiet,0.28612539172172546,0.5932236909866333,0.12065087258815765
42,2020,Yellow Fever,6,outbreak,0.2874435484409332,0.5895353555679321,0.12302099913358688
42,2020,AFP,0,quiet,0.27888888120651245,0.5743330717086792,0.14677807688713074
42,2020,CSM,1,quiet,0.28022199869155884,0.5752580761909485,0.14451994001865387
42,2020,Cholera,2,quiet,0.27670180797576904,0.5733824968338013,0.1499156504869461
42,2020,Lassa Fever,3,quiet,0.27899855375289917,0.5740378499031067,0.14696355164051056
42,2020,Measles,4,quiet,0.2824684977531433,0.5740194916725159,0.14351199567317963
42,2020,Mpox,5,quiet,0.27689334750175476,0.5746505260467529,0.1484561413526535
42,2020,Yellow Fever,6,outbreak,0.27799680829048157,0.5707244277000427,0.1512787938117981
42,2020,AFP,0,quiet,0.3088444173336029,0.5073433518409729,0.18381226062774658
42,2020,CSM,1,quiet,0.3108934164047241,0.5082718133926392,0.1808347851037979
42,2020,Cholera,2,quiet,0.3061129152774811,0.5049925446510315,0.18889452517032623
42,2020,Lassa Fever,3,quiet,0.3086256682872772,0.5087555050849915,0.18261884152889252
42,2020,Measles,4,quiet,0.3126453161239624,0.5070469975471497,0.18030774593353271
42,2020,Mpox,5,quiet,0.30623942613601685,0.5078643560409546,0.18589626252651215
42,2020,Yellow Fever,6,quiet,0.30673494935035706,0.5065385699272156,0.18672645092010498
42,2020,AFP,0,quiet,0.33377283811569214,0.48154303431510925,0.18468409776687622
42,2020,CSM,1,quiet,0.3359523415565491,0.4823741018772125,0.1816735565662384
42,2020,Cholera,2,quiet,0.3308463990688324,0.47934865951538086,0.1898050457239151
42,2020,Lassa Fever,3,quiet,0.3335682153701782,0.4829292595386505,0.1835024207830429
42,2020,Measles,4,quiet,0.33777743577957153,0.48111486434936523,0.18110765516757965
42,2020,Mpox,5,quiet,0.33103281259536743,0.4821469187736511,0.18682032823562622
42,2020,Yellow Fever,6,outbreak,0.3315314054489136,0.4808347821235657,0.18763379752635956
42,2020,AFP,0,quiet,0.30501097440719604,0.5260537266731262,0.16893528401851654
42,2020,CSM,1,quiet,0.3062135577201843,0.5272454023361206,0.16654101014137268
42,2020,Cholera,2,quiet,0.3021952509880066,0.5236397385597229,0.17416493594646454
42,2020,Lassa Fever,3,quiet,0.3049676716327667,0.5259032845497131,0.16912896931171417
42,2020,Measles,4,quiet,0.3087279498577118,0.5243961811065674,0.1668758988380432
42,2020,Mpox,5,quiet,0.3019624352455139,0.5260058641433716,0.17203167080879211
42,2020,Yellow Fever,6,quiet,0.30283430218696594,0.5238276720046997,0.17333798110485077
42,2021,AFP,0,quiet,0.24194256961345673,0.46689513325691223,0.2911622226238251
42,2021,CSM,1,quiet,0.35218074917793274,0.3802339732646942,0.26758521795272827
42,2021,Cholera,2,quiet,0.3911649286746979,0.35128283500671387,0.25755223631858826
42,2021,Lassa Fever,3,quiet,0.14607973396778107,0.5869144797325134,0.26700571179389954
42,2021,Measles,4,quiet,0.14995038509368896,0.5836756229400635,0.2663740813732147
42,2021,Mpox,5,quiet,0.315014511346817,0.3971763253211975,0.2878091335296631
42,2021,Yellow Fever,6,quiet,0.4740200638771057,0.2957870066165924,0.23019297420978546
42,2021,AFP,0,quiet,0.392024964094162,0.386607825756073,0.2213672399520874
42,2021,CSM,1,quiet,0.5048518776893616,0.2879939675331116,0.20715415477752686
42,2021,Cholera,2,quiet,0.5291110873222351,0.27038174867630005,0.2005070596933365
42,2021,Lassa Fever,3,outbreak,0.23917566239833832,0.528550922870636,0.2322733998298645
42,2021,Measles,4,quiet,0.23191429674625397,0.5352833271026611,0.2328023612499237
42,2021,Mpox,5,outbreak,0.4711058735847473,0.30815520882606506,0.2207389771938324
42,2021,Yellow Fever,6,quiet,0.6179839968681335,0.20083105564117432,0.18118496239185333
42,2021,AFP,0,quiet,0.37458160519599915,0.37946057319641113,0.2459578812122345
42,2021,CSM,1,quiet,0.44588392972946167,0.32181599736213684,0.2323000431060791
42,2021,Cholera,2,quiet,0.45808497071266174,0.30890437960624695,0.2330106794834137
42,2021,Lassa Fever,3,outbreak,0.21165302395820618,0.528637707233429,0.2597092390060425
42,2021,Measles,4,quiet,0.2038705199956894,0.5360181331634521,0.26011133193969727
42,2021,Mpox,5,outbreak,0.4493221342563629,0.31954145431518555,0.23113636672496796
42,2021,Yellow Fever,6,quiet,0.5372527837753296,0.248368039727211,0.21437916159629822
42,2021,AFP,0,quiet,0.244350865483284,0.4602833688259125,0.2953658103942871
42,2021,CSM,1,quiet,0.3147983253002167,0.39864829182624817,0.2865533232688904
42,2021,Cholera,2,outbreak,0.365675151348114,0.35824576020240784,0.2760790288448334
42,2021,Lassa Fever,3,outbreak,0.10984568297863007,0.607231080532074,0.2829231917858124
42,2021,Measles,4,quiet,0.10369572043418884,0.6175188422203064,0.27878546714782715
42,2021,Mpox,5,outbreak,0.3109784722328186,0.3970962464809418,0.2919252812862396
42,2021,Yellow Fever,6,quiet,0.4507356584072113,0.29483309388160706,0.25443127751350403
42,2021,AFP,0,quiet,0.14722082018852234,0.549146294593811,0.30363285541534424
42,2021,CSM,1,quiet,0.18399809300899506,0.468932181596756,0.3470696210861206
42,2021,Cholera,2,quiet,0.21772918105125427,0.4350378215312958,0.3472330868244171
42,2021,Lassa Fever,3,outbreak,0.07448825240135193,0.6816190481185913,0.24389275908470154
42,2021,Measles,4,outbreak,0.06769947707653046,0.6950385570526123,0.23726201057434082
42,2021,Mpox,5,outbreak,0.17012101411819458,0.48707646131515503,0.3428025245666504
42,2021,Yellow Fever,6,quiet,0.25004342198371887,0.37746572494506836,0.3724908232688904
42,2021,AFP,0,quiet,0.13192816078662872,0.508407473564148,0.35966435074806213
42,2021,CSM,1,quiet,0.20574705302715302,0.4210766851902008,0.373176246881485
42,2021,Cholera,2,outbreak,0.2463919222354889,0.37793850898742676,0.3756696581840515
42,2021,Lassa Fever,3,outbreak,0.053191520273685455,0.6765682101249695,0.27024033665657043
42,2021,Measles,4,quiet,0.051491010934114456,0.6829333901405334,0.265575647354126
42,2021,Mpox,5,outbreak,0.20338916778564453,0.3962167501449585,0.40039411187171936
42,2021,Yellow Fever,6,quiet,0.29726988077163696,0.3571988046169281,0.34553131461143494
42,2021,AFP,0,quiet,0.11886721849441528,0.5665515661239624,0.3145811855792999
42,2021,CSM,1,quiet,0.16244439780712128,0.49891552329063416,0.3386400043964386
42,2021,Cholera,2,quiet,0.20694182813167572,0.444335401058197,0.34872278571128845
42,2021,Lassa Fever,3,outbreak,0.04564688354730606,0.7145015597343445,0.23985157907009125
42,2021,Measles,4,quiet,0.04198863357305527,0.7216466665267944,0.2363646775484085
42,2021,Mpox,5,outbreak,0.1694960594177246,0.47926566004753113,0.3512382209300995
42,2021,Yellow Fever,6,quiet,0.2576906085014343,0.3765139877796173,0.36579543352127075
42,2021,AFP,0,quiet,0.21947559714317322,0.44397568702697754,0.33654871582984924
42,2021,CSM,1,quiet,0.28646260499954224,0.377387672662735,0.3361496329307556
42,2021,Cholera,2,outbreak,0.3412841856479645,0.32856273651123047,0.3301531672477722
42,2021,Lassa Fever,3,outbreak,0.08594091236591339,0.6286177039146423,0.28544139862060547
42,2021,Measles,4,outbreak,0.07881409674882889,0.6382738351821899,0.28291210532188416
42,2021,Mpox,5,outbreak,0.28180649876594543,0.3669619560241699,0.35123151540756226
42,2021,Yellow Fever,6,quiet,0.4160768985748291,0.26703694462776184,0.31688615679740906
42,2021,AFP,0,quiet,0.09700178354978561,0.5855716466903687,0.31742656230926514
42,2021,CSM,1,quiet,0.13621166348457336,0.5231099724769592,0.3406783640384674
42,2021,Cholera,2,quiet,0.1708950251340866,0.47436660528182983,0.35473841428756714
42,2021,Lassa Fever,3,outbreak,0.039862725883722305,0.7299820184707642,0.23015522956848145
42,2021,Measles,4,outbreak,0.037184055894613266,0.7351536750793457,0.22766222059726715
42,2021,Mpox,5,outbreak,0.13295188546180725,0.5088571906089783,0.35819101333618164
42,2021,Yellow Fever,6,outbreak,0.21033316850662231,0.41720402240753174,0.37246280908584595
42,2021,AFP,0,quiet,0.09479046612977982,0.6289129257202148,0.27629658579826355
42,2021,CSM,1,quiet,0.1278282254934311,0.5545933246612549,0.3175784647464752
42,2021,Cholera,2,outbreak,0.15278084576129913,0.5183655619621277,0.32885363698005676
42,2021,Lassa Fever,3,outbreak,0.03897242620587349,0.7537640333175659,0.20726358890533447
42,2021,Measles,4,quiet,0.036684706807136536,0.7605791091918945,0.20273621380329132
42,2021,Mpox,5,quiet,0.12279096245765686,0.5558224320411682,0.32138654589653015
42,2021,Yellow Fever,6,outbreak,0.17767782509326935,0.4657331705093384,0.3565889894962311
42,2021,AFP,0,quiet,0.08266394585371017,0.6471515893936157,0.2701845169067383
42,2021,CSM,1,quiet,0.12262097746133804,0.5476094484329224,0.32976964116096497
42,2021,Cholera,2,outbreak,0.1518482267856598,0.5091987252235413,0.33895304799079895
42,2021,Lassa Fever,3,outbreak,0.03184698894619942,0.7635111212730408,0.2046418935060501
42,2021,Measles,4,quiet,0.029749929904937744,0.7703500986099243,0.19990001618862152
42,2021,Mpox,5,quiet,0.12091449648141861,0.5450544953346252,0.33403104543685913
42,2021,Yellow Fever,6,quiet,0.2004745602607727,0.44111815094947815,0.35840728878974915
42,2021,AFP,0,quiet,0.15411527454853058,0.4837074875831604,0.3621772527694702
42,2021,CSM,1,quiet,0.3006832003593445,0.3409976661205292,0.35831913352012634
42,2021,Cholera,2,outbreak,0.37726736068725586,0.2801607847213745,0.34257185459136963
42,2021,Lassa Fever,3,quiet,0.06460127234458923,0.6448138952255249,0.2905849516391754
42,2021,Measles,4,quiet,0.05796768516302109,0.6602422595024109,0.2817900776863098
42,2021,Mpox,5,quiet,0.2723022997379303,0.3590039014816284,0.3686937987804413
42,2021,Yellow Fever,6,quiet,0.5086122751235962,0.19579586386680603,0.2955918610095978
42,2021,AFP,0,quiet,0.1409790962934494,0.5149949193000793,0.34402602910995483
42,2021,CSM,1,outbreak,0.2777331471443176,0.3585204780101776,0.36374640464782715
42,2021,Cholera,2,outbreak,0.3370044231414795,0.3099617063999176,0.3530338406562805
42,2021,Lassa Fever,3,quiet,0.05963561311364174,0.6705995798110962,0.26976481080055237
42,2021,Measles,4,outbreak,0.053843919187784195,0.6842653751373291,0.26189079880714417
42,2021,Mpox,5,quiet,0.2506237328052521,0.37633270025253296,0.3730435371398926
42,2021,Yellow Fever,6,quiet,0.48779013752937317,0.20478378236293793,0.3074260354042053
42,2021,AFP,0,quiet,0.09348663687705994,0.5495150685310364,0.3569982945919037
42,2021,CSM,1,quiet,0.13595402240753174,0.47658368945121765,0.387462317943573
42,2021,Cholera,2,outbreak,0.16748495399951935,0.44352370500564575,0.3889913260936737
42,2021,Lassa Fever,3,quiet,0.03200835362076759,0.711042046546936,0.25694960355758667
42,2021,Measles,4,outbreak,0.02887595072388649,0.722304105758667,0.24881994724273682
42,2021,Mpox,5,outbreak,0.13657636940479279,0.47119128704071045,0.39223235845565796
42,2021,Yellow Fever,6,quiet,0.23021568357944489,0.3831948935985565,0.3865894377231598
42,2021,AFP,0,quiet,0.1247720867395401,0.5400604009628296,0.3351675271987915
42,2021,CSM,1,outbreak,0.18112392723560333,0.43892526626586914,0.37995076179504395
42,2021,Cholera,2,outbreak,0.23216302692890167,0.38284337520599365,0.38499361276626587
42,2021,Lassa Fever,3,quiet,0.04953978583216667,0.6933915615081787,0.2570686638355255
42,2021,Measles,4,outbreak,0.04424728453159332,0.7108423113822937,0.24491040408611298
42,2021,Mpox,5,quiet,0.18998223543167114,0.4257359802722931,0.38428178429603577
42,2021,Yellow Fever,6,outbreak,0.3014329969882965,0.3135297894477844,0.38503721356391907
42,2021,AFP,0,quiet,0.21877002716064453,0.42398563027381897,0.3572443425655365
42,2021,CSM,1,quiet,0.2747590243816376,0.3722977042198181,0.3529432713985443
42,2021,Cholera,2,outbreak,0.3187417984008789,0.3321981132030487,0.3490600883960724
42,2021,Lassa Fever,3,quiet,0.1050088107585907,0.5625506043434143,0.332440584897995
42,2021,Measles,4,quiet,0.098917655646801,0.5748226046562195,0.3262597620487213
42,2021,Mpox,5,quiet,0.2847121059894562,0.36140695214271545,0.35388097167015076
42,2021,Yellow Fever,6,quiet,0.3781944215297699,0.2926733195781708,0.3291322588920593
42,2021,AFP,0,quiet,0.12511323392391205,0.5448622107505798,0.3300245702266693
42,2021,CSM,1,quiet,0.19450126588344574,0.43703749775886536,0.3684612810611725
42,2021,Cholera,2,outbreak,0.24708975851535797,0.3765135109424591,0.37639671564102173
42,2021,Lassa Fever,3,quiet,0.05128318816423416,0.7051724791526794,0.24354428052902222
42,2021,Measles,4,outbreak,0.04567215219140053,0.7220607995986938,0.23226702213287354
42,2021,Mpox,5,quiet,0.20110562443733215,0.41862255334854126,0.38027188181877136
42,2021,Yellow Fever,6,quiet,0.3364940583705902,0.28295275568962097,0.38055315613746643
42,2021,AFP,0,quiet,0.16392825543880463,0.4973328113555908,0.33873894810676575
42,2021,CSM,1,quiet,0.19798514246940613,0.4599573314189911,0.3420574963092804
42,2021,Cholera,2,outbreak,0.2665606141090393,0.38460150361061096,0.34883785247802734
42,2021,Lassa Fever,3,quiet,0.05427884683012962,0.691169798374176,0.25455135107040405
42,2021,Measles,4,outbreak,0.051320914179086685,0.7001510858535767,0.24852806329727173
42,2021,Mpox,5,outbreak,0.20194917917251587,0.4429454505443573,0.3551054298877716
42,2021,Yellow Fever,6,quiet,0.31426167488098145,0.35531285405158997,0.3304254412651062
42,2021,AFP,0,quiet,0.10898882150650024,0.5807291269302368,0.31028202176094055
42,2021,CSM,1,quiet,0.1825028657913208,0.4594206213951111,0.3580765426158905
42,2021,Cholera,2,outbreak,0.2359645962715149,0.3962564468383789,0.3677789270877838
42,2021,Lassa Fever,3,quiet,0.04257281869649887,0.7337818741798401,0.22364534437656403
42,2021,Measles,4,outbreak,0.03777001053094864,0.7493694424629211,0.21286055445671082
42,2021,Mpox,5,outbreak,0.18358999490737915,0.44857272505760193,0.36783722043037415
42,2021,Yellow Fever,6,quiet,0.3293685019016266,0.2966458797454834,0.3739856481552124
42,2021,AFP,0,quiet,0.15344838798046112,0.5623058676719666,0.2842458188533783
42,2021,CSM,1,quiet,0.25880005955696106,0.4675447642803192,0.2736551761627197
42,2021,Cholera,2,outbreak,0.3204951584339142,0.4054788053035736,0.2740260362625122
42,2021,Lassa Fever,3,quiet,0.05740704759955406,0.7318899631500244,0.21070298552513123
42,2021,Measles,4,outbreak,0.05419069901108742,0.7402469515800476,0.20556236803531647
42,2021,Mpox,5,outbreak,0.2285599410533905,0.47496411204338074,0.29647594690322876
42,2021,Yellow Fever,6,quiet,0.43072521686553955,0.30319181084632874,0.2660829722881317
42,2021,AFP,0,outbreak,0.3115674555301666,0.3874664008617401,0.30096614360809326
42,2021,CSM,1,quiet,0.33115479350090027,0.3653881847858429,0.30345699191093445
42,2021,Cholera,2,outbreak,0.3814859092235565,0.32732996344566345,0.29118406772613525
42,2021,Lassa Fever,3,quiet,0.13275188207626343,0.5794845223426819,0.2877635955810547
42,2021,Measles,4,outbreak,0.12875138223171234,0.5903116464614868,0.28093695640563965
42,2021,Mpox,5,outbreak,0.34053996205329895,0.357555091381073,0.30190491676330566
42,2021,Yellow Fever,6,quiet,0.41787564754486084,0.30067506432533264,0.2814493477344513
42,2021,AFP,0,quiet,0.42241281270980835,0.30122196674346924,0.2763653099536896
42,2021,CSM,1,quiet,0.42745915055274963,0.2804219126701355,0.2921189069747925
42,2021,Cholera,2,outbreak,0.4456915259361267,0.271280974149704,0.2830275595188141
42,2021,Lassa Fever,3,quiet,0.29305586218833923,0.3952312469482422,0.3117128610610962
42,2021,Measles,4,quiet,0.28471750020980835,0.4041859209537506,0.31109654903411865
42,2021,Mpox,5,outbreak,0.4380509853363037,0.27977004647254944,0.28217899799346924
42,2021,Yellow Fever,6,quiet,0.4858642816543579,0.2527928054332733,0.261342853307724
42,2021,AFP,0,outbreak,0.19399286806583405,0.5536197423934937,0.2523874044418335
42,2021,CSM,1,quiet,0.22884003818035126,0.4919968247413635,0.27916306257247925
42,2021,Cholera,2,outbreak,0.24669931828975677,0.4676364064216614,0.2856641709804535
42,2021,Lassa Fever,3,quiet,0.10985718667507172,0.6707156300544739,0.219427227973938
42,2021,Measles,4,outbreak,0.10750139504671097,0.6759610772132874,0.21653752028942108
42,2021,Mpox,5,outbreak,0.2296992391347885,0.4973072111606598,0.2729935050010681
42,2021,Yellow Fever,6,outbreak,0.31710460782051086,0.39775338768959045,0.2851419150829315
42,2021,AFP,0,quiet,0.11636891216039658,0.6533865928649902,0.2302444875240326
42,2021,CSM,1,quiet,0.19044306874275208,0.572940468788147,0.23661640286445618
42,2021,Cholera,2,outbreak,0.20744773745536804,0.5498172044754028,0.24273502826690674
42,2021,Lassa Fever,3,quiet,0.07286405563354492,0.7322430610656738,0.19489286839962006
42,2021,Measles,4,quiet,0.07018253207206726,0.738805890083313,0.19101162254810333
42,2021,Mpox,5,quiet,0.17214302718639374,0.5795359015464783,0.24832108616828918
42,2021,Yellow Fever,6,quiet,0.28414595127105713,0.46681854128837585,0.24903547763824463
42,2021,AFP,0,outbreak,0.24090397357940674,0.4750165641307831,0.28407958149909973
42,2021,CSM,1,quiet,0.2999318540096283,0.4207365810871124,0.27933159470558167
42,2021,Cholera,2,outbreak,0.31196168065071106,0.4086316227912903,0.27940669655799866
42,2021,Lassa Fever,3,outbreak,0.15348125994205475,0.571155309677124,0.27536338567733765
42,2021,Measles,4,quiet,0.1475459784269333,0.5806917548179626,0.27176228165626526
42,2021,Mpox,5,quiet,0.27307888865470886,0.43710148334503174,0.289819598197937
42,2021,Yellow Fever,6,quiet,0.3764549195766449,0.3499005436897278,0.2736445665359497
42,2021,AFP,0,outbreak,0.1641986072063446,0.602150022983551,0.23365136981010437
42,2021,CSM,1,quiet,0.24284550547599792,0.513959527015686,0.24319496750831604
42,2021,Cholera,2,outbreak,0.2596117854118347,0.49378156661987305,0.2466067373752594
42,2021,Lassa Fever,3,outbreak,0.09454789757728577,0.6920695304870605,0.21338258683681488
42,2021,Measles,4,quiet,0.09105578809976578,0.6981928944587708,0.21075132489204407
42,2021,Mpox,5,outbreak,0.21714293956756592,0.533446192741394,0.24941088259220123
42,2021,Yellow Fever,6,quiet,0.3189891278743744,0.42783322930336,0.253177672624588
42,2021,AFP,0,outbreak,0.12796714901924133,0.6452374458312988,0.22679544985294342
42,2021,CSM,1,quiet,0.20171256363391876,0.563770592212677,0.23451687395572662
42,2021,Cholera,2,outbreak,0.22119320929050446,0.5394116640090942,0.2393951267004013
42,2021,Lassa Fever,3,outbreak,0.07592775672674179,0.7259606719017029,0.19811156392097473
42,2021,Measles,4,outbreak,0.07242938131093979,0.7323715090751648,0.19519907236099243
42,2021,Mpox,5,outbreak,0.17701023817062378,0.5836920738220215,0.23929764330387115
42,2021,Yellow Fever,6,quiet,0.2787734866142273,0.47252845764160156,0.24869801104068756
42,2022,AFP,0,quiet,0.31894171237945557,0.3831237554550171,0.29793453216552734
42,2022,CSM,1,quiet,0.31512922048568726,0.38825634121894836,0.29661446809768677
42,2022,Cholera,2,outbreak,0.31817078590393066,0.38615041971206665,0.29567885398864746
42,2022,Lassa Fever,3,quiet,0.31663092970848083,0.3839830756187439,0.2993859648704529
42,2022,Measles,4,outbreak,0.3220245838165283,0.382593035697937,0.2953823506832123
42,2022,Mpox,5,quiet,0.3141119182109833,0.3815714418888092,0.3043166399002075
42,2022,Yellow Fever,6,quiet,0.312186062335968,0.38521313667297363,0.30260080099105835
42,2022,AFP,0,outbreak,0.10592713952064514,0.2562776803970337,0.6377951502799988
42,2022,CSM,1,outbreak,0.10501869022846222,0.2571898400783539,0.6377914547920227
42,2022,Cholera,2,outbreak,0.10577687621116638,0.2560979127883911,0.6381252408027649
42,2022,Lassa Fever,3,outbreak,0.10563331097364426,0.2568100392818451,0.6375566720962524
42,2022,Measles,4,outbreak,0.1064012199640274,0.2594112753868103,0.6341875195503235
42,2022,Mpox,5,outbreak,0.10445911437273026,0.255669504404068,0.63987135887146
42,2022,Yellow Fever,6,outbreak,0.10259947925806046,0.25341999530792236,0.6439804434776306
42,2022,AFP,0,outbreak,0.1069784015417099,0.34024578332901,0.5527758002281189
42,2022,CSM,1,outbreak,0.10781972110271454,0.3408268094062805,0.5513535141944885
42,2022,Cholera,2,outbreak,0.10878224670886993,0.3417138457298279,0.5495039224624634
42,2022,Lassa Fever,3,outbreak,0.10763862729072571,0.340455561876297,0.5519057512283325
42,2022,Measles,4,outbreak,0.10919268429279327,0.3452601730823517,0.5455471277236938
42,2022,Mpox,5,outbreak,0.10554144531488419,0.34004366397857666,0.5544149279594421
42,2022,Yellow Fever,6,outbreak,0.10602283477783203,0.3386983871459961,0.5552787780761719
42,2022,AFP,0,outbreak,0.15376482903957367,0.3166135251522064,0.5296216011047363
42,2022,CSM,1,outbreak,0.15346945822238922,0.31822633743286133,0.5283042192459106
42,2022,Cholera,2,outbreak,0.1570863276720047,0.31539344787597656,0.5275202393531799
42,2022,Lassa Fever,3,outbreak,0.151176318526268,0.3142513334751129,0.5345723032951355
42,2022,Measles,4,outbreak,0.15661410987377167,0.3140357732772827,0.5293501615524292
42,2022,Mpox,5,outbreak,0.15204985439777374,0.31160613894462585,0.5363439917564392
42,2022,Yellow Fever,6,outbreak,0.15109477937221527,0.31710702180862427,0.5317981839179993
42,2022,AFP,0,outbreak,0.13304024934768677,0.4730865955352783,0.39387309551239014
42,2022,CSM,1,outbreak,0.13348449766635895,0.47864267230033875,0.3878728747367859
42,2022,Cholera,2,outbreak,0.1355612725019455,0.4761587083339691,0.3882800340652466
42,2022,Lassa Fever,3,outbreak,0.13340787589550018,0.47303852438926697,0.39355361461639404
42,2022,Measles,4,outbreak,0.13630199432373047,0.477011114358902,0.38668686151504517
42,2022,Mpox,5,outbreak,0.13388487696647644,0.4721957743167877,0.39391934871673584
42,2022,Yellow Fever,6,outbreak,0.1288933902978897,0.47322532534599304,0.39788132905960083
42,2022,AFP,0,outbreak,0.14353471994400024,0.5045108199119568,0.35195448994636536
42,2022,CSM,1,outbreak,0.14365026354789734,0.5066841244697571,0.34966564178466797
42,2022,Cholera,2,outbreak,0.14642728865146637,0.5055509805679321,0.3480217456817627
42,2022,Lassa Fever,3,quiet,0.14609311521053314,0.5012453198432922,0.3526616096496582
42,2022,Measles,4,outbreak,0.14733991026878357,0.500566303730011,0.35209381580352783
42,2022,Mpox,5,outbreak,0.1454283446073532,0.5006044507026672,0.3539671301841736
42,2022,Yellow Fever,6,quiet,0.14045439660549164,0.5059101581573486,0.35363540053367615
42,2022,AFP,0,outbreak,0.14687630534172058,0.5843162536621094,0.26880747079849243
42,2022,CSM,1,outbreak,0.1464330404996872,0.5874776840209961,0.2660892605781555
42,2022,Cholera,2,outbreak,0.1486913114786148,0.5851578712463379,0.2661508321762085
42,2022,Lassa Fever,3,outbreak,0.14870509505271912,0.5820437073707581,0.26925113797187805
42,2022,Measles,4,outbreak,0.14812113344669342,0.5823809504508972,0.26949796080589294
42,2022,Mpox,5,outbreak,0.14787077903747559,0.5811498761177063,0.27097928524017334
42,2022,Yellow Fever,6,quiet,0.14609041810035706,0.5876533389091492,0.2662562429904938
42,2022,AFP,0,outbreak,0.20161403715610504,0.4491737484931946,0.3492121696472168
42,2022,CSM,1,quiet,0.20153763890266418,0.44978630542755127,0.34867602586746216
42,2022,Cholera,2,outbreak,0.20435337722301483,0.45227673649787903,0.34336984157562256
42,2022,Lassa Fever,3,outbreak,0.20547248423099518,0.44359174370765686,0.35093578696250916
42,2022,Measles,4,outbreak,0.20720040798187256,0.4460603892803192,0.3467392027378082
42,2022,Mpox,5,outbreak,0.20373238623142242,0.4473154544830322,0.34895211458206177
42,2022,Yellow Fever,6,quiet,0.19857768714427948,0.4507104158401489,0.3507118821144104
42,2022,AFP,0,outbreak,0.14985255897045135,0.574120819568634,0.2760266065597534
42,2022,CSM,1,quiet,0.1498783528804779,0.5778341293334961,0.272287517786026
42,2022,Cholera,2,outbreak,0.15168921649456024,0.5750647783279419,0.2732459604740143
42,2022,Lassa Fever,3,outbreak,0.15135377645492554,0.5733092427253723,0.2753370702266693
42,2022,Measles,4,quiet,0.1505870819091797,0.5734800696372986,0.2759328782558441
42,2022,Mpox,5,outbreak,0.15047675371170044,0.5724174380302429,0.27710580825805664
42,2022,Yellow Fever,6,quiet,0.14892882108688354,0.5780731439590454,0.27299803495407104
42,2022,AFP,0,outbreak,0.14254485070705414,0.4973546266555786,0.36010053753852844
42,2022,CSM,1,quiet,0.1415645033121109,0.4959791898727417,0.36245638132095337
42,2022,Cholera,2,outbreak,0.14491000771522522,0.49479302763938904,0.36029696464538574
42,2022,Lassa Fever,3,outbreak,0.14370501041412354,0.49896135926246643,0.3573336899280548
42,2022,Measles,4,quiet,0.14386101067066193,0.4925945997238159,0.3635443449020386
42,2022,Mpox,5,outbreak,0.1434636414051056,0.4910002648830414,0.365536093711853
42,2022,Yellow Fever,6,quiet,0.13698476552963257,0.4993125796318054,0.363702654838562
42,2022,AFP,0,quiet,0.5924547910690308,0.3393143117427826,0.068231001496315
42,2022,CSM,1,quiet,0.5999624729156494,0.3346294164657593,0.06540809571743011
42,2022,Cholera,2,outbreak,0.5948610305786133,0.33946534991264343,0.06567367166280746
42,2022,Lassa Fever,3,outbreak,0.6023435592651367,0.33229488134384155,0.06536155939102173
42,2022,Measles,4,outbreak,0.6063543558120728,0.32946205139160156,0.06418358534574509
42,2022,Mpox,5,outbreak,0.5956602096557617,0.334816575050354,0.06952325999736786
42,2022,Yellow Fever,6,quiet,0.5919138193130493,0.3393210470676422,0.06876513361930847
42,2022,AFP,0,quiet,0.5051466822624207,0.3426486849784851,0.15220467746257782
42,2022,CSM,1,quiet,0.5129117369651794,0.34189966320991516,0.1451885998249054
42,2022,Cholera,2,outbreak,0.5088666081428528,0.34394851326942444,0.14718486368656158
42,2022,Lassa Fever,3,outbreak,0.5176477432250977,0.3360039293766022,0.1463482677936554
42,2022,Measles,4,outbreak,0.5221198201179504,0.3355681598186493,0.14231203496456146
42,2022,Mpox,5,outbreak,0.5065131783485413,0.3416159451007843,0.15187092125415802
42,2022,Yellow Fever,6,quiet,0.5016598701477051,0.3440462350845337,0.15429389476776123
42,2022,AFP,0,outbreak,0.35856229066848755,0.4124070703983307,0.22903068363666534
42,2022,CSM,1,quiet,0.3637550473213196,0.4155157506465912,0.22072921693325043
42,2022,Cholera,2,outbreak,0.36115434765815735,0.4157717227935791,0.22307391464710236
42,2022,Lassa Fever,3,outbreak,0.37192094326019287,0.4067402780056,0.22133882343769073
42,2022,Measles,4,outbreak,0.3750174641609192,0.40663695335388184,0.21834558248519897
42,2022,Mpox,5,outbreak,0.35618311166763306,0.4087257385253906,0.23509110510349274
42,2022,Yellow Fever,6,quiet,0.3532440662384033,0.413690447807312,0.23306556046009064
42,2022,AFP,0,quiet,0.15422356128692627,0.38406944274902344,0.4617070257663727
42,2022,CSM,1,quiet,0.15551519393920898,0.3814435303211212,0.4630413055419922
42,2022,Cholera,2,outbreak,0.158574178814888,0.38285917043685913,0.45856669545173645
42,2022,Lassa Fever,3,outbreak,0.1557159423828125,0.3841148912906647,0.4601691663265228
42,2022,Measles,4,outbreak,0.16027289628982544,0.38323554396629333,0.4564915895462036
42,2022,Mpox,5,outbreak,0.1539148986339569,0.38261446356773376,0.46347057819366455
42,2022,Yellow Fever,6,quiet,0.1516212671995163,0.3815458118915558,0.4668329060077667
42,2022,AFP,0,outbreak,0.14947140216827393,0.38525038957595825,0.4652782082557678
42,2022,CSM,1,quiet,0.15114158391952515,0.38236671686172485,0.4664917290210724
42,2022,Cholera,2,outbreak,0.15365101397037506,0.3838919401168823,0.4624570906162262
42,2022,Lassa Fever,3,outbreak,0.15116086602210999,0.38519516587257385,0.4636439383029938
42,2022,Measles,4,outbreak,0.15558402240276337,0.3845873773097992,0.45982858538627625
42,2022,Mpox,5,outbreak,0.1495610773563385,0.38217693567276,0.4682619869709015
42,2022,Yellow Fever,6,quiet,0.14731688797473907,0.3832584619522095,0.46942469477653503
42,2023,AFP,0,quiet,0.30207559466362,0.3225931227207184,0.37533122301101685
42,2023,CSM,1,quiet,0.3020175099372864,0.3225436508655548,0.3754388391971588
42,2023,Cholera,2,outbreak,0.3037105202674866,0.32177719473838806,0.374512255191803
42,2023,Lassa Fever,3,outbreak,0.29980790615081787,0.3251359462738037,0.3750561475753784
42,2023,Measles,4,quiet,0.2982461750507355,0.32766446471214294,0.3740893602371216
42,2023,Mpox,5,quiet,0.30387479066848755,0.32347333431243896,0.3726518452167511
42,2023,Yellow Fever,6,quiet,0.30121245980262756,0.3234728276729584,0.3753146827220917
42,2023,AFP,0,outbreak,0.3307752311229706,0.3135375678539276,0.3556872010231018
42,2023,CSM,1,outbreak,0.330830842256546,0.313601553440094,0.3555675745010376
42,2023,Cholera,2,outbreak,0.3347606062889099,0.31032228469848633,0.354917049407959
42,2023,Lassa Fever,3,outbreak,0.3299870789051056,0.31459182500839233,0.35542112588882446
42,2023,Measles,4,quiet,0.3238803446292877,0.321848064661026,0.3542715907096863
42,2023,Mpox,5,outbreak,0.33309897780418396,0.3130527138710022,0.35384833812713623
42,2023,Yellow Fever,6,outbreak,0.3289913833141327,0.31680694222450256,0.35420167446136475
42,2023,AFP,0,outbreak,0.3316342234611511,0.323830246925354,0.3445354700088501
42,2023,CSM,1,outbreak,0.33020851016044617,0.321346640586853,0.3484448492527008
42,2023,Cholera,2,quiet,0.33412784337997437,0.32060927152633667,0.34526288509368896
42,2023,Lassa Fever,3,outbreak,0.3283122777938843,0.3257412314414978,0.34594646096229553
42,2023,Measles,4,quiet,0.32840803265571594,0.32787299156188965,0.3437190055847168
42,2023,Mpox,5,outbreak,0.3354683220386505,0.3214457035064697,0.3430859446525574
42,2023,Yellow Fever,6,quiet,0.3346068561077118,0.32176366448402405,0.3436294496059418
42,2023,AFP,0,quiet,0.29556378722190857,0.2327588051557541,0.4716774523258209
42,2023,CSM,1,outbreak,0.2975426912307739,0.23019129037857056,0.4722660779953003
42,2023,Cholera,2,quiet,0.2953357398509979,0.23384404182434082,0.4708201289176941
42,2023,Lassa Fever,3,outbreak,0.2976164221763611,0.23407447338104248,0.4683091342449188
42,2023,Measles,4,quiet,0.29555052518844604,0.23468992114067078,0.46975958347320557
42,2023,Mpox,5,outbreak,0.2958531975746155,0.23131245374679565,0.47283440828323364
42,2023,Yellow Fever,6,quiet,0.3027079701423645,0.2308500111103058,0.4664420783519745
42,2023,AFP,0,outbreak,0.3792993724346161,0.19090045988559723,0.4298001825809479
42,2023,CSM,1,outbreak,0.3803539276123047,0.1887209415435791,0.4309251606464386
42,2023,Cholera,2,quiet,0.3802703619003296,0.1928362399339676,0.4268934428691864
42,2023,Lassa Fever,3,quiet,0.377861887216568,0.19177520275115967,0.43036291003227234
42,2023,Measles,4,quiet,0.37942418456077576,0.18838569521903992,0.4321901202201843
42,2023,Mpox,5,quiet,0.3811933100223541,0.18881437182426453,0.42999228835105896
42,2023,Yellow Fever,6,quiet,0.37998512387275696,0.18579958379268646,0.4342153072357178
42,2023,AFP,0,outbreak,0.3415513038635254,0.17708955705165863,0.48135918378829956
42,2023,CSM,1,quiet,0.3406215310096741,0.17686527967453003,0.4825132191181183
42,2023,Cholera,2,quiet,0.33996883034706116,0.17936334013938904,0.4806678593158722
42,2023,Lassa Fever,3,outbreak,0.34174755215644836,0.17756490409374237,0.48068752884864807
42,2023,Measles,4,quiet,0.3401598334312439,0.1750200390815735,0.4848201274871826
42,2023,Mpox,5,outbreak,0.342672735452652,0.17545922100543976,0.48186805844306946
42,2023,Yellow Fever,6,outbreak,0.34515634179115295,0.1749734729528427,0.47987014055252075
42,2023,AFP,0,quiet,0.38593441247940063,0.16577936708927155,0.44828617572784424
42,2023,CSM,1,quiet,0.38588544726371765,0.16522258520126343,0.44889193773269653
42,2023,Cholera,2,quiet,0.38561728596687317,0.16898323595523834,0.4453994929790497
42,2023,Lassa Fever,3,quiet,0.3847176730632782,0.16636879742145538,0.4489135146141052
42,2023,Measles,4,quiet,0.3856036961078644,0.1624598503112793,0.45193642377853394
42,2023,Mpox,5,outbreak,0.38730499148368835,0.16563932597637177,0.44705572724342346
42,2023,Yellow Fever,6,quiet,0.38499709963798523,0.1618182510137558,0.45318469405174255
42,2023,AFP,0,quiet,0.3534696102142334,0.15162265300750732,0.4949076771736145
42,2023,CSM,1,quiet,0.3535614609718323,0.15069466829299927,0.49574393033981323
42,2023,Cholera,2,outbreak,0.35473692417144775,0.15419185161590576,0.4910711944103241
42,2023,Lassa Fever,3,outbreak,0.3512902557849884,0.15173734724521637,0.4969724118709564
42,2023,Measles,4,quiet,0.35280731320381165,0.1490548849105835,0.49813777208328247
42,2023,Mpox,5,outbreak,0.354961097240448,0.1516432911157608,0.4933955669403076
42,2023,Yellow Fever,6,outbreak,0.35112032294273376,0.14754116535186768,0.5013384819030762
42,2023,AFP,0,outbreak,0.22305604815483093,0.25960198044776917,0.5173419117927551
42,2023,CSM,1,quiet,0.2222089320421219,0.2598808705806732,0.5179101824760437
42,2023,Cholera,2,outbreak,0.22524677217006683,0.2627611458301544,0.5119920372962952
42,2023,Lassa Fever,3,quiet,0.22149482369422913,0.2606629729270935,0.517842173576355
42,2023,Measles,4,quiet,0.22030438482761383,0.26013487577438354,0.519560694694519
42,2023,Mpox,5,quiet,0.22281672060489655,0.2600450813770294,0.5171381235122681
42,2023,Yellow Fever,6,outbreak,0.22131308913230896,0.256809800863266,0.521877110004425
42,2023,AFP,0,outbreak,0.3007655143737793,0.21131522953510284,0.48791930079460144
42,2023,CSM,1,quiet,0.30019575357437134,0.21063463389873505,0.48916953802108765
42,2023,Cholera,2,outbreak,0.3016763925552368,0.2145131528377533,0.4838103652000427
42,2023,Lassa Fever,3,quiet,0.29796069860458374,0.21240465342998505,0.4896346628665924
42,2023,Measles,4,quiet,0.3008004128932953,0.20956005156040192,0.4896395206451416
42,2023,Mpox,5,quiet,0.300883948802948,0.21072925627231598,0.4883868098258972
42,2023,Yellow Fever,6,outbreak,0.29945433139801025,0.20691460371017456,0.4936310350894928
42,2023,AFP,0,outbreak,0.37078508734703064,0.1964966207742691,0.4327182173728943
42,2023,CSM,1,quiet,0.36990776658058167,0.19335919618606567,0.43673306703567505
42,2023,Cholera,2,outbreak,0.37122824788093567,0.1960122138261795,0.432759553194046
42,2023,Lassa Fever,3,outbreak,0.368002325296402,0.1971079260110855,0.4348897635936737
42,2023,Measles,4,quiet,0.3707793354988098,0.19281655550003052,0.4364040791988373
42,2023,Mpox,5,quiet,0.37227511405944824,0.1935054063796997,0.43421947956085205
42,2023,Yellow Fever,6,quiet,0.36905381083488464,0.18994669616222382,0.44099950790405273
42,2023,AFP,0,outbreak,0.38508373498916626,0.2096693217754364,0.40524691343307495
42,2023,CSM,1,quiet,0.38207346200942993,0.20799237489700317,0.4099341034889221
42,2023,Cholera,2,quiet,0.38898587226867676,0.20568357408046722,0.40533047914505005
42,2023,Lassa Fever,3,outbreak,0.3812687397003174,0.2111985832452774,0.4075326919555664
42,2023,Measles,4,quiet,0.3878312408924103,0.20827127993106842,0.4038974642753601
42,2023,Mpox,5,quiet,0.3888212740421295,0.2064221203327179,0.4047566056251526
42,2023,Yellow Fever,6,quiet,0.3811149001121521,0.20389437675476074,0.4149906635284424
42,2023,AFP,0,outbreak,0.3617190718650818,0.24754565954208374,0.3907352685928345
42,2023,CSM,1,quiet,0.3602116107940674,0.24532495439052582,0.3944634795188904
42,2023,Cholera,2,quiet,0.3641522526741028,0.24389152228832245,0.39195626974105835
42,2023,Lassa Fever,3,quiet,0.36156296730041504,0.2475513219833374,0.39088574051856995
42,2023,Measles,4,quiet,0.3590669333934784,0.24540399014949799,0.39552900195121765
42,2023,Mpox,5,quiet,0.362459272146225,0.2420588731765747,0.39548182487487793
42,2023,Yellow Fever,6,outbreak,0.35894444584846497,0.24051308631896973,0.4005424678325653
42,2023,AFP,0,outbreak,0.3222638666629791,0.20034581422805786,0.4773903787136078
42,2023,CSM,1,quiet,0.32172849774360657,0.1981942504644394,0.48007726669311523
42,2023,Cholera,2,quiet,0.3231563866138458,0.19866631925106049,0.4781773090362549
42,2023,Lassa Fever,3,outbreak,0.3202219307422638,0.2004145383834839,0.4793635606765747
42,2023,Measles,4,quiet,0.31859084963798523,0.20060184597969055,0.48080727458000183
42,2023,Mpox,5,outbreak,0.32585570216178894,0.19483453035354614,0.47930973768234253
42,2023,Yellow Fever,6,outbreak,0.3195262849330902,0.19293659925460815,0.48753708600997925
42,2023,AFP,0,outbreak,0.28224435448646545,0.1961958408355713,0.5215598344802856
42,2023,CSM,1,quiet,0.2830798923969269,0.1925291121006012,0.5243910551071167
42,2023,Cholera,2,quiet,0.2837669849395752,0.1937319040298462,0.5225010514259338
42,2023,Lassa Fever,3,outbreak,0.2811537981033325,0.1955702304840088,0.5232759714126587
42,2023,Measles,4,quiet,0.28269195556640625,0.19331860542297363,0.5239894390106201
42,2023,Mpox,5,outbreak,0.28556013107299805,0.19105099141597748,0.5233888626098633
42,2023,Yellow Fever,6,outbreak,0.2807621359825134,0.1878385841846466,0.5313992500305176
42,2023,AFP,0,outbreak,0.3926948308944702,0.25097084045410156,0.3563343584537506
42,2023,CSM,1,quiet,0.39314374327659607,0.24633638560771942,0.3605198860168457
42,2023,Cholera,2,quiet,0.39330196380615234,0.24997061491012573,0.35672739148139954
42,2023,Lassa Fever,3,outbreak,0.39545753598213196,0.2469545304775238,0.3575880229473114
42,2023,Measles,4,quiet,0.3942708373069763,0.2495909035205841,0.35613831877708435
42,2023,Mpox,5,outbreak,0.39742031693458557,0.2474861741065979,0.3550935685634613
42,2023,Yellow Fever,6,outbreak,0.39047715067863464,0.24118274450302124,0.36834007501602173
42,2023,AFP,0,quiet,0.40843674540519714,0.29366248846054077,0.29790082573890686
42,2023,CSM,1,quiet,0.4066378176212311,0.29021114110946655,0.30315110087394714
42,2023,Cholera,2,quiet,0.40825510025024414,0.2913946211338043,0.30035024881362915
42,2023,Lassa Fever,3,outbreak,0.4082198143005371,0.2914380729198456,0.3003420829772949
42,2023,Measles,4,quiet,0.4097861647605896,0.29025161266326904,0.29996225237846375
42,2023,Mpox,5,outbreak,0.4097294509410858,0.2907754182815552,0.2994951605796814
42,2023,Yellow Fever,6,outbreak,0.41178375482559204,0.2810937166213989,0.3071225583553314
42,2023,AFP,0,quiet,0.4020424783229828,0.2867700159549713,0.31118759512901306
42,2023,CSM,1,quiet,0.39832934737205505,0.2859130799770355,0.3157575726509094
42,2023,Cholera,2,quiet,0.4048882722854614,0.2810179591178894,0.31409376859664917
42,2023,Lassa Fever,3,outbreak,0.4031464159488678,0.2852933406829834,0.31156015396118164
42,2023,Measles,4,quiet,0.3934888541698456,0.2912931740283966,0.3152179718017578
42,2023,Mpox,5,outbreak,0.3976205885410309,0.2870892882347107,0.3152901232242584
42,2023,Yellow Fever,6,quiet,0.3983081877231598,0.2861286699771881,0.3155632019042969
42,2023,AFP,0,quiet,0.3365240693092346,0.2883033752441406,0.37517255544662476
42,2023,CSM,1,quiet,0.3388310372829437,0.2851988673210144,0.3759700655937195
42,2023,Cholera,2,outbreak,0.339890718460083,0.28472816944122314,0.37538111209869385
42,2023,Lassa Fever,3,outbreak,0.3385438323020935,0.28762680292129517,0.3738294243812561
42,2023,Measles,4,quiet,0.33640533685684204,0.2882327139377594,0.37536191940307617
42,2023,Mpox,5,outbreak,0.3389034569263458,0.2877478003501892,0.37334874272346497
42,2023,Yellow Fever,6,outbreak,0.3418233096599579,0.278894305229187,0.3792824149131775
42,2023,AFP,0,quiet,0.23810513317584991,0.30411776900291443,0.45777711272239685
42,2023,CSM,1,quiet,0.2384330928325653,0.30341702699661255,0.45814982056617737
42,2023,Cholera,2,outbreak,0.23900382220745087,0.3030320405960083,0.457964152097702
42,2023,Lassa Fever,3,outbreak,0.23679159581661224,0.30519697070121765,0.4580113887786865
42,2023,Measles,4,quiet,0.2322501689195633,0.30671605467796326,0.46103376150131226
42,2023,Mpox,5,outbreak,0.2404475063085556,0.30456963181495667,0.45498278737068176
42,2023,Yellow Fever,6,outbreak,0.23418834805488586,0.3052583634853363,0.46055328845977783
42,2023,AFP,0,quiet,0.3684229552745819,0.27074891328811646,0.36082813143730164
42,2023,CSM,1,quiet,0.3687255084514618,0.27012258768081665,0.36115190386772156
42,2023,Cholera,2,quiet,0.37154421210289,0.26920846104621887,0.3592473268508911
42,2023,Lassa Fever,3,outbreak,0.3666800558567047,0.2717799246311188,0.3615400195121765
42,2023,Measles,4,quiet,0.35944730043411255,0.2746060788631439,0.36594662070274353
42,2023,Mpox,5,outbreak,0.36923229694366455,0.2711537480354309,0.35961395502090454
42,2023,Yellow Fever,6,outbreak,0.3648613691329956,0.2720094323158264,0.3631291687488556
42,2023,AFP,0,quiet,0.42028218507766724,0.197440505027771,0.38227730989456177
42,2023,CSM,1,outbreak,0.42118000984191895,0.1971183866262436,0.38170158863067627
42,2023,Cholera,2,quiet,0.4264359176158905,0.19618414342403412,0.3773798942565918
42,2023,Lassa Fever,3,outbreak,0.4182840585708618,0.19779212772846222,0.38392382860183716
42,2023,Measles,4,quiet,0.4218275249004364,0.19821801781654358,0.3799544870853424
42,2023,Mpox,5,outbreak,0.4238882064819336,0.1969345211982727,0.3791772723197937
42,2023,Yellow Fever,6,outbreak,0.4176020622253418,0.19818435609340668,0.3842136263847351
42,2024,AFP,0,outbreak,0.10231365263462067,0.22034843266010284,0.6773379445075989
42,2024,CSM,1,outbreak,0.30984994769096375,0.27603426575660706,0.4141158163547516
42,2024,Cholera,2,outbreak,0.06862033903598785,0.19428883492946625,0.7370908260345459
42,2024,Lassa Fever,3,outbreak,0.40277352929115295,0.27971458435058594,0.3175118863582611
42,2024,Measles,4,outbreak,0.21254274249076843,0.27312496304512024,0.5143322348594666
42,2024,Mpox,5,outbreak,0.15956850349903107,0.2633577883243561,0.5770737528800964
42,2024,Yellow Fever,6,outbreak,0.12150872498750687,0.22304651141166687,0.6554447412490845
42,2024,AFP,0,outbreak,0.139184832572937,0.2501696050167084,0.610645592212677
42,2024,CSM,1,outbreak,0.30548399686813354,0.31368470191955566,0.3808312714099884
42,2024,Cholera,2,outbreak,0.0981399193406105,0.22746385633945465,0.674396276473999
42,2024,Lassa Fever,3,outbreak,0.36498767137527466,0.31967875361442566,0.3153335452079773
42,2024,Measles,4,outbreak,0.2553277015686035,0.30909302830696106,0.43557924032211304
42,2024,Mpox,5,outbreak,0.19903750717639923,0.3040068745613098,0.4969556927680969
42,2024,Yellow Fever,6,outbreak,0.1573355346918106,0.25106143951416016,0.5916029810905457
42,2024,AFP,0,outbreak,0.17136041820049286,0.267334520816803,0.5613049864768982
42,2024,CSM,1,outbreak,0.3945542573928833,0.3045892119407654,0.30085650086402893
42,2024,Cholera,2,outbreak,0.11692552268505096,0.248201385140419,0.6348731517791748
42,2024,Lassa Fever,3,outbreak,0.45622727274894714,0.2995878756046295,0.24418482184410095
42,2024,Measles,4,outbreak,0.31714046001434326,0.3038104176521301,0.3790491223335266
42,2024,Mpox,5,outbreak,0.2508329749107361,0.3107737898826599,0.43839317560195923
42,2024,Yellow Fever,6,outbreak,0.1885080188512802,0.25554344058036804,0.5559484958648682
42,2024,AFP,0,outbreak,0.19639860093593597,0.23601965606212616,0.5675817131996155
42,2024,CSM,1,outbreak,0.37007901072502136,0.21225672960281372,0.4176643192768097
42,2024,Cholera,2,outbreak,0.13381710648536682,0.2299911081790924,0.6361918449401855
42,2024,Lassa Fever,3,outbreak,0.4820077419281006,0.20290552079677582,0.3150867223739624
42,2024,Measles,4,outbreak,0.2959032654762268,0.22495326399803162,0.47914353013038635
42,2024,Mpox,5,outbreak,0.2481679916381836,0.23148661851882935,0.5203453898429871
42,2024,Yellow Fever,6,outbreak,0.23770049214363098,0.23707710206508636,0.5252224206924438
42,2024,AFP,0,outbreak,0.1547335535287857,0.22373470664024353,0.6215317845344543
42,2024,CSM,1,outbreak,0.3309791386127472,0.20767319202423096,0.4613476097583771
42,2024,Cholera,2,outbreak,0.10192599147558212,0.2115442305803299,0.686529815196991
42,2024,Lassa Fever,3,outbreak,0.4103761911392212,0.21278205513954163,0.3768417537212372
42,2024,Measles,4,outbreak,0.2426394373178482,0.22599105536937714,0.5313695073127747
42,2024,Mpox,5,outbreak,0.20030467212200165,0.22239193320274353,0.577303409576416
42,2024,Yellow Fever,6,outbreak,0.20112162828445435,0.22332942485809326,0.5755488872528076
42,2024,AFP,0,outbreak,0.09400878101587296,0.4190693199634552,0.48692190647125244
42,2024,CSM,1,outbreak,0.1794489324092865,0.4767420291900635,0.34380900859832764
42,2024,Cholera,2,outbreak,0.07874099165201187,0.3241279423236847,0.597131073474884
42,2024,Lassa Fever,3,outbreak,0.22864580154418945,0.526219367980957,0.24513477087020874
42,2024,Measles,4,outbreak,0.14188972115516663,0.4691227972507477,0.3889874219894409
42,2024,Mpox,5,outbreak,0.12042222917079926,0.41233259439468384,0.46724507212638855
42,2024,Yellow Fever,6,outbreak,0.10615598410367966,0.34951353073120117,0.5443305373191833
42,2024,AFP,0,outbreak,0.11327014118432999,0.1690441370010376,0.7176857590675354
42,2024,CSM,1,outbreak,0.3333284556865692,0.19746680557727814,0.4692046642303467
42,2024,Cholera,2,outbreak,0.06613728404045105,0.1578560322523117,0.7760067582130432
42,2024,Lassa Fever,3,outbreak,0.478341281414032,0.1719639152288437,0.34969475865364075
42,2024,Measles,4,outbreak,0.20875504612922668,0.20726333558559418,0.5839816331863403
42,2024,Mpox,5,outbreak,0.173675999045372,0.20231729745864868,0.6240067481994629
42,2024,Yellow Fever,6,outbreak,0.16349457204341888,0.18350420892238617,0.6530012488365173
42,2024,AFP,0,outbreak,0.15136826038360596,0.29174932837486267,0.5568824410438538
42,2024,CSM,1,outbreak,0.24734830856323242,0.3594934046268463,0.39315831661224365
42,2024,Cholera,2,outbreak,0.09496335685253143,0.2672055959701538,0.6378310322761536
42,2024,Lassa Fever,3,outbreak,0.3632161021232605,0.35924389958381653,0.277539998292923
42,2024,Measles,4,outbreak,0.1982329785823822,0.3428305983543396,0.4589364230632782
42,2024,Mpox,5,outbreak,0.18907536566257477,0.32278433442115784,0.4881402254104614
42,2024,Yellow Fever,6,outbreak,0.18306590616703033,0.31472793221473694,0.5022062063217163
42,2024,AFP,0,outbreak,0.2034238576889038,0.20712660253047943,0.5894495248794556
42,2024,CSM,1,outbreak,0.32709601521492004,0.22565458714962006,0.4472494125366211
42,2024,Cholera,2,outbreak,0.11413116008043289,0.19448885321617126,0.691379964351654
42,2024,Lassa Fever,3,outbreak,0.42319706082344055,0.2244916558265686,0.35231125354766846
42,2024,Measles,4,outbreak,0.2708307206630707,0.22135382890701294,0.507815420627594
42,2024,Mpox,5,outbreak,0.25442466139793396,0.21785564720630646,0.5277196764945984
42,2024,Yellow Fever,6,outbreak,0.2271718531847,0.20818495750427246,0.5646432042121887
42,2024,AFP,0,outbreak,0.2001480907201767,0.2082837074995041,0.5915682315826416
42,2024,CSM,1,outbreak,0.332475483417511,0.22880570590496063,0.43871885538101196
42,2024,Cholera,2,outbreak,0.1248144656419754,0.20329363644123077,0.6718919277191162
42,2024,Lassa Fever,3,outbreak,0.43411967158317566,0.22153006494045258,0.34435024857521057
42,2024,Measles,4,outbreak,0.2648676037788391,0.22763293981552124,0.5074994564056396
42,2024,Mpox,5,outbreak,0.23275694251060486,0.21756646037101746,0.5496766567230225
42,2024,Yellow Fever,6,outbreak,0.21515484154224396,0.20322535932064056,0.5816198587417603
42,2024,AFP,0,outbreak,0.16522793471813202,0.20735794305801392,0.6274141073226929
42,2024,CSM,1,outbreak,0.2679622173309326,0.23181547224521637,0.5002222657203674
42,2024,Cholera,2,outbreak,0.09505096822977066,0.18223275244235992,0.7227163314819336
42,2024,Lassa Fever,3,outbreak,0.3453717827796936,0.228521928191185,0.4261063039302826
42,2024,Measles,4,outbreak,0.2213747501373291,0.23263995349407196,0.545985221862793
42,2024,Mpox,5,outbreak,0.2079799473285675,0.21548204123973846,0.5765380859375
42,2024,Yellow Fever,6,outbreak,0.18718305230140686,0.2043282836675644,0.6084886789321899
42,2024,AFP,0,outbreak,0.14119814336299896,0.13009428977966309,0.7287075519561768
42,2024,CSM,1,outbreak,0.40479159355163574,0.1450270414352417,0.45018133521080017
42,2024,Cholera,2,outbreak,0.07647188752889633,0.10633451491594315,0.8171935677528381
42,2024,Lassa Fever,3,outbreak,0.5896340608596802,0.13247805833816528,0.27788788080215454
42,2024,Measles,4,outbreak,0.24174973368644714,0.1509172022342682,0.6073331236839294
42,2024,Mpox,5,outbreak,0.21187162399291992,0.13541489839553833,0.6527134776115417
42,2024,Yellow Fever,6,outbreak,0.23040226101875305,0.1176459789276123,0.6519518494606018
42,2024,AFP,0,outbreak,0.04753466695547104,0.4326421618461609,0.5198231935501099
42,2024,CSM,1,outbreak,0.1532694399356842,0.45853009819984436,0.38820043206214905
42,2024,Cholera,2,outbreak,0.0453975535929203,0.3350302577018738,0.6195721626281738
42,2024,Lassa Fever,3,outbreak,0.2168489247560501,0.5186907649040222,0.26446038484573364
42,2024,Measles,4,outbreak,0.08430105447769165,0.48989367485046387,0.42580533027648926
42,2024,Mpox,5,outbreak,0.09067492187023163,0.4178806245326996,0.4914444088935852
42,2024,Yellow Fever,6,quiet,0.09074926376342773,0.3202773928642273,0.5889734029769897
42,2024,AFP,0,outbreak,0.05083063617348671,0.3955703675746918,0.5535989999771118
42,2024,CSM,1,outbreak,0.1337282955646515,0.3901919722557068,0.4760797619819641
42,2024,Cholera,2,quiet,0.04968711733818054,0.29290175437927246,0.6574110984802246
42,2024,Lassa Fever,3,outbreak,0.19911520183086395,0.4692414104938507,0.33164340257644653
42,2024,Measles,4,outbreak,0.08073338121175766,0.4042457044124603,0.5150208473205566
42,2024,Mpox,5,outbreak,0.08949575573205948,0.35078099370002747,0.5597232580184937
42,2024,Yellow Fever,6,outbreak,0.10649285465478897,0.31466907262802124,0.5788381099700928
42,2024,AFP,0,outbreak,0.061283282935619354,0.3989510238170624,0.5397656559944153
42,2024,CSM,1,outbreak,0.13924378156661987,0.396305114030838,0.4644511342048645
42,2024,Cholera,2,outbreak,0.059678949415683746,0.2986794412136078,0.6416416168212891
42,2024,Lassa Fever,3,outbreak,0.1943565458059311,0.4795999526977539,0.3260435461997986
42,2024,Measles,4,outbreak,0.09219951182603836,0.4074542224407196,0.5003462433815002
42,2024,Mpox,5,outbreak,0.10527030378580093,0.3528840243816376,0.5418456792831421
42,2024,Yellow Fever,6,outbreak,0.126446932554245,0.3158694803714752,0.5576835870742798
42,2024,AFP,0,outbreak,0.06851542741060257,0.4035777449607849,0.5279067754745483
42,2024,CSM,1,outbreak,0.13787208497524261,0.4015410542488098,0.46058687567710876
42,2024,Cholera,2,outbreak,0.06741749495267868,0.3062819242477417,0.6263006329536438
42,2024,Lassa Fever,3,outbreak,0.1859852522611618,0.4787369966506958,0.33527764678001404
42,2024,Measles,4,outbreak,0.09613924473524094,0.4135247766971588,0.4903359115123749
42,2024,Mpox,5,outbreak,0.11527827382087708,0.3566034734249115,0.5281182527542114
42,2024,Yellow Fever,6,outbreak,0.1419524848461151,0.3159887492656708,0.5420587658882141
42,2024,AFP,0,outbreak,0.07417212426662445,0.3780880570411682,0.5477398037910461
42,2024,CSM,1,outbreak,0.13902445137500763,0.3775191605091095,0.48345643281936646
42,2024,Cholera,2,outbreak,0.07543359696865082,0.2793954014778137,0.6451709866523743
42,2024,Lassa Fever,3,outbreak,0.19332841038703918,0.45864200592041016,0.34802955389022827
42,2024,Measles,4,outbreak,0.10252979397773743,0.3856118619441986,0.511858344078064
42,2024,Mpox,5,outbreak,0.11784964799880981,0.33005473017692566,0.5520955920219421
42,2024,Yellow Fever,6,outbreak,0.14400050044059753,0.2887648642063141,0.5672346353530884
42,2024,AFP,0,outbreak,0.07931274175643921,0.32593175768852234,0.5947555303573608
42,2024,CSM,1,outbreak,0.14210690557956696,0.3359210193157196,0.5219720602035522
42,2024,Cholera,2,outbreak,0.08060408383607864,0.23285707831382751,0.686538815498352
42,2024,Lassa Fever,3,outbreak,0.21302253007888794,0.43039509654045105,0.356582373380661
42,2024,Measles,4,outbreak,0.10217569023370743,0.3388711214065552,0.5589532256126404
42,2024,Mpox,5,outbreak,0.12010941654443741,0.2830877900123596,0.5968027710914612
42,2024,Yellow Fever,6,outbreak,0.144270658493042,0.2535260021686554,0.602203369140625
42,2024,AFP,0,outbreak,0.07613430917263031,0.34841930866241455,0.5754463076591492
42,2024,CSM,1,outbreak,0.15649382770061493,0.36570316553115845,0.4778030216693878
42,2024,Cholera,2,quiet,0.07742570340633392,0.24758785963058472,0.6749864220619202
42,2024,Lassa Fever,3,outbreak,0.2197154462337494,0.45735859870910645,0.3229258954524994
42,2024,Measles,4,outbreak,0.11057419329881668,0.37160760164260864,0.5178182721138
42,2024,Mpox,5,outbreak,0.11732519418001175,0.3047187924385071,0.5779560804367065
42,2024,Yellow Fever,6,outbreak,0.13582062721252441,0.275596022605896,0.5885833501815796
42,2024,AFP,0,outbreak,0.08092563599348068,0.4360383152961731,0.4830361008644104
42,2024,CSM,1,outbreak,0.16674229502677917,0.449426531791687,0.3838312327861786
42,2024,Cholera,2,outbreak,0.07820109277963638,0.3224392831325531,0.5993596315383911
42,2024,Lassa Fever,3,outbreak,0.22246180474758148,0.5131103992462158,0.2644278407096863
42,2024,Measles,4,outbreak,0.11841093748807907,0.4614506959915161,0.42013829946517944
42,2024,Mpox,5,outbreak,0.12278443574905396,0.39201509952545166,0.4852004945278168
42,2024,Yellow Fever,6,outbreak,0.14043568074703217,0.3326601982116699,0.5269041061401367
42,2024,AFP,0,outbreak,0.08790674060583115,0.48279857635498047,0.42929473519325256
42,2024,CSM,1,outbreak,0.17600363492965698,0.479373037815094,0.344623327255249
42,2024,Cholera,2,outbreak,0.08137165755033493,0.35183411836624146,0.566794216632843
42,2024,Lassa Fever,3,outbreak,0.22832725942134857,0.533929169178009,0.2377435266971588
42,2024,Measles,4,outbreak,0.125752255320549,0.49519971013069153,0.3790479898452759
42,2024,Mpox,5,outbreak,0.1329578310251236,0.43428584933280945,0.43275633454322815
42,2024,Yellow Fever,6,outbreak,0.14845317602157593,0.35800832509994507,0.4935385286808014
42,2024,AFP,0,quiet,0.08456836640834808,0.47781792283058167,0.43761372566223145
42,2024,CSM,1,outbreak,0.1723508983850479,0.49677544832229614,0.33087366819381714
42,2024,Cholera,2,outbreak,0.07650429755449295,0.34885331988334656,0.5746424198150635
42,2024,Lassa Fever,3,outbreak,0.22303681075572968,0.5510283708572388,0.22593478858470917
42,2024,Measles,4,quiet,0.12206349521875381,0.5113751292228699,0.3665613830089569
42,2024,Mpox,5,outbreak,0.12998336553573608,0.4419097900390625,0.42810681462287903
42,2024,Yellow Fever,6,outbreak,0.14008007943630219,0.356436550617218,0.5034832954406738
42,2024,AFP,0,outbreak,0.0926981270313263,0.4939272105693817,0.4133746027946472
42,2024,CSM,1,outbreak,0.17209011316299438,0.5142194628715515,0.3136904239654541
42,2024,Cholera,2,outbreak,0.08453116565942764,0.36752384901046753,0.5479450225830078
42,2024,Lassa Fever,3,outbreak,0.21615338325500488,0.573013186454773,0.21083341538906097
42,2024,Measles,4,quiet,0.13237470388412476,0.5293968915939331,0.3382284343242645
42,2024,Mpox,5,outbreak,0.13069088757038116,0.4586956202983856,0.4106135368347168
42,2024,Yellow Fever,6,outbreak,0.13450133800506592,0.37150490283966064,0.49399375915527344
42,2024,AFP,0,outbreak,0.10526926815509796,0.4501926004886627,0.44453805685043335
42,2024,CSM,1,quiet,0.18144434690475464,0.4992944300174713,0.31926119327545166
42,2024,Cholera,2,outbreak,0.07890106737613678,0.3982571065425873,0.5228418111801147
42,2024,Lassa Fever,3,outbreak,0.26363903284072876,0.5268073678016663,0.20955359935760498
42,2024,Measles,4,quiet,0.14341220259666443,0.4794909656047821,0.37709683179855347
42,2024,Mpox,5,outbreak,0.12642811238765717,0.4642976224422455,0.40927422046661377
42,2024,Yellow Fever,6,outbreak,0.10484268516302109,0.40218955278396606,0.4929676651954651
42,2024,AFP,0,outbreak,0.14258348941802979,0.3153264820575714,0.5420899987220764
42,2024,CSM,1,quiet,0.2311854362487793,0.39411795139312744,0.37469667196273804
42,2024,Cholera,2,outbreak,0.09818477928638458,0.28066104650497437,0.6211541295051575
42,2024,Lassa Fever,3,quiet,0.3268418312072754,0.39274436235427856,0.28041383624076843
42,2024,Measles,4,quiet,0.19746209681034088,0.38483676314353943,0.4177011251449585
42,2024,Mpox,5,outbreak,0.18339510262012482,0.35799893736839294,0.4586060047149658
42,2024,Yellow Fever,6,outbreak,0.16563008725643158,0.32361742854118347,0.5107524991035461
42,2024,AFP,0,outbreak,0.15557190775871277,0.3488721251487732,0.49555596709251404
42,2024,CSM,1,quiet,0.22219593822956085,0.4199112355709076,0.35789281129837036
42,2024,Cholera,2,outbreak,0.11532360315322876,0.2947130799293518,0.5899633169174194
42,2024,Lassa Fever,3,quiet,0.27627915143966675,0.4423384964466095,0.28138235211372375
42,2024,Measles,4,quiet,0.20477648079395294,0.40042778849601746,0.39479580521583557
42,2024,Mpox,5,outbreak,0.1959225982427597,0.375256210565567,0.4288212060928345
42,2024,Yellow Fever,6,outbreak,0.1673816293478012,0.32750117778778076,0.5051172375679016
42,2024,AFP,0,outbreak,0.17839819192886353,0.39139866828918457,0.4302031695842743
42,2024,CSM,1,quiet,0.2507307231426239,0.4303736388683319,0.3188956677913666
42,2024,Cholera,2,outbreak,0.13401208817958832,0.32889044284820557,0.5370975136756897
42,2024,Lassa Fever,3,outbreak,0.2906627357006073,0.47468191385269165,0.23465535044670105
42,2024,Measles,4,quiet,0.22341448068618774,0.4139566421508789,0.36262884736061096
42,2024,Mpox,5,outbreak,0.21025146543979645,0.4016234576702118,0.3881250023841858
42,2024,Yellow Fever,6,outbreak,0.1869441717863083,0.369252473115921,0.4438033699989319
42,2024,AFP,0,quiet,0.20679892599582672,0.40579086542129517,0.3874101936817169
42,2024,CSM,1,quiet,0.26010745763778687,0.44643354415893555,0.2934589087963104
42,2024,Cholera,2,outbreak,0.15722541511058807,0.34948429465293884,0.4932902455329895
42,2024,Lassa Fever,3,quiet,0.3254755437374115,0.46024033427238464,0.21428413689136505
42,2024,Measles,4,quiet,0.23942109942436218,0.4279477596282959,0.3326312005519867
42,2024,Mpox,5,outbreak,0.23906920850276947,0.41316086053848267,0.3477698862552643
42,2024,Yellow Fever,6,outbreak,0.22256489098072052,0.39039891958236694,0.38703617453575134
42,2024,AFP,0,quiet,0.15086044371128082,0.2927324175834656,0.5564071536064148
42,2024,CSM,1,quiet,0.248443141579628,0.3643602430820465,0.3871966004371643
42,2024,Cholera,2,outbreak,0.09591728448867798,0.26919645071029663,0.6348862648010254
42,2024,Lassa Fever,3,quiet,0.36271658539772034,0.3617822527885437,0.27550116181373596
42,2024,Measles,4,quiet,0.20050391554832458,0.3488899767398834,0.4506060779094696
42,2024,Mpox,5,outbreak,0.19127345085144043,0.32887277007102966,0.4798537790775299
42,2024,Yellow Fever,6,quiet,0.1830390840768814,0.3157392144203186,0.5012217164039612
42,2024,AFP,0,quiet,0.1888563483953476,0.3536229431629181,0.45752063393592834
42,2024,CSM,1,quiet,0.2479628473520279,0.39480721950531006,0.35722997784614563
42,2024,Cholera,2,outbreak,0.12773247063159943,0.3088005781173706,0.5634669661521912
42,2024,Lassa Fever,3,quiet,0.35249102115631104,0.38926932215690613,0.25823965668678284
42,2024,Measles,4,quiet,0.21562634408473969,0.38626086711883545,0.39811280369758606
42,2024,Mpox,5,outbreak,0.20893913507461548,0.3782038390636444,0.4128570258617401
42,2024,Yellow Fever,6,outbreak,0.19916729629039764,0.34837114810943604,0.4524615406990051
42,2024,AFP,0,quiet,0.1682823896408081,0.3157435655593872,0.5159741044044495
42,2024,CSM,1,quiet,0.24703751504421234,0.37543848156929016,0.3775239586830139
42,2024,Cholera,2,outbreak,0.11148753762245178,0.2894417345523834,0.5990707278251648
42,2024,Lassa Fever,3,quiet,0.3566109538078308,0.3722831904888153,0.2711057960987091
42,2024,Measles,4,quiet,0.20934270322322845,0.36736297607421875,0.4232943654060364
42,2024,Mpox,5,outbreak,0.20367534458637238,0.3545343577861786,0.44179028272628784
42,2024,Yellow Fever,6,outbreak,0.19161498546600342,0.33289670944213867,0.4754882752895355
42,2024,AFP,0,quiet,0.13796213269233704,0.3327171802520752,0.5293207168579102
42,2024,CSM,1,outbreak,0.2128096967935562,0.3730199337005615,0.41417035460472107
42,2024,Cholera,2,outbreak,0.10430431365966797,0.3118446469306946,0.5838510394096375
42,2024,Lassa Fever,3,outbreak,0.3160254955291748,0.4084812104701996,0.27549320459365845
42,2024,Measles,4,quiet,0.17373184859752655,0.3503233790397644,0.47594475746154785
42,2024,Mpox,5,outbreak,0.16327223181724548,0.35132381319999695,0.48540398478507996
42,2024,Yellow Fever,6,quiet,0.14750605821609497,0.33307793736457825,0.5194160342216492
42,2024,AFP,0,quiet,0.13511212170124054,0.33157381415367126,0.533314049243927
42,2024,CSM,1,quiet,0.20949751138687134,0.3904087245464325,0.4000937342643738
42,2024,Cholera,2,outbreak,0.11551160365343094,0.29694822430610657,0.5875401496887207
42,2024,Lassa Fever,3,outbreak,0.30361616611480713,0.42027410864830017,0.2761097252368927
42,2024,Measles,4,quiet,0.16565603017807007,0.39504170417785645,0.4393022954463959
42,2024,Mpox,5,outbreak,0.16717252135276794,0.3266369104385376,0.5061905980110168
42,2024,Yellow Fever,6,quiet,0.15983830392360687,0.30379900336265564,0.5363627076148987
42,2024,AFP,0,quiet,0.1969214379787445,0.48812904953956604,0.3149494528770447
42,2024,CSM,1,quiet,0.30513909459114075,0.5040833353996277,0.19077754020690918
42,2024,Cholera,2,outbreak,0.1524493545293808,0.397896409034729,0.44965416193008423
42,2024,Lassa Fever,3,quiet,0.3707132339477539,0.49623680114746094,0.13305000960826874
42,2024,Measles,4,quiet,0.2624872326850891,0.5373826622962952,0.20013010501861572
42,2024,Mpox,5,outbreak,0.27243098616600037,0.4727342128753662,0.2548348605632782
42,2024,Yellow Fever,6,outbreak,0.28368645906448364,0.350899875164032,0.365413635969162
42,2024,AFP,0,outbreak,0.2393743097782135,0.49730196595191956,0.26332372426986694
42,2024,CSM,1,quiet,0.3256673812866211,0.5173076391220093,0.15702496469020844
42,2024,Cholera,2,outbreak,0.16122370958328247,0.46041709184646606,0.3783591687679291
42,2024,Lassa Fever,3,outbreak,0.4058791697025299,0.4722897708415985,0.12183105200529099
42,2024,Measles,4,quiet,0.2650861442089081,0.555370032787323,0.17954383790493011
42,2024,Mpox,5,outbreak,0.29685962200164795,0.4931218922138214,0.21001847088336945
42,2024,Yellow Fever,6,outbreak,0.3270875811576843,0.35816121101379395,0.3147512376308441
42,2024,AFP,0,quiet,0.24686388671398163,0.5197857022285461,0.23335036635398865
42,2024,CSM,1,quiet,0.32336753606796265,0.5301970839500427,0.14643527567386627
42,2024,Cholera,2,outbreak,0.1743459701538086,0.4883096516132355,0.3373444080352783
42,2024,Lassa Fever,3,outbreak,0.41559362411499023,0.46976980566978455,0.11463654041290283
42,2024,Measles,4,quiet,0.265705406665802,0.577975332736969,0.1563192456960678
42,2024,Mpox,5,outbreak,0.3043089509010315,0.5094318985939026,0.1862591952085495
42,2024,Yellow Fever,6,outbreak,0.3408903479576111,0.3803962767124176,0.2787134349346161
42,2024,AFP,0,outbreak,0.2681390941143036,0.3540817201137543,0.3777792155742645
42,2024,CSM,1,quiet,0.36064639687538147,0.3925217390060425,0.24683186411857605
42,2024,Cholera,2,outbreak,0.2385091930627823,0.34561145305633545,0.41587936878204346
42,2024,Lassa Fever,3,outbreak,0.4157828986644745,0.4021407961845398,0.18207629024982452
42,2024,Measles,4,quiet,0.33808740973472595,0.38096630573272705,0.28094637393951416
42,2024,Mpox,5,outbreak,0.32846346497535706,0.3689131438732147,0.3026233911514282
42,2024,Yellow Fever,6,outbreak,0.2825808525085449,0.32809215784072876,0.3893270194530487
42,2024,AFP,0,outbreak,0.08235057443380356,0.1847107857465744,0.7329387068748474
42,2024,CSM,1,outbreak,0.28821057081222534,0.2526535093784332,0.45913591980934143
42,2024,Cholera,2,outbreak,0.05264648050069809,0.162313312292099,0.7850401997566223
42,2024,Lassa Fever,3,outbreak,0.46244677901268005,0.2519295811653137,0.2856236398220062
42,2024,Measles,4,quiet,0.17859579622745514,0.2433323711156845,0.5780718922615051
42,2024,Mpox,5,outbreak,0.1304059475660324,0.23970913887023926,0.6298848986625671
42,2024,Yellow Fever,6,outbreak,0.10090682655572891,0.19565311074256897,0.7034400701522827
42,2024,AFP,0,quiet,0.08578872680664062,0.18055714666843414,0.7336541414260864
42,2024,CSM,1,outbreak,0.3106434941291809,0.2341202348470688,0.4552362859249115
42,2024,Cholera,2,outbreak,0.05280844494700432,0.1612028181552887,0.7859887480735779
42,2024,Lassa Fever,3,outbreak,0.47199755907058716,0.23806098103523254,0.2899414598941803
42,2024,Measles,4,quiet,0.19004854559898376,0.22820071876049042,0.581750750541687
42,2024,Mpox,5,outbreak,0.14070700109004974,0.22561237215995789,0.6336806416511536
42,2024,Yellow Fever,6,quiet,0.10747747123241425,0.18641570210456848,0.7061067819595337
42,2024,AFP,0,quiet,0.3146912455558777,0.28561949729919434,0.3996892273426056
42,2024,CSM,1,outbreak,0.47876033186912537,0.25785940885543823,0.2633802592754364
42,2024,Cholera,2,quiet,0.2237095981836319,0.30434709787368774,0.47194328904151917
42,2024,Lassa Fever,3,outbreak,0.5679856538772583,0.24849219620227814,0.1835220903158188
42,2024,Measles,4,quiet,0.43212395906448364,0.27762192487716675,0.290254145860672
42,2024,Mpox,5,outbreak,0.4011182188987732,0.29034116864204407,0.30854061245918274
42,2024,Yellow Fever,6,quiet,0.34052371978759766,0.2746950685977936,0.38478121161460876
42,2024,AFP,0,quiet,0.19410409033298492,0.2581194341182709,0.547776460647583
42,2024,CSM,1,quiet,0.44488200545310974,0.26276910305023193,0.2923489212989807
42,2024,Cholera,2,outbreak,0.12565723061561584,0.24908533692359924,0.6252573728561401
42,2024,Lassa Fever,3,outbreak,0.5388060808181763,0.2512514293193817,0.2099425345659256
42,2024,Measles,4,quiet,0.3489528298377991,0.28114715218544006,0.36990001797676086
42,2024,Mpox,5,outbreak,0.27951809763908386,0.2977963089942932,0.4226855933666229
42,2024,Yellow Fever,6,quiet,0.23281346261501312,0.2605002820491791,0.5066862106323242
42,2024,AFP,0,quiet,0.08145451545715332,0.18199367821216583,0.736551821231842
42,2024,CSM,1,outbreak,0.2933281362056732,0.2733165919780731,0.43335527181625366
42,2024,Cholera,2,outbreak,0.04651225730776787,0.14793720841407776,0.8055504560470581
42,2024,Lassa Fever,3,outbreak,0.4764210879802704,0.2643575072288513,0.2592214345932007
42,2024,Measles,4,quiet,0.18079805374145508,0.24116456508636475,0.578037440776825
42,2024,Mpox,5,outbreak,0.13389882445335388,0.24500086903572083,0.6211003065109253
42,2024,Yellow Fever,6,quiet,0.10086171329021454,0.19639894366264343,0.7027393579483032
42,2025,AFP,0,quiet,0.12613403797149658,0.6030864715576172,0.27077949047088623
42,2025,CSM,1,outbreak,0.156100332736969,0.6064913272857666,0.2374083548784256
42,2025,Cholera,2,quiet,0.13191352784633636,0.5987371206283569,0.26934927701950073
42,2025,Lassa Fever,3,outbreak,0.17042256891727448,0.6028941869735718,0.22668321430683136
42,2025,Measles,4,quiet,0.13367430865764618,0.5989496111869812,0.26737603545188904
42,2025,Mpox,5,outbreak,0.1353270709514618,0.6141871809959412,0.25048571825027466
42,2025,Yellow Fever,6,outbreak,0.16517946124076843,0.5891211628913879,0.24569937586784363
42,2025,AFP,0,quiet,0.15369346737861633,0.5448476672172546,0.3014588952064514
42,2025,CSM,1,outbreak,0.1804005354642868,0.5565460324287415,0.26305341720581055
42,2025,Cholera,2,quiet,0.1574563980102539,0.5447673201560974,0.2977762520313263
42,2025,Lassa Fever,3,outbreak,0.19315500557422638,0.5541338324546814,0.25271111726760864
42,2025,Measles,4,quiet,0.1609847992658615,0.5431669354438782,0.2958482503890991
42,2025,Mpox,5,outbreak,0.15893319249153137,0.5611106753349304,0.2799561321735382
42,2025,Yellow Fever,6,outbreak,0.19268296658992767,0.5355980396270752,0.2717190086841583
42,2025,AFP,0,quiet,0.1508902609348297,0.5280197858810425,0.32108986377716064
42,2025,CSM,1,outbreak,0.17759351432323456,0.5424377918243408,0.2799687385559082
42,2025,Cholera,2,outbreak,0.1539374738931656,0.528553307056427,0.317509263753891
42,2025,Lassa Fever,3,outbreak,0.1883317083120346,0.5429388880729675,0.26872938871383667
42,2025,Measles,4,quiet,0.15759725868701935,0.5264190435409546,0.31598371267318726
42,2025,Mpox,5,outbreak,0.15561869740486145,0.5454314947128296,0.2989497780799866
42,2025,Yellow Fever,6,outbreak,0.18756020069122314,0.523491621017456,0.2889481484889984
42,2025,AFP,0,quiet,0.12024680525064468,0.6090980768203735,0.27065515518188477
42,2025,CSM,1,outbreak,0.14693540334701538,0.6115156412124634,0.24154897034168243
42,2025,Cholera,2,quiet,0.12444745749235153,0.6034712195396423,0.27208125591278076
42,2025,Lassa Fever,3,outbreak,0.15886886417865753,0.6065182089805603,0.23461292684078217
42,2025,Measles,4,quiet,0.12548375129699707,0.6014863848686218,0.27302977442741394
42,2025,Mpox,5,outbreak,0.12637226283550262,0.6165006756782532,0.2571271061897278
42,2025,Yellow Fever,6,outbreak,0.15480747818946838,0.5930500626564026,0.25214239954948425
42,2025,AFP,0,outbreak,0.1516805738210678,0.5581156015396118,0.29020389914512634
42,2025,CSM,1,outbreak,0.18077751994132996,0.5541245937347412,0.26509788632392883
42,2025,Cholera,2,outbreak,0.15778616070747375,0.5483351945877075,0.2938786745071411
42,2025,Lassa Fever,3,outbreak,0.19754701852798462,0.5465341806411743,0.2559187710285187
42,2025,Measles,4,outbreak,0.1588263213634491,0.5547164082527161,0.28645727038383484
42,2025,Mpox,5,outbreak,0.16138702630996704,0.5684173107147217,0.27019569277763367
42,2025,Yellow Fever,6,outbreak,0.19223809242248535,0.5359696745872498,0.2717922627925873
42,2025,AFP,0,outbreak,0.14990052580833435,0.5279198884963989,0.32217955589294434
42,2025,CSM,1,outbreak,0.18092302978038788,0.5323885679244995,0.28668835759162903
42,2025,Cholera,2,outbreak,0.1568083018064499,0.5222771763801575,0.3209145963191986
42,2025,Lassa Fever,3,outbreak,0.19771528244018555,0.5241672396659851,0.27811750769615173
42,2025,Measles,4,outbreak,0.15851223468780518,0.5298171639442444,0.3116706609725952
42,2025,Mpox,5,outbreak,0.16103626787662506,0.5381395816802979,0.3008241653442383
42,2025,Yellow Fever,6,outbreak,0.19234275817871094,0.5167837738990784,0.2908734977245331
42,2025,AFP,0,outbreak,0.09523730725049973,0.4512031674385071,0.4535595178604126
42,2025,CSM,1,outbreak,0.11597593873739243,0.4778640866279602,0.4061599373817444
42,2025,Cholera,2,outbreak,0.09843035787343979,0.45096367597579956,0.45060595870018005
42,2025,Lassa Fever,3,outbreak,0.12458518147468567,0.4723290801048279,0.40308576822280884
42,2025,Measles,4,quiet,0.10092108696699142,0.4597972333431244,0.4392816722393036
42,2025,Mpox,5,outbreak,0.1019868552684784,0.4697822332382202,0.4282309114933014
42,2025,Yellow Fever,6,quiet,0.12157125771045685,0.46319878101348877,0.4152298867702484
42,2025,AFP,0,quiet,0.11989180743694305,0.5056073069572449,0.3745008707046509
42,2025,CSM,1,quiet,0.14661018550395966,0.5184313058853149,0.334958553314209
42,2025,Cholera,2,quiet,0.1212293729186058,0.5060470700263977,0.3727235496044159
42,2025,Lassa Fever,3,outbreak,0.15171025693416595,0.5210089087486267,0.3272808790206909
42,2025,Measles,4,quiet,0.12960626184940338,0.5054542422294617,0.36493948101997375
42,2025,Mpox,5,outbreak,0.12548747658729553,0.5165511965751648,0.3579612374305725
42,2025,Yellow Fever,6,quiet,0.15515144169330597,0.5007055997848511,0.3441430330276489
42,2025,AFP,0,outbreak,0.17387786507606506,0.48270851373672485,0.34341368079185486
42,2025,CSM,1,outbreak,0.194504976272583,0.5050964951515198,0.300398588180542
42,2025,Cholera,2,quiet,0.1715935617685318,0.4838693141937256,0.3445371687412262
42,2025,Lassa Fever,3,outbreak,0.2029111385345459,0.5016255378723145,0.29546335339546204
42,2025,Measles,4,outbreak,0.17728394269943237,0.4840957224369049,0.3386203646659851
42,2025,Mpox,5,outbreak,0.17270442843437195,0.4991709589958191,0.3281245827674866
42,2025,Yellow Fever,6,outbreak,0.20424285531044006,0.4843246638774872,0.311432421207428
42,2025,AFP,0,outbreak,0.14121632277965546,0.47488391399383545,0.3838997185230255
42,2025,CSM,1,outbreak,0.16187432408332825,0.5095111727714539,0.3286145329475403
42,2025,Cholera,2,quiet,0.13929876685142517,0.4809224307537079,0.37977874279022217
42,2025,Lassa Fever,3,outbreak,0.16661223769187927,0.508266806602478,0.3251209557056427
42,2025,Measles,4,outbreak,0.143433079123497,0.4882033169269562,0.368363618850708
42,2025,Mpox,5,outbreak,0.1419127881526947,0.5034897327423096,0.35459744930267334
42,2025,Yellow Fever,6,quiet,0.16835449635982513,0.4882553517818451,0.3433901071548462
42,2025,AFP,0,outbreak,0.15303213894367218,0.48598402738571167,0.36098384857177734
42,2025,CSM,1,outbreak,0.17267324030399323,0.5117255449295044,0.3156011700630188
42,2025,Cholera,2,quiet,0.14984361827373505,0.49237945675849915,0.3577768802642822
42,2025,Lassa Fever,3,outbreak,0.17569786310195923,0.5126894116401672,0.31161272525787354
42,2025,Measles,4,quiet,0.15259970724582672,0.49222150444984436,0.35517874360084534
42,2025,Mpox,5,outbreak,0.15022289752960205,0.5075327754020691,0.3422442674636841
42,2025,Yellow Fever,6,quiet,0.17791150510311127,0.49289849400520325,0.3291899859905243
42,2025,AFP,0,outbreak,0.16375643014907837,0.5025290846824646,0.3337145447731018
42,2025,CSM,1,outbreak,0.17860297858715057,0.5286939740180969,0.2927030622959137
42,2025,Cholera,2,quiet,0.15997308492660522,0.511428713798523,0.3285982012748718
42,2025,Lassa Fever,3,outbreak,0.17833775281906128,0.536830484867096,0.284831702709198
42,2025,Measles,4,quiet,0.16320942342281342,0.5086960792541504,0.3280944526195526
42,2025,Mpox,5,outbreak,0.15903189778327942,0.5290664434432983,0.31190159916877747
42,2025,Yellow Fever,6,outbreak,0.18327760696411133,0.5088083148002625,0.30791404843330383
42,2025,AFP,0,quiet,0.21147066354751587,0.5087175369262695,0.279811829328537
42,2025,CSM,1,outbreak,0.2321610003709793,0.5165749788284302,0.2512640655040741
42,2025,Cholera,2,quiet,0.20737765729427338,0.5132368803024292,0.2793855369091034
42,2025,Lassa Fever,3,outbreak,0.23854808509349823,0.5129238367080688,0.2485281527042389
42,2025,Measles,4,quiet,0.21131359040737152,0.5110270380973816,0.27765941619873047
42,2025,Mpox,5,outbreak,0.2068169265985489,0.5285268425941467,0.2646562159061432
42,2025,Yellow Fever,6,quiet,0.2446800321340561,0.4981343150138855,0.2571856379508972
42,2025,AFP,0,quiet,0.09689704328775406,0.6407256126403809,0.2623772621154785
42,2025,CSM,1,outbreak,0.11108992248773575,0.6531458497047424,0.2357642948627472
42,2025,Cholera,2,outbreak,0.09940014034509659,0.6404733657836914,0.2601265013217926
42,2025,Lassa Fever,3,outbreak,0.11416961252689362,0.6471939086914062,0.23863652348518372
42,2025,Measles,4,quiet,0.10136378556489944,0.6387704014778137,0.25986582040786743
42,2025,Mpox,5,outbreak,0.10421713441610336,0.6489636898040771,0.2468191534280777
42,2025,Yellow Fever,6,outbreak,0.11299297213554382,0.6309248805046082,0.256082147359848
42,2025,AFP,0,outbreak,0.15845923125743866,0.5207164287567139,0.3208243250846863
42,2025,CSM,1,outbreak,0.18001197278499603,0.5456719398498535,0.27431610226631165
42,2025,Cholera,2,outbreak,0.1574314832687378,0.5221337080001831,0.3204348385334015
42,2025,Lassa Fever,3,outbreak,0.18851079046726227,0.5412110090255737,0.2702782452106476
42,2025,Measles,4,quiet,0.16208180785179138,0.5288267135620117,0.3090914189815521
42,2025,Mpox,5,outbreak,0.15723952651023865,0.544251561164856,0.2985089421272278
42,2025,Yellow Fever,6,outbreak,0.1905544251203537,0.5230712890625,0.2863743305206299
42,2025,AFP,0,outbreak,0.17666317522525787,0.5852658152580261,0.2380710244178772
42,2025,CSM,1,outbreak,0.20053651928901672,0.5965661406517029,0.20289729535579681
42,2025,Cholera,2,outbreak,0.18035472929477692,0.5817798376083374,0.2378653883934021
42,2025,Lassa Fever,3,outbreak,0.2186937928199768,0.5819782614707947,0.19932793080806732
42,2025,Measles,4,quiet,0.18309299647808075,0.5892969965934753,0.2276100218296051
42,2025,Mpox,5,outbreak,0.18311206996440887,0.5946489572525024,0.2222389429807663
42,2025,Yellow Fever,6,outbreak,0.21537622809410095,0.5743659734725952,0.2102578580379486
42,2025,AFP,0,outbreak,0.1401309370994568,0.49976444244384766,0.36010468006134033
42,2025,CSM,1,outbreak,0.157542422413826,0.5091801881790161,0.3332773447036743
42,2025,Cholera,2,quiet,0.14179553091526031,0.4969448447227478,0.3612595498561859
42,2025,Lassa Fever,3,outbreak,0.16971735656261444,0.5009317398071289,0.32935088872909546
42,2025,Measles,4,quiet,0.14500851929187775,0.5002506375312805,0.35474082827568054
42,2025,Mpox,5,outbreak,0.144453227519989,0.5091140270233154,0.34643274545669556
42,2025,Yellow Fever,6,quiet,0.16664065420627594,0.48931562900543213,0.3440437614917755
42,2025,AFP,0,outbreak,0.17610737681388855,0.5181443095207214,0.3057483434677124
42,2025,CSM,1,outbreak,0.19535626471042633,0.5296455025672913,0.274998277425766
42,2025,Cholera,2,outbreak,0.17270562052726746,0.5243170857429504,0.3029772937297821
42,2025,Lassa Fever,3,outbreak,0.19825886189937592,0.5311288237571716,0.27061232924461365
42,2025,Measles,4,quiet,0.17602045834064484,0.5242835283279419,0.2996959984302521
42,2025,Mpox,5,outbreak,0.17663361132144928,0.5371412634849548,0.2862251400947571
42,2025,Yellow Fever,6,quiet,0.1976422369480133,0.5145175457000732,0.28784018754959106
42,2025,AFP,0,outbreak,0.1713329404592514,0.4642183780670166,0.36444875597953796
42,2025,CSM,1,outbreak,0.18515147268772125,0.4639907777309418,0.3508577346801758
42,2025,Cholera,2,outbreak,0.16886141896247864,0.46548521518707275,0.36565324664115906
42,2025,Lassa Fever,3,quiet,0.19226205348968506,0.4636971652507782,0.34404072165489197
42,2025,Measles,4,quiet,0.17495876550674438,0.46391820907592773,0.3611229658126831
42,2025,Mpox,5,outbreak,0.1718001812696457,0.4748205840587616,0.3533792495727539
42,2025,Yellow Fever,6,quiet,0.1987399309873581,0.4541090130805969,0.3471510112285614
42,2025,AFP,0,quiet,0.1567561775445938,0.44969525933265686,0.3935486376285553
42,2025,CSM,1,outbreak,0.1740717589855194,0.4342234432697296,0.39170482754707336
42,2025,Cholera,2,outbreak,0.16049079596996307,0.44600701332092285,0.3935021758079529
42,2025,Lassa Fever,3,outbreak,0.18418411910533905,0.4349752366542816,0.38084059953689575
42,2025,Measles,4,quiet,0.16367468237876892,0.4453348219394684,0.3909904956817627
42,2025,Mpox,5,outbreak,0.16507206857204437,0.4424174427986145,0.39251047372817993
42,2025,Yellow Fever,6,quiet,0.17840449512004852,0.43829429149627686,0.3833012580871582
42,2025,AFP,0,quiet,0.10213477909564972,0.6158327460289001,0.28203243017196655
42,2025,CSM,1,outbreak,0.12230782955884933,0.5813412070274353,0.29635098576545715
42,2025,Cholera,2,outbreak,0.10633289068937302,0.6076808571815491,0.28598618507385254
42,2025,Lassa Fever,3,outbreak,0.12915416061878204,0.5827593207359314,0.28808656334877014
42,2025,Measles,4,outbreak,0.1087283343076706,0.605121910572052,0.2861497104167938
42,2025,Mpox,5,outbreak,0.11503446102142334,0.5940737724304199,0.29089173674583435
42,2025,Yellow Fever,6,outbreak,0.12473060190677643,0.5840280055999756,0.2912414073944092
42,2025,AFP,0,quiet,0.17934326827526093,0.5388672351837158,0.28178954124450684
42,2025,CSM,1,outbreak,0.20047451555728912,0.5212681889533997,0.2782573103904724
42,2025,Cholera,2,quiet,0.18383005261421204,0.5350998044013977,0.2810700535774231
42,2025,Lassa Fever,3,outbreak,0.20751596987247467,0.5172247290611267,0.2752593159675598
42,2025,Measles,4,quiet,0.1844044178724289,0.5385171175003052,0.2770785093307495
42,2025,Mpox,5,outbreak,0.19415360689163208,0.5215767621994019,0.2842695415019989
42,2025,Yellow Fever,6,quiet,0.2085912525653839,0.5135703682899475,0.27783840894699097
42,2025,AFP,0,quiet,0.20160692930221558,0.5503280162811279,0.24806499481201172
42,2025,CSM,1,quiet,0.21463453769683838,0.5397534966468811,0.24561195075511932
42,2025,Cholera,2,quiet,0.20704123377799988,0.5427954792976379,0.2501632869243622
42,2025,Lassa Fever,3,outbreak,0.22242893278598785,0.5313616394996643,0.2462095022201538
42,2025,Measles,4,outbreak,0.2054346203804016,0.5426585078239441,0.2519068717956543
42,2025,Mpox,5,outbreak,0.21137100458145142,0.5333335399627686,0.25529545545578003
42,2025,Yellow Fever,6,quiet,0.22651056945323944,0.5231772065162659,0.2503122091293335
42,2025,AFP,0,quiet,0.22342462837696075,0.5496710538864136,0.22690433263778687
42,2025,CSM,1,quiet,0.2377079278230667,0.542525589466095,0.21976648271083832
42,2025,Cholera,2,quiet,0.23140238225460052,0.5431067943572998,0.2254907637834549
42,2025,Lassa Fever,3,outbreak,0.2419976145029068,0.5398007035255432,0.21820169687271118
42,2025,Measles,4,outbreak,0.23270179331302643,0.543429970741272,0.22386832535266876
42,2025,Mpox,5,outbreak,0.2395106554031372,0.5352790951728821,0.2252102941274643
42,2025,Yellow Fever,6,outbreak,0.24401406943798065,0.5362563133239746,0.21972954273223877
42,2025,AFP,0,quiet,0.09313008189201355,0.731065571308136,0.17580431699752808
42,2025,CSM,1,quiet,0.09071198105812073,0.7673765420913696,0.14191146194934845
42,2025,Cholera,2,outbreak,0.09423980861902237,0.7335867881774902,0.17217344045639038
42,2025,Lassa Fever,3,outbreak,0.09368576854467392,0.7600739002227783,0.14624036848545074
42,2025,Measles,4,quiet,0.09460731595754623,0.7329458594322205,0.17244680225849152
42,2025,Mpox,5,outbreak,0.09301739931106567,0.7404273748397827,0.166555255651474
42,2025,Yellow Fever,6,quiet,0.09626477211713791,0.7483167052268982,0.1554184854030609
42,2025,AFP,0,outbreak,0.1533510386943817,0.6962254643440247,0.15042349696159363
42,2025,CSM,1,quiet,0.16159018874168396,0.7155709266662598,0.12283890694379807
42,2025,Cholera,2,outbreak,0.15745587646961212,0.6955966353416443,0.1469474732875824
42,2025,Lassa Fever,3,outbreak,0.16851234436035156,0.7073006629943848,0.1241869330406189
42,2025,Measles,4,quiet,0.1587463617324829,0.6952663660049438,0.14598725736141205
42,2025,Mpox,5,outbreak,0.15968525409698486,0.7028830051422119,0.1374317854642868
42,2025,Yellow Fever,6,outbreak,0.1692790985107422,0.6959720253944397,0.13474887609481812
42,2025,AFP,0,outbreak,0.22743719816207886,0.5751343369483948,0.19742843508720398
42,2025,CSM,1,quiet,0.2510579228401184,0.5705755352973938,0.17836660146713257
42,2025,Cholera,2,outbreak,0.23653843998908997,0.5619626641273499,0.2014988511800766
42,2025,Lassa Fever,3,outbreak,0.264663964509964,0.5565847158432007,0.17875130474567413
42,2025,Measles,4,quiet,0.2373434454202652,0.5690762400627136,0.19358038902282715
42,2025,Mpox,5,outbreak,0.24398958683013916,0.5665536522865295,0.1894567906856537
42,2025,Yellow Fever,6,outbreak,0.2625494599342346,0.5480257272720337,0.18942487239837646
42,2025,AFP,0,outbreak,0.09865335375070572,0.6096036434173584,0.2917429506778717
42,2025,CSM,1,quiet,0.10582225024700165,0.6117006540298462,0.28247711062431335
42,2025,Cholera,2,outbreak,0.09896332770586014,0.616005003452301,0.2850317358970642
42,2025,Lassa Fever,3,outbreak,0.10815761238336563,0.6159924864768982,0.27584993839263916
42,2025,Measles,4,quiet,0.10083035379648209,0.6138243079185486,0.28534528613090515
42,2025,Mpox,5,outbreak,0.10387278348207474,0.6062000393867493,0.28992709517478943
42,2025,Yellow Fever,6,outbreak,0.10937580466270447,0.6111286878585815,0.279495507478714
42,2025,AFP,0,quiet,0.10715065896511078,0.563459038734436,0.329390287399292
42,2025,CSM,1,quiet,0.11501164734363556,0.5703060626983643,0.3146822154521942
42,2025,Cholera,2,outbreak,0.106410913169384,0.5700265169143677,0.3235625624656677
42,2025,Lassa Fever,3,outbreak,0.1176813468337059,0.5769407153129578,0.3053779602050781
42,2025,Measles,4,quiet,0.10996557027101517,0.5657271146774292,0.32430729269981384
42,2025,Mpox,5,outbreak,0.11330391466617584,0.5613554120063782,0.3253406286239624
42,2025,Yellow Fever,6,quiet,0.12001202255487442,0.5688081979751587,0.3111797869205475
42,2025,AFP,0,outbreak,0.1445702314376831,0.48983123898506165,0.36559855937957764
42,2025,CSM,1,quiet,0.15542834997177124,0.49378660321235657,0.35078495740890503
42,2025,Cholera,2,outbreak,0.1448986977338791,0.49623802304267883,0.35886329412460327
42,2025,Lassa Fever,3,quiet,0.16342079639434814,0.4975411891937256,0.33903801441192627
42,2025,Measles,4,quiet,0.14900214970111847,0.491376131772995,0.3596217632293701
42,2025,Mpox,5,outbreak,0.15343880653381348,0.4870477318763733,0.359513521194458
42,2025,Yellow Fever,6,quiet,0.1609361469745636,0.4941633641719818,0.344900518655777
42,2025,AFP,0,outbreak,0.08088838309049606,0.6488905549049377,0.2702210247516632
42,2025,CSM,1,quiet,0.09564371407032013,0.6190053224563599,0.2853509485721588
42,2025,Cholera,2,outbreak,0.08358754217624664,0.6447698473930359,0.2716425657272339
42,2025,Lassa Fever,3,quiet,0.10175076127052307,0.6223064661026001,0.27594277262687683
42,2025,Measles,4,quiet,0.08572235703468323,0.6405194401741028,0.273758202791214
42,2025,Mpox,5,outbreak,0.0894462838768959,0.6342940926551819,0.2762596309185028
42,2025,Yellow Fever,6,quiet,0.10001224279403687,0.6188989877700806,0.2810887098312378
42,2025,AFP,0,outbreak,0.073348768055439,0.6748128533363342,0.251838356256485
42,2025,CSM,1,quiet,0.08013061434030533,0.6649740934371948,0.25489526987075806
42,2025,Cholera,2,outbreak,0.0733947902917862,0.6731623411178589,0.25344282388687134
42,2025,Lassa Fever,3,quiet,0.08268572390079498,0.6673814058303833,0.2499328851699829
42,2025,Measles,4,quiet,0.07677621394395828,0.667415201663971,0.255808562040329
42,2025,Mpox,5,outbreak,0.07872475683689117,0.6640392541885376,0.2572360038757324
42,2025,Yellow Fever,6,quiet,0.082600437104702,0.6657401323318481,0.25165942311286926
42,2025,AFP,0,outbreak,0.09171993285417557,0.6412665247917175,0.2670135796070099
42,2025,CSM,1,quiet,0.10133618116378784,0.6493887901306152,0.2492751181125641
42,2025,Cholera,2,outbreak,0.09618306159973145,0.6359148025512695,0.26790207624435425
42,2025,Lassa Fever,3,quiet,0.10610899329185486,0.6457825899124146,0.24810844659805298
42,2025,Measles,4,quiet,0.09786122292280197,0.629814624786377,0.27232420444488525
42,2025,Mpox,5,outbreak,0.10229242593050003,0.6278268694877625,0.2698807716369629
42,2025,Yellow Fever,6,quiet,0.10428141802549362,0.6414949893951416,0.2542235851287842
42,2025,AFP,0,quiet,0.06387276947498322,0.7030068635940552,0.2331203669309616
42,2025,CSM,1,quiet,0.06783011555671692,0.6989147067070007,0.23325514793395996
42,2025,Cholera,2,outbreak,0.0640997365117073,0.7046292424201965,0.23127104341983795
42,2025,Lassa Fever,3,outbreak,0.07187428325414658,0.7027670741081238,0.22535869479179382
42,2025,Measles,4,quiet,0.06544633954763412,0.7016238570213318,0.2329297810792923
42,2025,Mpox,5,outbreak,0.06786257773637772,0.6974429488182068,0.23469451069831848
42,2025,Yellow Fever,6,quiet,0.0704159140586853,0.7011021375656128,0.2284819632768631
42,2025,AFP,0,quiet,0.062242671847343445,0.6942718625068665,0.2434854954481125
42,2025,CSM,1,quiet,0.07320641726255417,0.6726627945899963,0.2541307806968689
42,2025,Cholera,2,outbreak,0.0637667328119278,0.692176103591919,0.24405713379383087
42,2025,Lassa Fever,3,outbreak,0.07801005244255066,0.6764770746231079,0.24551290273666382
42,2025,Measles,4,quiet,0.06611622869968414,0.6865893006324768,0.24729439616203308
42,2025,Mpox,5,outbreak,0.06900134682655334,0.6797542572021484,0.2512443959712982
42,2025,Yellow Fever,6,quiet,0.076812244951725,0.6744750738143921,0.24871274828910828
42,2025,AFP,0,quiet,0.06831741333007812,0.7033660411834717,0.22831659018993378
42,2025,CSM,1,quiet,0.07413703203201294,0.7034351825714111,0.2224278301000595
42,2025,Cholera,2,outbreak,0.06900472193956375,0.7083490490913391,0.22264620661735535
42,2025,Lassa Fever,3,outbreak,0.07688270509243011,0.7075833082199097,0.2155340313911438
42,2025,Measles,4,quiet,0.06981314718723297,0.7032501101493835,0.2269366830587387
42,2025,Mpox,5,outbreak,0.07196105271577835,0.7014695405960083,0.22656933963298798
42,2025,Yellow Fever,6,quiet,0.07582596689462662,0.705826997756958,0.21834702789783478
42,2025,AFP,0,quiet,0.08742877840995789,0.6638981103897095,0.24867314100265503
42,2025,CSM,1,quiet,0.09456465393304825,0.6660129427909851,0.23942238092422485
42,2025,Cholera,2,outbreak,0.08830171078443527,0.669189989566803,0.24250838160514832
42,2025,Lassa Fever,3,outbreak,0.09661998599767685,0.6772481799125671,0.2261318564414978
42,2025,Measles,4,quiet,0.08979374915361404,0.6628924012184143,0.24731390178203583
42,2025,Mpox,5,outbreak,0.0913674384355545,0.6623315811157227,0.24630099534988403
42,2025,Yellow Fever,6,quiet,0.09745632112026215,0.6721000671386719,0.2304435670375824
42,2025,AFP,0,quiet,0.09515467286109924,0.734595537185669,0.17024976015090942
42,2025,CSM,1,quiet,0.10825038701295853,0.7226244211196899,0.16912519931793213
42,2025,Cholera,2,quiet,0.09895839542150497,0.7302128076553345,0.17082874476909637
42,2025,Lassa Fever,3,outbreak,0.11276090145111084,0.7239586710929871,0.1632804572582245
42,2025,Measles,4,quiet,0.0999569520354271,0.7285777926445007,0.171465203166008
42,2025,Mpox,5,outbreak,0.10474688559770584,0.7192611694335938,0.17599190771579742
42,2025,Yellow Fever,6,quiet,0.11320328712463379,0.7196399569511414,0.16715672612190247
42,2025,AFP,0,outbreak,0.1018940731883049,0.7793181538581848,0.11878779530525208
42,2025,CSM,1,quiet,0.11879117786884308,0.7720529437065125,0.1091558113694191
42,2025,Cholera,2,outbreak,0.10711278021335602,0.7753002047538757,0.11758701503276825
42,2025,Lassa Fever,3,outbreak,0.1241428330540657,0.7664864659309387,0.10937075316905975
42,2025,Measles,4,quiet,0.10809965431690216,0.7774050831794739,0.11449525505304337
42,2025,Mpox,5,outbreak,0.11183450371026993,0.7719762921333313,0.11618919670581818
42,2025,Yellow Fever,6,quiet,0.13314469158649445,0.7510011196136475,0.11585419625043869
42,2025,AFP,0,outbreak,0.10949598997831345,0.7912924885749817,0.09921150654554367
42,2025,CSM,1,outbreak,0.14144037663936615,0.7669051289558411,0.0916544646024704
42,2025,Cholera,2,outbreak,0.12082478404045105,0.780106246471405,0.0990690290927887
42,2025,Lassa Fever,3,outbreak,0.14920346438884735,0.7568389773368835,0.09395752102136612
42,2025,Measles,4,quiet,0.12031412869691849,0.7841100096702576,0.09557583928108215
42,2025,Mpox,5,outbreak,0.12942181527614594,0.772171676158905,0.098406583070755
42,2025,Yellow Fever,6,outbreak,0.15259180963039398,0.7523800730705261,0.09502806514501572
42,2025,AFP,0,outbreak,0.13193412125110626,0.626329779624939,0.2417360544204712
42,2025,CSM,1,quiet,0.16066357493400574,0.6325836181640625,0.20675282180309296
42,2025,Cholera,2,outbreak,0.13839322328567505,0.6190498471260071,0.24255694448947906
42,2025,Lassa Fever,3,outbreak,0.17586982250213623,0.6262145042419434,0.19791564345359802
42,2025,Measles,4,quiet,0.1397138088941574,0.6233097910881042,0.23697641491889954
42,2025,Mpox,5,outbreak,0.14126130938529968,0.6353027820587158,0.2234359234571457
42,2025,Yellow Fever,6,outbreak,0.17137670516967773,0.6132153272628784,0.21540796756744385
42,2025,AFP,0,outbreak,0.08887231349945068,0.6721461415290833,0.23898150026798248
42,2025,CSM,1,quiet,0.09892870485782623,0.698959469795227,0.20211191475391388
42,2025,Cholera,2,outbreak,0.08949799835681915,0.6738269925117493,0.23667505383491516
42,2025,Lassa Fever,3,outbreak,0.10610514134168625,0.6965728402137756,0.1973220258951187
42,2025,Measles,4,quiet,0.09128203243017197,0.6771479249000549,0.2315700501203537
42,2025,Mpox,5,outbreak,0.08826196193695068,0.6931405663490295,0.21859753131866455
42,2025,Yellow Fever,6,outbreak,0.10741793364286423,0.6776071190834045,0.21497493982315063
42,2025,AFP,0,outbreak,0.08901773393154144,0.647554874420166,0.2634273171424866
42,2025,CSM,1,quiet,0.09846559166908264,0.6759829521179199,0.22555144131183624
42,2025,Cholera,2,outbreak,0.09049990028142929,0.6474542021751404,0.2620459198951721
42,2025,Lassa Fever,3,quiet,0.1067538931965828,0.6736161708831787,0.2196299284696579
42,2025,Measles,4,quiet,0.092364601790905,0.651073157787323,0.2565622627735138
42,2025,Mpox,5,outbreak,0.0894923135638237,0.6678200364112854,0.24268768727779388
42,2025,Yellow Fever,6,outbreak,0.10886796563863754,0.6525699496269226,0.23856201767921448
42,2025,AFP,0,outbreak,0.08237747102975845,0.6351332664489746,0.28248918056488037
42,2025,CSM,1,quiet,0.09473294019699097,0.6665036082267761,0.23876337707042694
42,2025,Cholera,2,outbreak,0.08550827205181122,0.6358836889266968,0.278608113527298
42,2025,Lassa Fever,3,quiet,0.10504767298698425,0.6618604063987732,0.23309193551540375
42,2025,Measles,4,quiet,0.08810172975063324,0.6376968026161194,0.27420148253440857
42,2025,Mpox,5,outbreak,0.08699710667133331,0.652479887008667,0.26052308082580566
42,2025,Yellow Fever,6,quiet,0.10432383418083191,0.6438246369361877,0.2518515884876251
42,2025,AFP,0,outbreak,0.12542444467544556,0.6547682285308838,0.21980728209018707
42,2025,CSM,1,quiet,0.1293194442987442,0.6797382831573486,0.19094225764274597
42,2025,Cholera,2,outbreak,0.12784352898597717,0.6515527963638306,0.22060364484786987
42,2025,Lassa Fever,3,quiet,0.13844379782676697,0.6645457148551941,0.19701047241687775
42,2025,Measles,4,quiet,0.1295931488275528,0.6537861227989197,0.21662066876888275
42,2025,Mpox,5,outbreak,0.13002797961235046,0.6596349477767944,0.2103370875120163
42,2025,Yellow Fever,6,quiet,0.14268359541893005,0.6492531299591064,0.2080632895231247
42,2025,AFP,0,outbreak,0.13672544062137604,0.6701184511184692,0.19315609335899353
42,2025,CSM,1,quiet,0.1471453309059143,0.6779767870903015,0.17487794160842896
42,2025,Cholera,2,outbreak,0.1403166502714157,0.66385817527771,0.19582512974739075
42,2025,Lassa Fever,3,outbreak,0.15668217837810516,0.6641437411308289,0.17917415499687195
42,2025,Measles,4,quiet,0.14140301942825317,0.6659124493598938,0.19268456101417542
42,2025,Mpox,5,outbreak,0.14575235545635223,0.6619623899459839,0.19228525459766388
42,2025,Yellow Fever,6,quiet,0.16185389459133148,0.6473867297172546,0.19075936079025269
42,2025,AFP,0,outbreak,0.13831274211406708,0.6645228862762451,0.1971643567085266
42,2025,CSM,1,quiet,0.15094847977161407,0.6728724241256714,0.17617909610271454
42,2025,Cholera,2,outbreak,0.14192447066307068,0.6582165360450745,0.19985894858837128
42,2025,Lassa Fever,3,outbreak,0.15713100135326385,0.6635753512382507,0.17929373681545258
42,2025,Measles,4,quiet,0.1430332511663437,0.6602994203567505,0.1966673731803894
42,2025,Mpox,5,outbreak,0.14671874046325684,0.6580192446708679,0.19526199996471405
42,2025,Yellow Fever,6,outbreak,0.1588709056377411,0.6514785885810852,0.1896505206823349
42,2025,AFP,0,outbreak,0.10584528744220734,0.7340872287750244,0.16006746888160706
42,2025,CSM,1,quiet,0.1278177946805954,0.7270838022232056,0.14509840309619904
42,2025,Cholera,2,outbreak,0.11129635572433472,0.7255893349647522,0.16311430931091309
42,2025,Lassa Fever,3,quiet,0.13373596966266632,0.7225213050842285,0.14374275505542755
42,2025,Measles,4,quiet,0.11511487513780594,0.72524493932724,0.15964022278785706
42,2025,Mpox,5,outbreak,0.11837370693683624,0.717094898223877,0.16453136503696442
42,2025,Yellow Fever,6,quiet,0.13705666363239288,0.7136048674583435,0.14933842420578003
42,2025,AFP,0,quiet,0.09433208405971527,0.7361039519309998,0.16956399381160736
42,2025,CSM,1,quiet,0.11251749098300934,0.7379663586616516,0.1495162397623062
42,2025,Cholera,2,outbreak,0.09910228103399277,0.7292907238006592,0.17160698771476746
42,2025,Lassa Fever,3,outbreak,0.12066679447889328,0.7282465696334839,0.15108667314052582
42,2025,Measles,4,quiet,0.10199512541294098,0.7303879857063293,0.16761696338653564
42,2025,Mpox,5,outbreak,0.10370931774377823,0.7274741530418396,0.16881650686264038
42,2025,Yellow Fever,6,quiet,0.12445047497749329,0.7163201570510864,0.1592293530702591
42,2025,AFP,0,quiet,0.09558197110891342,0.741456925868988,0.16296109557151794
42,2025,CSM,1,outbreak,0.10057753324508667,0.7545573115348816,0.1448652744293213
42,2025,Cholera,2,outbreak,0.1007283478975296,0.7345068454742432,0.16476480662822723
42,2025,Lassa Fever,3,outbreak,0.10727843642234802,0.7428345680236816,0.14988701045513153
42,2025,Measles,4,quiet,0.10289093852043152,0.7357882261276245,0.16132088005542755
42,2025,Mpox,5,outbreak,0.10351301729679108,0.737175464630127,0.1593114733695984
42,2025,Yellow Fever,6,quiet,0.11062511056661606,0.7290470004081726,0.16032786667346954
42,2025,AFP,0,quiet,0.1206093430519104,0.679054319858551,0.20033632218837738
42,2025,CSM,1,outbreak,0.1340050846338272,0.6719178557395935,0.19407713413238525
42,2025,Cholera,2,quiet,0.12517865002155304,0.6761801242828369,0.19864128530025482
42,2025,Lassa Fever,3,outbreak,0.1376914083957672,0.6758481860160828,0.18646037578582764
42,2025,Measles,4,quiet,0.12641707062721252,0.6740311980247498,0.19955168664455414
42,2025,Mpox,5,outbreak,0.12668216228485107,0.6713399887084961,0.20197783410549164
42,2025,Yellow Fever,6,quiet,0.1440936177968979,0.6644136905670166,0.19149275124073029
42,2025,AFP,0,quiet,0.12110783904790878,0.6799975037574768,0.19889460504055023
42,2025,CSM,1,quiet,0.13828101754188538,0.6668655276298523,0.19485343992710114
42,2025,Cholera,2,quiet,0.1269892454147339,0.675123929977417,0.19788682460784912
42,2025,Lassa Fever,3,outbreak,0.1419907808303833,0.6700431108474731,0.18796615302562714
42,2025,Measles,4,quiet,0.1282903254032135,0.6746826171875,0.1970270723104477
42,2025,Mpox,5,outbreak,0.13086658716201782,0.666573166847229,0.20256024599075317
42,2025,Yellow Fever,6,quiet,0.14854256808757782,0.6584836840629578,0.19297373294830322
42,2026,AFP,0,quiet,0.10245995968580246,0.5820112824440002,0.3155287504196167
42,2026,CSM,1,outbreak,0.23852954804897308,0.5294240713119507,0.232046440243721
42,2026,Cholera,2,quiet,0.02871485985815525,0.7735608220100403,0.1977243572473526
42,2026,Lassa Fever,3,quiet,0.35107508301734924,0.5162644386291504,0.13266046345233917
42,2026,Measles,4,quiet,0.2164638340473175,0.44207456707954407,0.3414616286754608
42,2026,Mpox,5,quiet,0.0188401211053133,0.8804145455360413,0.10074539482593536
42,2026,Yellow Fever,6,quiet,0.1150885820388794,0.5647833347320557,0.3201281428337097
42,2026,AFP,0,quiet,0.10838931798934937,0.583498477935791,0.308112233877182
42,2026,CSM,1,outbreak,0.22430424392223358,0.5373120903968811,0.23838362097740173
42,2026,Cholera,2,outbreak,0.030280089005827904,0.7758603096008301,0.1938595175743103
42,2026,Lassa Fever,3,outbreak,0.33001086115837097,0.5303895473480225,0.13959963619709015
42,2026,Measles,4,quiet,0.23485371470451355,0.4379248321056366,0.3272213637828827
42,2026,Mpox,5,outbreak,0.019625211134552956,0.8811290264129639,0.09924574941396713
42,2026,Yellow Fever,6,quiet,0.12506116926670074,0.5647978186607361,0.3101409375667572
42,2026,AFP,0,quiet,0.1396983563899994,0.5945504307746887,0.2657511830329895
42,2026,CSM,1,outbreak,0.27387845516204834,0.5239525437355042,0.20216897130012512
42,2026,Cholera,2,outbreak,0.037992920726537704,0.7949963212013245,0.16701079905033112
42,2026,Lassa Fever,3,outbreak,0.35782766342163086,0.526689887046814,0.11548236757516861
42,2026,Measles,4,quiet,0.2766932249069214,0.4513995051383972,0.2719072997570038
42,2026,Mpox,5,outbreak,0.02270650677382946,0.8935147523880005,0.0837787538766861
42,2026,Yellow Fever,6,quiet,0.15877771377563477,0.5750017762184143,0.2662205994129181
42,2026,AFP,0,quiet,0.1564183086156845,0.5565914511680603,0.286990225315094
42,2026,CSM,1,outbreak,0.3300430178642273,0.4930119514465332,0.1769450455904007
42,2026,Cholera,2,quiet,0.05009181424975395,0.7518729567527771,0.19803525507450104
42,2026,Lassa Fever,3,outbreak,0.44922640919685364,0.43988505005836487,0.1108885407447815
42,2026,Measles,4,quiet,0.26850101351737976,0.4452853202819824,0.2862136662006378
42,2026,Mpox,5,outbreak,0.04402855411171913,0.843220591545105,0.11275088042020798
42,2026,Yellow Fever,6,quiet,0.17685319483280182,0.5357406735420227,0.28740614652633667
42,2026,AFP,0,quiet,0.15657073259353638,0.5914931893348694,0.25193607807159424
42,2026,CSM,1,outbreak,0.4220353066921234,0.43894335627555847,0.13902132213115692
42,2026,Cholera,2,quiet,0.03650324419140816,0.7890361547470093,0.17446058988571167
42,2026,Lassa Fever,3,outbreak,0.5983787178993225,0.3261479437351227,0.07547338306903839
42,2026,Measles,4,quiet,0.3316762447357178,0.4397047460079193,0.22861899435520172
42,2026,Mpox,5,outbreak,0.04581084102392197,0.8644357323646545,0.0897534191608429
42,2026,Yellow Fever,6,quiet,0.17320659756660461,0.5737977027893066,0.25299569964408875
42,2026,AFP,0,quiet,0.14366644620895386,0.6078336238861084,0.24849990010261536
42,2026,CSM,1,outbreak,0.4669637084007263,0.41318824887275696,0.11984797567129135
42,2026,Cholera,2,quiet,0.03903770446777344,0.7904698252677917,0.17049244046211243
42,2026,Lassa Fever,3,outbreak,0.6468586325645447,0.29008999466896057,0.06305131316184998
42,2026,Measles,4,quiet,0.32660672068595886,0.45808619260787964,0.21530704200267792
42,2026,Mpox,5,outbreak,0.051556944847106934,0.8712047934532166,0.07723817974328995
42,2026,Yellow Fever,6,quiet,0.15887510776519775,0.5915060043334961,0.24961891770362854
42,2026,AFP,0,quiet,0.1205260157585144,0.6391273736953735,0.24034655094146729
42,2026,CSM,1,outbreak,0.3577785789966583,0.5158721208572388,0.12634927034378052
42,2026,Cholera,2,quiet,0.033434897661209106,0.8226184248924255,0.14394661784172058
42,2026,Lassa Fever,3,outbreak,0.5222673416137695,0.4056963622570038,0.07203628122806549
42,2026,Measles,4,outbreak,0.28163450956344604,0.500036895275116,0.21832862496376038
42,2026,Mpox,5,outbreak,0.03719218075275421,0.8953188061714172,0.06748896092176437
42,2026,Yellow Fever,6,quiet,0.1340693086385727,0.6233312487602234,0.2425994873046875
42,2026,AFP,0,quiet,0.13432344794273376,0.610933244228363,0.2547433078289032
42,2026,CSM,1,outbreak,0.3599296808242798,0.5081040263175964,0.13196635246276855
42,2026,Cholera,2,quiet,0.04810277372598648,0.7870392799377441,0.16485798358917236
42,2026,Lassa Fever,3,outbreak,0.5046535134315491,0.41750794649124146,0.07783854007720947
42,2026,Measles,4,quiet,0.29071861505508423,0.4712182879447937,0.23806311190128326
42,2026,Mpox,5,outbreak,0.043189018964767456,0.8724992275238037,0.08431174606084824
42,2026,Yellow Fever,6,quiet,0.14886574447155,0.5959083437919617,0.25522586703300476
42,2026,AFP,0,quiet,0.17436546087265015,0.421988844871521,0.40364572405815125
42,2026,CSM,1,outbreak,0.42005249857902527,0.3584744930267334,0.22147297859191895
42,2026,Cholera,2,quiet,0.06941507011651993,0.6186992526054382,0.3118857145309448
42,2026,Lassa Fever,3,outbreak,0.5684003233909607,0.30451005697250366,0.12708963453769684
42,2026,Measles,4,quiet,0.2682079076766968,0.35124436020851135,0.38054779171943665
42,2026,Mpox,5,quiet,0.0861455574631691,0.756591260433197,0.15726318955421448
42,2026,Yellow Fever,6,quiet,0.18834255635738373,0.41039448976516724,0.40126290917396545
123,2020,AFP,0,quiet,0.2684957683086395,0.13734731078147888,0.5941569209098816
123,2020,CSM,1,quiet,0.2695673704147339,0.1276520937681198,0.6027805209159851
123,2020,Cholera,2,outbreak,0.2694440484046936,0.1345013976097107,0.5960545539855957
123,2020,Lassa Fever,3,outbreak,0.27438560128211975,0.13396494090557098,0.5916494131088257
123,2020,Measles,4,quiet,0.26658377051353455,0.13070833683013916,0.6027079224586487
123,2020,Mpox,5,quiet,0.27334657311439514,0.1298786848783493,0.596774697303772
123,2020,Yellow Fever,6,quiet,0.2751971185207367,0.13816620409488678,0.5866366028785706
123,2020,AFP,0,quiet,0.24253800511360168,0.07699853926897049,0.6804634928703308
123,2020,CSM,1,quiet,0.24324238300323486,0.07333072274923325,0.6834269165992737
123,2020,Cholera,2,quiet,0.23682714998722076,0.07532660663127899,0.6878462433815002
123,2020,Lassa Fever,3,outbreak,0.24165232479572296,0.07406528294086456,0.6842823624610901
123,2020,Measles,4,outbreak,0.23739266395568848,0.07485834509134293,0.6877490282058716
123,2020,Mpox,5,outbreak,0.24152250587940216,0.07223157584667206,0.6862459182739258
123,2020,Yellow Fever,6,quiet,0.2454730123281479,0.07665631920099258,0.6778705716133118
123,2020,AFP,0,quiet,0.24460139870643616,0.19760160148143768,0.5577970147132874
123,2020,CSM,1,quiet,0.2518807351589203,0.19881001114845276,0.549309253692627
123,2020,Cholera,2,quiet,0.24009263515472412,0.20061661303043365,0.5592907667160034
123,2020,Lassa Fever,3,outbreak,0.2494341880083084,0.2012523114681244,0.5493135452270508
123,2020,Measles,4,outbreak,0.24234476685523987,0.19963011145591736,0.5580251812934875
123,2020,Mpox,5,quiet,0.2543560564517975,0.19897738099098206,0.5466666221618652
123,2020,Yellow Fever,6,quiet,0.2531408369541168,0.19970722496509552,0.5471519827842712
123,2020,AFP,0,quiet,0.18152137100696564,0.1600678265094757,0.6584107875823975
123,2020,CSM,1,quiet,0.1898270696401596,0.1605532467365265,0.6496196985244751
123,2020,Cholera,2,outbreak,0.18010926246643066,0.1612394005060196,0.6586512923240662
123,2020,Lassa Fever,3,outbreak,0.18727874755859375,0.16148823499679565,0.6512330174446106
123,2020,Measles,4,outbreak,0.1809542179107666,0.16170363128185272,0.6573420763015747
123,2020,Mpox,5,quiet,0.1934289038181305,0.16162675619125366,0.6449443697929382
123,2020,Yellow Fever,6,quiet,0.18835094571113586,0.1638248860836029,0.6478241086006165
123,2020,AFP,0,quiet,0.3163229823112488,0.3904958665370941,0.2931811511516571
123,2020,CSM,1,outbreak,0.3255961537361145,0.3766738474369049,0.2977299988269806
123,2020,Cholera,2,outbreak,0.3181842565536499,0.3887079656124115,0.2931077182292938
123,2020,Lassa Fever,3,outbreak,0.3221326470375061,0.3908804953098297,0.2869868576526642
123,2020,Measles,4,outbreak,0.31986773014068604,0.38077718019485474,0.29935508966445923
123,2020,Mpox,5,quiet,0.324955016374588,0.38768598437309265,0.2873590290546417
123,2020,Yellow Fever,6,quiet,0.3202657103538513,0.4006616473197937,0.279072642326355
123,2020,AFP,0,quiet,0.28319215774536133,0.31444188952445984,0.40236595273017883
123,2020,CSM,1,quiet,0.2890881597995758,0.30064308643341064,0.41026872396469116
123,2020,Cholera,2,outbreak,0.2835843563079834,0.31117308139801025,0.40524256229400635
123,2020,Lassa Fever,3,outbreak,0.2918032109737396,0.3201007544994354,0.38809600472450256
123,2020,Measles,4,outbreak,0.2829476594924927,0.30158376693725586,0.41546857357025146
123,2020,Mpox,5,quiet,0.29415029287338257,0.3138248920440674,0.39202484488487244
123,2020,Yellow Fever,6,quiet,0.2927064299583435,0.3289806544780731,0.3783129155635834
123,2020,AFP,0,quiet,0.20075847208499908,0.046521592885255814,0.7527199983596802
123,2020,CSM,1,quiet,0.19710645079612732,0.04388062655925751,0.7590129375457764
123,2020,Cholera,2,quiet,0.20104072988033295,0.04604939743876457,0.7529098987579346
123,2020,Lassa Fever,3,outbreak,0.2024756520986557,0.045490678399801254,0.7520337104797363
123,2020,Measles,4,outbreak,0.19683603942394257,0.045134879648685455,0.758029043674469
123,2020,Mpox,5,quiet,0.1987043172121048,0.043431755155324936,0.7578639388084412
123,2020,Yellow Fever,6,quiet,0.20332884788513184,0.04610980674624443,0.7505612969398499
123,2020,AFP,0,quiet,0.2613084614276886,0.10885542631149292,0.6298361420631409
123,2020,CSM,1,quiet,0.2612316906452179,0.10604199022054672,0.6327263116836548
123,2020,Cholera,2,quiet,0.2590867280960083,0.1077762022614479,0.6331371068954468
123,2020,Lassa Fever,3,outbreak,0.2605704367160797,0.10456440597772598,0.6348651647567749
123,2020,Measles,4,outbreak,0.2577933371067047,0.10753531008958817,0.6346713304519653
123,2020,Mpox,5,quiet,0.26119834184646606,0.10271532088518143,0.6360864043235779
123,2020,Yellow Fever,6,quiet,0.26571425795555115,0.10705963522195816,0.6272260546684265
123,2020,AFP,0,quiet,0.2237205058336258,0.07407765835523605,0.702201783657074
123,2020,CSM,1,quiet,0.21570882201194763,0.06848669797182083,0.715804398059845
123,2020,Cholera,2,quiet,0.22148212790489197,0.07133851200342178,0.7071794271469116
123,2020,Lassa Fever,3,outbreak,0.2218588888645172,0.07096493989229202,0.7071762084960938
123,2020,Measles,4,outbreak,0.2172691375017166,0.07008817791938782,0.7126426696777344
123,2020,Mpox,5,quiet,0.21801939606666565,0.06888072192668915,0.7130998969078064
123,2020,Yellow Fever,6,quiet,0.22548727691173553,0.07403521239757538,0.7004775404930115
123,2020,AFP,0,quiet,0.2072511911392212,0.0748634859919548,0.7178852558135986
123,2020,CSM,1,quiet,0.20003344118595123,0.07002776116132736,0.729938805103302
123,2020,Cholera,2,quiet,0.203059583902359,0.07336434721946716,0.723576009273529
123,2020,Lassa Fever,3,outbreak,0.20368154346942902,0.07249734550714493,0.7238211631774902
123,2020,Measles,4,outbreak,0.19966961443424225,0.07116404920816422,0.7291663289070129
123,2020,Mpox,5,quiet,0.20324456691741943,0.07083413004875183,0.7259213328361511
123,2020,Yellow Fever,6,quiet,0.21224385499954224,0.07696999609470367,0.7107861638069153
123,2020,AFP,0,quiet,0.19974954426288605,0.06130331754684448,0.7389471530914307
123,2020,CSM,1,quiet,0.19032356142997742,0.056059595197439194,0.7536168694496155
123,2020,Cholera,2,quiet,0.19577349722385406,0.05886759236454964,0.745358943939209
123,2020,Lassa Fever,3,outbreak,0.19604326784610748,0.058448903262615204,0.7455078363418579
123,2020,Measles,4,outbreak,0.19152283668518066,0.057536546140909195,0.7509406805038452
123,2020,Mpox,5,quiet,0.19367234408855438,0.05681402608752251,0.7495136857032776
123,2020,Yellow Fever,6,quiet,0.2016061544418335,0.061528053134679794,0.736865758895874
123,2020,AFP,0,quiet,0.23145130276679993,0.0721760243177414,0.6963726282119751
123,2020,CSM,1,outbreak,0.22122600674629211,0.0642746239900589,0.7144993543624878
123,2020,Cholera,2,quiet,0.2299278825521469,0.07024123519659042,0.699830949306488
123,2020,Lassa Fever,3,outbreak,0.22687657177448273,0.06814952939748764,0.7049739360809326
123,2020,Measles,4,outbreak,0.22598616778850555,0.06795044243335724,0.7060633897781372
123,2020,Mpox,5,quiet,0.22178542613983154,0.0649997889995575,0.7132148146629333
123,2020,Yellow Fever,6,quiet,0.23266999423503876,0.07209507375955582,0.695235013961792
123,2020,AFP,0,quiet,0.21896928548812866,0.0715637058019638,0.7094670534133911
123,2020,CSM,1,outbreak,0.2096756100654602,0.06402484327554703,0.726299524307251
123,2020,Cholera,2,quiet,0.21871314942836761,0.07060296833515167,0.7106838226318359
123,2020,Lassa Fever,3,outbreak,0.21568343043327332,0.0683714970946312,0.7159450650215149
123,2020,Measles,4,outbreak,0.21457087993621826,0.06815063208341599,0.7172784805297852
123,2020,Mpox,5,quiet,0.2106730341911316,0.06501362472772598,0.7243133187294006
123,2020,Yellow Fever,6,quiet,0.22006243467330933,0.07262479513883591,0.7073127031326294
123,2020,AFP,0,quiet,0.2269866019487381,0.08719276636838913,0.6858206391334534
123,2020,CSM,1,outbreak,0.21737325191497803,0.08058791607618332,0.7020387649536133
123,2020,Cholera,2,quiet,0.2263931930065155,0.0868043527007103,0.6868024468421936
123,2020,Lassa Fever,3,outbreak,0.22575421631336212,0.08584920316934586,0.6883965730667114
123,2020,Measles,4,outbreak,0.22330930829048157,0.08542900532484055,0.6912616491317749
123,2020,Mpox,5,quiet,0.2205330729484558,0.08231908828020096,0.6971478462219238
123,2020,Yellow Fever,6,quiet,0.23040394484996796,0.08896161615848541,0.6806343793869019
123,2020,AFP,0,quiet,0.2578218877315521,0.0913335308432579,0.6508446335792542
123,2020,CSM,1,quiet,0.24544072151184082,0.083257295191288,0.6713019609451294
123,2020,Cholera,2,quiet,0.250459223985672,0.08741240203380585,0.6621283292770386
123,2020,Lassa Fever,3,outbreak,0.24687618017196655,0.08484269678592682,0.6682811379432678
123,2020,Measles,4,outbreak,0.2500809133052826,0.0875149518251419,0.6624041795730591
123,2020,Mpox,5,quiet,0.24884217977523804,0.08471859991550446,0.6664392352104187
123,2020,Yellow Fever,6,quiet,0.2607184052467346,0.09242746233940125,0.646854043006897
123,2020,AFP,0,quiet,0.2945728600025177,0.11184810847043991,0.5935789942741394
123,2020,CSM,1,quiet,0.2850566506385803,0.10406037420034409,0.6108829975128174
123,2020,Cholera,2,quiet,0.2869509756565094,0.10751089453697205,0.6055381894111633
123,2020,Lassa Fever,3,outbreak,0.28250056505203247,0.1038908064365387,0.6136086583137512
123,2020,Measles,4,outbreak,0.28791096806526184,0.10820872336626053,0.6038803458213806
123,2020,Mpox,5,quiet,0.28674083948135376,0.10501473397016525,0.6082444190979004
123,2020,Yellow Fever,6,quiet,0.29568612575531006,0.11210322380065918,0.5922106504440308
123,2020,AFP,0,quiet,0.2241571992635727,0.12232591211795807,0.6535168886184692
123,2020,CSM,1,quiet,0.2200693041086197,0.11285968869924545,0.6670710444450378
123,2020,Cholera,2,outbreak,0.22502480447292328,0.12181579321622849,0.6531594395637512
123,2020,Lassa Fever,3,quiet,0.22921375930309296,0.12046080827713013,0.6503254771232605
123,2020,Measles,4,quiet,0.22151106595993042,0.11912725865840912,0.659361720085144
123,2020,Mpox,5,quiet,0.2242489904165268,0.115461066365242,0.660290002822876
123,2020,Yellow Fever,6,quiet,0.2328162044286728,0.12415174394845963,0.6430320739746094
123,2020,AFP,0,quiet,0.29184260964393616,0.1372157335281372,0.5709416270256042
123,2020,CSM,1,quiet,0.2820557951927185,0.12559185922145844,0.5923523306846619
123,2020,Cholera,2,quiet,0.27784019708633423,0.12727516889572144,0.5948846340179443
123,2020,Lassa Fever,3,quiet,0.27691319584846497,0.12241492420434952,0.6006718873977661
123,2020,Measles,4,outbreak,0.2795620858669281,0.1287345439195633,0.5917034149169922
123,2020,Mpox,5,quiet,0.2814970910549164,0.12315710633993149,0.5953458547592163
123,2020,Yellow Fever,6,quiet,0.29285287857055664,0.13307079672813416,0.5740762948989868
123,2020,AFP,0,quiet,0.2567547857761383,0.1231265664100647,0.6201186776161194
123,2020,CSM,1,quiet,0.2548692524433136,0.11670900881290436,0.6284217834472656
123,2020,Cholera,2,quiet,0.2479168176651001,0.11629407852888107,0.6357890963554382
123,2020,Lassa Fever,3,quiet,0.24698497354984283,0.11171330511569977,0.6413017511367798
123,2020,Measles,4,quiet,0.2503387928009033,0.11845814436674118,0.6312030553817749
123,2020,Mpox,5,quiet,0.25393152236938477,0.11354327946901321,0.6325252056121826
123,2020,Yellow Fever,6,quiet,0.2589236795902252,0.12000839412212372,0.6210679411888123
123,2020,AFP,0,quiet,0.3252374827861786,0.1958884745836258,0.4788740277290344
123,2020,CSM,1,quiet,0.3184051215648651,0.18321262300014496,0.4983823299407959
123,2020,Cholera,2,quiet,0.31372395157814026,0.18618141114711761,0.5000946521759033
123,2020,Lassa Fever,3,quiet,0.3131064474582672,0.17661486566066742,0.5102787017822266
123,2020,Measles,4,quiet,0.31446966528892517,0.18729205429553986,0.4982382357120514
123,2020,Mpox,5,quiet,0.3167641758918762,0.17444059252738953,0.5087952613830566
123,2020,Yellow Fever,6,quiet,0.32614198327064514,0.18712003529071808,0.486737996339798
123,2020,AFP,0,quiet,0.3178483843803406,0.19886037707328796,0.48329123854637146
123,2020,CSM,1,quiet,0.314191609621048,0.1871776282787323,0.4986307621002197
123,2020,Cholera,2,quiet,0.30865243077278137,0.19011995196342468,0.5012275576591492
123,2020,Lassa Fever,3,quiet,0.30937114357948303,0.1813754439353943,0.5092533826828003
123,2020,Measles,4,quiet,0.30927151441574097,0.191168412566185,0.49956014752388
123,2020,Mpox,5,quiet,0.31436485052108765,0.17990773916244507,0.5057274103164673
123,2020,Yellow Fever,6,quiet,0.3222719132900238,0.19274869561195374,0.48497939109802246
123,2020,AFP,0,quiet,0.22175374627113342,0.3183225393295288,0.4599236845970154
123,2020,CSM,1,quiet,0.21464838087558746,0.3039822280406952,0.48136934638023376
123,2020,Cholera,2,quiet,0.21661825478076935,0.3195585608482361,0.4638230800628662
123,2020,Lassa Fever,3,quiet,0.21963289380073547,0.3164362907409668,0.4639308452606201
123,2020,Measles,4,outbreak,0.21682541072368622,0.3133268654346466,0.46984779834747314
123,2020,Mpox,5,quiet,0.22243353724479675,0.3160828649997711,0.46148359775543213
123,2020,Yellow Fever,6,quiet,0.2252652943134308,0.3186812400817871,0.4560534954071045
123,2020,AFP,0,outbreak,0.32971325516700745,0.3247678577899933,0.3455188274383545
123,2020,CSM,1,quiet,0.3300918638706207,0.3146159052848816,0.3552922308444977
123,2020,Cholera,2,quiet,0.3269631862640381,0.32886621356010437,0.34417057037353516
123,2020,Lassa Fever,3,outbreak,0.33077600598335266,0.3274843990802765,0.34173959493637085
123,2020,Measles,4,outbreak,0.3263811767101288,0.3237108886241913,0.34990790486335754
123,2020,Mpox,5,quiet,0.33493077754974365,0.322971910238266,0.3420972526073456
123,2020,Yellow Fever,6,quiet,0.3331019878387451,0.32626858353614807,0.3406294286251068
123,2020,AFP,0,quiet,0.3485323488712311,0.27275973558425903,0.3787079453468323
123,2020,CSM,1,quiet,0.35553666949272156,0.2665838599205017,0.37787941098213196
123,2020,Cholera,2,quiet,0.35091227293014526,0.2777872681617737,0.37130045890808105
123,2020,Lassa Fever,3,quiet,0.3577502369880676,0.2809373438358307,0.3613124191761017
123,2020,Measles,4,quiet,0.3520926535129547,0.2730701267719269,0.3748372197151184
123,2020,Mpox,5,quiet,0.3578038513660431,0.2753085494041443,0.366887629032135
123,2020,Yellow Fever,6,quiet,0.3552601933479309,0.28146839141845703,0.36327147483825684
123,2020,AFP,0,outbreak,0.32571783661842346,0.2896348237991333,0.384647399187088
123,2020,CSM,1,quiet,0.3339679539203644,0.28329864144325256,0.3827333450317383
123,2020,Cholera,2,quiet,0.32412195205688477,0.2953552305698395,0.38052278757095337
123,2020,Lassa Fever,3,quiet,0.33183062076568604,0.29873695969581604,0.3694324195384979
123,2020,Measles,4,quiet,0.3254685699939728,0.2904115915298462,0.38411983847618103
123,2020,Mpox,5,quiet,0.33567485213279724,0.29260388016700745,0.3717212378978729
123,2020,Yellow Fever,6,quiet,0.3326161503791809,0.29940515756607056,0.36797866225242615
123,2020,AFP,0,quiet,0.29831722378730774,0.2535046935081482,0.4481780529022217
123,2020,CSM,1,quiet,0.2929629683494568,0.2471248358488083,0.45991215109825134
123,2020,Cholera,2,quiet,0.29472196102142334,0.25225016474723816,0.45302796363830566
123,2020,Lassa Fever,3,quiet,0.29663771390914917,0.2521907389163971,0.45117154717445374
123,2020,Measles,4,quiet,0.29373714327812195,0.2495257407426834,0.45673704147338867
123,2020,Mpox,5,quiet,0.29888585209846497,0.24752183258533478,0.4535922408103943
123,2020,Yellow Fever,6,quiet,0.30213120579719543,0.2545509338378906,0.44331783056259155
123,2020,AFP,0,outbreak,0.24675583839416504,0.2640824317932129,0.48916178941726685
123,2020,CSM,1,quiet,0.2500993013381958,0.263796329498291,0.4861043691635132
123,2020,Cholera,2,quiet,0.24832288920879364,0.2638598680496216,0.4878171980381012
123,2020,Lassa Fever,3,quiet,0.2491365373134613,0.26033174991607666,0.49053168296813965
123,2020,Measles,4,quiet,0.24789173901081085,0.2640395164489746,0.48806872963905334
123,2020,Mpox,5,quiet,0.25461214780807495,0.26242706179618835,0.4829607903957367
123,2020,Yellow Fever,6,quiet,0.2529093027114868,0.26355040073394775,0.48354029655456543
123,2020,AFP,0,quiet,0.18128588795661926,0.18962477147579193,0.62908935546875
123,2020,CSM,1,quiet,0.18580308556556702,0.19075903296470642,0.6234378814697266
123,2020,Cholera,2,quiet,0.1855761855840683,0.1902952939271927,0.624128520488739
123,2020,Lassa Fever,3,quiet,0.18852710723876953,0.19168443977832794,0.6197884678840637
123,2020,Measles,4,quiet,0.18457059562206268,0.19041495025157928,0.6250144839286804
123,2020,Mpox,5,outbreak,0.18774667382240295,0.19379131495952606,0.6184619665145874
123,2020,Yellow Fever,6,quiet,0.18666204810142517,0.19454088807106018,0.6187970638275146
123,2020,AFP,0,quiet,0.23310275375843048,0.28703001141548157,0.47986721992492676
123,2020,CSM,1,quiet,0.22891919314861298,0.28184041380882263,0.4892403483390808
123,2020,Cholera,2,quiet,0.23135043680667877,0.2797091007232666,0.48894041776657104
123,2020,Lassa Fever,3,quiet,0.23241035640239716,0.274347722530365,0.4932418763637543
123,2020,Measles,4,quiet,0.23020216822624207,0.2807427942752838,0.4890550673007965
123,2020,Mpox,5,quiet,0.23413297533988953,0.2774345874786377,0.4884324073791504
123,2020,Yellow Fever,6,quiet,0.23784880340099335,0.28218314051628113,0.4799681007862091
123,2020,AFP,0,quiet,0.2567550837993622,0.25680333375930786,0.4864415228366852
123,2020,CSM,1,quiet,0.25261685252189636,0.2515922784805298,0.4957908093929291
123,2020,Cholera,2,outbreak,0.25509971380233765,0.2497168630361557,0.4951833486557007
123,2020,Lassa Fever,3,quiet,0.25625720620155334,0.24699187278747559,0.49675098061561584
123,2020,Measles,4,quiet,0.25409239530563354,0.24993547797203064,0.4959720969200134
123,2020,Mpox,5,quiet,0.2579195201396942,0.24835841357707977,0.4937220513820648
123,2020,Yellow Fever,6,quiet,0.2622670531272888,0.25285276770591736,0.4848802089691162
123,2020,AFP,0,quiet,0.24557630717754364,0.30446353554725647,0.44996020197868347
123,2020,CSM,1,quiet,0.24212048947811127,0.3002011477947235,0.4576784074306488
123,2020,Cholera,2,quiet,0.24463143944740295,0.2978767156600952,0.4574919044971466
123,2020,Lassa Fever,3,quiet,0.2488519847393036,0.2960946559906006,0.455053448677063
123,2020,Measles,4,quiet,0.24273629486560822,0.2980484962463379,0.4592152535915375
123,2020,Mpox,5,quiet,0.25116413831710815,0.30011987686157227,0.44871604442596436
123,2020,Yellow Fever,6,quiet,0.25246402621269226,0.3017946183681488,0.44574135541915894
123,2020,AFP,0,quiet,0.23718443512916565,0.29075464606285095,0.4720609486103058
123,2020,CSM,1,quiet,0.2340543121099472,0.28710973262786865,0.4788359999656677
123,2020,Cholera,2,quiet,0.2388874888420105,0.2885001599788666,0.4726123809814453
123,2020,Lassa Fever,3,quiet,0.24392566084861755,0.28812265396118164,0.4679517149925232
123,2020,Measles,4,quiet,0.23570269346237183,0.2867959141731262,0.4775013327598572
123,2020,Mpox,5,quiet,0.2421594113111496,0.28812912106513977,0.4697115123271942
123,2020,Yellow Fever,6,quiet,0.24346765875816345,0.2899366617202759,0.46659570932388306
123,2020,AFP,0,quiet,0.20417459309101105,0.23244740068912506,0.5633780360221863
123,2020,CSM,1,quiet,0.20560100674629211,0.2323271483182907,0.5620718598365784
123,2020,Cholera,2,quiet,0.20633567869663239,0.23546835780143738,0.558195948600769
123,2020,Lassa Fever,3,quiet,0.20891767740249634,0.2372651845216751,0.5538172125816345
123,2020,Measles,4,quiet,0.20522978901863098,0.2337297648191452,0.561040461063385
123,2020,Mpox,5,quiet,0.20934611558914185,0.2399543672800064,0.5506994724273682
123,2020,Yellow Fever,6,quiet,0.2086924910545349,0.23818010091781616,0.5531274080276489
123,2020,AFP,0,quiet,0.16715119779109955,0.19400779902935028,0.6388409733772278
123,2020,CSM,1,quiet,0.17560803890228271,0.19310639798641205,0.631285548210144
123,2020,Cholera,2,quiet,0.1707710325717926,0.1981377899646759,0.6310911178588867
123,2020,Lassa Fever,3,quiet,0.1745523363351822,0.19634008407592773,0.6291075944900513
123,2020,Measles,4,quiet,0.1700681895017624,0.19743341207504272,0.6324983239173889
123,2020,Mpox,5,quiet,0.17680957913398743,0.1959521770477295,0.6272382140159607
123,2020,Yellow Fever,6,quiet,0.17346204817295074,0.19604286551475525,0.6304950714111328
123,2020,AFP,0,quiet,0.2609540522098541,0.2947971820831299,0.4442487955093384
123,2020,CSM,1,quiet,0.25975126028060913,0.29079943895339966,0.44944924116134644
123,2020,Cholera,2,quiet,0.2627139091491699,0.2894042134284973,0.447881817817688
123,2020,Lassa Fever,3,quiet,0.26722025871276855,0.2861674427986145,0.4466123580932617
123,2020,Measles,4,quiet,0.26007017493247986,0.2893924117088318,0.45053744316101074
123,2020,Mpox,5,quiet,0.2673030495643616,0.28805211186408997,0.44464483857154846
123,2020,Yellow Fever,6,quiet,0.26714587211608887,0.29187387228012085,0.44098031520843506
123,2020,AFP,0,quiet,0.24540065228939056,0.2516431212425232,0.5029563307762146
123,2020,CSM,1,quiet,0.2413034290075302,0.24490909278392792,0.5137874484062195
123,2020,Cholera,2,quiet,0.2444385141134262,0.24869133532047272,0.5068701505661011
123,2020,Lassa Fever,3,quiet,0.24563245475292206,0.24964192509651184,0.5047256350517273
123,2020,Measles,4,quiet,0.2431681603193283,0.24788840115070343,0.508943498134613
123,2020,Mpox,5,quiet,0.24635356664657593,0.24721993505954742,0.5064265131950378
123,2020,Yellow Fever,6,quiet,0.24849864840507507,0.25221991539001465,0.4992814362049103
123,2020,AFP,0,quiet,0.2394106388092041,0.20839965343475342,0.5521897077560425
123,2020,CSM,1,quiet,0.2358763962984085,0.2027522325515747,0.561371386051178
123,2020,Cholera,2,quiet,0.23749570548534393,0.20563241839408875,0.5568718910217285
123,2020,Lassa Fever,3,quiet,0.24022848904132843,0.20547956228256226,0.5542919039726257
123,2020,Measles,4,quiet,0.23686648905277252,0.20440706610679626,0.5587264895439148
123,2020,Mpox,5,quiet,0.2406749576330185,0.20290997624397278,0.5564150810241699
123,2020,Yellow Fever,6,quiet,0.24299490451812744,0.2078648805618286,0.549140214920044
123,2020,AFP,0,quiet,0.2234240621328354,0.17363785207271576,0.6029379963874817
123,2020,CSM,1,quiet,0.22111856937408447,0.16766521334648132,0.6112162470817566
123,2020,Cholera,2,quiet,0.2221478968858719,0.17082637548446655,0.6070257425308228
123,2020,Lassa Fever,3,quiet,0.22606448829174042,0.17159995436668396,0.6023355722427368
123,2020,Measles,4,quiet,0.22072599828243256,0.16810408234596252,0.6111699342727661
123,2020,Mpox,5,quiet,0.22558465600013733,0.1683642715215683,0.6060510873794556
123,2020,Yellow Fever,6,quiet,0.2278260439634323,0.17504741251468658,0.5971265435218811
123,2020,AFP,0,quiet,0.23731476068496704,0.19783048331737518,0.5648547410964966
123,2020,CSM,1,quiet,0.2350648045539856,0.194011852145195,0.570923388004303
123,2020,Cholera,2,quiet,0.23606052994728088,0.19592811167240143,0.5680112838745117
123,2020,Lassa Fever,3,quiet,0.23981572687625885,0.19713391363620758,0.5630503296852112
123,2020,Measles,4,quiet,0.23467908799648285,0.19378167390823364,0.5715392827987671
123,2020,Mpox,5,quiet,0.23968282341957092,0.1939394176006317,0.5663776993751526
123,2020,Yellow Fever,6,quiet,0.2418452948331833,0.19844511151313782,0.5597096085548401
123,2020,AFP,0,quiet,0.190911665558815,0.1924162656068802,0.6166720390319824
123,2020,CSM,1,quiet,0.18854452669620514,0.1857263445854187,0.6257290840148926
123,2020,Cholera,2,outbreak,0.1890573352575302,0.18816059827804565,0.6227820515632629
123,2020,Lassa Fever,3,outbreak,0.1916082203388214,0.1872309148311615,0.6211608648300171
123,2020,Measles,4,quiet,0.1883658617734909,0.1862238645553589,0.625410258769989
123,2020,Mpox,5,quiet,0.19122262299060822,0.18640173971652985,0.6223756670951843
123,2020,Yellow Fever,6,quiet,0.19422249495983124,0.19343556463718414,0.6123420000076294
123,2020,AFP,0,quiet,0.20283229649066925,0.18582512438297272,0.6113425493240356
123,2020,CSM,1,quiet,0.20031675696372986,0.17936384677886963,0.6203194260597229
123,2020,Cholera,2,outbreak,0.20085056126117706,0.18266697227954865,0.6164824962615967
123,2020,Lassa Fever,3,quiet,0.20349156856536865,0.18322493135929108,0.6132834553718567
123,2020,Measles,4,quiet,0.20013198256492615,0.17984887957572937,0.6200191378593445
123,2020,Mpox,5,quiet,0.20312687754631042,0.1799849271774292,0.6168882250785828
123,2020,Yellow Fever,6,quiet,0.20629270374774933,0.18731169402599335,0.6063956022262573
123,2020,AFP,0,quiet,0.1930854320526123,0.16014410555362701,0.6467704772949219
123,2020,CSM,1,quiet,0.19161751866340637,0.15454478561878204,0.6538376808166504
123,2020,Cholera,2,outbreak,0.19279132783412933,0.1575886458158493,0.649619996547699
123,2020,Lassa Fever,3,quiet,0.19635190069675446,0.1584455817937851,0.6452025175094604
123,2020,Measles,4,quiet,0.19150380790233612,0.1549825668334961,0.6535136103630066
123,2020,Mpox,5,quiet,0.19518369436264038,0.15527161955833435,0.6495447754859924
123,2020,Yellow Fever,6,quiet,0.19684498012065887,0.1615866869688034,0.6415683627128601
123,2020,AFP,0,quiet,0.20964579284191132,0.16680027544498444,0.6235538721084595
123,2020,CSM,1,quiet,0.20676229894161224,0.16049273312091827,0.6327449679374695
123,2020,Cholera,2,quiet,0.2064315527677536,0.16248300671577454,0.6310853958129883
123,2020,Lassa Fever,3,outbreak,0.2109644114971161,0.16391807794570923,0.6251174807548523
123,2020,Measles,4,quiet,0.20381052792072296,0.15887334942817688,0.637316107749939
123,2020,Mpox,5,quiet,0.21158115565776825,0.161657452583313,0.6267614364624023
123,2020,Yellow Fever,6,quiet,0.21408145129680634,0.16839131712913513,0.6175273060798645
123,2020,AFP,0,quiet,0.22022128105163574,0.1686064898967743,0.6111722588539124
123,2020,CSM,1,quiet,0.2170897126197815,0.16426189243793488,0.6186484098434448
123,2020,Cholera,2,quiet,0.2153737097978592,0.16423267126083374,0.6203935742378235
123,2020,Lassa Fever,3,outbreak,0.2224419265985489,0.16753360629081726,0.6100244522094727
123,2020,Measles,4,quiet,0.21201778948307037,0.16090571880340576,0.6270765066146851
123,2020,Mpox,5,quiet,0.22212040424346924,0.1648973524570465,0.6129822134971619
123,2020,Yellow Fever,6,outbreak,0.22773557901382446,0.17119136452674866,0.6010730266571045
123,2020,AFP,0,quiet,0.22692488133907318,0.17869092524051666,0.5943841934204102
123,2020,CSM,1,quiet,0.22476568818092346,0.172380730509758,0.6028535962104797
123,2020,Cholera,2,quiet,0.22247479856014252,0.17340311408042908,0.6041220426559448
123,2020,Lassa Fever,3,quiet,0.22986909747123718,0.1762918084859848,0.5938391089439392
123,2020,Measles,4,quiet,0.2193921059370041,0.1694275438785553,0.6111803650856018
123,2020,Mpox,5,quiet,0.22963103652000427,0.17347800731658936,0.5968909859657288
123,2020,Yellow Fever,6,outbreak,0.23421381413936615,0.18187165260314941,0.5839145183563232
123,2020,AFP,0,quiet,0.2472396343946457,0.20249123871326447,0.5502691268920898
123,2020,CSM,1,quiet,0.2449120283126831,0.19519159197807312,0.5598964095115662
123,2020,Cholera,2,quiet,0.24311526119709015,0.19722239673137665,0.5596623420715332
123,2020,Lassa Fever,3,outbreak,0.24895381927490234,0.19785720109939575,0.5531889796257019
123,2020,Measles,4,quiet,0.24118655920028687,0.19481098651885986,0.5640024542808533
123,2020,Mpox,5,quiet,0.25000467896461487,0.1962766945362091,0.5537185668945312
123,2020,Yellow Fever,6,outbreak,0.25311514735221863,0.20362785458564758,0.5432569980621338
123,2020,AFP,0,quiet,0.2985461354255676,0.23463629186153412,0.46681761741638184
123,2020,CSM,1,quiet,0.2977612018585205,0.22622570395469666,0.4760131239891052
123,2020,Cholera,2,quiet,0.29402416944503784,0.23041243851184845,0.47556331753730774
123,2020,Lassa Fever,3,quiet,0.3005068600177765,0.23005054891109467,0.46944254636764526
123,2020,Measles,4,quiet,0.2927696108818054,0.22722795605659485,0.48000237345695496
123,2020,Mpox,5,quiet,0.30211159586906433,0.22680026292800903,0.4710882008075714
123,2020,Yellow Fever,6,outbreak,0.30412596464157104,0.2348872870206833,0.4609867334365845
123,2020,AFP,0,quiet,0.32414379715919495,0.19042809307575226,0.4854280948638916
123,2020,CSM,1,quiet,0.3223666548728943,0.18305416405200958,0.4945792555809021
123,2020,Cholera,2,quiet,0.3211653530597687,0.18650297820568085,0.4923316240310669
123,2020,Lassa Fever,3,quiet,0.32447725534439087,0.18521282076835632,0.49031001329421997
123,2020,Measles,4,quiet,0.3195873498916626,0.18360865116119385,0.49680399894714355
123,2020,Mpox,5,quiet,0.32389119267463684,0.18307261168956757,0.493036150932312
123,2020,Yellow Fever,6,quiet,0.32666468620300293,0.19068114459514618,0.4826541244983673
123,2020,AFP,0,quiet,0.31449195742607117,0.1657981425523758,0.5197098851203918
123,2020,CSM,1,quiet,0.3092547655105591,0.15769235789775848,0.533052921295166
123,2020,Cholera,2,quiet,0.313225656747818,0.16079212725162506,0.5259822607040405
123,2020,Lassa Fever,3,quiet,0.3143045902252197,0.1605474352836609,0.5251479148864746
123,2020,Measles,4,quiet,0.3085910379886627,0.15873649716377258,0.5326724648475647
123,2020,Mpox,5,quiet,0.31184524297714233,0.1596614420413971,0.5284932851791382
123,2020,Yellow Fever,6,outbreak,0.3165239691734314,0.16664829850196838,0.5168277025222778
123,2020,AFP,0,quiet,0.31928807497024536,0.15853643417358398,0.5221754908561707
123,2020,CSM,1,quiet,0.3136523962020874,0.15016083419322968,0.5361868143081665
123,2020,Cholera,2,quiet,0.31721925735473633,0.15383057296276093,0.5289501547813416
123,2020,Lassa Fever,3,quiet,0.3187909424304962,0.15414521098136902,0.5270638465881348
123,2020,Measles,4,quiet,0.31326934695243835,0.15201561152935028,0.5347150564193726
123,2020,Mpox,5,quiet,0.31664589047431946,0.1532345563173294,0.5301195383071899
123,2020,Yellow Fever,6,quiet,0.3216313421726227,0.16081973910331726,0.5175489187240601
123,2021,AFP,0,quiet,0.19087861478328705,0.22485151886940002,0.5842698812484741
123,2021,CSM,1,quiet,0.2401132881641388,0.23395687341690063,0.525929868221283
123,2021,Cholera,2,quiet,0.22329941391944885,0.2242334634065628,0.5524671673774719
123,2021,Lassa Fever,3,quiet,0.1901009976863861,0.23277205228805542,0.5771269798278809
123,2021,Measles,4,quiet,0.19034817814826965,0.2330261468887329,0.576625645160675
123,2021,Mpox,5,quiet,0.21596597135066986,0.22938597202301025,0.5546481013298035
123,2021,Yellow Fever,6,quiet,0.27457937598228455,0.24279044568538666,0.48263019323349
123,2021,AFP,0,quiet,0.2857092022895813,0.2510359585285187,0.4632548689842224
123,2021,CSM,1,quiet,0.3518262207508087,0.3137449026107788,0.33442890644073486
123,2021,Cholera,2,quiet,0.3287275433540344,0.26747873425483704,0.4037937819957733
123,2021,Lassa Fever,3,outbreak,0.27928656339645386,0.25349462032318115,0.4672188460826874
123,2021,Measles,4,quiet,0.28364670276641846,0.26970815658569336,0.4466451108455658
123,2021,Mpox,5,outbreak,0.3245072066783905,0.2908927798271179,0.3846000134944916
123,2021,Yellow Fever,6,quiet,0.3628231883049011,0.311612069606781,0.3255646824836731
123,2021,AFP,0,quiet,0.17306233942508698,0.3561217486858368,0.47081589698791504
123,2021,CSM,1,quiet,0.21846289932727814,0.3694559633731842,0.4120810925960541
123,2021,Cholera,2,quiet,0.19816599786281586,0.35886549949645996,0.4429685175418854
123,2021,Lassa Fever,3,outbreak,0.15809112787246704,0.34526845812797546,0.49664053320884705
123,2021,Measles,4,quiet,0.16535203158855438,0.3545685410499573,0.4800794720649719
123,2021,Mpox,5,outbreak,0.20260965824127197,0.3579155206680298,0.43947485089302063
123,2021,Yellow Fever,6,quiet,0.23172569274902344,0.37148380279541016,0.3967905342578888
123,2021,AFP,0,quiet,0.39284682273864746,0.3267070949077606,0.2804461419582367
123,2021,CSM,1,quiet,0.43015238642692566,0.30624350905418396,0.26360416412353516
123,2021,Cholera,2,outbreak,0.4240396320819855,0.307771235704422,0.2681892216205597
123,2021,Lassa Fever,3,outbreak,0.3887077867984772,0.33283230662345886,0.27845993638038635
123,2021,Measles,4,quiet,0.38424360752105713,0.33531853556632996,0.2804379165172577
123,2021,Mpox,5,outbreak,0.4037764072418213,0.31883910298347473,0.27738454937934875
123,2021,Yellow Fever,6,quiet,0.4599536061286926,0.2946089804172516,0.24543745815753937
123,2021,AFP,0,quiet,0.37262603640556335,0.3631512522697449,0.2642226815223694
123,2021,CSM,1,quiet,0.3915749788284302,0.3781166076660156,0.230308398604393
123,2021,Cholera,2,quiet,0.38339272141456604,0.36237141489982605,0.2542359530925751
123,2021,Lassa Fever,3,outbreak,0.3645471930503845,0.3645462691783905,0.2709065079689026
123,2021,Measles,4,outbreak,0.36887529492378235,0.36961421370506287,0.2615104913711548
123,2021,Mpox,5,outbreak,0.3832213878631592,0.37349849939346313,0.24328011274337769
123,2021,Yellow Fever,6,quiet,0.40525734424591064,0.36959266662597656,0.225150004029274
123,2021,AFP,0,quiet,0.3343545198440552,0.35396042466163635,0.31168505549430847
123,2021,CSM,1,quiet,0.348291277885437,0.33211344480514526,0.3195953071117401
123,2021,Cholera,2,outbreak,0.34747636318206787,0.3392329514026642,0.31329068541526794
123,2021,Lassa Fever,3,outbreak,0.32400545477867126,0.35876110196113586,0.3172334134578705
123,2021,Measles,4,quiet,0.32642805576324463,0.3600614368915558,0.3135105073451996
123,2021,Mpox,5,outbreak,0.3410792648792267,0.3448697030544281,0.3140510320663452
123,2021,Yellow Fever,6,quiet,0.3747425079345703,0.3144504129886627,0.3108070492744446
123,2021,AFP,0,quiet,0.36863791942596436,0.30580148100852966,0.3255605697631836
123,2021,CSM,1,quiet,0.39418068528175354,0.27857327461242676,0.3272460997104645
123,2021,Cholera,2,quiet,0.3944370448589325,0.2857138216495514,0.31984904408454895
123,2021,Lassa Fever,3,outbreak,0.36178919672966003,0.3122520446777344,0.325958788394928
123,2021,Measles,4,quiet,0.363655686378479,0.3128044307231903,0.3235398530960083
123,2021,Mpox,5,outbreak,0.37927812337875366,0.29133081436157227,0.32939112186431885
123,2021,Yellow Fever,6,quiet,0.4251926839351654,0.26291292905807495,0.31189438700675964
123,2021,AFP,0,quiet,0.3596345782279968,0.31465017795562744,0.3257152736186981
123,2021,CSM,1,quiet,0.4167520999908447,0.27134019136428833,0.31190767884254456
123,2021,Cholera,2,outbreak,0.4141210913658142,0.28086742758750916,0.3050115704536438
123,2021,Lassa Fever,3,outbreak,0.35186585783958435,0.3223773241043091,0.32575681805610657
123,2021,Measles,4,outbreak,0.3536342680454254,0.3227722942829132,0.32359346747398376
123,2021,Mpox,5,outbreak,0.3852759897708893,0.2929089665412903,0.3218151032924652
123,2021,Yellow Fever,6,quiet,0.45540696382522583,0.2549653649330139,0.28962773084640503
123,2021,AFP,0,quiet,0.36065125465393066,0.3464830219745636,0.29286572337150574
123,2021,CSM,1,quiet,0.3934612572193146,0.3197547495365143,0.2867840826511383
123,2021,Cholera,2,quiet,0.39372554421424866,0.32569625973701477,0.2805781662464142
123,2021,Lassa Fever,3,outbreak,0.35273540019989014,0.3545770049095154,0.29268768429756165
123,2021,Measles,4,outbreak,0.35306885838508606,0.3539772927761078,0.2929537892341614
123,2021,Mpox,5,outbreak,0.37716442346572876,0.3341306746006012,0.28870493173599243
123,2021,Yellow Fever,6,outbreak,0.4201558828353882,0.3027189373970032,0.27712517976760864
123,2021,AFP,0,quiet,0.33830127120018005,0.3496871590614319,0.31201162934303284
123,2021,CSM,1,quiet,0.36843299865722656,0.328533411026001,0.3030335605144501
123,2021,Cholera,2,outbreak,0.36783072352409363,0.3301980793476105,0.3019711673259735
123,2021,Lassa Fever,3,outbreak,0.33410701155662537,0.35679447650909424,0.3090984523296356
123,2021,Measles,4,quiet,0.3331780731678009,0.35596010088920593,0.3108617663383484
123,2021,Mpox,5,quiet,0.3550422191619873,0.33737048506736755,0.3075873553752899
123,2021,Yellow Fever,6,outbreak,0.3953535258769989,0.3154869079589844,0.28915953636169434
123,2021,AFP,0,quiet,0.280563086271286,0.35492175817489624,0.36451512575149536
123,2021,CSM,1,quiet,0.3007371425628662,0.3582766652107239,0.3409862816333771
123,2021,Cholera,2,outbreak,0.2974470257759094,0.35479316115379333,0.34775978326797485
123,2021,Lassa Fever,3,outbreak,0.2761175334453583,0.3537111282348633,0.37017136812210083
123,2021,Measles,4,quiet,0.27738067507743835,0.3614603877067566,0.3611588776111603
123,2021,Mpox,5,quiet,0.29393470287323,0.36238154768943787,0.34368377923965454
123,2021,Yellow Fever,6,quiet,0.31702885031700134,0.3472917675971985,0.33567938208580017
123,2021,AFP,0,quiet,0.4461941421031952,0.32846599817276,0.2253398448228836
123,2021,CSM,1,quiet,0.4951283931732178,0.32920217514038086,0.17566940188407898
123,2021,Cholera,2,outbreak,0.48971474170684814,0.3221866190433502,0.18809865415096283
123,2021,Lassa Fever,3,quiet,0.45326587557792664,0.3264184892177582,0.22031565010547638
123,2021,Measles,4,quiet,0.4525006413459778,0.3275879919528961,0.21991130709648132
123,2021,Mpox,5,quiet,0.47769594192504883,0.3314365744590759,0.19086748361587524
123,2021,Yellow Fever,6,quiet,0.4999896287918091,0.32807618379592896,0.17193415760993958
123,2021,AFP,0,quiet,0.4630894064903259,0.3237404227256775,0.21317021548748016
123,2021,CSM,1,outbreak,0.5054513812065125,0.33061298727989197,0.16393566131591797
123,2021,Cholera,2,outbreak,0.49915462732315063,0.32185235619544983,0.17899300158023834
123,2021,Lassa Fever,3,quiet,0.46515679359436035,0.3246728181838989,0.21017032861709595
123,2021,Measles,4,outbreak,0.46502014994621277,0.3246651589870453,0.21031464636325836
123,2021,Mpox,5,quiet,0.48759421706199646,0.3307945132255554,0.1816113293170929
123,2021,Yellow Fever,6,quiet,0.5153453350067139,0.32651975750923157,0.15813499689102173
123,2021,AFP,0,quiet,0.3250000476837158,0.3269236981868744,0.3480761647224426
123,2021,CSM,1,quiet,0.4108186960220337,0.3390873372554779,0.2500939667224884
123,2021,Cholera,2,outbreak,0.3927532732486725,0.30924415588378906,0.2980026304721832
123,2021,Lassa Fever,3,quiet,0.3266158699989319,0.323223352432251,0.35016074776649475
123,2021,Measles,4,outbreak,0.32450783252716064,0.331012487411499,0.3444797098636627
123,2021,Mpox,5,outbreak,0.3672587275505066,0.3376767933368683,0.2950644791126251
123,2021,Yellow Fever,6,quiet,0.4366118311882019,0.32737669348716736,0.23601149022579193
123,2021,AFP,0,quiet,0.29105257987976074,0.3609798848628998,0.3479675352573395
123,2021,CSM,1,outbreak,0.4217224717140198,0.3738773465156555,0.2044002264738083
123,2021,Cholera,2,outbreak,0.3866842985153198,0.3384969234466553,0.2748187482357025
123,2021,Lassa Fever,3,quiet,0.28517502546310425,0.3465507924556732,0.36827418208122253
123,2021,Measles,4,outbreak,0.28668177127838135,0.36451974511146545,0.3487984836101532
123,2021,Mpox,5,quiet,0.36498942971229553,0.37670937180519104,0.2583012282848358
123,2021,Yellow Fever,6,outbreak,0.45845431089401245,0.35694921016693115,0.1845964789390564
123,2021,AFP,0,quiet,0.27145376801490784,0.33136433362960815,0.3971819281578064
123,2021,CSM,1,quiet,0.3316492736339569,0.37272322177886963,0.29562753438949585
123,2021,Cholera,2,outbreak,0.31609439849853516,0.35306107997894287,0.3308444917201996
123,2021,Lassa Fever,3,quiet,0.2660997211933136,0.3241536319255829,0.40974661707878113
123,2021,Measles,4,quiet,0.2690705358982086,0.33516180515289307,0.39576759934425354
123,2021,Mpox,5,quiet,0.3025681674480438,0.36145448684692383,0.3359774649143219
123,2021,Yellow Fever,6,quiet,0.3513334095478058,0.371269166469574,0.27739736437797546
123,2021,AFP,0,quiet,0.3284708559513092,0.3995407819747925,0.2719883322715759
123,2021,CSM,1,quiet,0.4330201745033264,0.4072367548942566,0.15974311530590057
123,2021,Cholera,2,outbreak,0.40801820158958435,0.3734768033027649,0.21850495040416718
123,2021,Lassa Fever,3,quiet,0.32435572147369385,0.38592684268951416,0.2897173762321472
123,2021,Measles,4,outbreak,0.3224495053291321,0.4040292501449585,0.2735212445259094
123,2021,Mpox,5,quiet,0.38343945145606995,0.4124159514904022,0.20414456725120544
123,2021,Yellow Fever,6,quiet,0.46287819743156433,0.3899868428707123,0.1471349596977234
123,2021,AFP,0,quiet,0.2556532025337219,0.4169273376464844,0.3274194896221161
123,2021,CSM,1,quiet,0.2811591625213623,0.47416186332702637,0.24467895925045013
123,2021,Cholera,2,outbreak,0.2775214612483978,0.4429425001144409,0.27953600883483887
123,2021,Lassa Fever,3,quiet,0.2557981014251709,0.40530914068222046,0.33889272809028625
123,2021,Measles,4,outbreak,0.25531986355781555,0.4210093021392822,0.32367077469825745
123,2021,Mpox,5,outbreak,0.2698530852794647,0.4499056041240692,0.2802412509918213
123,2021,Yellow Fever,6,quiet,0.29521843791007996,0.46694329380989075,0.23783820867538452
123,2021,AFP,0,quiet,0.31254854798316956,0.3649572432041168,0.3224942088127136
123,2021,CSM,1,quiet,0.4139522314071655,0.3850085437297821,0.20103923976421356
123,2021,Cholera,2,outbreak,0.38172802329063416,0.34958332777023315,0.2686886191368103
123,2021,Lassa Fever,3,quiet,0.3079618811607361,0.3512354791164398,0.34080269932746887
123,2021,Measles,4,outbreak,0.31334105134010315,0.3691199719905853,0.3175390064716339
123,2021,Mpox,5,outbreak,0.3591301143169403,0.3860328197479248,0.2548370659351349
123,2021,Yellow Fever,6,quiet,0.43305066227912903,0.37611183524131775,0.19083745777606964
123,2021,AFP,0,quiet,0.21141718327999115,0.3259121775627136,0.4626706838607788
123,2021,CSM,1,quiet,0.2848935127258301,0.3421470820903778,0.3729593753814697
123,2021,Cholera,2,outbreak,0.25518983602523804,0.33719152212142944,0.40761858224868774
123,2021,Lassa Fever,3,quiet,0.19131392240524292,0.31692206859588623,0.4917639493942261
123,2021,Measles,4,outbreak,0.20773139595985413,0.3253386616706848,0.46692997217178345
123,2021,Mpox,5,outbreak,0.2571309804916382,0.3381621241569519,0.40470683574676514
123,2021,Yellow Fever,6,quiet,0.29977646470069885,0.3368224501609802,0.3634011149406433
123,2021,AFP,0,outbreak,0.2591583728790283,0.45885756611824036,0.2819840908050537
123,2021,CSM,1,quiet,0.27361634373664856,0.5065914988517761,0.2197922021150589
123,2021,Cholera,2,outbreak,0.2688775956630707,0.4793287515640259,0.25179365277290344
123,2021,Lassa Fever,3,quiet,0.2561807632446289,0.4456605613231659,0.29815873503685
123,2021,Measles,4,outbreak,0.2575807273387909,0.46419668197631836,0.27822262048721313
123,2021,Mpox,5,outbreak,0.2635914385318756,0.4919576942920685,0.24445083737373352
123,2021,Yellow Fever,6,quiet,0.2935367822647095,0.48681679368019104,0.2196464240550995
123,2021,AFP,0,quiet,0.28107109665870667,0.3004106879234314,0.4185182452201843
123,2021,CSM,1,quiet,0.33024707436561584,0.3567999601364136,0.31295299530029297
123,2021,Cholera,2,outbreak,0.3097907304763794,0.3148304522037506,0.37537887692451477
123,2021,Lassa Fever,3,quiet,0.2586696445941925,0.28803935647010803,0.45329105854034424
123,2021,Measles,4,quiet,0.27770453691482544,0.2996937036514282,0.42260172963142395
123,2021,Mpox,5,outbreak,0.30706214904785156,0.33806782960891724,0.3548699915409088
123,2021,Yellow Fever,6,quiet,0.3668454885482788,0.35126155614852905,0.2818929851055145
123,2021,AFP,0,outbreak,0.2321641892194748,0.4800195097923279,0.28781628608703613
123,2021,CSM,1,quiet,0.23970338702201843,0.5782207250595093,0.18207591772079468
123,2021,Cholera,2,outbreak,0.2467038929462433,0.4978957772254944,0.25540032982826233
123,2021,Lassa Fever,3,quiet,0.23522710800170898,0.451710045337677,0.313062846660614
123,2021,Measles,4,outbreak,0.23563361167907715,0.47945746779441833,0.2849089205265045
123,2021,Mpox,5,outbreak,0.23989449441432953,0.5352594256401062,0.22484616935253143
123,2021,Yellow Fever,6,outbreak,0.24153348803520203,0.5863155126571655,0.17215095460414886
123,2021,AFP,0,quiet,0.2870364785194397,0.3640153408050537,0.34894829988479614
123,2021,CSM,1,quiet,0.34530189633369446,0.4180541932582855,0.23664388060569763
123,2021,Cholera,2,outbreak,0.3290233612060547,0.36932164430618286,0.30165499448776245
123,2021,Lassa Fever,3,quiet,0.282291442155838,0.34644460678100586,0.37126395106315613
123,2021,Measles,4,quiet,0.288546085357666,0.3597255349159241,0.3517283499240875
123,2021,Mpox,5,quiet,0.3164597451686859,0.3976993262767792,0.2858410179615021
123,2021,Yellow Fever,6,quiet,0.3552277386188507,0.430155873298645,0.21461643278598785
123,2021,AFP,0,outbreak,0.2637784481048584,0.47767868638038635,0.2585429251194
123,2021,CSM,1,quiet,0.2675227224826813,0.5731731653213501,0.15930411219596863
123,2021,Cholera,2,outbreak,0.278587281703949,0.4982204735279083,0.2231922298669815
123,2021,Lassa Fever,3,outbreak,0.26618096232414246,0.4529651701450348,0.28085383772850037
123,2021,Measles,4,quiet,0.2662118971347809,0.4804161489009857,0.2533719837665558
123,2021,Mpox,5,quiet,0.2644295394420624,0.5399700403213501,0.1956004649400711
123,2021,Yellow Fever,6,quiet,0.27774813771247864,0.5675954222679138,0.15465642511844635
123,2021,AFP,0,outbreak,0.3096645176410675,0.4844784140586853,0.20585715770721436
123,2021,CSM,1,quiet,0.33388233184814453,0.5412922501564026,0.12482548505067825
123,2021,Cholera,2,outbreak,0.34423741698265076,0.4848162531852722,0.17094635963439941
123,2021,Lassa Fever,3,outbreak,0.3082026243209839,0.4729182720184326,0.21887905895709991
123,2021,Measles,4,quiet,0.3117157220840454,0.4852294623851776,0.20305486023426056
123,2021,Mpox,5,outbreak,0.31997406482696533,0.5251266956329346,0.15489926934242249
123,2021,Yellow Fever,6,quiet,0.3395828306674957,0.5409901142120361,0.11942709982395172
123,2021,AFP,0,outbreak,0.3313139081001282,0.41586923599243164,0.2528168261051178
123,2021,CSM,1,quiet,0.367783784866333,0.47164270281791687,0.16057343780994415
123,2021,Cholera,2,outbreak,0.36550167202949524,0.4198162257671356,0.2146822065114975
123,2021,Lassa Fever,3,outbreak,0.32842594385147095,0.40689828991889954,0.26467570662498474
123,2021,Measles,4,outbreak,0.3326997458934784,0.4189222455024719,0.24837806820869446
123,2021,Mpox,5,outbreak,0.3472747802734375,0.4543874263763428,0.19833777844905853
123,2021,Yellow Fever,6,quiet,0.3782674968242645,0.46863606572151184,0.15309643745422363
123,2022,AFP,0,quiet,0.32110562920570374,0.3023067116737366,0.3765876889228821
123,2022,CSM,1,quiet,0.3241182267665863,0.30512145161628723,0.37076032161712646
123,2022,Cholera,2,outbreak,0.32015013694763184,0.30976590514183044,0.37008392810821533
123,2022,Lassa Fever,3,quiet,0.31753769516944885,0.3087346851825714,0.37372761964797974
123,2022,Measles,4,outbreak,0.31840962171554565,0.3096355199813843,0.3719548285007477
123,2022,Mpox,5,quiet,0.32283297181129456,0.30336835980415344,0.3737986385822296
123,2022,Yellow Fever,6,quiet,0.3239578902721405,0.30659136176109314,0.3694506883621216
123,2022,AFP,0,outbreak,0.3036004900932312,0.3366639018058777,0.3597356081008911
123,2022,CSM,1,outbreak,0.3144620954990387,0.3362135589122772,0.3493242859840393
123,2022,Cholera,2,outbreak,0.311084508895874,0.33234912157058716,0.3565663695335388
123,2022,Lassa Fever,3,outbreak,0.31079545617103577,0.34117090702056885,0.3480336666107178
123,2022,Measles,4,outbreak,0.30992016196250916,0.343701034784317,0.3463788330554962
123,2022,Mpox,5,outbreak,0.31262317299842834,0.331829696893692,0.355547159910202
123,2022,Yellow Fever,6,outbreak,0.3161538541316986,0.3319281041622162,0.35191795229911804
123,2022,AFP,0,outbreak,0.3558140695095062,0.281120240688324,0.3630656898021698
123,2022,CSM,1,outbreak,0.35339033603668213,0.2783077657222748,0.36830195784568787
123,2022,Cholera,2,outbreak,0.35650697350502014,0.27717819809913635,0.3663148880004883
123,2022,Lassa Fever,3,outbreak,0.34319356083869934,0.30013853311538696,0.3566679060459137
123,2022,Measles,4,outbreak,0.3493276536464691,0.2956945598125458,0.3549777865409851
123,2022,Mpox,5,outbreak,0.35688310861587524,0.2743772864341736,0.36873960494995117
123,2022,Yellow Fever,6,outbreak,0.3632246255874634,0.26974883675575256,0.36702653765678406
123,2022,AFP,0,outbreak,0.3167794644832611,0.2686493694782257,0.4145711660385132
123,2022,CSM,1,outbreak,0.3331458866596222,0.2682735025882721,0.3985806107521057
123,2022,Cholera,2,outbreak,0.3244014382362366,0.2687031328678131,0.4068954288959503
123,2022,Lassa Fever,3,outbreak,0.31693512201309204,0.275135338306427,0.40792950987815857
123,2022,Measles,4,outbreak,0.31819596886634827,0.2756122648715973,0.40619170665740967
123,2022,Mpox,5,outbreak,0.3285680115222931,0.2653562128543854,0.40607577562332153
123,2022,Yellow Fever,6,outbreak,0.336948424577713,0.2648271918296814,0.3982243537902832
123,2022,AFP,0,outbreak,0.29504892230033875,0.3843468427658081,0.32060426473617554
123,2022,CSM,1,outbreak,0.3102239966392517,0.3946910500526428,0.29508495330810547
123,2022,Cholera,2,outbreak,0.3018997311592102,0.3915990889072418,0.306501179933548
123,2022,Lassa Fever,3,outbreak,0.3062407970428467,0.38220933079719543,0.3115498721599579
123,2022,Measles,4,outbreak,0.3065105974674225,0.3838222026824951,0.30966717004776
123,2022,Mpox,5,outbreak,0.30604422092437744,0.39290139079093933,0.30105435848236084
123,2022,Yellow Fever,6,outbreak,0.3109011650085449,0.3986428380012512,0.29045596718788147
123,2022,AFP,0,outbreak,0.2791367769241333,0.4722346365451813,0.248628631234169
123,2022,CSM,1,outbreak,0.2878558933734894,0.47531116008758545,0.23683300614356995
123,2022,Cholera,2,outbreak,0.2808770537376404,0.47368890047073364,0.24543404579162598
123,2022,Lassa Fever,3,quiet,0.27739763259887695,0.48260849714279175,0.2399938851594925
123,2022,Measles,4,outbreak,0.28279268741607666,0.4794413149356842,0.23776598274707794
123,2022,Mpox,5,outbreak,0.2892565429210663,0.4709096848964691,0.23983384668827057
123,2022,Yellow Fever,6,quiet,0.29007264971733093,0.4721117317676544,0.23781560361385345
123,2022,AFP,0,outbreak,0.3438243567943573,0.31975245475769043,0.33642321825027466
123,2022,CSM,1,outbreak,0.3454324007034302,0.3206064701080322,0.3339611291885376
123,2022,Cholera,2,outbreak,0.3442744016647339,0.3191404938697815,0.3365851044654846
123,2022,Lassa Fever,3,outbreak,0.3406428396701813,0.32504767179489136,0.33430951833724976
123,2022,Measles,4,outbreak,0.34048619866371155,0.32533058524131775,0.3341832458972931
123,2022,Mpox,5,outbreak,0.34405583143234253,0.3187118470668793,0.3372323513031006
123,2022,Yellow Fever,6,quiet,0.34522518515586853,0.31985166668891907,0.3349231779575348
123,2022,AFP,0,outbreak,0.18372496962547302,0.5358014106750488,0.28047361969947815
123,2022,CSM,1,quiet,0.19082532823085785,0.538917064666748,0.2702576816082001
123,2022,Cholera,2,outbreak,0.18431180715560913,0.5369012355804443,0.2787870466709137
123,2022,Lassa Fever,3,outbreak,0.17950496077537537,0.548541784286499,0.2719532549381256
123,2022,Measles,4,outbreak,0.1840534508228302,0.5468546748161316,0.2690918743610382
123,2022,Mpox,5,outbreak,0.19243544340133667,0.5343992710113525,0.2731653153896332
123,2022,Yellow Fever,6,quiet,0.19309425354003906,0.5346629619598389,0.27224284410476685
123,2022,AFP,0,outbreak,0.34787386655807495,0.3223955035209656,0.32973068952560425
123,2022,CSM,1,quiet,0.3493465185165405,0.3249592185020447,0.3256942629814148
123,2022,Cholera,2,outbreak,0.3479195237159729,0.323174387216568,0.3289060592651367
123,2022,Lassa Fever,3,outbreak,0.34499451518058777,0.3310457766056061,0.3239596486091614
123,2022,Measles,4,quiet,0.3448755741119385,0.330593079328537,0.3245313763618469
123,2022,Mpox,5,outbreak,0.3478555679321289,0.3229869306087494,0.3291575014591217
123,2022,Yellow Fever,6,quiet,0.3492051661014557,0.322020560503006,0.32877427339553833
123,2022,AFP,0,outbreak,0.2343505173921585,0.49461492896080017,0.27103450894355774
123,2022,CSM,1,quiet,0.23946470022201538,0.4979677200317383,0.26256757974624634
123,2022,Cholera,2,outbreak,0.23384475708007812,0.49737969040870667,0.26877549290657043
123,2022,Lassa Fever,3,outbreak,0.22359967231750488,0.5109812021255493,0.2654191553592682
123,2022,Measles,4,quiet,0.2320052683353424,0.507297933101654,0.26069673895835876
123,2022,Mpox,5,outbreak,0.24361668527126312,0.49238041043281555,0.2640029788017273
123,2022,Yellow Fever,6,quiet,0.24933123588562012,0.4918953478336334,0.25877347588539124
123,2022,AFP,0,quiet,0.3622937500476837,0.23235037922859192,0.40535593032836914
123,2022,CSM,1,quiet,0.3774476647377014,0.2283865213394165,0.3941657841205597
123,2022,Cholera,2,outbreak,0.36601805686950684,0.2342367023229599,0.3997451961040497
123,2022,Lassa Fever,3,outbreak,0.3659476637840271,0.2414129674434662,0.3926393985748291
123,2022,Measles,4,outbreak,0.3661157488822937,0.240379199385643,0.3935050666332245
123,2022,Mpox,5,outbreak,0.3648214340209961,0.23229877650737762,0.4028798043727875
123,2022,Yellow Fever,6,quiet,0.37491685152053833,0.23133635520935059,0.3937467634677887
123,2022,AFP,0,quiet,0.34254032373428345,0.19467012584209442,0.4627896249294281
123,2022,CSM,1,quiet,0.347266286611557,0.1883498579263687,0.4643838703632355
123,2022,Cholera,2,outbreak,0.34556224942207336,0.19373902678489685,0.4606986939907074
123,2022,Lassa Fever,3,outbreak,0.3421177268028259,0.20566803216934204,0.4522142708301544
123,2022,Measles,4,outbreak,0.33994752168655396,0.2039775550365448,0.45607486367225647
123,2022,Mpox,5,outbreak,0.3447321653366089,0.19193117320537567,0.463336706161499
123,2022,Yellow Fever,6,quiet,0.3468755781650543,0.19144615530967712,0.46167826652526855
123,2022,AFP,0,outbreak,0.3372775614261627,0.21255716681480408,0.4501652419567108
123,2022,CSM,1,quiet,0.34272733330726624,0.2068072110414505,0.45046544075012207
123,2022,Cholera,2,outbreak,0.3407571017742157,0.2140391767024994,0.4452037215232849
123,2022,Lassa Fever,3,outbreak,0.33698606491088867,0.2229163497686386,0.4400975704193115
123,2022,Measles,4,outbreak,0.33362430334091187,0.22171981632709503,0.4446558952331543
123,2022,Mpox,5,outbreak,0.34031978249549866,0.21038313210010529,0.44929707050323486
123,2022,Yellow Fever,6,quiet,0.3432472050189972,0.2090151607990265,0.4477376341819763
123,2022,AFP,0,quiet,0.2472388744354248,0.23410740494728088,0.5186537504196167
123,2022,CSM,1,quiet,0.2742394506931305,0.21442541480064392,0.5113351345062256
123,2022,Cholera,2,outbreak,0.27247610688209534,0.21723507344722748,0.5102888345718384
123,2022,Lassa Fever,3,outbreak,0.22791652381420135,0.2425926923751831,0.5294908285140991
123,2022,Measles,4,outbreak,0.2299569547176361,0.24275316298007965,0.527289867401123
123,2022,Mpox,5,outbreak,0.2727765142917633,0.21795593202114105,0.5092675685882568
123,2022,Yellow Fever,6,quiet,0.2931731641292572,0.2052503079175949,0.5015765428543091
123,2022,AFP,0,outbreak,0.24233032763004303,0.23859401047229767,0.5190756320953369
123,2022,CSM,1,quiet,0.26865190267562866,0.21922166645526886,0.5121263861656189
123,2022,Cholera,2,outbreak,0.2668324112892151,0.22215592861175537,0.5110117197036743
123,2022,Lassa Fever,3,outbreak,0.222845196723938,0.24772611260414124,0.5294286608695984
123,2022,Measles,4,outbreak,0.22484968602657318,0.2479003369808197,0.5272500514984131
123,2022,Mpox,5,outbreak,0.2671915292739868,0.22280645370483398,0.5100020170211792
123,2022,Yellow Fever,6,quiet,0.2874183654785156,0.20991650223731995,0.5026651620864868
123,2023,AFP,0,quiet,0.14136704802513123,0.6091989278793335,0.24943408370018005
123,2023,CSM,1,quiet,0.13267768919467926,0.5307130217552185,0.3366093039512634
123,2023,Cholera,2,outbreak,0.047589726746082306,0.8357534408569336,0.11665674299001694
123,2023,Lassa Fever,3,outbreak,0.11648143082857132,0.4620124101638794,0.42150619626045227
123,2023,Measles,4,quiet,0.07966898381710052,0.5400482416152954,0.38028278946876526
123,2023,Mpox,5,quiet,0.1084137111902237,0.6884778738021851,0.20310838520526886
123,2023,Yellow Fever,6,quiet,0.19076862931251526,0.5491729378700256,0.2600584626197815
123,2023,AFP,0,outbreak,0.13548043370246887,0.6440578699111938,0.2204616367816925
123,2023,CSM,1,outbreak,0.2097022384405136,0.5034187436103821,0.2868790328502655
123,2023,Cholera,2,outbreak,0.025815965607762337,0.8763760924339294,0.09780789911746979
123,2023,Lassa Fever,3,outbreak,0.28075915575027466,0.37520232796669006,0.3440384268760681
123,2023,Measles,4,quiet,0.23068517446517944,0.4474114179611206,0.32190343737602234
123,2023,Mpox,5,outbreak,0.08967069536447525,0.7217434644699097,0.1885857731103897
123,2023,Yellow Fever,6,outbreak,0.1273188591003418,0.66717129945755,0.20550990104675293
123,2023,AFP,0,outbreak,0.20046354830265045,0.4286886751651764,0.37084779143333435
123,2023,CSM,1,outbreak,0.16736122965812683,0.41094720363616943,0.4216915965080261
123,2023,Cholera,2,quiet,0.06674373894929886,0.7695935368537903,0.16366271674633026
123,2023,Lassa Fever,3,outbreak,0.1517091989517212,0.3631907105445862,0.48510003089904785
123,2023,Measles,4,quiet,0.11280164122581482,0.44330325722694397,0.44389504194259644
123,2023,Mpox,5,outbreak,0.1413780152797699,0.5569068789482117,0.3017151355743408
123,2023,Yellow Fever,6,quiet,0.2548615336418152,0.40964195132255554,0.3354964852333069
123,2023,AFP,0,quiet,0.09268096089363098,0.6016905307769775,0.3056285083293915
123,2023,CSM,1,outbreak,0.0901043489575386,0.5387976169586182,0.37109804153442383
123,2023,Cholera,2,quiet,0.08835472911596298,0.7425841689109802,0.1690611094236374
123,2023,Lassa Fever,3,outbreak,0.08181391656398773,0.41270774602890015,0.5054783225059509
123,2023,Measles,4,quiet,0.04376234486699104,0.5556920170783997,0.40054556727409363
123,2023,Mpox,5,outbreak,0.09273849427700043,0.6303337216377258,0.27692779898643494
123,2023,Yellow Fever,6,quiet,0.1581394374370575,0.5639238953590393,0.27793657779693604
123,2023,AFP,0,outbreak,0.16420935094356537,0.5513712167739868,0.2844194173812866
123,2023,CSM,1,outbreak,0.13067451119422913,0.573676347732544,0.2956491708755493
123,2023,Cholera,2,quiet,0.18758125603199005,0.5955678224563599,0.21685092151165009
123,2023,Lassa Fever,3,quiet,0.13835100829601288,0.49553272128105164,0.3661162257194519
123,2023,Measles,4,quiet,0.06976660341024399,0.6537560820579529,0.27647730708122253
123,2023,Mpox,5,quiet,0.15018948912620544,0.5904135704040527,0.2593969404697418
123,2023,Yellow Fever,6,quiet,0.21660971641540527,0.4896957576274872,0.29369449615478516
123,2023,AFP,0,outbreak,0.08698353171348572,0.6633397340774536,0.24967674911022186
123,2023,CSM,1,quiet,0.06758759170770645,0.6330937147140503,0.29931873083114624
123,2023,Cholera,2,quiet,0.04159027710556984,0.8309330344200134,0.12747666239738464
123,2023,Lassa Fever,3,outbreak,0.061196468770504,0.5295618176460266,0.40924176573753357
123,2023,Measles,4,quiet,0.02990792691707611,0.6840938329696655,0.28599828481674194
123,2023,Mpox,5,outbreak,0.05428033322095871,0.7460210919380188,0.1996985822916031
123,2023,Yellow Fever,6,outbreak,0.14909180998802185,0.6021049618721008,0.24880318343639374
123,2023,AFP,0,quiet,0.10357855260372162,0.6554988622665405,0.24092258512973785
123,2023,CSM,1,quiet,0.07074292004108429,0.6795832514762878,0.24967381358146667
123,2023,Cholera,2,quiet,0.07016685605049133,0.7783929109573364,0.1514403074979782
123,2023,Lassa Fever,3,quiet,0.0662614181637764,0.595858097076416,0.3378804624080658
123,2023,Measles,4,quiet,0.03383256867527962,0.7171383500099182,0.24902908504009247
123,2023,Mpox,5,outbreak,0.07412172853946686,0.7198705077171326,0.20600773394107819
123,2023,Yellow Fever,6,quiet,0.18681147694587708,0.5487541556358337,0.26443442702293396
123,2023,AFP,0,quiet,0.09223808348178864,0.6343687176704407,0.2733932137489319
123,2023,CSM,1,quiet,0.05553947389125824,0.7073723077774048,0.23708820343017578
123,2023,Cholera,2,outbreak,0.0519694946706295,0.8004976511001587,0.14753277599811554
123,2023,Lassa Fever,3,outbreak,0.05062608793377876,0.6366099119186401,0.3127639889717102
123,2023,Measles,4,quiet,0.02372548170387745,0.7761368155479431,0.20013763010501862
123,2023,Mpox,5,outbreak,0.0523231066763401,0.7566825151443481,0.19099433720111847
123,2023,Yellow Fever,6,outbreak,0.1702554076910019,0.5372104644775391,0.29253411293029785
123,2023,AFP,0,outbreak,0.14498281478881836,0.5812256336212158,0.27379152178764343
123,2023,CSM,1,quiet,0.14349959790706635,0.5439474582672119,0.31255295872688293
123,2023,Cholera,2,outbreak,0.13156092166900635,0.6763703227043152,0.19206871092319489
123,2023,Lassa Fever,3,quiet,0.17727608978748322,0.40136659145355225,0.4213573634624481
123,2023,Measles,4,quiet,0.12087083607912064,0.547874391078949,0.3312547504901886
123,2023,Mpox,5,quiet,0.13127966225147247,0.6153632402420044,0.2533571422100067
123,2023,Yellow Fever,6,outbreak,0.19581973552703857,0.5299782156944275,0.27420201897621155
123,2023,AFP,0,outbreak,0.13921880722045898,0.5781508684158325,0.2826302945613861
123,2023,CSM,1,quiet,0.11590156704187393,0.6273800730705261,0.25671836733818054
123,2023,Cholera,2,outbreak,0.12742435932159424,0.6986773014068604,0.17389839887619019
123,2023,Lassa Fever,3,quiet,0.09718960523605347,0.571079671382904,0.33173075318336487
123,2023,Measles,4,quiet,0.047201577574014664,0.7359308004379272,0.216867595911026
123,2023,Mpox,5,quiet,0.13127683103084564,0.6436821222305298,0.22504103183746338
123,2023,Yellow Fever,6,outbreak,0.17278733849525452,0.5412778854370117,0.285934716463089
123,2023,AFP,0,outbreak,0.10304415225982666,0.5908181071281433,0.3061377704143524
123,2023,CSM,1,quiet,0.05577182397246361,0.7184463143348694,0.2257818728685379
123,2023,Cholera,2,outbreak,0.04427479952573776,0.8211392760276794,0.1345858871936798
123,2023,Lassa Fever,3,outbreak,0.06419499218463898,0.6074384450912476,0.3283666670322418
123,2023,Measles,4,quiet,0.020353788509964943,0.8208141326904297,0.15883204340934753
123,2023,Mpox,5,quiet,0.05182758346199989,0.758101761341095,0.19007061421871185
123,2023,Yellow Fever,6,quiet,0.1973837912082672,0.49479103088378906,0.3078252375125885
123,2023,AFP,0,outbreak,0.08709803968667984,0.7392256855964661,0.1736762374639511
123,2023,CSM,1,quiet,0.038944270461797714,0.8305656909942627,0.13049006462097168
123,2023,Cholera,2,quiet,0.017068877816200256,0.9249694347381592,0.057961687445640564
123,2023,Lassa Fever,3,outbreak,0.050657909363508224,0.7429195046424866,0.2064225971698761
123,2023,Measles,4,quiet,0.013073581270873547,0.8918992877006531,0.09502720087766647
123,2023,Mpox,5,quiet,0.031012965366244316,0.8750262260437012,0.09396075457334518
123,2023,Yellow Fever,6,quiet,0.23732076585292816,0.5922541618347168,0.17042511701583862
123,2023,AFP,0,outbreak,0.03310374915599823,0.8696668148040771,0.0972294807434082
123,2023,CSM,1,quiet,0.018170369789004326,0.8799470067024231,0.10188256204128265
123,2023,Cholera,2,quiet,0.016937457025051117,0.9427106380462646,0.040351931005716324
123,2023,Lassa Fever,3,quiet,0.01686832681298256,0.765873908996582,0.21725764870643616
123,2023,Measles,4,quiet,0.005805185064673424,0.8916105031967163,0.10258430242538452
123,2023,Mpox,5,quiet,0.017529543489217758,0.9214478731155396,0.061022642999887466
123,2023,Yellow Fever,6,outbreak,0.07611622661352158,0.8252569437026978,0.09862684458494186
123,2023,AFP,0,outbreak,0.08086921274662018,0.8265691995620728,0.09256155788898468
123,2023,CSM,1,quiet,0.05735958740115166,0.8589820265769958,0.08365835249423981
123,2023,Cholera,2,quiet,0.05269910767674446,0.9043347239494324,0.04296617582440376
123,2023,Lassa Fever,3,outbreak,0.049236394464969635,0.8061596751213074,0.1446039378643036
123,2023,Measles,4,quiet,0.019456449896097183,0.9089382290840149,0.07160530984401703
123,2023,Mpox,5,outbreak,0.05828369781374931,0.8793932795524597,0.06232306361198425
123,2023,Yellow Fever,6,outbreak,0.1161094680428505,0.8041350245475769,0.0797555148601532
123,2023,AFP,0,outbreak,0.09104451537132263,0.8175867795944214,0.09136873483657837
123,2023,CSM,1,quiet,0.06935513764619827,0.8464564085006714,0.08418844640254974
123,2023,Cholera,2,quiet,0.06592173874378204,0.8846978545188904,0.0493803545832634
123,2023,Lassa Fever,3,outbreak,0.06546024233102798,0.7924157977104187,0.14212395250797272
123,2023,Measles,4,quiet,0.028628310188651085,0.8956433534622192,0.07572837173938751
123,2023,Mpox,5,outbreak,0.07009997963905334,0.8666841983795166,0.06321584433317184
123,2023,Yellow Fever,6,outbreak,0.13694660365581512,0.7822226285934448,0.08083073794841766
123,2023,AFP,0,outbreak,0.2111341655254364,0.6312195658683777,0.15764625370502472
123,2023,CSM,1,quiet,0.1488734632730484,0.7172156572341919,0.1339108943939209
123,2023,Cholera,2,quiet,0.09251075983047485,0.8031620383262634,0.1043272390961647
123,2023,Lassa Fever,3,outbreak,0.19708935916423798,0.6117765307426453,0.19113415479660034
123,2023,Measles,4,quiet,0.07190963625907898,0.8132410049438477,0.11484937369823456
123,2023,Mpox,5,outbreak,0.11899702996015549,0.7594171166419983,0.12158584594726562
123,2023,Yellow Fever,6,outbreak,0.30950647592544556,0.5363786816596985,0.15411488711833954
123,2023,AFP,0,quiet,0.39659586548805237,0.38197627663612366,0.2214277982711792
123,2023,CSM,1,quiet,0.32699909806251526,0.452166348695755,0.2208346277475357
123,2023,Cholera,2,quiet,0.09770389646291733,0.7884711027145386,0.11382494866847992
123,2023,Lassa Fever,3,outbreak,0.3699374794960022,0.3448745012283325,0.28518807888031006
123,2023,Measles,4,quiet,0.13915838301181793,0.6553421020507812,0.2054995894432068
123,2023,Mpox,5,outbreak,0.24074165523052216,0.5790541768074036,0.1802041381597519
123,2023,Yellow Fever,6,outbreak,0.4754890501499176,0.3594627380371094,0.1650482565164566
123,2023,AFP,0,quiet,0.22716228663921356,0.5927553772926331,0.18008238077163696
123,2023,CSM,1,quiet,0.15607693791389465,0.6803378462791443,0.16358518600463867
123,2023,Cholera,2,quiet,0.07283207774162292,0.8122309446334839,0.1149369329214096
123,2023,Lassa Fever,3,outbreak,0.23003599047660828,0.5743412971496582,0.19562272727489471
123,2023,Measles,4,quiet,0.08202652633190155,0.8036814332008362,0.11429201811552048
123,2023,Mpox,5,outbreak,0.12208927422761917,0.728764533996582,0.14914622902870178
123,2023,Yellow Fever,6,quiet,0.3061341345310211,0.5094224214553833,0.18444348871707916
123,2023,AFP,0,quiet,0.02265137806534767,0.8013970851898193,0.1759514957666397
123,2023,CSM,1,quiet,0.01531815156340599,0.7435100078582764,0.24117185175418854
123,2023,Cholera,2,outbreak,0.019708948209881783,0.8908393979072571,0.08945159614086151
123,2023,Lassa Fever,3,outbreak,0.010473703034222126,0.5369449257850647,0.45258140563964844
123,2023,Measles,4,quiet,0.005792750511318445,0.6818576455116272,0.3123496472835541
123,2023,Mpox,5,outbreak,0.017000781372189522,0.8418666124343872,0.14113254845142365
123,2023,Yellow Fever,6,outbreak,0.049414753913879395,0.8065681457519531,0.14401710033416748
123,2023,AFP,0,quiet,0.13372832536697388,0.7196123003959656,0.14665938913822174
123,2023,CSM,1,quiet,0.1455974280834198,0.6732029318809509,0.18119962513446808
123,2023,Cholera,2,outbreak,0.06520397961139679,0.8194906115531921,0.11530546844005585
123,2023,Lassa Fever,3,outbreak,0.1909441351890564,0.5339555740356445,0.2751002609729767
123,2023,Measles,4,quiet,0.109796904027462,0.6861616373062134,0.2040414810180664
123,2023,Mpox,5,outbreak,0.13048729300498962,0.7059826850891113,0.16353002190589905
123,2023,Yellow Fever,6,outbreak,0.1689728945493698,0.6496423482894897,0.18138472735881805
123,2023,AFP,0,quiet,0.12880147993564606,0.7123276591300964,0.15887081623077393
123,2023,CSM,1,quiet,0.17324748635292053,0.62021803855896,0.20653444528579712
123,2023,Cholera,2,quiet,0.03156522661447525,0.883209764957428,0.08522499352693558
123,2023,Lassa Fever,3,outbreak,0.26739701628685,0.4343140721321106,0.29828882217407227
123,2023,Measles,4,quiet,0.16046757996082306,0.5890939235687256,0.25043848156929016
123,2023,Mpox,5,outbreak,0.08599725365638733,0.7686821818351746,0.14532054960727692
123,2023,Yellow Fever,6,outbreak,0.11548591405153275,0.7286284565925598,0.15588568150997162
123,2023,AFP,0,quiet,0.1036284789443016,0.7634427547454834,0.13292880356311798
123,2023,CSM,1,outbreak,0.12770745158195496,0.7160232067108154,0.15626923739910126
123,2023,Cholera,2,quiet,0.040097277611494064,0.8604333996772766,0.09946926683187485
123,2023,Lassa Fever,3,outbreak,0.21053533256053925,0.5464024543762207,0.24306218326091766
123,2023,Measles,4,quiet,0.11222662031650543,0.7188849449157715,0.16888843476772308
123,2023,Mpox,5,outbreak,0.08494018018245697,0.7729136347770691,0.14214617013931274
123,2023,Yellow Fever,6,outbreak,0.13372428715229034,0.7074183225631714,0.15885743498802185
123,2024,AFP,0,outbreak,0.07849893718957901,0.5928520560264587,0.32864898443222046
123,2024,CSM,1,outbreak,0.27043235301971436,0.2698424756526947,0.4597252309322357
123,2024,Cholera,2,outbreak,0.07181035727262497,0.5861426591873169,0.3420470356941223
123,2024,Lassa Fever,3,outbreak,0.4006301164627075,0.17824777960777283,0.4211220443248749
123,2024,Measles,4,outbreak,0.31832703948020935,0.23186632990837097,0.44980666041374207
123,2024,Mpox,5,outbreak,0.08899593353271484,0.5485286712646484,0.3624754250049591
123,2024,Yellow Fever,6,outbreak,0.1808035671710968,0.3746795058250427,0.4445169270038605
123,2024,AFP,0,outbreak,0.10009384155273438,0.5691828727722168,0.3307233154773712
123,2024,CSM,1,outbreak,0.2703002095222473,0.25890102982521057,0.4707987308502197
123,2024,Cholera,2,outbreak,0.0930984690785408,0.5673391222953796,0.33956241607666016
123,2024,Lassa Fever,3,outbreak,0.3922714591026306,0.17226926982402802,0.4354592561721802
123,2024,Measles,4,outbreak,0.31583231687545776,0.21919816732406616,0.46496957540512085
123,2024,Mpox,5,outbreak,0.10641319304704666,0.5319877862930298,0.3615990877151489
123,2024,Yellow Fever,6,outbreak,0.18822790682315826,0.36682623624801636,0.4449458718299866
123,2024,AFP,0,outbreak,0.10685055702924728,0.540455162525177,0.3526943027973175
123,2024,CSM,1,outbreak,0.31678304076194763,0.23360641300678253,0.44961056113243103
123,2024,Cholera,2,outbreak,0.10087209194898605,0.5316466093063354,0.36748138070106506
123,2024,Lassa Fever,3,outbreak,0.44572004675865173,0.14106132090091705,0.4132186472415924
123,2024,Measles,4,outbreak,0.3675524890422821,0.19577103853225708,0.4366764426231384
123,2024,Mpox,5,outbreak,0.11555315554141998,0.4939936101436615,0.3904533386230469
123,2024,Yellow Fever,6,outbreak,0.21431992948055267,0.3242749869823456,0.46140506863594055
123,2024,AFP,0,outbreak,0.19435086846351624,0.4811006784439087,0.3245484530925751
123,2024,CSM,1,outbreak,0.30770161747932434,0.2479221522808075,0.4443761706352234
123,2024,Cholera,2,outbreak,0.17091317474842072,0.48985350131988525,0.33923330903053284
123,2024,Lassa Fever,3,outbreak,0.31566283106803894,0.21044476330280304,0.4738923907279968
123,2024,Measles,4,outbreak,0.3142576813697815,0.22992150485515594,0.45582079887390137
123,2024,Mpox,5,outbreak,0.20761781930923462,0.4557766318321228,0.3366055488586426
123,2024,Yellow Fever,6,outbreak,0.2804205119609833,0.3227040469646454,0.39687541127204895
123,2024,AFP,0,outbreak,0.19902880489826202,0.4662899374961853,0.33468130230903625
123,2024,CSM,1,outbreak,0.29774799942970276,0.24782957136631012,0.4544224739074707
123,2024,Cholera,2,outbreak,0.17926478385925293,0.4673784673213959,0.35335680842399597
123,2024,Lassa Fever,3,outbreak,0.31106066703796387,0.21363714337348938,0.47530221939086914
123,2024,Measles,4,outbreak,0.31210198998451233,0.23259879648685455,0.4552991986274719
123,2024,Mpox,5,outbreak,0.2065693736076355,0.43849751353263855,0.35493308305740356
123,2024,Yellow Fever,6,outbreak,0.280438631772995,0.3087247908115387,0.41083651781082153
123,2024,AFP,0,outbreak,0.31194913387298584,0.40963268280029297,0.27841824293136597
123,2024,CSM,1,outbreak,0.3351527154445648,0.34565916657447815,0.31918811798095703
123,2024,Cholera,2,outbreak,0.302669882774353,0.41072511672973633,0.28660497069358826
123,2024,Lassa Fever,3,outbreak,0.30547595024108887,0.31942108273506165,0.3751029372215271
123,2024,Measles,4,outbreak,0.33327606320381165,0.3325542211532593,0.33416974544525146
123,2024,Mpox,5,outbreak,0.2953607141971588,0.4206141233444214,0.284025102853775
123,2024,Yellow Fever,6,outbreak,0.33585432171821594,0.3637911379337311,0.30035457015037537
123,2024,AFP,0,outbreak,0.17067359387874603,0.5513747930526733,0.27795159816741943
123,2024,CSM,1,outbreak,0.3775996267795563,0.3372531235218048,0.2851472795009613
123,2024,Cholera,2,outbreak,0.1458926498889923,0.5475112199783325,0.306596040725708
123,2024,Lassa Fever,3,outbreak,0.4218073785305023,0.2520708739757538,0.32612180709838867
123,2024,Measles,4,outbreak,0.40955808758735657,0.2988315522670746,0.29161036014556885
123,2024,Mpox,5,outbreak,0.17955522239208221,0.5383421182632446,0.28210264444351196
123,2024,Yellow Fever,6,outbreak,0.32633963227272034,0.4011925458908081,0.27246782183647156
123,2024,AFP,0,outbreak,0.1699805110692978,0.602797269821167,0.22722221910953522
123,2024,CSM,1,outbreak,0.24731998145580292,0.3523091673851013,0.40037086606025696
123,2024,Cholera,2,outbreak,0.17112156748771667,0.6118212938308716,0.21705715358257294
123,2024,Lassa Fever,3,outbreak,0.2406499981880188,0.2647622525691986,0.4945877492427826
123,2024,Measles,4,outbreak,0.2506498098373413,0.3196631371974945,0.4296870827674866
123,2024,Mpox,5,outbreak,0.15972283482551575,0.5945470929145813,0.24573008716106415
123,2024,Yellow Fever,6,outbreak,0.23077081143856049,0.4474673271179199,0.32176193594932556
123,2024,AFP,0,outbreak,0.20277221500873566,0.5681123733520508,0.22911542654037476
123,2024,CSM,1,outbreak,0.36908426880836487,0.3685222864151001,0.26239341497421265
123,2024,Cholera,2,outbreak,0.20189237594604492,0.5631722807884216,0.23493531346321106
123,2024,Lassa Fever,3,outbreak,0.4137694537639618,0.3056488335132599,0.28058165311813354
123,2024,Measles,4,outbreak,0.39764603972435,0.34322527050971985,0.2591286897659302
123,2024,Mpox,5,outbreak,0.1950545758008957,0.5647124648094177,0.2402329295873642
123,2024,Yellow Fever,6,outbreak,0.29609981179237366,0.44693294167518616,0.2569672167301178
123,2024,AFP,0,outbreak,0.25231504440307617,0.5220467448234558,0.2256382405757904
123,2024,CSM,1,outbreak,0.44124576449394226,0.32710766792297363,0.23164649307727814
123,2024,Cholera,2,outbreak,0.23146797716617584,0.540505051612854,0.22802695631980896
123,2024,Lassa Fever,3,outbreak,0.4654613733291626,0.27971744537353516,0.25482118129730225
123,2024,Measles,4,outbreak,0.4611513018608093,0.30649784207344055,0.23235082626342773
123,2024,Mpox,5,outbreak,0.2466738373041153,0.5286678075790405,0.2246583104133606
123,2024,Yellow Fever,6,outbreak,0.3879058361053467,0.38890165090560913,0.2231924831867218
123,2024,AFP,0,outbreak,0.2413935512304306,0.5638393759727478,0.19476711750030518
123,2024,CSM,1,outbreak,0.3306814134120941,0.35961562395095825,0.30970290303230286
123,2024,Cholera,2,outbreak,0.23665283620357513,0.5816572308540344,0.18168997764587402
123,2024,Lassa Fever,3,outbreak,0.35682913661003113,0.298267662525177,0.34490323066711426
123,2024,Measles,4,outbreak,0.3477681577205658,0.33586668968200684,0.31636518239974976
123,2024,Mpox,5,outbreak,0.23349525034427643,0.5642889738082886,0.20221582055091858
123,2024,Yellow Fever,6,outbreak,0.30915147066116333,0.43022772669792175,0.26062071323394775
123,2024,AFP,0,outbreak,0.19600528478622437,0.6288797855377197,0.1751149445772171
123,2024,CSM,1,outbreak,0.31038808822631836,0.4009130299091339,0.28869885206222534
123,2024,Cholera,2,outbreak,0.1709868311882019,0.6554067730903625,0.17360633611679077
123,2024,Lassa Fever,3,outbreak,0.2946155369281769,0.33488842844963074,0.37049606442451477
123,2024,Measles,4,outbreak,0.308361679315567,0.38004839420318604,0.31158995628356934
123,2024,Mpox,5,outbreak,0.20165500044822693,0.6196693778038025,0.17867563664913177
123,2024,Yellow Fever,6,outbreak,0.2772289216518402,0.4766860008239746,0.2460850030183792
123,2024,AFP,0,outbreak,0.29626280069351196,0.4562881588935852,0.24744898080825806
123,2024,CSM,1,outbreak,0.3761604130268097,0.35135480761528015,0.27248477935791016
123,2024,Cholera,2,outbreak,0.2790074050426483,0.45161423087120056,0.2693783640861511
123,2024,Lassa Fever,3,outbreak,0.3967200815677643,0.32177963852882385,0.2815002501010895
123,2024,Measles,4,outbreak,0.3810901641845703,0.3508816361427307,0.2680281698703766
123,2024,Mpox,5,outbreak,0.3175319731235504,0.4241389334201813,0.2583291530609131
123,2024,Yellow Fever,6,quiet,0.362295538187027,0.36472079157829285,0.27298370003700256
123,2024,AFP,0,outbreak,0.26503923535346985,0.47249919176101685,0.2624616324901581
123,2024,CSM,1,outbreak,0.3677248954772949,0.3524712920188904,0.2798038423061371
123,2024,Cholera,2,quiet,0.25603440403938293,0.46455520391464233,0.27941039204597473
123,2024,Lassa Fever,3,outbreak,0.3857945501804352,0.32637226581573486,0.28783321380615234
123,2024,Measles,4,outbreak,0.3756743371486664,0.3472985029220581,0.2770272195339203
123,2024,Mpox,5,outbreak,0.27846089005470276,0.45011577010154724,0.27142325043678284
123,2024,Yellow Fever,6,outbreak,0.3503977060317993,0.36900702118873596,0.28059524297714233
123,2024,AFP,0,outbreak,0.25609132647514343,0.49426859617233276,0.24964004755020142
123,2024,CSM,1,outbreak,0.3647608757019043,0.36913788318634033,0.26610130071640015
123,2024,Cholera,2,outbreak,0.24513398110866547,0.4888894557952881,0.26597660779953003
123,2024,Lassa Fever,3,outbreak,0.3691001832485199,0.35852015018463135,0.2723795771598816
123,2024,Measles,4,outbreak,0.37267252802848816,0.3645792305469513,0.2627483010292053
123,2024,Mpox,5,outbreak,0.2679159939289093,0.47176986932754517,0.26031407713890076
123,2024,Yellow Fever,6,outbreak,0.3479665219783783,0.38596123456954956,0.2660723030567169
123,2024,AFP,0,outbreak,0.2561403512954712,0.5021383762359619,0.24172121286392212
123,2024,CSM,1,outbreak,0.36821630597114563,0.36853674054145813,0.263247013092041
123,2024,Cholera,2,outbreak,0.24694755673408508,0.496645987033844,0.2564064562320709
123,2024,Lassa Fever,3,outbreak,0.3656536638736725,0.3659040033817291,0.2684423625469208
123,2024,Measles,4,outbreak,0.3738480806350708,0.36687394976615906,0.25927796959877014
123,2024,Mpox,5,outbreak,0.2711542248725891,0.47599244117736816,0.2528533339500427
123,2024,Yellow Fever,6,outbreak,0.34866949915885925,0.3820357620716095,0.26929473876953125
123,2024,AFP,0,outbreak,0.26919564604759216,0.4999321699142456,0.230872243642807
123,2024,CSM,1,outbreak,0.35876747965812683,0.3795683681964874,0.2616642415523529
123,2024,Cholera,2,outbreak,0.26060324907302856,0.4927705228328705,0.24662619829177856
123,2024,Lassa Fever,3,outbreak,0.36256611347198486,0.36859574913978577,0.26883816719055176
123,2024,Measles,4,outbreak,0.36412692070007324,0.3770744800567627,0.2587985098361969
123,2024,Mpox,5,outbreak,0.27794966101646423,0.48021164536476135,0.24183867871761322
123,2024,Yellow Fever,6,outbreak,0.34741470217704773,0.3970993161201477,0.2554859519004822
123,2024,AFP,0,outbreak,0.26643815636634827,0.5147257447242737,0.21883609890937805
123,2024,CSM,1,outbreak,0.3418836295604706,0.38290637731552124,0.2752099931240082
123,2024,Cholera,2,outbreak,0.2629203200340271,0.5009394288063049,0.23614022135734558
123,2024,Lassa Fever,3,outbreak,0.3411736488342285,0.35284224152565,0.30598413944244385
123,2024,Measles,4,outbreak,0.3471483886241913,0.3776433765888214,0.2752082645893097
123,2024,Mpox,5,outbreak,0.2667946517467499,0.49854370951652527,0.23466172814369202
123,2024,Yellow Fever,6,outbreak,0.3389572203159332,0.41679033637046814,0.24425245821475983
123,2024,AFP,0,outbreak,0.2635810971260071,0.5187135338783264,0.2177053540945053
123,2024,CSM,1,outbreak,0.32735708355903625,0.3823035955429077,0.2903393507003784
123,2024,Cholera,2,quiet,0.2665158808231354,0.5001006126403809,0.23338349163532257
123,2024,Lassa Fever,3,outbreak,0.3082863688468933,0.35598620772361755,0.33572739362716675
123,2024,Measles,4,outbreak,0.3299019932746887,0.3711564540863037,0.29894158244132996
123,2024,Mpox,5,outbreak,0.26692596077919006,0.49534815549850464,0.2377258539199829
123,2024,Yellow Fever,6,outbreak,0.32375282049179077,0.42501500248908997,0.2512320876121521
123,2024,AFP,0,outbreak,0.26236075162887573,0.5169423818588257,0.220696821808815
123,2024,CSM,1,outbreak,0.31500545144081116,0.3700619339942932,0.3149326741695404
123,2024,Cholera,2,outbreak,0.2704761326313019,0.4916445314884186,0.23787935078144073
123,2024,Lassa Fever,3,outbreak,0.29424378275871277,0.34472063183784485,0.36103564500808716
123,2024,Measles,4,outbreak,0.31540557742118835,0.3601052463054657,0.32448914647102356
123,2024,Mpox,5,outbreak,0.26693692803382874,0.49570873379707336,0.2373543083667755
123,2024,Yellow Fever,6,outbreak,0.31780558824539185,0.40730348229408264,0.2748909890651703
123,2024,AFP,0,outbreak,0.2399032562971115,0.5347652435302734,0.22533155977725983
123,2024,CSM,1,outbreak,0.3061048090457916,0.3695312738418579,0.3243640065193176
123,2024,Cholera,2,outbreak,0.2515660226345062,0.5066432952880859,0.24179060757160187
123,2024,Lassa Fever,3,outbreak,0.28522446751594543,0.34373971819877625,0.37103575468063354
123,2024,Measles,4,outbreak,0.3061646819114685,0.3586108088493347,0.33522453904151917
123,2024,Mpox,5,outbreak,0.25197282433509827,0.5124337673187256,0.23559340834617615
123,2024,Yellow Fever,6,outbreak,0.31130486726760864,0.41482028365135193,0.27387475967407227
123,2024,AFP,0,quiet,0.21917875111103058,0.5676683783531189,0.2131529152393341
123,2024,CSM,1,outbreak,0.29184651374816895,0.3908749222755432,0.31727859377861023
123,2024,Cholera,2,outbreak,0.22618573904037476,0.5469240546226501,0.2268902063369751
123,2024,Lassa Fever,3,outbreak,0.26928988099098206,0.35864824056625366,0.3720618784427643
123,2024,Measles,4,quiet,0.29283925890922546,0.3764914870262146,0.3306693434715271
123,2024,Mpox,5,outbreak,0.2217910885810852,0.5558621287345886,0.22234679758548737
123,2024,Yellow Fever,6,outbreak,0.2852855324745178,0.44213178753852844,0.27258267998695374
123,2024,AFP,0,outbreak,0.2087869793176651,0.5701855421066284,0.22102749347686768
123,2024,CSM,1,outbreak,0.2757369875907898,0.3877086341381073,0.3365544378757477
123,2024,Cholera,2,outbreak,0.21601998805999756,0.5485532283782959,0.23542679846286774
123,2024,Lassa Fever,3,outbreak,0.2643492817878723,0.3573140799999237,0.378336638212204
123,2024,Measles,4,quiet,0.27551767230033875,0.37302088737487793,0.35146138072013855
123,2024,Mpox,5,outbreak,0.20444853603839874,0.5661158561706543,0.22943557798862457
123,2024,Yellow Fever,6,outbreak,0.289189875125885,0.4305925667285919,0.28021758794784546
123,2024,AFP,0,outbreak,0.1565505415201187,0.6554456949234009,0.1880037933588028
123,2024,CSM,1,quiet,0.2584102153778076,0.4528619349002838,0.2887277901172638
123,2024,Cholera,2,outbreak,0.14612242579460144,0.6590055227279663,0.19487208127975464
123,2024,Lassa Fever,3,outbreak,0.2502570152282715,0.3935340344905853,0.3562089204788208
123,2024,Measles,4,quiet,0.27251407504081726,0.41801658272743225,0.3094693124294281
123,2024,Mpox,5,outbreak,0.14978021383285522,0.6381072998046875,0.21211253106594086
123,2024,Yellow Fever,6,outbreak,0.2275882512331009,0.5242664217948914,0.24814532697200775
123,2024,AFP,0,outbreak,0.15213249623775482,0.6283237338066101,0.21954382956027985
123,2024,CSM,1,quiet,0.2362028807401657,0.3849676251411438,0.3788294792175293
123,2024,Cholera,2,outbreak,0.15506510436534882,0.6529318690299988,0.19200308620929718
123,2024,Lassa Fever,3,quiet,0.2372339367866516,0.29247838258743286,0.47028762102127075
123,2024,Measles,4,quiet,0.2421562224626541,0.35247159004211426,0.40537217259407043
123,2024,Mpox,5,outbreak,0.14425702393054962,0.624151349067688,0.2315916121006012
123,2024,Yellow Fever,6,outbreak,0.21675005555152893,0.47963494062423706,0.3036150336265564
123,2024,AFP,0,outbreak,0.10018154978752136,0.7127350568771362,0.1870834082365036
123,2024,CSM,1,quiet,0.1855798363685608,0.4397948384284973,0.3746252954006195
123,2024,Cholera,2,outbreak,0.10004975646734238,0.74249267578125,0.15745757520198822
123,2024,Lassa Fever,3,quiet,0.19599291682243347,0.3441641926765442,0.4598429203033447
123,2024,Measles,4,quiet,0.19559405744075775,0.39359158277511597,0.41081440448760986
123,2024,Mpox,5,outbreak,0.09702247381210327,0.6980671882629395,0.2049103081226349
123,2024,Yellow Fever,6,outbreak,0.15733908116817474,0.545662522315979,0.29699835181236267
123,2024,AFP,0,outbreak,0.05867179483175278,0.7405661940574646,0.200762078166008
123,2024,CSM,1,quiet,0.12644745409488678,0.4760432839393616,0.39750930666923523
123,2024,Cholera,2,outbreak,0.05706826224923134,0.7817856669425964,0.16114605963230133
123,2024,Lassa Fever,3,outbreak,0.13977603614330292,0.3738860487937927,0.4863378405570984
123,2024,Measles,4,quiet,0.13796497881412506,0.42754441499710083,0.4344906210899353
123,2024,Mpox,5,outbreak,0.057597458362579346,0.7362358570098877,0.20616668462753296
123,2024,Yellow Fever,6,outbreak,0.10015425831079483,0.5876184105873108,0.3122273087501526
123,2024,AFP,0,quiet,0.05728965997695923,0.7377541661262512,0.20495618879795074
123,2024,CSM,1,quiet,0.12541885673999786,0.45383450388908386,0.4207465946674347
123,2024,Cholera,2,outbreak,0.055773183703422546,0.7789239883422852,0.1653028130531311
123,2024,Lassa Fever,3,quiet,0.13603812456130981,0.3582901358604431,0.5056717395782471
123,2024,Measles,4,quiet,0.1362122893333435,0.40735480189323425,0.45643287897109985
123,2024,Mpox,5,outbreak,0.05654215067625046,0.7354536652565002,0.2080041766166687
123,2024,Yellow Fever,6,outbreak,0.0984749048948288,0.5701647400856018,0.3313603401184082
123,2024,AFP,0,quiet,0.1676664799451828,0.6022524237632751,0.23008106648921967
123,2024,CSM,1,quiet,0.2450428158044815,0.35186851024627686,0.40308865904808044
123,2024,Cholera,2,outbreak,0.1688167303800583,0.613644003868103,0.2175392508506775
123,2024,Lassa Fever,3,quiet,0.23890532553195953,0.262033611536026,0.4990610182285309
123,2024,Measles,4,quiet,0.24839454889297485,0.3192879855632782,0.4323175251483917
123,2024,Mpox,5,outbreak,0.15790967643260956,0.5948926210403442,0.24719765782356262
123,2024,Yellow Fever,6,quiet,0.22876039147377014,0.44713133573532104,0.32410818338394165
123,2024,AFP,0,quiet,0.12511824071407318,0.6529648303985596,0.22191689908504486
123,2024,CSM,1,quiet,0.21533286571502686,0.3754797875881195,0.40918728709220886
123,2024,Cholera,2,outbreak,0.12970294058322906,0.6750984191894531,0.19519871473312378
123,2024,Lassa Fever,3,quiet,0.2150067239999771,0.27306076884269714,0.5119325518608093
123,2024,Measles,4,quiet,0.2237423211336136,0.33434608578681946,0.44191157817840576
123,2024,Mpox,5,outbreak,0.12040602415800095,0.6458045840263367,0.23378942906856537
123,2024,Yellow Fever,6,outbreak,0.18956507742404938,0.47434502840042114,0.3360898494720459
123,2024,AFP,0,quiet,0.15068329870700836,0.6190060377120972,0.23031064867973328
123,2024,CSM,1,quiet,0.2303246259689331,0.36335495114326477,0.4063204824924469
123,2024,Cholera,2,outbreak,0.15326593816280365,0.6364704966545105,0.21026360988616943
123,2024,Lassa Fever,3,quiet,0.22945347428321838,0.26167750358581543,0.5088689923286438
123,2024,Measles,4,quiet,0.23728440701961517,0.3242610692977905,0.4384545087814331
123,2024,Mpox,5,outbreak,0.14197584986686707,0.6154398322105408,0.24258437752723694
123,2024,Yellow Fever,6,outbreak,0.2135321944952011,0.45915326476097107,0.3273145854473114
123,2024,AFP,0,quiet,0.051493506878614426,0.7101501822471619,0.2383563369512558
123,2024,CSM,1,outbreak,0.09670659899711609,0.484622061252594,0.4186713397502899
123,2024,Cholera,2,outbreak,0.052331894636154175,0.7434642314910889,0.20420384407043457
123,2024,Lassa Fever,3,outbreak,0.10181450098752975,0.373585045337677,0.5246004462242126
123,2024,Measles,4,quiet,0.10368386656045914,0.4336971640586853,0.46261903643608093
123,2024,Mpox,5,outbreak,0.050528205931186676,0.7052027583122253,0.24426907300949097
123,2024,Yellow Fever,6,quiet,0.07842857390642166,0.5834239721298218,0.33814743161201477
123,2024,AFP,0,quiet,0.08387887477874756,0.6870801448822021,0.2290409803390503
123,2024,CSM,1,quiet,0.1127517819404602,0.47182124853134155,0.41542693972587585
123,2024,Cholera,2,outbreak,0.08758742362260818,0.6931003928184509,0.21931225061416626
123,2024,Lassa Fever,3,outbreak,0.1067873015999794,0.3671324551105499,0.526080310344696
123,2024,Measles,4,quiet,0.11833453923463821,0.4250369668006897,0.45662856101989746
123,2024,Mpox,5,outbreak,0.08332779258489609,0.6757633090019226,0.24090887606143951
123,2024,Yellow Fever,6,quiet,0.10899190604686737,0.5643021464347839,0.3267059922218323
123,2024,AFP,0,quiet,0.08685172349214554,0.700118899345398,0.2130294293165207
123,2024,CSM,1,quiet,0.10950391739606857,0.5121193528175354,0.3783767521381378
123,2024,Cholera,2,outbreak,0.0949416533112526,0.7156786322593689,0.18937964737415314
123,2024,Lassa Fever,3,quiet,0.1292443424463272,0.39487335085868835,0.47588232159614563
123,2024,Measles,4,quiet,0.11307960003614426,0.4759451746940613,0.4109751582145691
123,2024,Mpox,5,outbreak,0.08691493421792984,0.6948607563972473,0.21822430193424225
123,2024,Yellow Fever,6,outbreak,0.1072162538766861,0.5868940949440002,0.3058895766735077
123,2024,AFP,0,outbreak,0.10300925374031067,0.6950573325157166,0.20193342864513397
123,2024,CSM,1,quiet,0.15465861558914185,0.49336105585098267,0.3519803285598755
123,2024,Cholera,2,outbreak,0.101842500269413,0.7062181830406189,0.19193929433822632
123,2024,Lassa Fever,3,outbreak,0.2021685391664505,0.34720417857170105,0.45062726736068726
123,2024,Measles,4,quiet,0.17348448932170868,0.4371151030063629,0.3894004225730896
123,2024,Mpox,5,outbreak,0.10551261901855469,0.6824998259544373,0.21198758482933044
123,2024,Yellow Fever,6,outbreak,0.12829169631004333,0.5930603742599487,0.2786479592323303
123,2024,AFP,0,quiet,0.12082778662443161,0.6619225740432739,0.21724963188171387
123,2024,CSM,1,quiet,0.1997375339269638,0.433465838432312,0.3667966425418854
123,2024,Cholera,2,outbreak,0.11465870589017868,0.6717756986618042,0.2135656625032425
123,2024,Lassa Fever,3,outbreak,0.20329587161540985,0.34276771545410156,0.4539364278316498
123,2024,Measles,4,quiet,0.21017681062221527,0.3923127353191376,0.39751046895980835
123,2024,Mpox,5,outbreak,0.12500512599945068,0.6443167924880981,0.2306780219078064
123,2024,Yellow Fever,6,outbreak,0.1586037427186966,0.5417786240577698,0.29961758852005005
123,2024,AFP,0,outbreak,0.16926033794879913,0.5365392565727234,0.29420042037963867
123,2024,CSM,1,quiet,0.28494808077812195,0.33646851778030396,0.3785833716392517
123,2024,Cholera,2,outbreak,0.15944020450115204,0.5353318452835083,0.30522799491882324
123,2024,Lassa Fever,3,outbreak,0.34550514817237854,0.2538912296295166,0.40060368180274963
123,2024,Measles,4,quiet,0.31569406390190125,0.3048897385597229,0.37941622734069824
123,2024,Mpox,5,outbreak,0.1808234006166458,0.5032071471214294,0.31596940755844116
123,2024,Yellow Fever,6,outbreak,0.23173917829990387,0.40749016404151917,0.36077064275741577
123,2024,AFP,0,outbreak,0.08244618773460388,0.6025499701499939,0.31500381231307983
123,2024,CSM,1,outbreak,0.29205381870269775,0.2583966851234436,0.44954949617385864
123,2024,Cholera,2,outbreak,0.07491232454776764,0.5973182320594788,0.3277694284915924
123,2024,Lassa Fever,3,outbreak,0.4277617335319519,0.15335804224014282,0.4188802242279053
123,2024,Measles,4,quiet,0.34091299772262573,0.20921920239925385,0.4498678147792816
123,2024,Mpox,5,outbreak,0.09564412385225296,0.557449996471405,0.3469058573246002
123,2024,Yellow Fever,6,outbreak,0.19521652162075043,0.381488174200058,0.423295259475708
123,2024,AFP,0,quiet,0.0788651555776596,0.6157526969909668,0.3053821325302124
123,2024,CSM,1,outbreak,0.28472521901130676,0.2689780294895172,0.4462968111038208
123,2024,Cholera,2,outbreak,0.07141612470149994,0.6115991473197937,0.3169846832752228
123,2024,Lassa Fever,3,outbreak,0.41572123765945435,0.16394054889678955,0.4203382134437561
123,2024,Measles,4,quiet,0.333439439535141,0.21849511563777924,0.44806545972824097
123,2024,Mpox,5,outbreak,0.09172240644693375,0.5711127519607544,0.33716484904289246
123,2024,Yellow Fever,6,quiet,0.18920639157295227,0.39500173926353455,0.41579189896583557
123,2024,AFP,0,quiet,0.17021311819553375,0.5096875429153442,0.3200993537902832
123,2024,CSM,1,outbreak,0.2932208478450775,0.3385595381259918,0.36821964383125305
123,2024,Cholera,2,quiet,0.1609763652086258,0.5073375105857849,0.3316860795021057
123,2024,Lassa Fever,3,outbreak,0.3112490773200989,0.2952667474746704,0.3934841752052307
123,2024,Measles,4,quiet,0.30256301164627075,0.3164285719394684,0.38100844621658325
123,2024,Mpox,5,outbreak,0.18159866333007812,0.48230552673339844,0.33609578013420105
123,2024,Yellow Fever,6,quiet,0.26490476727485657,0.3875342309474945,0.34756091237068176
123,2024,AFP,0,quiet,0.114472396671772,0.519125759601593,0.3664018511772156
123,2024,CSM,1,quiet,0.30669736862182617,0.24443680047988892,0.4488658607006073
123,2024,Cholera,2,outbreak,0.10230384767055511,0.5148205757141113,0.38287556171417236
123,2024,Lassa Fever,3,outbreak,0.39887791872024536,0.16667595505714417,0.4344460666179657
123,2024,Measles,4,quiet,0.3544714152812958,0.2048284113407135,0.4407001733779907
123,2024,Mpox,5,outbreak,0.12461072206497192,0.47777602076530457,0.3976132571697235
123,2024,Yellow Fever,6,quiet,0.21203267574310303,0.3377727270126343,0.4501945674419403
123,2024,AFP,0,quiet,0.1009083241224289,0.5756547451019287,0.3234369158744812
123,2024,CSM,1,outbreak,0.33282560110092163,0.2181796133518219,0.44899481534957886
123,2024,Cholera,2,outbreak,0.09191390126943588,0.5734481811523438,0.33463793992996216
123,2024,Lassa Fever,3,outbreak,0.4456344246864319,0.12218671292066574,0.43217888474464417
123,2024,Measles,4,quiet,0.3806097209453583,0.17537085711956024,0.4440194368362427
123,2024,Mpox,5,outbreak,0.1171099841594696,0.5241916179656982,0.35869845747947693
123,2024,Yellow Fever,6,quiet,0.2303614467382431,0.32870298624038696,0.44093552231788635
123,2025,AFP,0,quiet,0.1079113781452179,0.5141929984092712,0.37789565324783325
123,2025,CSM,1,outbreak,0.19406957924365997,0.3793933093547821,0.42653709650039673
123,2025,Cholera,2,quiet,0.13096944987773895,0.2408464401960373,0.6281840801239014
123,2025,Lassa Fever,3,outbreak,0.268597275018692,0.2714967727661133,0.4599059820175171
123,2025,Measles,4,quiet,0.3077474534511566,0.2682279646396637,0.4240246117115021
123,2025,Mpox,5,outbreak,0.0534142442047596,0.294528067111969,0.6520577073097229
123,2025,Yellow Fever,6,outbreak,0.13138429820537567,0.8209215998649597,0.04769410938024521
123,2025,AFP,0,quiet,0.15224307775497437,0.5221455693244934,0.3256113827228546
123,2025,CSM,1,outbreak,0.2573683261871338,0.3579314351081848,0.384700208902359
123,2025,Cholera,2,quiet,0.18040169775485992,0.1285448968410492,0.6910534501075745
123,2025,Lassa Fever,3,outbreak,0.2008019983768463,0.3034887909889221,0.49570924043655396
123,2025,Measles,4,quiet,0.3457931578159332,0.16540850698947906,0.4887983202934265
123,2025,Mpox,5,outbreak,0.07351471483707428,0.3061582148075104,0.6203270554542542
123,2025,Yellow Fever,6,outbreak,0.16471543908119202,0.7752911448478699,0.0599934458732605
123,2025,AFP,0,quiet,0.16062448918819427,0.5102085471153259,0.3291669189929962
123,2025,CSM,1,outbreak,0.2720997929573059,0.3503478467464447,0.3775523602962494
123,2025,Cholera,2,outbreak,0.18779687583446503,0.12854795157909393,0.6836551427841187
123,2025,Lassa Fever,3,outbreak,0.2051631361246109,0.2989967167377472,0.4958401620388031
123,2025,Measles,4,quiet,0.3541998863220215,0.16758202016353607,0.478218138217926
123,2025,Mpox,5,outbreak,0.07645054161548615,0.2969808280467987,0.6265686750411987
123,2025,Yellow Fever,6,outbreak,0.17549356818199158,0.7678472995758057,0.05665913596749306
123,2025,AFP,0,quiet,0.12600478529930115,0.48670095205307007,0.38729438185691833
123,2025,CSM,1,outbreak,0.22927895188331604,0.33987876772880554,0.4308422803878784
123,2025,Cholera,2,quiet,0.1380164921283722,0.21997769176959991,0.6420058012008667
123,2025,Lassa Fever,3,outbreak,0.26834309101104736,0.25515687465667725,0.476500004529953
123,2025,Measles,4,quiet,0.3231547176837921,0.26636815071105957,0.4104771614074707
123,2025,Mpox,5,outbreak,0.05636559799313545,0.2365020215511322,0.7071323394775391
123,2025,Yellow Fever,6,outbreak,0.16685102880001068,0.7871235013008118,0.04602544754743576
123,2025,AFP,0,outbreak,0.07627619057893753,0.6911199688911438,0.23260386288166046
123,2025,CSM,1,outbreak,0.14643943309783936,0.5104944109916687,0.34306609630584717
123,2025,Cholera,2,outbreak,0.11284959316253662,0.2717081606388092,0.6154422760009766
123,2025,Lassa Fever,3,outbreak,0.21487364172935486,0.3857622444629669,0.39936402440071106
123,2025,Measles,4,outbreak,0.24659521877765656,0.26921120285987854,0.4841936230659485
123,2025,Mpox,5,outbreak,0.06268991529941559,0.5363352298736572,0.4009748697280884
123,2025,Yellow Fever,6,outbreak,0.19101594388484955,0.7319114804267883,0.07707260549068451
123,2025,AFP,0,outbreak,0.08027300983667374,0.6083150506019592,0.31141194701194763
123,2025,CSM,1,outbreak,0.14966988563537598,0.4134717881679535,0.43685829639434814
123,2025,Cholera,2,outbreak,0.09484083205461502,0.22256217896938324,0.6825969219207764
123,2025,Lassa Fever,3,outbreak,0.23343659937381744,0.30329737067222595,0.4632660150527954
123,2025,Measles,4,outbreak,0.2207704484462738,0.22843967378139496,0.5507898926734924
123,2025,Mpox,5,outbreak,0.05763231962919235,0.5378734469413757,0.40449416637420654
123,2025,Yellow Fever,6,outbreak,0.19371965527534485,0.7211004495620728,0.08517991751432419
123,2025,AFP,0,outbreak,0.0901741236448288,0.5630002021789551,0.34682565927505493
123,2025,CSM,1,outbreak,0.1692991554737091,0.4087941348552704,0.42190665006637573
123,2025,Cholera,2,outbreak,0.06390699744224548,0.18602950870990753,0.7500634789466858
123,2025,Lassa Fever,3,outbreak,0.18841320276260376,0.3650788962841034,0.44650790095329285
123,2025,Measles,4,quiet,0.2457330822944641,0.21330314874649048,0.5409638285636902
123,2025,Mpox,5,outbreak,0.03232109546661377,0.4291709065437317,0.5385079979896545
123,2025,Yellow Fever,6,quiet,0.3331659138202667,0.573920726776123,0.09291337430477142
123,2025,AFP,0,quiet,0.08223963528871536,0.3329387605190277,0.5848216414451599
123,2025,CSM,1,quiet,0.14205747842788696,0.24305419623851776,0.6148883104324341
123,2025,Cholera,2,quiet,0.029203088954091072,0.0803045928478241,0.89049232006073
123,2025,Lassa Fever,3,outbreak,0.08455202728509903,0.39191532135009766,0.5235326886177063
123,2025,Measles,4,quiet,0.17411409318447113,0.12923456728458405,0.6966513395309448
123,2025,Mpox,5,outbreak,0.017581116408109665,0.2397322654724121,0.7426865696907043
123,2025,Yellow Fever,6,quiet,0.37194257974624634,0.5633429884910583,0.06471440196037292
123,2025,AFP,0,outbreak,0.08271156996488571,0.4391295611858368,0.4781588315963745
123,2025,CSM,1,outbreak,0.155592143535614,0.3115813434123993,0.5328264832496643
123,2025,Cholera,2,quiet,0.040331583470106125,0.09782702475786209,0.8618413805961609
123,2025,Lassa Fever,3,outbreak,0.07370191812515259,0.4873664677143097,0.43893158435821533
123,2025,Measles,4,outbreak,0.210581436753273,0.1153574213385582,0.674061119556427
123,2025,Mpox,5,outbreak,0.02218949981033802,0.36787790060043335,0.6099326014518738
123,2025,Yellow Fever,6,outbreak,0.4017057418823242,0.5080483555793762,0.09024602174758911
123,2025,AFP,0,outbreak,0.09415926784276962,0.5804665088653564,0.3253743052482605
123,2025,CSM,1,outbreak,0.15471455454826355,0.49489688873291016,0.3503885865211487
123,2025,Cholera,2,quiet,0.06261928379535675,0.21829526126384735,0.7190854549407959
123,2025,Lassa Fever,3,outbreak,0.0722585991024971,0.6312311887741089,0.29651015996932983
123,2025,Measles,4,outbreak,0.2427668273448944,0.19222113490104675,0.5650120377540588
123,2025,Mpox,5,outbreak,0.026419224217534065,0.555663526058197,0.41791728138923645
123,2025,Yellow Fever,6,quiet,0.3494841158390045,0.5809077024459839,0.0696081593632698
123,2025,AFP,0,outbreak,0.05371755734086037,0.6580015420913696,0.28828099370002747
123,2025,CSM,1,outbreak,0.09513659030199051,0.5413175821304321,0.36354583501815796
123,2025,Cholera,2,quiet,0.05121795833110809,0.31183940172195435,0.6369426250457764
123,2025,Lassa Fever,3,outbreak,0.05204395577311516,0.6385865211486816,0.3093695342540741
123,2025,Measles,4,quiet,0.15897530317306519,0.323827862739563,0.517196774482727
123,2025,Mpox,5,outbreak,0.01928451843559742,0.5629791617393494,0.41773632168769836
123,2025,Yellow Fever,6,quiet,0.25807875394821167,0.646125078201294,0.09579622745513916
123,2025,AFP,0,outbreak,0.04610428214073181,0.6268976926803589,0.3269980549812317
123,2025,CSM,1,outbreak,0.08636244386434555,0.5232540369033813,0.3903834819793701
123,2025,Cholera,2,quiet,0.03995644673705101,0.28391334414482117,0.6761301755905151
123,2025,Lassa Fever,3,outbreak,0.04789408668875694,0.6242832541465759,0.32782265543937683
123,2025,Measles,4,quiet,0.13615800440311432,0.3180706799030304,0.5457713603973389
123,2025,Mpox,5,outbreak,0.016460197046399117,0.5220246911048889,0.4615151286125183
123,2025,Yellow Fever,6,outbreak,0.22355550527572632,0.6800183653831482,0.09642616659402847
123,2025,AFP,0,quiet,0.05033687502145767,0.6600133180618286,0.2896499037742615
123,2025,CSM,1,outbreak,0.09370265901088715,0.6018567085266113,0.30444055795669556
123,2025,Cholera,2,quiet,0.045092396438121796,0.2608952522277832,0.6940123438835144
123,2025,Lassa Fever,3,outbreak,0.03925906866788864,0.7132055163383484,0.2475353479385376
123,2025,Measles,4,quiet,0.1828354150056839,0.3186270296573639,0.498537540435791
123,2025,Mpox,5,outbreak,0.017218388617038727,0.5466187596321106,0.4361627995967865
123,2025,Yellow Fever,6,quiet,0.2941133677959442,0.6122938394546509,0.09359276294708252
123,2025,AFP,0,quiet,0.10821426659822464,0.723707377910614,0.16807831823825836
123,2025,CSM,1,outbreak,0.1626146286725998,0.639321506023407,0.19806383550167084
123,2025,Cholera,2,outbreak,0.11437155306339264,0.2965036928653717,0.5891247391700745
123,2025,Lassa Fever,3,outbreak,0.06366434693336487,0.7858551740646362,0.1504804790019989
123,2025,Measles,4,quiet,0.2371542751789093,0.3711174726486206,0.3917282521724701
123,2025,Mpox,5,outbreak,0.05150192975997925,0.7059779763221741,0.24252015352249146
123,2025,Yellow Fever,6,outbreak,0.2317851483821869,0.7304005026817322,0.037814341485500336
123,2025,AFP,0,outbreak,0.13918210566043854,0.5510362386703491,0.309781551361084
123,2025,CSM,1,outbreak,0.2383175492286682,0.36502721905708313,0.39665520191192627
123,2025,Cholera,2,outbreak,0.1348763406276703,0.17286653816699982,0.6922571659088135
123,2025,Lassa Fever,3,outbreak,0.1047259196639061,0.6168855428695679,0.27838847041130066
123,2025,Measles,4,quiet,0.3084028661251068,0.13780155777931213,0.553795576095581
123,2025,Mpox,5,outbreak,0.05427336320281029,0.6610627770423889,0.2846638262271881
123,2025,Yellow Fever,6,outbreak,0.4016990661621094,0.4696000814437866,0.1287008374929428
123,2025,AFP,0,outbreak,0.21681062877178192,0.40170520544052124,0.38148415088653564
123,2025,CSM,1,outbreak,0.2815856337547302,0.2096726894378662,0.5087417364120483
123,2025,Cholera,2,outbreak,0.16426867246627808,0.11760856956243515,0.718122661113739
123,2025,Lassa Fever,3,outbreak,0.18633729219436646,0.32333844900131226,0.4903242886066437
123,2025,Measles,4,quiet,0.2853091359138489,0.09379453212022781,0.6208963394165039
123,2025,Mpox,5,outbreak,0.09614510834217072,0.5409462451934814,0.36290863156318665
123,2025,Yellow Fever,6,outbreak,0.4016360640525818,0.4323524236679077,0.1660115122795105
123,2025,AFP,0,outbreak,0.12901319563388824,0.7137894034385681,0.15719737112522125
123,2025,CSM,1,outbreak,0.24682003259658813,0.4767493009567261,0.2764306962490082
123,2025,Cholera,2,quiet,0.18201188743114471,0.29918935894966125,0.5187987685203552
123,2025,Lassa Fever,3,outbreak,0.15861178934574127,0.6325392127037048,0.2088489830493927
123,2025,Measles,4,quiet,0.3304702937602997,0.2388070821762085,0.4307226240634918
123,2025,Mpox,5,outbreak,0.05924639850854874,0.8020669221878052,0.1386866420507431
123,2025,Yellow Fever,6,quiet,0.23609104752540588,0.6881200671195984,0.07578887790441513
123,2025,AFP,0,outbreak,0.04119391366839409,0.6937982439994812,0.26500779390335083
123,2025,CSM,1,outbreak,0.06727096438407898,0.5981523394584656,0.3345767557621002
123,2025,Cholera,2,outbreak,0.03727002814412117,0.3191751539707184,0.6435548663139343
123,2025,Lassa Fever,3,outbreak,0.05121566355228424,0.6668216586112976,0.28196269273757935
123,2025,Measles,4,quiet,0.11262011528015137,0.34214019775390625,0.5452396869659424
123,2025,Mpox,5,outbreak,0.016624297946691513,0.632146954536438,0.3512286841869354
123,2025,Yellow Fever,6,quiet,0.16688686609268188,0.7516864538192749,0.08142673224210739
123,2025,AFP,0,outbreak,0.08112232387065887,0.6978256702423096,0.22105197608470917
123,2025,CSM,1,outbreak,0.15466473996639252,0.4994085431098938,0.3459267318248749
123,2025,Cholera,2,outbreak,0.08155383169651031,0.26804786920547485,0.6503982543945312
123,2025,Lassa Fever,3,quiet,0.11016152799129486,0.6565748453140259,0.23326368629932404
123,2025,Measles,4,quiet,0.22987408936023712,0.25795984268188477,0.5121660828590393
123,2025,Mpox,5,outbreak,0.03854866698384285,0.6674477458000183,0.29400360584259033
123,2025,Yellow Fever,6,quiet,0.19975097477436066,0.7373803853988647,0.06286866217851639
123,2025,AFP,0,quiet,0.13127842545509338,0.6251032948493958,0.24361829459667206
123,2025,CSM,1,outbreak,0.30942943692207336,0.35281115770339966,0.337759405374527
123,2025,Cholera,2,outbreak,0.17606419324874878,0.15206965804100037,0.6718661189079285
123,2025,Lassa Fever,3,outbreak,0.25186166167259216,0.5083816647529602,0.23975662887096405
123,2025,Measles,4,quiet,0.42873725295066833,0.1527130901813507,0.41854971647262573
123,2025,Mpox,5,outbreak,0.06375031173229218,0.6150835156440735,0.32116618752479553
123,2025,Yellow Fever,6,quiet,0.2210875153541565,0.7202908992767334,0.05862156301736832
123,2025,AFP,0,quiet,0.13704833388328552,0.683140218257904,0.17981141805648804
123,2025,CSM,1,outbreak,0.27230194211006165,0.45954424142837524,0.2681537866592407
123,2025,Cholera,2,outbreak,0.2456706166267395,0.20769430696964264,0.546635091304779
123,2025,Lassa Fever,3,outbreak,0.25289714336395264,0.5019763708114624,0.24512647092342377
123,2025,Measles,4,outbreak,0.48076027631759644,0.1934743970632553,0.32576534152030945
123,2025,Mpox,5,outbreak,0.08677666634321213,0.6083300113677979,0.3048933148384094
123,2025,Yellow Fever,6,outbreak,0.16928283870220184,0.7689363360404968,0.061780862510204315
123,2025,AFP,0,quiet,0.14590169489383698,0.6516647934913635,0.2024335265159607
123,2025,CSM,1,outbreak,0.23609089851379395,0.4605897068977356,0.30331936478614807
123,2025,Cholera,2,quiet,0.10184765607118607,0.19448451697826385,0.7036677598953247
123,2025,Lassa Fever,3,outbreak,0.24216704070568085,0.5338836312294006,0.2239493876695633
123,2025,Measles,4,quiet,0.3445533812046051,0.20327158272266388,0.452175110578537
123,2025,Mpox,5,outbreak,0.06796059757471085,0.7326093912124634,0.19943009316921234
123,2025,Yellow Fever,6,quiet,0.10772795975208282,0.8522651195526123,0.04000694677233696
123,2025,AFP,0,quiet,0.1881340742111206,0.49012529850006104,0.32174062728881836
123,2025,CSM,1,quiet,0.276906281709671,0.3150181174278259,0.40807557106018066
123,2025,Cholera,2,quiet,0.08773239701986313,0.11943301558494568,0.7928345203399658
123,2025,Lassa Fever,3,outbreak,0.3061106503009796,0.37130263447761536,0.32258671522140503
123,2025,Measles,4,outbreak,0.352929949760437,0.1606787145137787,0.48639142513275146
123,2025,Mpox,5,outbreak,0.0868818387389183,0.5494669079780579,0.36365118622779846
123,2025,Yellow Fever,6,quiet,0.15025924146175385,0.7951240539550781,0.05461676046252251
123,2025,AFP,0,quiet,0.1341216266155243,0.31001731753349304,0.5558610558509827
123,2025,CSM,1,quiet,0.20641416311264038,0.25721558928489685,0.5363702178001404
123,2025,Cholera,2,quiet,0.048658788204193115,0.0570414699614048,0.8942998051643372
123,2025,Lassa Fever,3,outbreak,0.23670202493667603,0.2993159890174866,0.4639819860458374
123,2025,Measles,4,outbreak,0.19631427526474,0.08409620821475983,0.7195895314216614
123,2025,Mpox,5,outbreak,0.049628544598817825,0.3211323916912079,0.6292390823364258
123,2025,Yellow Fever,6,outbreak,0.20639443397521973,0.729694664478302,0.06391093134880066
123,2025,AFP,0,quiet,0.13373667001724243,0.4308830797672272,0.43538030982017517
123,2025,CSM,1,quiet,0.19395612180233002,0.4301474690437317,0.3758964240550995
123,2025,Cholera,2,outbreak,0.0392281636595726,0.11759928613901138,0.843172550201416
123,2025,Lassa Fever,3,outbreak,0.26900893449783325,0.4288276433944702,0.30216339230537415
123,2025,Measles,4,quiet,0.189361572265625,0.18248164653778076,0.6281567215919495
123,2025,Mpox,5,outbreak,0.054513443261384964,0.43538543581962585,0.5101011395454407
123,2025,Yellow Fever,6,quiet,0.2300264537334442,0.7251424193382263,0.04483110457658768
123,2025,AFP,0,outbreak,0.1400306671857834,0.2760354280471802,0.5839338898658752
123,2025,CSM,1,quiet,0.18888269364833832,0.2029879093170166,0.6081293225288391
123,2025,Cholera,2,outbreak,0.08582675457000732,0.11312909424304962,0.8010441660881042
123,2025,Lassa Fever,3,outbreak,0.2774958312511444,0.2065117210149765,0.5159924626350403
123,2025,Measles,4,quiet,0.1845277100801468,0.10579711943864822,0.709675133228302
123,2025,Mpox,5,outbreak,0.10101919621229172,0.3032967746257782,0.5956839919090271
123,2025,Yellow Fever,6,outbreak,0.2507600784301758,0.6527258157730103,0.09651406854391098
123,2025,AFP,0,outbreak,0.11898861080408096,0.508150041103363,0.372861385345459
123,2025,CSM,1,quiet,0.19745871424674988,0.3288140594959259,0.4737272262573242
123,2025,Cholera,2,outbreak,0.08887502551078796,0.1676654815673828,0.7434594631195068
123,2025,Lassa Fever,3,outbreak,0.26423758268356323,0.39413076639175415,0.3416317105293274
123,2025,Measles,4,quiet,0.23373134434223175,0.16510207951068878,0.6011665463447571
123,2025,Mpox,5,outbreak,0.07331956923007965,0.5537987947463989,0.3728816509246826
123,2025,Yellow Fever,6,outbreak,0.19830678403377533,0.7277165651321411,0.07397662103176117
123,2025,AFP,0,outbreak,0.12078377604484558,0.7151926159858704,0.16402363777160645
123,2025,CSM,1,quiet,0.22495780885219574,0.5321601033210754,0.2428821325302124
123,2025,Cholera,2,outbreak,0.11130792647600174,0.2764807641506195,0.612211287021637
123,2025,Lassa Fever,3,outbreak,0.1987072229385376,0.615610659122467,0.18568219244480133
123,2025,Measles,4,quiet,0.36642223596572876,0.24185989797115326,0.3917178809642792
123,2025,Mpox,5,outbreak,0.05772767588496208,0.7388238310813904,0.20344850420951843
123,2025,Yellow Fever,6,outbreak,0.19611427187919617,0.7581979632377625,0.045687828212976456
123,2025,AFP,0,quiet,0.1210053339600563,0.6192737817764282,0.2597208023071289
123,2025,CSM,1,quiet,0.22770294547080994,0.4655468165874481,0.3067502975463867
123,2025,Cholera,2,outbreak,0.07094573974609375,0.14367741346359253,0.785376787185669
123,2025,Lassa Fever,3,outbreak,0.2058018296957016,0.5831006765365601,0.21109744906425476
123,2025,Measles,4,quiet,0.393096923828125,0.20124639570713043,0.40565669536590576
123,2025,Mpox,5,outbreak,0.0510336272418499,0.6200816631317139,0.32888469099998474
123,2025,Yellow Fever,6,quiet,0.21055355668067932,0.7429524064064026,0.04649403691291809
123,2025,AFP,0,outbreak,0.15335078537464142,0.44053173065185547,0.40611740946769714
123,2025,CSM,1,quiet,0.29782456159591675,0.267612099647522,0.4345633387565613
123,2025,Cholera,2,outbreak,0.0487559549510479,0.03996387496590614,0.9112801551818848
123,2025,Lassa Fever,3,quiet,0.26205238699913025,0.3448042571544647,0.39314335584640503
123,2025,Measles,4,quiet,0.2984595000743866,0.07671092450618744,0.6248295307159424
123,2025,Mpox,5,outbreak,0.03701423481106758,0.3274310827255249,0.6355546116828918
123,2025,Yellow Fever,6,quiet,0.24470430612564087,0.7043548226356506,0.05094083398580551
123,2025,AFP,0,outbreak,0.16369926929473877,0.41811349987983704,0.4181872010231018
123,2025,CSM,1,quiet,0.268356055021286,0.22768382728099823,0.503960132598877
123,2025,Cholera,2,outbreak,0.13138625025749207,0.08368071913719177,0.7849329710006714
123,2025,Lassa Fever,3,quiet,0.16326367855072021,0.2562982738018036,0.5804380774497986
123,2025,Measles,4,quiet,0.32404932379722595,0.11450657993555069,0.561444103717804
123,2025,Mpox,5,outbreak,0.0694311186671257,0.2998833954334259,0.6306853890419006
123,2025,Yellow Fever,6,quiet,0.20295412838459015,0.7423707842826843,0.05467509105801582
123,2025,AFP,0,outbreak,0.12860694527626038,0.4152196943759918,0.4561733305454254
123,2025,CSM,1,quiet,0.23622308671474457,0.2540954351425171,0.5096814632415771
123,2025,Cholera,2,outbreak,0.08243133872747421,0.05296807736158371,0.8646005392074585
123,2025,Lassa Fever,3,quiet,0.23544831573963165,0.31159865856170654,0.452953040599823
123,2025,Measles,4,quiet,0.2620237469673157,0.08411351591348648,0.6538627743721008
123,2025,Mpox,5,outbreak,0.053477250039577484,0.3806430697441101,0.5658796429634094
123,2025,Yellow Fever,6,quiet,0.2342548370361328,0.6972078084945679,0.06853732466697693
123,2025,AFP,0,outbreak,0.10160365700721741,0.6555392742156982,0.2428571581840515
123,2025,CSM,1,quiet,0.18936996161937714,0.5514154434204102,0.25921449065208435
123,2025,Cholera,2,outbreak,0.04835640266537666,0.07813986390829086,0.8735036849975586
123,2025,Lassa Fever,3,quiet,0.2683698534965515,0.4911561906337738,0.2404739409685135
123,2025,Measles,4,quiet,0.3052544891834259,0.19503462314605713,0.4997108578681946
123,2025,Mpox,5,outbreak,0.04948214814066887,0.5440362691879272,0.40648153424263
123,2025,Yellow Fever,6,quiet,0.13877347111701965,0.8332011103630066,0.028025468811392784
123,2025,AFP,0,quiet,0.12301287055015564,0.43722566962242126,0.4397614598274231
123,2025,CSM,1,quiet,0.2119407206773758,0.2614172101020813,0.5266420841217041
123,2025,Cholera,2,outbreak,0.10705547034740448,0.06479747593402863,0.8281470537185669
123,2025,Lassa Fever,3,outbreak,0.13182634115219116,0.29439929127693176,0.5737743973731995
123,2025,Measles,4,quiet,0.29581525921821594,0.09241225570440292,0.6117724776268005
123,2025,Mpox,5,outbreak,0.054423362016677856,0.30833613872528076,0.637240469455719
123,2025,Yellow Fever,6,quiet,0.2200152724981308,0.7170135378837585,0.06297121942043304
123,2025,AFP,0,quiet,0.102254718542099,0.5650639533996582,0.3326813578605652
123,2025,CSM,1,quiet,0.20108221471309662,0.3682500422000885,0.4306677281856537
123,2025,Cholera,2,outbreak,0.11899114400148392,0.1294904351234436,0.7515184283256531
123,2025,Lassa Fever,3,outbreak,0.1232585683465004,0.38649994134902954,0.49024152755737305
123,2025,Measles,4,quiet,0.3341986835002899,0.1648368388414383,0.5009645223617554
123,2025,Mpox,5,outbreak,0.0461396649479866,0.38566091656684875,0.5681993961334229
123,2025,Yellow Fever,6,quiet,0.2121036946773529,0.7357372045516968,0.052159082144498825
123,2025,AFP,0,quiet,0.09116221219301224,0.48882633447647095,0.4200114905834198
123,2025,CSM,1,quiet,0.16276410222053528,0.45974940061569214,0.37748652696609497
123,2025,Cholera,2,outbreak,0.10049650073051453,0.16232968866825104,0.737173855304718
123,2025,Lassa Fever,3,outbreak,0.10828735679388046,0.5435574650764465,0.3481552004814148
123,2025,Measles,4,quiet,0.2582361698150635,0.21158075332641602,0.5301830172538757
123,2025,Mpox,5,outbreak,0.040139198303222656,0.3979458510875702,0.5619149208068848
123,2025,Yellow Fever,6,quiet,0.25854116678237915,0.6596023440361023,0.08185651898384094
123,2025,AFP,0,quiet,0.09006725251674652,0.4794842600822449,0.4304485023021698
123,2025,CSM,1,quiet,0.15016457438468933,0.42342931032180786,0.4264061450958252
123,2025,Cholera,2,outbreak,0.06498432159423828,0.09048961102962494,0.8445260524749756
123,2025,Lassa Fever,3,outbreak,0.1276681274175644,0.47650983929634094,0.3958219885826111
123,2025,Measles,4,quiet,0.22430172562599182,0.13588613271713257,0.639812171459198
123,2025,Mpox,5,outbreak,0.03235388547182083,0.42629072070121765,0.5413553714752197
123,2025,Yellow Fever,6,quiet,0.21244695782661438,0.6991844177246094,0.08836855739355087
123,2025,AFP,0,quiet,0.09424498677253723,0.5310631990432739,0.37469181418418884
123,2025,CSM,1,quiet,0.15798251330852509,0.4539481997489929,0.3880692422389984
123,2025,Cholera,2,quiet,0.07921981066465378,0.10755766183137894,0.8132224678993225
123,2025,Lassa Fever,3,outbreak,0.1335448920726776,0.5023317933082581,0.3641233444213867
123,2025,Measles,4,quiet,0.23449082672595978,0.14005154371261597,0.6254575848579407
123,2025,Mpox,5,outbreak,0.043817803263664246,0.4512947201728821,0.5048875212669373
123,2025,Yellow Fever,6,quiet,0.20388902723789215,0.6941145658493042,0.10199632495641708
123,2025,AFP,0,outbreak,0.12338898330926895,0.5125126242637634,0.3640983998775482
123,2025,CSM,1,quiet,0.1991388201713562,0.3266468346118927,0.4742143452167511
123,2025,Cholera,2,outbreak,0.1282583326101303,0.12397263944149017,0.7477690577507019
123,2025,Lassa Fever,3,outbreak,0.17784202098846436,0.36640509963035583,0.45575278997421265
123,2025,Measles,4,quiet,0.24722005426883698,0.11314006894826889,0.6396398544311523
123,2025,Mpox,5,outbreak,0.07362551242113113,0.5377221703529358,0.3886522948741913
123,2025,Yellow Fever,6,quiet,0.24508602917194366,0.5888612270355225,0.16605274379253387
123,2025,AFP,0,outbreak,0.11840222030878067,0.47647953033447266,0.40511825680732727
123,2025,CSM,1,outbreak,0.18775175511837006,0.2908344268798828,0.5214138031005859
123,2025,Cholera,2,outbreak,0.12578846514225006,0.15754838287830353,0.716663122177124
123,2025,Lassa Fever,3,outbreak,0.19076970219612122,0.29514163732528687,0.5140886306762695
123,2025,Measles,4,quiet,0.23220676183700562,0.12537695467472076,0.64241623878479
123,2025,Mpox,5,outbreak,0.0814456194639206,0.5030006766319275,0.4155537486076355
123,2025,Yellow Fever,6,outbreak,0.2725343704223633,0.5576716065406799,0.16979405283927917
123,2025,AFP,0,outbreak,0.11180558800697327,0.5419156551361084,0.3462787866592407
123,2025,CSM,1,quiet,0.19040273129940033,0.3914339542388916,0.41816332936286926
123,2025,Cholera,2,outbreak,0.12345439195632935,0.19963468611240387,0.676910936832428
123,2025,Lassa Fever,3,outbreak,0.22045199573040009,0.30675336718559265,0.47279462218284607
123,2025,Measles,4,quiet,0.2742549180984497,0.23281548917293549,0.492929607629776
123,2025,Mpox,5,outbreak,0.07343491911888123,0.38567495346069336,0.5408901572227478
123,2025,Yellow Fever,6,outbreak,0.16293562948703766,0.7899218797683716,0.0471423976123333
123,2025,AFP,0,outbreak,0.12297514826059341,0.5394309163093567,0.3375938832759857
123,2025,CSM,1,quiet,0.20683510601520538,0.3568008244037628,0.4363640248775482
123,2025,Cholera,2,outbreak,0.08294188231229782,0.07133184373378754,0.8457262516021729
123,2025,Lassa Fever,3,outbreak,0.11851336061954498,0.5197740793228149,0.36171260476112366
123,2025,Measles,4,quiet,0.2848632037639618,0.11661013215780258,0.5985267162322998
123,2025,Mpox,5,outbreak,0.05506909638643265,0.4776676297187805,0.4672633409500122
123,2025,Yellow Fever,6,outbreak,0.24202953279018402,0.7339634299278259,0.024007027968764305
123,2025,AFP,0,outbreak,0.13215234875679016,0.5244094133377075,0.3434382975101471
123,2025,CSM,1,quiet,0.22574736177921295,0.33783724904060364,0.436415433883667
123,2025,Cholera,2,outbreak,0.08110097050666809,0.066055528819561,0.8528435230255127
123,2025,Lassa Fever,3,quiet,0.1276431381702423,0.5646327137947083,0.3077242076396942
123,2025,Measles,4,quiet,0.29643043875694275,0.10990259051322937,0.5936670303344727
123,2025,Mpox,5,outbreak,0.04996253922581673,0.48492100834846497,0.4651164412498474
123,2025,Yellow Fever,6,outbreak,0.2613886892795563,0.7161260843276978,0.022485187277197838
123,2025,AFP,0,outbreak,0.16292069852352142,0.4839653968811035,0.35311391949653625
123,2025,CSM,1,quiet,0.2894844114780426,0.3337876498699188,0.3767279088497162
123,2025,Cholera,2,outbreak,0.10120628029108047,0.0803544744849205,0.818439245223999
123,2025,Lassa Fever,3,quiet,0.1939724087715149,0.4903140664100647,0.315713495016098
123,2025,Measles,4,quiet,0.34306713938713074,0.1218101903796196,0.5351226925849915
123,2025,Mpox,5,outbreak,0.07023657858371735,0.38903871178627014,0.5407247543334961
123,2025,Yellow Fever,6,quiet,0.2469511777162552,0.7334654927253723,0.01958334632217884
123,2025,AFP,0,outbreak,0.07857488840818405,0.5682135820388794,0.3532114326953888
123,2025,CSM,1,quiet,0.1641220897436142,0.43031230568885803,0.4055655598640442
123,2025,Cholera,2,outbreak,0.0513080395758152,0.06287836283445358,0.8858135938644409
123,2025,Lassa Fever,3,quiet,0.07850820571184158,0.6735761165618896,0.24791568517684937
123,2025,Measles,4,quiet,0.24154463410377502,0.10994948446750641,0.6485059261322021
123,2025,Mpox,5,outbreak,0.030092760920524597,0.4473544955253601,0.5225527882575989
123,2025,Yellow Fever,6,quiet,0.2522013783454895,0.7294687628746033,0.018329806625843048
123,2025,AFP,0,outbreak,0.07571855932474136,0.5484605431556702,0.37582090497016907
123,2025,CSM,1,quiet,0.15773776173591614,0.3812786340713501,0.460983544588089
123,2025,Cholera,2,outbreak,0.05022874101996422,0.052683815360069275,0.8970874547958374
123,2025,Lassa Fever,3,outbreak,0.07327587157487869,0.6686453223228455,0.2580788731575012
123,2025,Measles,4,quiet,0.2100691795349121,0.10326194763183594,0.686668872833252
123,2025,Mpox,5,outbreak,0.03053758293390274,0.44143831729888916,0.5280240774154663
123,2025,Yellow Fever,6,quiet,0.2502064108848572,0.7298242449760437,0.019969355314970016
123,2025,AFP,0,outbreak,0.07717260718345642,0.5570830702781677,0.36574438214302063
123,2025,CSM,1,quiet,0.15557460486888885,0.40273770689964294,0.44168776273727417
123,2025,Cholera,2,outbreak,0.05491511523723602,0.060602154582738876,0.8844828009605408
123,2025,Lassa Fever,3,outbreak,0.07092128694057465,0.6939211487770081,0.23515759408473969
123,2025,Measles,4,quiet,0.2201267033815384,0.11444506794214249,0.6654281616210938
123,2025,Mpox,5,outbreak,0.032459814101457596,0.4592233896255493,0.5083167552947998
123,2025,Yellow Fever,6,outbreak,0.25027111172676086,0.7312837243080139,0.018445219844579697
123,2025,AFP,0,outbreak,0.13711851835250854,0.5269575119018555,0.3359239399433136
123,2025,CSM,1,quiet,0.23797348141670227,0.3892688453197479,0.3727576434612274
123,2025,Cholera,2,outbreak,0.0648919865489006,0.0653582364320755,0.8697497844696045
123,2025,Lassa Fever,3,quiet,0.13743902742862701,0.636052131652832,0.22650887072086334
123,2025,Measles,4,quiet,0.28783485293388367,0.11960463225841522,0.5925605297088623
123,2025,Mpox,5,outbreak,0.05753020942211151,0.4408165216445923,0.5016531944274902
123,2025,Yellow Fever,6,quiet,0.2854108214378357,0.6915358304977417,0.023053424432873726
123,2025,AFP,0,quiet,0.1373947262763977,0.5441747307777405,0.31843051314353943
123,2025,CSM,1,quiet,0.24290306866168976,0.41658273339271545,0.3405141830444336
123,2025,Cholera,2,outbreak,0.07343849539756775,0.07632187008857727,0.850239634513855
123,2025,Lassa Fever,3,outbreak,0.13707053661346436,0.6557084321975708,0.20722104609012604
123,2025,Measles,4,quiet,0.2998114824295044,0.13344420492649078,0.566744327545166
123,2025,Mpox,5,outbreak,0.05779146030545235,0.4651121497154236,0.4770963788032532
123,2025,Yellow Fever,6,quiet,0.32293587923049927,0.6536307334899902,0.0234333798289299
123,2025,AFP,0,quiet,0.12380078434944153,0.5571379065513611,0.3190613389015198
123,2025,CSM,1,outbreak,0.2135070562362671,0.4150512218475342,0.37144169211387634
123,2025,Cholera,2,outbreak,0.06621440500020981,0.07043399661779404,0.863351583480835
123,2025,Lassa Fever,3,outbreak,0.1161634624004364,0.6747828722000122,0.20905359089374542
123,2025,Measles,4,quiet,0.26590242981910706,0.12264087796211243,0.6114566922187805
123,2025,Mpox,5,outbreak,0.05322963744401932,0.44816291332244873,0.49860745668411255
123,2025,Yellow Fever,6,quiet,0.3020641803741455,0.6775581240653992,0.020377663895487785
123,2025,AFP,0,quiet,0.09828029572963715,0.5091427564620972,0.3925769031047821
123,2025,CSM,1,outbreak,0.1735556572675705,0.4230509400367737,0.40339332818984985
123,2025,Cholera,2,quiet,0.0746346116065979,0.09455844759941101,0.8308069705963135
123,2025,Lassa Fever,3,outbreak,0.1492619663476944,0.4711745083332062,0.379563570022583
123,2025,Measles,4,quiet,0.23791657388210297,0.13672155141830444,0.6253618597984314
123,2025,Mpox,5,outbreak,0.03777636960148811,0.4546697735786438,0.5075538158416748
123,2025,Yellow Fever,6,quiet,0.2360418736934662,0.6661946177482605,0.09776352345943451
123,2025,AFP,0,quiet,0.10374345630407333,0.5321714282035828,0.3640850782394409
123,2025,CSM,1,quiet,0.17663830518722534,0.42441296577453613,0.39894869923591614
123,2025,Cholera,2,quiet,0.08305326104164124,0.09884118288755417,0.8181055188179016
123,2025,Lassa Fever,3,outbreak,0.14907193183898926,0.47290706634521484,0.3780209720134735
123,2025,Measles,4,quiet,0.2324158102273941,0.13395923376083374,0.6336249709129333
123,2025,Mpox,5,outbreak,0.043871909379959106,0.4539463520050049,0.5021817684173584
123,2025,Yellow Fever,6,quiet,0.21881203353405,0.6806429624557495,0.10054503381252289
123,2026,AFP,0,quiet,0.09197141975164413,0.4453716278076172,0.46265700459480286
123,2026,CSM,1,outbreak,0.16669492423534393,0.3503156900405884,0.4829894006252289
123,2026,Cholera,2,quiet,0.034839972853660583,0.9124411344528198,0.05271896347403526
123,2026,Lassa Fever,3,quiet,0.26526138186454773,0.539369523525238,0.19536910951137543
123,2026,Measles,4,quiet,0.060385510325431824,0.4180452525615692,0.5215692520141602
123,2026,Mpox,5,quiet,0.17168988287448883,0.7701711654663086,0.058138951659202576
123,2026,Yellow Fever,6,quiet,0.10841070115566254,0.6040807366371155,0.2875085771083832
123,2026,AFP,0,quiet,0.09468352794647217,0.4745713770389557,0.43074512481689453
123,2026,CSM,1,outbreak,0.16358834505081177,0.3909866511821747,0.44542500376701355
123,2026,Cholera,2,outbreak,0.03704284876585007,0.9134043455123901,0.04955274984240532
123,2026,Lassa Fever,3,outbreak,0.2536134123802185,0.568709135055542,0.1776774823665619
123,2026,Measles,4,quiet,0.05909203365445137,0.4289536476135254,0.5119543671607971
123,2026,Mpox,5,outbreak,0.1761815994977951,0.7645198106765747,0.05929853767156601
123,2026,Yellow Fever,6,quiet,0.11589717119932175,0.6427400708198547,0.2413628250360489
123,2026,AFP,0,quiet,0.1123996376991272,0.5469216108322144,0.34067875146865845
123,2026,CSM,1,outbreak,0.1599036455154419,0.4674331247806549,0.372663289308548
123,2026,Cholera,2,outbreak,0.06105589121580124,0.8738095164299011,0.06513465195894241
123,2026,Lassa Fever,3,outbreak,0.21954602003097534,0.6331040859222412,0.1473497748374939
123,2026,Measles,4,quiet,0.07557623833417892,0.44041162729263306,0.4840121269226074
123,2026,Mpox,5,outbreak,0.1924324333667755,0.7355652451515198,0.07200229912996292
123,2026,Yellow Fever,6,quiet,0.16741757094860077,0.5782984495162964,0.2542840242385864
123,2026,AFP,0,quiet,0.15457656979560852,0.5438053011894226,0.30161818861961365
123,2026,CSM,1,outbreak,0.2766943871974945,0.45171093940734863,0.27159470319747925
123,2026,Cholera,2,quiet,0.06153678521513939,0.851842999458313,0.08662024885416031
123,2026,Lassa Fever,3,outbreak,0.31519001722335815,0.5940637588500977,0.0907461941242218
123,2026,Measles,4,quiet,0.14157907664775848,0.47529542446136475,0.3831254839897156
123,2026,Mpox,5,outbreak,0.24328674376010895,0.6797319054603577,0.07698134332895279
123,2026,Yellow Fever,6,quiet,0.22660262882709503,0.48689189553260803,0.28650543093681335
123,2026,AFP,0,quiet,0.10037969052791595,0.5323697328567505,0.36725062131881714
123,2026,CSM,1,outbreak,0.2808349132537842,0.42834043502807617,0.29082465171813965
123,2026,Cholera,2,quiet,0.04024568572640419,0.8235217332839966,0.1362326592206955
123,2026,Lassa Fever,3,outbreak,0.35277798771858215,0.5501044392585754,0.09711756557226181
123,2026,Measles,4,quiet,0.09357266873121262,0.40153875946998596,0.5048885941505432
123,2026,Mpox,5,outbreak,0.2689037024974823,0.6097723245620728,0.12132395058870316
123,2026,Yellow Fever,6,quiet,0.13587495684623718,0.4664403200149536,0.3976847529411316
123,2026,AFP,0,quiet,0.08510129153728485,0.4872943162918091,0.4276043772697449
123,2026,CSM,1,outbreak,0.25874072313308716,0.334622859954834,0.40663638710975647
123,2026,Cholera,2,quiet,0.029147187247872353,0.8200880289077759,0.1507648229598999
123,2026,Lassa Fever,3,outbreak,0.475915789604187,0.387317955493927,0.136766254901886
123,2026,Measles,4,quiet,0.07109980285167694,0.2936948835849762,0.6352052688598633
123,2026,Mpox,5,outbreak,0.16160792112350464,0.6883862018585205,0.15000596642494202
123,2026,Yellow Fever,6,quiet,0.06993510574102402,0.43980276584625244,0.49026209115982056
123,2026,AFP,0,quiet,0.08576970547437668,0.58045494556427,0.33377543091773987
123,2026,CSM,1,outbreak,0.24216870963573456,0.4531823694705963,0.30464890599250793
123,2026,Cholera,2,quiet,0.041445665061473846,0.8107345700263977,0.14781977236270905
123,2026,Lassa Fever,3,outbreak,0.3376225233078003,0.5402703285217285,0.12210720777511597
123,2026,Measles,4,outbreak,0.08023779839277267,0.46640342473983765,0.4533587396144867
123,2026,Mpox,5,outbreak,0.15939578413963318,0.6893890500068665,0.15121521055698395
123,2026,Yellow Fever,6,quiet,0.07319694757461548,0.6070888638496399,0.3197142481803894
123,2026,AFP,0,quiet,0.10645096749067307,0.684410572052002,0.20913852751255035
123,2026,CSM,1,outbreak,0.28164729475975037,0.48608162999153137,0.23227107524871826
123,2026,Cholera,2,quiet,0.027412177994847298,0.8512508273124695,0.12133695930242538
123,2026,Lassa Fever,3,outbreak,0.3370622396469116,0.5686450004577637,0.0942927673459053
123,2026,Measles,4,quiet,0.10256147384643555,0.5357353687286377,0.36170315742492676
123,2026,Mpox,5,outbreak,0.1599433869123459,0.6739448308944702,0.16611182689666748
123,2026,Yellow Fever,6,quiet,0.05813726782798767,0.6854119896888733,0.2564507722854614
123,2026,AFP,0,quiet,0.05129401385784149,0.5699769854545593,0.37872904539108276
123,2026,CSM,1,outbreak,0.20222477614879608,0.3702121675014496,0.4275630712509155
123,2026,Cholera,2,quiet,0.030091404914855957,0.914065957069397,0.05584266409277916
123,2026,Lassa Fever,3,outbreak,0.3028118908405304,0.5912641286849976,0.1059240773320198
123,2026,Measles,4,quiet,0.053390465676784515,0.3852139711380005,0.561395525932312
123,2026,Mpox,5,quiet,0.22159315645694733,0.6644330024719238,0.11397384107112885
123,2026,Yellow Fever,6,quiet,0.05934905260801315,0.3944516181945801,0.546199381351471
2024,2020,AFP,0,quiet,0.1630370169878006,0.4026765525341034,0.4342864155769348
2024,2020,CSM,1,quiet,0.16464769840240479,0.40070369839668274,0.4346485733985901
2024,2020,Cholera,2,outbreak,0.16064007580280304,0.40117624402046204,0.43818360567092896
2024,2020,Lassa Fever,3,outbreak,0.15939095616340637,0.41598349809646606,0.42462560534477234
2024,2020,Measles,4,quiet,0.16417056322097778,0.4148629903793335,0.4209665060043335
2024,2020,Mpox,5,quiet,0.16506987810134888,0.4028635323047638,0.43206658959388733
2024,2020,Yellow Fever,6,quiet,0.16441375017166138,0.4058036506175995,0.4297826290130615
2024,2020,AFP,0,quiet,0.07741875946521759,0.6310969591140747,0.29148435592651367
2024,2020,CSM,1,quiet,0.07525327056646347,0.6265597343444824,0.2981869876384735
2024,2020,Cholera,2,quiet,0.07565888017416,0.6294193267822266,0.2949218451976776
2024,2020,Lassa Fever,3,outbreak,0.07711374759674072,0.6394680142402649,0.2834182679653168
2024,2020,Measles,4,outbreak,0.07758959382772446,0.6417056322097778,0.2807048261165619
2024,2020,Mpox,5,outbreak,0.07598564028739929,0.6328218579292297,0.29119256138801575
2024,2020,Yellow Fever,6,quiet,0.07561958581209183,0.6439604759216309,0.2804199457168579
2024,2020,AFP,0,quiet,0.1643580049276352,0.2932407855987549,0.5424011945724487
2024,2020,CSM,1,quiet,0.16239847242832184,0.2919580340385437,0.5456434488296509
2024,2020,Cholera,2,quiet,0.16106002032756805,0.29994863271713257,0.538991391658783
2024,2020,Lassa Fever,3,outbreak,0.16596496105194092,0.2985866367816925,0.535448431968689
2024,2020,Measles,4,outbreak,0.16604042053222656,0.29615822434425354,0.5378013849258423
2024,2020,Mpox,5,quiet,0.16310936212539673,0.29104819893836975,0.5458424687385559
2024,2020,Yellow Fever,6,quiet,0.16362901031970978,0.3002312481403351,0.536139726638794
2024,2020,AFP,0,quiet,0.16054445505142212,0.2598070204257965,0.5796485543251038
2024,2020,CSM,1,quiet,0.15585020184516907,0.25855860114097595,0.585591197013855
2024,2020,Cholera,2,outbreak,0.15636824071407318,0.26141172647476196,0.5822200179100037
2024,2020,Lassa Fever,3,outbreak,0.16041207313537598,0.26290926337242126,0.5766786932945251
2024,2020,Measles,4,outbreak,0.15950390696525574,0.2616738975048065,0.5788221955299377
2024,2020,Mpox,5,quiet,0.1572502702474594,0.2605375647544861,0.5822121500968933
2024,2020,Yellow Fever,6,quiet,0.1553240269422531,0.2621714770793915,0.5825045108795166
2024,2020,AFP,0,quiet,0.13311898708343506,0.37098169326782227,0.4958992600440979
2024,2020,CSM,1,outbreak,0.12831982970237732,0.3585412800312042,0.5131388902664185
2024,2020,Cholera,2,outbreak,0.13305741548538208,0.38307368755340576,0.48386892676353455
2024,2020,Lassa Fever,3,outbreak,0.13165712356567383,0.37675294280052185,0.49158990383148193
2024,2020,Measles,4,outbreak,0.1329185962677002,0.37704116106033325,0.4900401830673218
2024,2020,Mpox,5,quiet,0.1322041153907776,0.36615872383117676,0.5016371607780457
2024,2020,Yellow Fever,6,quiet,0.13112179934978485,0.37794211506843567,0.4909360110759735
2024,2020,AFP,0,quiet,0.09233919531106949,0.6843342781066895,0.22332656383514404
2024,2020,CSM,1,quiet,0.09320918470621109,0.6719905734062195,0.23480026423931122
2024,2020,Cholera,2,outbreak,0.08977934718132019,0.6870325803756714,0.22318807244300842
2024,2020,Lassa Fever,3,outbreak,0.09027639776468277,0.6925858855247498,0.2171376794576645
2024,2020,Measles,4,outbreak,0.0889647901058197,0.6954094767570496,0.21562576293945312
2024,2020,Mpox,5,quiet,0.09043402224779129,0.6826552152633667,0.22691072523593903
2024,2020,Yellow Fever,6,quiet,0.08991912007331848,0.6883310675621033,0.22174976766109467
2024,2020,AFP,0,quiet,0.02473202720284462,0.9295842051506042,0.04568371921777725
2024,2020,CSM,1,quiet,0.024534771218895912,0.9281072020530701,0.04735802859067917
2024,2020,Cholera,2,quiet,0.023484529927372932,0.932045578956604,0.04446987807750702
2024,2020,Lassa Fever,3,outbreak,0.024454347789287567,0.9299930334091187,0.04555259644985199
2024,2020,Measles,4,outbreak,0.02485768124461174,0.9303500056266785,0.044792260974645615
2024,2020,Mpox,5,quiet,0.024322688579559326,0.928935170173645,0.046742212027311325
2024,2020,Yellow Fever,6,quiet,0.024901803582906723,0.9288536310195923,0.04624456912279129
2024,2020,AFP,0,quiet,0.13135920464992523,0.41211846470832825,0.4565223753452301
2024,2020,CSM,1,quiet,0.13065825402736664,0.3962928056716919,0.4730489253997803
2024,2020,Cholera,2,quiet,0.12454508244991302,0.4255330562591553,0.4499218761920929
2024,2020,Lassa Fever,3,outbreak,0.1347222626209259,0.4031960666179657,0.4620817005634308
2024,2020,Measles,4,outbreak,0.13363587856292725,0.41503092646598816,0.4513331949710846
2024,2020,Mpox,5,quiet,0.130911186337471,0.4087730348110199,0.4603158235549927
2024,2020,Yellow Fever,6,quiet,0.13147063553333282,0.41214719414711,0.45638221502304077
2024,2020,AFP,0,quiet,0.140083909034729,0.6569299101829529,0.20298616588115692
2024,2020,CSM,1,quiet,0.13820859789848328,0.6473563313484192,0.21443501114845276
2024,2020,Cholera,2,quiet,0.1358097791671753,0.6674827933311462,0.19670744240283966
2024,2020,Lassa Fever,3,outbreak,0.1379392296075821,0.6532381772994995,0.2088226079940796
2024,2020,Measles,4,outbreak,0.14030611515045166,0.6554417014122009,0.2042521983385086
2024,2020,Mpox,5,quiet,0.13829435408115387,0.651745080947876,0.20996060967445374
2024,2020,Yellow Fever,6,quiet,0.13962426781654358,0.650464653968811,0.20991112291812897
2024,2020,AFP,0,quiet,0.06416022777557373,0.7144636511802673,0.22137607634067535
2024,2020,CSM,1,quiet,0.06541343778371811,0.7026699185371399,0.2319166213274002
2024,2020,Cholera,2,quiet,0.06156725436449051,0.7287558317184448,0.20967693626880646
2024,2020,Lassa Fever,3,outbreak,0.0638459250330925,0.7152730822563171,0.22088104486465454
2024,2020,Measles,4,outbreak,0.06339330971240997,0.7163625359535217,0.2202441692352295
2024,2020,Mpox,5,quiet,0.06449009478092194,0.7075462341308594,0.2279636561870575
2024,2020,Yellow Fever,6,quiet,0.06395033001899719,0.7129087448120117,0.2231408953666687
2024,2020,AFP,0,quiet,0.1417795866727829,0.6193966865539551,0.238823801279068
2024,2020,CSM,1,quiet,0.14229004085063934,0.6149112582206726,0.24279873073101044
2024,2020,Cholera,2,quiet,0.13819459080696106,0.6287402510643005,0.2330651432275772
2024,2020,Lassa Fever,3,outbreak,0.13925132155418396,0.6246738433837891,0.23607473075389862
2024,2020,Measles,4,outbreak,0.14375701546669006,0.6141052842140198,0.24213777482509613
2024,2020,Mpox,5,quiet,0.14183011651039124,0.6133696436882019,0.2448001652956009
2024,2020,Yellow Fever,6,quiet,0.1423497349023819,0.6151254773139954,0.24252484738826752
2024,2020,AFP,0,quiet,0.2656620442867279,0.48348355293273926,0.2508544325828552
2024,2020,CSM,1,outbreak,0.26483532786369324,0.48027026653289795,0.25489434599876404
2024,2020,Cholera,2,quiet,0.2660057544708252,0.48540785908699036,0.24858635663986206
2024,2020,Lassa Fever,3,outbreak,0.2578771710395813,0.4905245900154114,0.2515982985496521
2024,2020,Measles,4,outbreak,0.261091947555542,0.48409348726272583,0.25481459498405457
2024,2020,Mpox,5,quiet,0.2647159695625305,0.4793025851249695,0.2559814453125
2024,2020,Yellow Fever,6,quiet,0.261628657579422,0.4827616810798645,0.2556097209453583
2024,2020,AFP,0,quiet,0.2706257104873657,0.3333834111690521,0.39599090814590454
2024,2020,CSM,1,outbreak,0.26768729090690613,0.3322558104991913,0.4000568985939026
2024,2020,Cholera,2,quiet,0.2726927399635315,0.3394068777561188,0.38790035247802734
2024,2020,Lassa Fever,3,outbreak,0.2607119381427765,0.3419387936592102,0.3973492681980133
2024,2020,Measles,4,outbreak,0.2655186951160431,0.3349270522594452,0.3995542526245117
2024,2020,Mpox,5,quiet,0.2683819532394409,0.32856816053390503,0.4030499756336212
2024,2020,Yellow Fever,6,quiet,0.2624911665916443,0.33367037773132324,0.40383848547935486
2024,2020,AFP,0,quiet,0.30276864767074585,0.16716207563877106,0.5300692915916443
2024,2020,CSM,1,outbreak,0.2994868755340576,0.16782988607883453,0.532683253288269
2024,2020,Cholera,2,quiet,0.30658942461013794,0.16981537640094757,0.5235952138900757
2024,2020,Lassa Fever,3,outbreak,0.292728453874588,0.17324122786521912,0.5340303778648376
2024,2020,Measles,4,outbreak,0.29884281754493713,0.1687304526567459,0.532426655292511
2024,2020,Mpox,5,quiet,0.2995089888572693,0.16650912165641785,0.5339818596839905
2024,2020,Yellow Fever,6,quiet,0.29201608896255493,0.16926999390125275,0.5387138724327087
2024,2020,AFP,0,quiet,0.16685256361961365,0.2614920437335968,0.5716553926467896
2024,2020,CSM,1,quiet,0.1636599749326706,0.2617959976196289,0.5745440125465393
2024,2020,Cholera,2,quiet,0.16989590227603912,0.26472175121307373,0.5653824210166931
2024,2020,Lassa Fever,3,outbreak,0.1608378291130066,0.26435139775276184,0.574810802936554
2024,2020,Measles,4,outbreak,0.1630551517009735,0.26338279247283936,0.5735620856285095
2024,2020,Mpox,5,quiet,0.1636715680360794,0.2612345814704895,0.5750938653945923
2024,2020,Yellow Fever,6,quiet,0.160923570394516,0.26361843943595886,0.5754579901695251
2024,2020,AFP,0,quiet,0.15211857855319977,0.3627794682979584,0.4851018786430359
2024,2020,CSM,1,quiet,0.15036873519420624,0.3612659275531769,0.48836538195610046
2024,2020,Cholera,2,quiet,0.1542016863822937,0.369447261095047,0.4763510525226593
2024,2020,Lassa Fever,3,outbreak,0.14858365058898926,0.36617979407310486,0.4852365255355835
2024,2020,Measles,4,outbreak,0.15003232657909393,0.36709773540496826,0.482869952917099
2024,2020,Mpox,5,quiet,0.15248620510101318,0.36272943019866943,0.4847843647003174
2024,2020,Yellow Fever,6,quiet,0.14912940561771393,0.3652575612068176,0.48561298847198486
2024,2020,AFP,0,quiet,0.2141735702753067,0.14495113492012024,0.6408753395080566
2024,2020,CSM,1,quiet,0.21271176636219025,0.14256514608860016,0.6447230577468872
2024,2020,Cholera,2,outbreak,0.20992976427078247,0.14583978056907654,0.6442305445671082
2024,2020,Lassa Fever,3,quiet,0.21286803483963013,0.14526227116584778,0.6418697237968445
2024,2020,Measles,4,quiet,0.21853107213974,0.14723648130893707,0.6342324018478394
2024,2020,Mpox,5,quiet,0.2155795395374298,0.14343054592609406,0.6409898996353149
2024,2020,Yellow Fever,6,quiet,0.21051950752735138,0.14594441652297974,0.6435360908508301
2024,2020,AFP,0,quiet,0.2285357415676117,0.4659605324268341,0.3055037558078766
2024,2020,CSM,1,quiet,0.22830788791179657,0.4649369418621063,0.30675509572029114
2024,2020,Cholera,2,quiet,0.2310149371623993,0.46705731749534607,0.3019278049468994
2024,2020,Lassa Fever,3,quiet,0.22802865505218506,0.4656267762184143,0.30634453892707825
2024,2020,Measles,4,outbreak,0.2284889966249466,0.46712660789489746,0.3043844699859619
2024,2020,Mpox,5,quiet,0.22969438135623932,0.4672933518886566,0.30301231145858765
2024,2020,Yellow Fever,6,quiet,0.22732867300510406,0.46991121768951416,0.3027600944042206
2024,2020,AFP,0,quiet,0.25912514328956604,0.43535423278808594,0.305520623922348
2024,2020,CSM,1,quiet,0.25916892290115356,0.43422284722328186,0.3066082000732422
2024,2020,Cholera,2,quiet,0.2582278549671173,0.4412524402141571,0.3005196452140808
2024,2020,Lassa Fever,3,quiet,0.25932854413986206,0.4365980327129364,0.30407336354255676
2024,2020,Measles,4,quiet,0.2570328414440155,0.43966910243034363,0.3032979965209961
2024,2020,Mpox,5,quiet,0.259782999753952,0.436292439699173,0.3039245307445526
2024,2020,Yellow Fever,6,quiet,0.25864750146865845,0.4417305886745453,0.29962193965911865
2024,2020,AFP,0,quiet,0.250544011592865,0.4740554392337799,0.2754005491733551
2024,2020,CSM,1,quiet,0.2506360411643982,0.47324368357658386,0.27612021565437317
2024,2020,Cholera,2,quiet,0.2512473464012146,0.476044237613678,0.2727084755897522
2024,2020,Lassa Fever,3,quiet,0.24982072412967682,0.47248131036758423,0.27769798040390015
2024,2020,Measles,4,quiet,0.24901103973388672,0.4748040437698364,0.27618497610092163
2024,2020,Mpox,5,quiet,0.2505435347557068,0.47500941157341003,0.27444708347320557
2024,2020,Yellow Fever,6,quiet,0.25108247995376587,0.4780528247356415,0.27086469531059265
2024,2020,AFP,0,quiet,0.24499493837356567,0.4860841631889343,0.2689208686351776
2024,2020,CSM,1,quiet,0.24559466540813446,0.48504507541656494,0.2693602740764618
2024,2020,Cholera,2,quiet,0.24565859138965607,0.48807549476623535,0.26626595854759216
2024,2020,Lassa Fever,3,quiet,0.24611365795135498,0.4836947023868561,0.27019160985946655
2024,2020,Measles,4,quiet,0.24522143602371216,0.48605087399482727,0.26872777938842773
2024,2020,Mpox,5,quiet,0.24619388580322266,0.4864887297153473,0.26731741428375244
2024,2020,Yellow Fever,6,quiet,0.24585865437984467,0.4899095296859741,0.2642318606376648
2024,2020,AFP,0,quiet,0.10907528549432755,0.15128326416015625,0.7396414279937744
2024,2020,CSM,1,quiet,0.10706973075866699,0.15041637420654297,0.74251389503479
2024,2020,Cholera,2,quiet,0.1141803190112114,0.15606412291526794,0.7297556400299072
2024,2020,Lassa Fever,3,quiet,0.10736646503210068,0.15808738768100739,0.7345461249351501
2024,2020,Measles,4,outbreak,0.11264710873365402,0.15643610060214996,0.7309167981147766
2024,2020,Mpox,5,quiet,0.11079350858926773,0.14992210268974304,0.7392843961715698
2024,2020,Yellow Fever,6,quiet,0.1092606633901596,0.1540292501449585,0.7367100715637207
2024,2020,AFP,0,outbreak,0.16294769942760468,0.29850220680236816,0.538550078868866
2024,2020,CSM,1,quiet,0.16029125452041626,0.2969863712787628,0.5427224040031433
2024,2020,Cholera,2,quiet,0.16722147166728973,0.30767571926116943,0.5251027941703796
2024,2020,Lassa Fever,3,outbreak,0.15959519147872925,0.3112157881259918,0.5291890501976013
2024,2020,Measles,4,outbreak,0.16685433685779572,0.3045148551464081,0.5286308526992798
2024,2020,Mpox,5,quiet,0.16531260311603546,0.2966318726539612,0.5380555391311646
2024,2020,Yellow Fever,6,quiet,0.1620955616235733,0.30529382824897766,0.5326105952262878
2024,2020,AFP,0,quiet,0.18882626295089722,0.41364139318466187,0.3975323438644409
2024,2020,CSM,1,quiet,0.1884298473596573,0.4087506830692291,0.4028194844722748
2024,2020,Cholera,2,quiet,0.1904536932706833,0.41418614983558655,0.39536020159721375
2024,2020,Lassa Fever,3,quiet,0.18712779879570007,0.421359121799469,0.3915131092071533
2024,2020,Measles,4,quiet,0.19171465933322906,0.41678640246391296,0.39149895310401917
2024,2020,Mpox,5,quiet,0.19118936359882355,0.4114378094673157,0.3973728120326996
2024,2020,Yellow Fever,6,quiet,0.1917431801557541,0.41248443722724915,0.3957723379135132
2024,2020,AFP,0,outbreak,0.1897069364786148,0.3618403375148773,0.4484526813030243
2024,2020,CSM,1,quiet,0.18955855071544647,0.3576565384864807,0.4527848958969116
2024,2020,Cholera,2,quiet,0.19112582504749298,0.3625694215297699,0.4463047683238983
2024,2020,Lassa Fever,3,quiet,0.1877063661813736,0.369668185710907,0.442625492811203
2024,2020,Measles,4,quiet,0.19202780723571777,0.3655930757522583,0.4423791170120239
2024,2020,Mpox,5,quiet,0.19175007939338684,0.3599444329738617,0.44830548763275146
2024,2020,Yellow Fever,6,quiet,0.1940576136112213,0.36062273383140564,0.44531968235969543
2024,2020,AFP,0,quiet,0.24850976467132568,0.3727854788303375,0.3787047266960144
2024,2020,CSM,1,quiet,0.24520866572856903,0.37629786133766174,0.37849345803260803
2024,2020,Cholera,2,quiet,0.24856744706630707,0.3745642304420471,0.3768683969974518
2024,2020,Lassa Fever,3,quiet,0.24859902262687683,0.3734379708766937,0.37796300649642944
2024,2020,Measles,4,quiet,0.24455849826335907,0.3770485818386078,0.37839293479919434
2024,2020,Mpox,5,quiet,0.24443599581718445,0.37684956192970276,0.37871450185775757
2024,2020,Yellow Fever,6,quiet,0.24889922142028809,0.3729592263698578,0.3781415522098541
2024,2020,AFP,0,outbreak,0.28666219115257263,0.24590805172920227,0.4674297273159027
2024,2020,CSM,1,quiet,0.28622257709503174,0.25048261880874634,0.4632948935031891
2024,2020,Cholera,2,quiet,0.28679198026657104,0.24651353061199188,0.46669450402259827
2024,2020,Lassa Fever,3,quiet,0.28685304522514343,0.24643179774284363,0.4667151868343353
2024,2020,Measles,4,quiet,0.28827565908432007,0.2475881427526474,0.46413618326187134
2024,2020,Mpox,5,quiet,0.28598111867904663,0.24745139479637146,0.46656742691993713
2024,2020,Yellow Fever,6,quiet,0.2865411043167114,0.2463509440422058,0.46710798144340515
2024,2020,AFP,0,quiet,0.2254454493522644,0.3518587052822113,0.4226958453655243
2024,2020,CSM,1,quiet,0.2255486249923706,0.35182416439056396,0.42262715101242065
2024,2020,Cholera,2,quiet,0.2227456271648407,0.356509804725647,0.42074456810951233
2024,2020,Lassa Fever,3,quiet,0.22548380494117737,0.35469430685043335,0.41982191801071167
2024,2020,Measles,4,quiet,0.2285194844007492,0.3594173192977905,0.4120631515979767
2024,2020,Mpox,5,outbreak,0.226955845952034,0.3534170687198639,0.4196270704269409
2024,2020,Yellow Fever,6,quiet,0.22242611646652222,0.3602029085159302,0.4173709750175476
2024,2020,AFP,0,quiet,0.3029802739620209,0.2499568909406662,0.44706282019615173
2024,2020,CSM,1,quiet,0.30074089765548706,0.25386619567871094,0.4453929364681244
2024,2020,Cholera,2,quiet,0.3023354709148407,0.2507808208465576,0.4468837082386017
2024,2020,Lassa Fever,3,quiet,0.30192920565605164,0.25554391741752625,0.44252684712409973
2024,2020,Measles,4,quiet,0.3016912043094635,0.2555009126663208,0.4428079128265381
2024,2020,Mpox,5,quiet,0.3005167841911316,0.2514874339103699,0.44799572229385376
2024,2020,Yellow Fever,6,quiet,0.30167338252067566,0.25229063630104065,0.4460359513759613
2024,2020,AFP,0,quiet,0.274308443069458,0.2917481064796448,0.43394336104393005
2024,2020,CSM,1,quiet,0.27262255549430847,0.29415565729141235,0.4332217872142792
2024,2020,Cholera,2,outbreak,0.2723376750946045,0.29031410813331604,0.43734821677207947
2024,2020,Lassa Fever,3,quiet,0.27342239022254944,0.2964954972267151,0.43008217215538025
2024,2020,Measles,4,quiet,0.2693660855293274,0.2972695529460907,0.4333643615245819
2024,2020,Mpox,5,quiet,0.2701067626476288,0.2938774526119232,0.4360157549381256
2024,2020,Yellow Fever,6,quiet,0.27442818880081177,0.2941662073135376,0.43140560388565063
2024,2020,AFP,0,quiet,0.26710090041160583,0.26997387409210205,0.4629252851009369
2024,2020,CSM,1,quiet,0.26462119817733765,0.26996591687202454,0.46541285514831543
2024,2020,Cholera,2,quiet,0.26762136816978455,0.2703181207180023,0.4620605707168579
2024,2020,Lassa Fever,3,quiet,0.2602975368499756,0.27188169956207275,0.46782076358795166
2024,2020,Measles,4,quiet,0.26476094126701355,0.2719912827014923,0.46324774622917175
2024,2020,Mpox,5,quiet,0.26570019125938416,0.26924237608909607,0.46505746245384216
2024,2020,Yellow Fever,6,quiet,0.2641250193119049,0.2714039385318756,0.46447110176086426
2024,2020,AFP,0,quiet,0.2485196888446808,0.27734217047691345,0.4741381108760834
2024,2020,CSM,1,quiet,0.2461552619934082,0.27726951241493225,0.47657519578933716
2024,2020,Cholera,2,quiet,0.24896001815795898,0.2777196168899536,0.4733203947544098
2024,2020,Lassa Fever,3,quiet,0.24203377962112427,0.27912232279777527,0.4788438677787781
2024,2020,Measles,4,quiet,0.24628694355487823,0.2793515920639038,0.474361389875412
2024,2020,Mpox,5,quiet,0.24718448519706726,0.27655497193336487,0.4762604534626007
2024,2020,Yellow Fever,6,quiet,0.24568119645118713,0.2787322402000427,0.47558650374412537
2024,2020,AFP,0,quiet,0.15798988938331604,0.27912649512290955,0.5628836750984192
2024,2020,CSM,1,quiet,0.1554189920425415,0.2782963514328003,0.566284716129303
2024,2020,Cholera,2,quiet,0.1583676040172577,0.2818376421928406,0.5597947239875793
2024,2020,Lassa Fever,3,quiet,0.15564876794815063,0.2773854434490204,0.5669657588005066
2024,2020,Measles,4,quiet,0.1583881974220276,0.2811037600040436,0.5605080723762512
2024,2020,Mpox,5,quiet,0.1575317680835724,0.27846017479896545,0.5640080571174622
2024,2020,Yellow Fever,6,quiet,0.15448631346225739,0.2806161642074585,0.5648974776268005
2024,2020,AFP,0,quiet,0.11989956349134445,0.2898906171321869,0.5902098417282104
2024,2020,CSM,1,quiet,0.11921713501214981,0.2925477921962738,0.588235080242157
2024,2020,Cholera,2,quiet,0.1193317174911499,0.2903144657611847,0.5903537273406982
2024,2020,Lassa Fever,3,quiet,0.11842875182628632,0.289804071187973,0.5917671918869019
2024,2020,Measles,4,quiet,0.12070493400096893,0.29548680782318115,0.5838082432746887
2024,2020,Mpox,5,quiet,0.11976555734872818,0.29327479004859924,0.5869596004486084
2024,2020,Yellow Fever,6,quiet,0.11822666227817535,0.2933381497859955,0.588435173034668
2024,2020,AFP,0,quiet,0.2715871036052704,0.27227523922920227,0.45613765716552734
2024,2020,CSM,1,quiet,0.2667422294616699,0.27327704429626465,0.45998072624206543
2024,2020,Cholera,2,quiet,0.26710227131843567,0.27163997292518616,0.4612577557563782
2024,2020,Lassa Fever,3,quiet,0.26654669642448425,0.2727294862270355,0.46072378754615784
2024,2020,Measles,4,quiet,0.2658492922782898,0.2746517062187195,0.4594990015029907
2024,2020,Mpox,5,quiet,0.266040176153183,0.2728332579135895,0.46112656593322754
2024,2020,Yellow Fever,6,quiet,0.26865825057029724,0.2735512852668762,0.45779043436050415
2024,2020,AFP,0,quiet,0.2682105004787445,0.30129319429397583,0.43049636483192444
2024,2020,CSM,1,quiet,0.2613486051559448,0.3010566234588623,0.43759477138519287
2024,2020,Cholera,2,quiet,0.2656756043434143,0.3027839958667755,0.4315403699874878
2024,2020,Lassa Fever,3,quiet,0.2688179314136505,0.3049710988998413,0.4262109398841858
2024,2020,Measles,4,quiet,0.26590198278427124,0.3079315721988678,0.4261664152145386
2024,2020,Mpox,5,quiet,0.2636307179927826,0.3023734986782074,0.4339958131313324
2024,2020,Yellow Fever,6,quiet,0.2702752947807312,0.3051146864891052,0.42461004853248596
2024,2020,AFP,0,quiet,0.27002963423728943,0.32709768414497375,0.40287265181541443
2024,2020,CSM,1,quiet,0.2680075764656067,0.33214235305786133,0.3998500108718872
2024,2020,Cholera,2,quiet,0.2685070037841797,0.32484790682792664,0.40664514899253845
2024,2020,Lassa Fever,3,quiet,0.2687121331691742,0.3327937424182892,0.398494154214859
2024,2020,Measles,4,quiet,0.26543501019477844,0.3317923843860626,0.40277260541915894
2024,2020,Mpox,5,quiet,0.26586243510246277,0.3300853967666626,0.4040522277355194
2024,2020,Yellow Fever,6,quiet,0.2695137560367584,0.3309236466884613,0.3995625972747803
2024,2020,AFP,0,quiet,0.22347964346408844,0.3766743838787079,0.3998459577560425
2024,2020,CSM,1,quiet,0.2209872603416443,0.3791762888431549,0.3998364806175232
2024,2020,Cholera,2,quiet,0.22090217471122742,0.3765299320220947,0.40256786346435547
2024,2020,Lassa Fever,3,quiet,0.22414271533489227,0.38043448328971863,0.3954228460788727
2024,2020,Measles,4,quiet,0.21999800205230713,0.37763711810112,0.4023648500442505
2024,2020,Mpox,5,quiet,0.21905063092708588,0.3792414665222168,0.40170785784721375
2024,2020,Yellow Fever,6,quiet,0.22319433093070984,0.3825325071811676,0.39427316188812256
2024,2020,AFP,0,quiet,0.27857109904289246,0.3359019458293915,0.3855269253253937
2024,2020,CSM,1,quiet,0.27641990780830383,0.3348739743232727,0.38870614767074585
2024,2020,Cholera,2,quiet,0.2764070928096771,0.335842490196228,0.38775041699409485
2024,2020,Lassa Fever,3,quiet,0.2763218283653259,0.34086236357688904,0.3828158676624298
2024,2020,Measles,4,quiet,0.27288389205932617,0.34291258454322815,0.3842034637928009
2024,2020,Mpox,5,quiet,0.27409684658050537,0.33730781078338623,0.388595312833786
2024,2020,Yellow Fever,6,quiet,0.2781048119068146,0.3417471945285797,0.3801480233669281
2024,2020,AFP,0,quiet,0.2464899867773056,0.2830994427204132,0.4704105854034424
2024,2020,CSM,1,quiet,0.24713531136512756,0.2842058837413788,0.46865883469581604
2024,2020,Cholera,2,outbreak,0.24954469501972198,0.2865160405635834,0.46393924951553345
2024,2020,Lassa Fever,3,outbreak,0.2437177300453186,0.29489877820014954,0.4613834321498871
2024,2020,Measles,4,quiet,0.2461688369512558,0.2849656045436859,0.4688655138015747
2024,2020,Mpox,5,quiet,0.2467040866613388,0.2813771665096283,0.4719187617301941
2024,2020,Yellow Fever,6,quiet,0.24741876125335693,0.29225248098373413,0.46032875776290894
2024,2020,AFP,0,quiet,0.24614422023296356,0.2672584652900696,0.4865973889827728
2024,2020,CSM,1,quiet,0.2455998808145523,0.2661483585834503,0.4882517158985138
2024,2020,Cholera,2,outbreak,0.24875478446483612,0.27191194891929626,0.4793333113193512
2024,2020,Lassa Fever,3,quiet,0.2423989325761795,0.27462658286094666,0.48297446966171265
2024,2020,Measles,4,quiet,0.2457166463136673,0.2660665214061737,0.4882168173789978
2024,2020,Mpox,5,quiet,0.24597449600696564,0.26329460740089417,0.49073097109794617
2024,2020,Yellow Fever,6,quiet,0.2461550533771515,0.2770770788192749,0.47676795721054077
2024,2020,AFP,0,quiet,0.2440989911556244,0.3190772831439972,0.4368237257003784
2024,2020,CSM,1,quiet,0.2433345913887024,0.31835487484931946,0.43831053376197815
2024,2020,Cholera,2,outbreak,0.2428697943687439,0.3238004744052887,0.4333297610282898
2024,2020,Lassa Fever,3,quiet,0.24127107858657837,0.3265638053417206,0.43216514587402344
2024,2020,Measles,4,quiet,0.24477288126945496,0.32276514172554016,0.4324619472026825
2024,2020,Mpox,5,quiet,0.24403147399425507,0.3185254633426666,0.4374430775642395
2024,2020,Yellow Fever,6,quiet,0.24364492297172546,0.3285091817378998,0.42784592509269714
2024,2020,AFP,0,quiet,0.23619116842746735,0.4520464539527893,0.31176242232322693
2024,2020,CSM,1,quiet,0.23275619745254517,0.4493962228298187,0.31784749031066895
2024,2020,Cholera,2,quiet,0.23264819383621216,0.45878827571868896,0.3085634410381317
2024,2020,Lassa Fever,3,outbreak,0.2374010682106018,0.45310795307159424,0.3094908893108368
2024,2020,Measles,4,quiet,0.23247866332530975,0.4557739496231079,0.31174737215042114
2024,2020,Mpox,5,quiet,0.23250454664230347,0.4528188109397888,0.3146766424179077
2024,2020,Yellow Fever,6,quiet,0.23199965059757233,0.4607124924659729,0.3072878420352936
2024,2020,AFP,0,quiet,0.2911387085914612,0.38847315311431885,0.3203881084918976
2024,2020,CSM,1,quiet,0.2885071337223053,0.38030385971069336,0.33118900656700134
2024,2020,Cholera,2,quiet,0.28737279772758484,0.39296242594718933,0.3196648061275482
2024,2020,Lassa Fever,3,outbreak,0.29403236508369446,0.3847924470901489,0.32117509841918945
2024,2020,Measles,4,quiet,0.2905654013156891,0.39061492681503296,0.31881964206695557
2024,2020,Mpox,5,quiet,0.2875605821609497,0.38796886801719666,0.32447052001953125
2024,2020,Yellow Fever,6,outbreak,0.2911229133605957,0.38855573534965515,0.32032132148742676
2024,2020,AFP,0,quiet,0.2393292486667633,0.4009133279323578,0.3597573935985565
2024,2020,CSM,1,quiet,0.2409176081418991,0.39233502745628357,0.36674734950065613
2024,2020,Cholera,2,quiet,0.23680664598941803,0.4057045876979828,0.3574886918067932
2024,2020,Lassa Fever,3,quiet,0.24008598923683167,0.3987606465816498,0.36115333437919617
2024,2020,Measles,4,quiet,0.2387753129005432,0.4013625681400299,0.3598620593547821
2024,2020,Mpox,5,quiet,0.24003233015537262,0.39801251888275146,0.3619551658630371
2024,2020,Yellow Fever,6,outbreak,0.2383292019367218,0.4026157855987549,0.3590550422668457
2024,2020,AFP,0,quiet,0.21012191474437714,0.41692936420440674,0.37294867634773254
2024,2020,CSM,1,quiet,0.21075862646102905,0.4110962152481079,0.3781452178955078
2024,2020,Cholera,2,quiet,0.21003805100917816,0.41939789056777954,0.3705640733242035
2024,2020,Lassa Fever,3,outbreak,0.21046839654445648,0.4151909649372101,0.374340683221817
2024,2020,Measles,4,quiet,0.20931962132453918,0.41415736079216003,0.3765230178833008
2024,2020,Mpox,5,quiet,0.21000134944915771,0.4143121540546417,0.37568655610084534
2024,2020,Yellow Fever,6,outbreak,0.2088518738746643,0.4156849980354309,0.37546306848526
2024,2020,AFP,0,quiet,0.18708035349845886,0.4855740964412689,0.3273455798625946
2024,2020,CSM,1,quiet,0.1881343275308609,0.47822168469429016,0.33364400267601013
2024,2020,Cholera,2,quiet,0.18717484176158905,0.48674336075782776,0.3260818123817444
2024,2020,Lassa Fever,3,quiet,0.18765993416309357,0.48243147134780884,0.3299086391925812
2024,2020,Measles,4,quiet,0.18652790784835815,0.48264458775520325,0.3308274447917938
2024,2020,Mpox,5,quiet,0.18707896769046783,0.48315563797950745,0.3297654390335083
2024,2020,Yellow Fever,6,outbreak,0.18621084094047546,0.4829462766647339,0.33084285259246826
2024,2020,AFP,0,quiet,0.19887468218803406,0.5331658720970154,0.2679594159126282
2024,2020,CSM,1,quiet,0.20027069747447968,0.5260181427001953,0.2737111449241638
2024,2020,Cholera,2,quiet,0.19811519980430603,0.5338612794876099,0.2680235803127289
2024,2020,Lassa Fever,3,quiet,0.20105528831481934,0.5307900905609131,0.2681545615196228
2024,2020,Measles,4,quiet,0.2004602998495102,0.5315189957618713,0.26802074909210205
2024,2020,Mpox,5,quiet,0.1992880254983902,0.53105628490448,0.26965567469596863
2024,2020,Yellow Fever,6,quiet,0.19930362701416016,0.531423807144165,0.26927250623703003
2024,2020,AFP,0,quiet,0.18860295414924622,0.608483076095581,0.20291398465633392
2024,2020,CSM,1,quiet,0.18826302886009216,0.6071162819862366,0.20462064445018768
2024,2020,Cholera,2,quiet,0.18723978102207184,0.612241268157959,0.2005189210176468
2024,2020,Lassa Fever,3,quiet,0.18850360810756683,0.6105371117591858,0.20095936954021454
2024,2020,Measles,4,quiet,0.187833771109581,0.6122781038284302,0.19988811016082764
2024,2020,Mpox,5,quiet,0.18762920796871185,0.6098193526268005,0.2025514543056488
2024,2020,Yellow Fever,6,outbreak,0.18853341042995453,0.6094085574150085,0.2020580768585205
2024,2020,AFP,0,quiet,0.17374297976493835,0.5715330243110657,0.2547239661216736
2024,2020,CSM,1,quiet,0.17310656607151031,0.5719141364097595,0.25497934222221375
2024,2020,Cholera,2,quiet,0.17297613620758057,0.5712350010871887,0.2557888329029083
2024,2020,Lassa Fever,3,quiet,0.17248593270778656,0.5746092796325684,0.2529047429561615
2024,2020,Measles,4,quiet,0.17342041432857513,0.573240339756012,0.2533392310142517
2024,2020,Mpox,5,quiet,0.17303504049777985,0.5737809538841248,0.253184050321579
2024,2020,Yellow Fever,6,quiet,0.17392659187316895,0.5707074999809265,0.25536590814590454
2024,2021,AFP,0,quiet,0.2483144998550415,0.3647759258747101,0.3869096040725708
2024,2021,CSM,1,quiet,0.2631559669971466,0.3797766864299774,0.35706737637519836
2024,2021,Cholera,2,quiet,0.2624693810939789,0.373602956533432,0.3639276623725891
2024,2021,Lassa Fever,3,quiet,0.2518421709537506,0.3695336580276489,0.3786242604255676
2024,2021,Measles,4,quiet,0.25029146671295166,0.36999621987342834,0.3797123432159424
2024,2021,Mpox,5,quiet,0.25430214405059814,0.372234970331192,0.37346288561820984
2024,2021,Yellow Fever,6,quiet,0.2619844973087311,0.3752022683620453,0.362813264131546
2024,2021,AFP,0,quiet,0.21538220345973969,0.4580328166484833,0.3265850245952606
2024,2021,CSM,1,quiet,0.21760308742523193,0.47127044200897217,0.31112655997276306
2024,2021,Cholera,2,quiet,0.21233704686164856,0.4643705487251282,0.3232923746109009
2024,2021,Lassa Fever,3,outbreak,0.22056254744529724,0.46703603863716125,0.3124014735221863
2024,2021,Measles,4,quiet,0.21818912029266357,0.46585220098495483,0.3159586787223816
2024,2021,Mpox,5,outbreak,0.21775828301906586,0.4649825990200043,0.3172590434551239
2024,2021,Yellow Fever,6,quiet,0.21717245876789093,0.4669022560119629,0.315925270318985
2024,2021,AFP,0,quiet,0.2599690556526184,0.48895615339279175,0.25107473134994507
2024,2021,CSM,1,quiet,0.2547869086265564,0.49339964985847473,0.25181344151496887
2024,2021,Cholera,2,quiet,0.25743070244789124,0.49082306027412415,0.25174620747566223
2024,2021,Lassa Fever,3,outbreak,0.25754424929618835,0.49810367822647095,0.2443520426750183
2024,2021,Measles,4,quiet,0.25808510184288025,0.492063045501709,0.24985189735889435
2024,2021,Mpox,5,outbreak,0.25763601064682007,0.49336564540863037,0.24899837374687195
2024,2021,Yellow Fever,6,quiet,0.25765249133110046,0.49757522344589233,0.24477222561836243
2024,2021,AFP,0,quiet,0.20035886764526367,0.3667210042476654,0.43292009830474854
2024,2021,CSM,1,quiet,0.20868492126464844,0.37448418140411377,0.4168308675289154
2024,2021,Cholera,2,outbreak,0.2084553986787796,0.37329721450805664,0.41824743151664734
2024,2021,Lassa Fever,3,outbreak,0.2021271139383316,0.3722377121448517,0.4256351888179779
2024,2021,Measles,4,quiet,0.19907279312610626,0.37165945768356323,0.4292677044868469
2024,2021,Mpox,5,outbreak,0.2034253031015396,0.36406221985816956,0.4325125217437744
2024,2021,Yellow Fever,6,quiet,0.20898762345314026,0.37727102637290955,0.4137413203716278
2024,2021,AFP,0,quiet,0.23324663937091827,0.27917900681495667,0.4875743091106415
2024,2021,CSM,1,quiet,0.23495551943778992,0.2769853174686432,0.48805925250053406
2024,2021,Cholera,2,quiet,0.23842446506023407,0.27969667315483093,0.4818788170814514
2024,2021,Lassa Fever,3,outbreak,0.2305728644132614,0.28356316685676575,0.48586398363113403
2024,2021,Measles,4,outbreak,0.22927185893058777,0.28196531534194946,0.48876288533210754
2024,2021,Mpox,5,outbreak,0.2328011840581894,0.27512186765670776,0.49207696318626404
2024,2021,Yellow Fever,6,quiet,0.2380274534225464,0.28105688095092773,0.48091572523117065
2024,2021,AFP,0,quiet,0.2612258493900299,0.4767732620239258,0.2620009481906891
2024,2021,CSM,1,quiet,0.2723122835159302,0.46531036496162415,0.2623772621154785
2024,2021,Cholera,2,outbreak,0.26611757278442383,0.47949182987213135,0.254390686750412
2024,2021,Lassa Fever,3,outbreak,0.26728036999702454,0.4721144437789917,0.2606051564216614
2024,2021,Measles,4,quiet,0.26206088066101074,0.4754858613014221,0.26245325803756714
2024,2021,Mpox,5,outbreak,0.2673511803150177,0.47083398699760437,0.26181483268737793
2024,2021,Yellow Fever,6,quiet,0.26793327927589417,0.47490307688713074,0.2571636140346527
2024,2021,AFP,0,quiet,0.23158486187458038,0.3599705100059509,0.4084446430206299
2024,2021,CSM,1,quiet,0.24535229802131653,0.35806477069854736,0.3965829312801361
2024,2021,Cholera,2,quiet,0.24916796386241913,0.3658866286277771,0.38494545221328735
2024,2021,Lassa Fever,3,outbreak,0.2358798235654831,0.36025187373161316,0.40386831760406494
2024,2021,Measles,4,quiet,0.23118528723716736,0.3607330918312073,0.40808165073394775
2024,2021,Mpox,5,outbreak,0.23965945839881897,0.3580441474914551,0.40229639410972595
2024,2021,Yellow Fever,6,quiet,0.2444450706243515,0.3674338757991791,0.3881210684776306
2024,2021,AFP,0,quiet,0.26347506046295166,0.32442930340766907,0.41209566593170166
2024,2021,CSM,1,quiet,0.27455565333366394,0.32204723358154297,0.4033970534801483
2024,2021,Cholera,2,outbreak,0.2784448564052582,0.3266212046146393,0.39493393898010254
2024,2021,Lassa Fever,3,outbreak,0.2673497796058655,0.32305842638015747,0.4095918536186218
2024,2021,Measles,4,outbreak,0.2616959810256958,0.3275240361690521,0.4107799828052521
2024,2021,Mpox,5,outbreak,0.26998811960220337,0.3200913965702057,0.40992048382759094
2024,2021,Yellow Fever,6,quiet,0.2726396322250366,0.3244236409664154,0.40293675661087036
2024,2021,AFP,0,quiet,0.2506832182407379,0.46915632486343384,0.28016045689582825
2024,2021,CSM,1,quiet,0.26905137300491333,0.4627949297428131,0.26815369725227356
2024,2021,Cholera,2,quiet,0.2650083601474762,0.46886584162712097,0.26612579822540283
2024,2021,Lassa Fever,3,outbreak,0.259439080953598,0.47170290350914,0.2688579857349396
2024,2021,Measles,4,outbreak,0.25444501638412476,0.4728217124938965,0.27273333072662354
2024,2021,Mpox,5,outbreak,0.26101547479629517,0.4672403335571289,0.2717441916465759
2024,2021,Yellow Fever,6,outbreak,0.26654231548309326,0.4729682207107544,0.26048940420150757
2024,2021,AFP,0,quiet,0.27596354484558105,0.47459203004837036,0.24944444000720978
2024,2021,CSM,1,quiet,0.2823915481567383,0.48017746210098267,0.23743101954460144
2024,2021,Cholera,2,outbreak,0.27950507402420044,0.47870302200317383,0.24179193377494812
2024,2021,Lassa Fever,3,outbreak,0.28194937109947205,0.4784541726112366,0.23959648609161377
2024,2021,Measles,4,quiet,0.2793293595314026,0.47437646985054016,0.24629412591457367
2024,2021,Mpox,5,quiet,0.277913898229599,0.4780155420303345,0.24407058954238892
2024,2021,Yellow Fever,6,outbreak,0.2834344804286957,0.4750806391239166,0.2414848506450653
2024,2021,AFP,0,quiet,0.22664909064769745,0.33017390966415405,0.44317707419395447
2024,2021,CSM,1,quiet,0.24020208418369293,0.3344711363315582,0.42532673478126526
2024,2021,Cholera,2,outbreak,0.23428694903850555,0.3376314342021942,0.4280816316604614
2024,2021,Lassa Fever,3,outbreak,0.2346459925174713,0.3393627107143402,0.4259912967681885
2024,2021,Measles,4,quiet,0.23125693202018738,0.3332442045211792,0.4354988634586334
2024,2021,Mpox,5,quiet,0.23144035041332245,0.3320201337337494,0.43653953075408936
2024,2021,Yellow Fever,6,quiet,0.23651471734046936,0.33114615082740784,0.4323391020298004
2024,2021,AFP,0,quiet,0.13305044174194336,0.3628256916999817,0.504123866558075
2024,2021,CSM,1,quiet,0.14442811906337738,0.37197285890579224,0.48359906673431396
2024,2021,Cholera,2,outbreak,0.14056354761123657,0.3695347011089325,0.48990172147750854
2024,2021,Lassa Fever,3,quiet,0.13831627368927002,0.3715367615222931,0.4901469945907593
2024,2021,Measles,4,quiet,0.1379311978816986,0.3703248202800751,0.4917440116405487
2024,2021,Mpox,5,quiet,0.1358908861875534,0.36456260085105896,0.49954646825790405
2024,2021,Yellow Fever,6,quiet,0.14023874700069427,0.3684939444065094,0.49126729369163513
2024,2021,AFP,0,quiet,0.1463613510131836,0.3617326617240906,0.49190595746040344
2024,2021,CSM,1,outbreak,0.1603594422340393,0.37195631861686707,0.46768417954444885
2024,2021,Cholera,2,outbreak,0.15500378608703613,0.3687821328639984,0.47621408104896545
2024,2021,Lassa Fever,3,quiet,0.15263886749744415,0.3703392446041107,0.47702187299728394
2024,2021,Measles,4,outbreak,0.15253402292728424,0.3701378107070923,0.4773280918598175
2024,2021,Mpox,5,quiet,0.15003064274787903,0.3635190427303314,0.48645031452178955
2024,2021,Yellow Fever,6,quiet,0.155181884765625,0.36748018860816956,0.47733792662620544
2024,2021,AFP,0,quiet,0.12061598151922226,0.17900186777114868,0.7003821730613708
2024,2021,CSM,1,quiet,0.13228605687618256,0.18218642473220825,0.6855275630950928
2024,2021,Cholera,2,outbreak,0.12329624593257904,0.18127091228961945,0.6954328417778015
2024,2021,Lassa Fever,3,quiet,0.12676097452640533,0.18334953486919403,0.6898894906044006
2024,2021,Measles,4,outbreak,0.12733350694179535,0.18644705414772034,0.6862193942070007
2024,2021,Mpox,5,outbreak,0.1265842616558075,0.1824316531419754,0.6909840703010559
2024,2021,Yellow Fever,6,quiet,0.12636394798755646,0.178493469953537,0.6951425671577454
2024,2021,AFP,0,quiet,0.13015207648277283,0.1487755924463272,0.7210723161697388
2024,2021,CSM,1,outbreak,0.13787080347537994,0.14215922355651855,0.7199699878692627
2024,2021,Cholera,2,outbreak,0.13236896693706512,0.14628435671329498,0.7213466763496399
2024,2021,Lassa Fever,3,quiet,0.14095741510391235,0.15244406461715698,0.7065985798835754
2024,2021,Measles,4,outbreak,0.13628794252872467,0.15092825889587402,0.7127837538719177
2024,2021,Mpox,5,quiet,0.1342245638370514,0.1501164585351944,0.715658962726593
2024,2021,Yellow Fever,6,outbreak,0.13500070571899414,0.14515899121761322,0.7198402285575867
2024,2021,AFP,0,quiet,0.13963539898395538,0.26341384649276733,0.5969507694244385
2024,2021,CSM,1,quiet,0.14690032601356506,0.26086199283599854,0.592237651348114
2024,2021,Cholera,2,outbreak,0.1407272070646286,0.26091063022613525,0.598362147808075
2024,2021,Lassa Fever,3,quiet,0.14495199918746948,0.2662912905216217,0.5887567400932312
2024,2021,Measles,4,quiet,0.14250703155994415,0.26699480414390564,0.5904982089996338
2024,2021,Mpox,5,quiet,0.14317883551120758,0.2701551914215088,0.5866659879684448
2024,2021,Yellow Fever,6,quiet,0.14469164609909058,0.2609787881374359,0.5943295955657959
2024,2021,AFP,0,quiet,0.20255132019519806,0.22506728768348694,0.5723813772201538
2024,2021,CSM,1,quiet,0.21305955946445465,0.21236160397529602,0.5745788216590881
2024,2021,Cholera,2,outbreak,0.210123673081398,0.2210998386144638,0.5687764286994934
2024,2021,Lassa Fever,3,quiet,0.21394512057304382,0.2265223264694214,0.5595325827598572
2024,2021,Measles,4,outbreak,0.20838558673858643,0.22363339364528656,0.5679810643196106
2024,2021,Mpox,5,quiet,0.21066121757030487,0.22699907422065735,0.562339723110199
2024,2021,Yellow Fever,6,quiet,0.2133159637451172,0.21837647259235382,0.5683075189590454
2024,2021,AFP,0,quiet,0.26709404587745667,0.5062508583068848,0.22665508091449738
2024,2021,CSM,1,quiet,0.2830931842327118,0.49736523628234863,0.21954160928726196
2024,2021,Cholera,2,outbreak,0.273025244474411,0.5055131912231445,0.22146151959896088
2024,2021,Lassa Fever,3,quiet,0.2783622145652771,0.5050652623176575,0.21657250821590424
2024,2021,Measles,4,outbreak,0.2732171416282654,0.5040907859802246,0.2226920872926712
2024,2021,Mpox,5,outbreak,0.27340394258499146,0.5055338740348816,0.22106218338012695
2024,2021,Yellow Fever,6,quiet,0.2779911756515503,0.49991941452026367,0.22208942472934723
2024,2021,AFP,0,quiet,0.2344878613948822,0.23100461065769196,0.5345075726509094
2024,2021,CSM,1,quiet,0.24829690158367157,0.2188245952129364,0.5328785181045532
2024,2021,Cholera,2,outbreak,0.2444639503955841,0.2274690717458725,0.5280669927597046
2024,2021,Lassa Fever,3,quiet,0.25052085518836975,0.23324353992938995,0.5162355899810791
2024,2021,Measles,4,outbreak,0.24200505018234253,0.2307174950838089,0.5272774696350098
2024,2021,Mpox,5,outbreak,0.24612464010715485,0.23238299787044525,0.5214924216270447
2024,2021,Yellow Fever,6,quiet,0.24948765337467194,0.22588671743869781,0.5246256589889526
2024,2021,AFP,0,quiet,0.24135573208332062,0.5263718366622925,0.2322724610567093
2024,2021,CSM,1,quiet,0.2512410879135132,0.5089569091796875,0.23980207741260529
2024,2021,Cholera,2,outbreak,0.2487107813358307,0.5246202945709229,0.22666890919208527
2024,2021,Lassa Fever,3,quiet,0.2475692480802536,0.5171809792518616,0.23524978756904602
2024,2021,Measles,4,outbreak,0.2426338940858841,0.5193675756454468,0.23799854516983032
2024,2021,Mpox,5,outbreak,0.24300268292427063,0.5272461175918579,0.22975119948387146
2024,2021,Yellow Fever,6,quiet,0.24972188472747803,0.5215646624565125,0.22871346771717072
2024,2021,AFP,0,outbreak,0.26459845900535583,0.5119854211807251,0.22341619431972504
2024,2021,CSM,1,quiet,0.27656370401382446,0.5042646527290344,0.2191716730594635
2024,2021,Cholera,2,outbreak,0.2687053680419922,0.5121586918830872,0.21913595497608185
2024,2021,Lassa Fever,3,quiet,0.2718054950237274,0.5087125897407532,0.2194819450378418
2024,2021,Measles,4,outbreak,0.2673754096031189,0.5122531652450562,0.22037139534950256
2024,2021,Mpox,5,outbreak,0.26911550760269165,0.5140166282653809,0.21686792373657227
2024,2021,Yellow Fever,6,quiet,0.2738504707813263,0.5066322088241577,0.21951736509799957
2024,2021,AFP,0,quiet,0.1596870720386505,0.39436405897140503,0.44594889879226685
2024,2021,CSM,1,quiet,0.1708974391222,0.3875559866428375,0.4415465295314789
2024,2021,Cholera,2,outbreak,0.16131944954395294,0.39819276332855225,0.4404877722263336
2024,2021,Lassa Fever,3,quiet,0.16493858397006989,0.39250025153160095,0.4425611197948456
2024,2021,Measles,4,quiet,0.16021817922592163,0.3929752707481384,0.44680655002593994
2024,2021,Mpox,5,outbreak,0.1650601327419281,0.39850011467933655,0.4364396631717682
2024,2021,Yellow Fever,6,quiet,0.16907556354999542,0.3949083983898163,0.4360160231590271
2024,2021,AFP,0,outbreak,0.21989110112190247,0.3857320249080658,0.39437681436538696
2024,2021,CSM,1,quiet,0.23011060059070587,0.3803373873233795,0.3895519971847534
2024,2021,Cholera,2,outbreak,0.2214825600385666,0.3801311254501343,0.3983863592147827
2024,2021,Lassa Fever,3,quiet,0.22693443298339844,0.38834118843078613,0.38472437858581543
2024,2021,Measles,4,outbreak,0.22232089936733246,0.3874038755893707,0.3902752101421356
2024,2021,Mpox,5,outbreak,0.22469906508922577,0.38341090083122253,0.3918900489807129
2024,2021,Yellow Fever,6,outbreak,0.22841741144657135,0.3874928057193756,0.38408979773521423
2024,2021,AFP,0,quiet,0.17725257575511932,0.3373306393623352,0.48541679978370667
2024,2021,CSM,1,quiet,0.18929827213287354,0.34591028094291687,0.4647914469242096
2024,2021,Cholera,2,outbreak,0.18084387481212616,0.3397040069103241,0.47945210337638855
2024,2021,Lassa Fever,3,quiet,0.18673080205917358,0.35565921664237976,0.45760998129844666
2024,2021,Measles,4,quiet,0.18381866812705994,0.3451017141342163,0.47107967734336853
2024,2021,Mpox,5,quiet,0.18287412822246552,0.34284740686416626,0.47427842020988464
2024,2021,Yellow Fever,6,quiet,0.1905813217163086,0.3520324230194092,0.4573862850666046
2024,2021,AFP,0,outbreak,0.27725714445114136,0.5047203898429871,0.2180224359035492
2024,2021,CSM,1,quiet,0.2883150577545166,0.5041553378105164,0.20752961933612823
2024,2021,Cholera,2,outbreak,0.28271040320396423,0.5013135075569153,0.2159760743379593
2024,2021,Lassa Fever,3,outbreak,0.28309348225593567,0.5135704278945923,0.20333614945411682
2024,2021,Measles,4,quiet,0.28136348724365234,0.5089911222457886,0.20964539051055908
2024,2021,Mpox,5,quiet,0.2835000157356262,0.5085175037384033,0.20798249542713165
2024,2021,Yellow Fever,6,quiet,0.28731369972229004,0.5106794238090515,0.20200687646865845
2024,2021,AFP,0,outbreak,0.21103034913539886,0.49535703659057617,0.2936125695705414
2024,2021,CSM,1,quiet,0.22113145887851715,0.4979879558086395,0.28088057041168213
2024,2021,Cholera,2,outbreak,0.2144547402858734,0.49262896180152893,0.29291635751724243
2024,2021,Lassa Fever,3,outbreak,0.2138439267873764,0.5077376961708069,0.27841833233833313
2024,2021,Measles,4,quiet,0.21448397636413574,0.501552164554596,0.2839638292789459
2024,2021,Mpox,5,outbreak,0.21460258960723877,0.5012736320495605,0.2841237187385559
2024,2021,Yellow Fever,6,quiet,0.21843066811561584,0.5031160116195679,0.2784532904624939
2024,2021,AFP,0,outbreak,0.19786149263381958,0.427100270986557,0.37503817677497864
2024,2021,CSM,1,quiet,0.208700031042099,0.431259423494339,0.360040545463562
2024,2021,Cholera,2,outbreak,0.20304252207279205,0.4278509318828583,0.3691064715385437
2024,2021,Lassa Fever,3,outbreak,0.20220699906349182,0.4391278624534607,0.3586651682853699
2024,2021,Measles,4,outbreak,0.19983483850955963,0.4315088093280792,0.36865636706352234
2024,2021,Mpox,5,outbreak,0.20412832498550415,0.43170541524887085,0.3641662299633026
2024,2021,Yellow Fever,6,quiet,0.20919598639011383,0.43857383728027344,0.35223016142845154
2024,2022,AFP,0,quiet,0.20858296751976013,0.46089980006217957,0.3305171728134155
2024,2022,CSM,1,quiet,0.22830379009246826,0.49368855357170105,0.27800753712654114
2024,2022,Cholera,2,outbreak,0.2302308827638626,0.4420933425426483,0.32767581939697266
2024,2022,Lassa Fever,3,quiet,0.08130496740341187,0.7594998478889465,0.1591951847076416
2024,2022,Measles,4,outbreak,0.0927823930978775,0.7470067739486694,0.16021084785461426
2024,2022,Mpox,5,quiet,0.21008643507957458,0.5185813307762146,0.2713322043418884
2024,2022,Yellow Fever,6,quiet,0.3362862467765808,0.32990264892578125,0.33381107449531555
2024,2022,AFP,0,outbreak,0.3282015919685364,0.37298059463500977,0.29881778359413147
2024,2022,CSM,1,outbreak,0.36377429962158203,0.34029364585876465,0.29593202471733093
2024,2022,Cholera,2,outbreak,0.3509770631790161,0.3448893129825592,0.3041336238384247
2024,2022,Lassa Fever,3,outbreak,0.257664293050766,0.5058953762054443,0.23644033074378967
2024,2022,Measles,4,outbreak,0.26364222168922424,0.49756479263305664,0.23879306018352509
2024,2022,Mpox,5,outbreak,0.3336641490459442,0.38629651069641113,0.28003934025764465
2024,2022,Yellow Fever,6,outbreak,0.3807581961154938,0.28811532258987427,0.33112654089927673
2024,2022,AFP,0,outbreak,0.16672243177890778,0.48642978072166443,0.3468477129936218
2024,2022,CSM,1,outbreak,0.18453717231750488,0.4892956018447876,0.3261672854423523
2024,2022,Cholera,2,outbreak,0.17270657420158386,0.4729430675506592,0.35435041785240173
2024,2022,Lassa Fever,3,outbreak,0.135101318359375,0.6085646152496338,0.2563340365886688
2024,2022,Measles,4,outbreak,0.14087918400764465,0.5964486002922058,0.26267221570014954
2024,2022,Mpox,5,outbreak,0.1749231517314911,0.4898621439933777,0.3352147042751312
2024,2022,Yellow Fever,6,outbreak,0.1700505018234253,0.45454996824264526,0.37539950013160706
2024,2022,AFP,0,outbreak,0.1808968484401703,0.5225391387939453,0.29656410217285156
2024,2022,CSM,1,outbreak,0.19096890091896057,0.5254092216491699,0.2836218774318695
2024,2022,Cholera,2,outbreak,0.18836183845996857,0.5121026635169983,0.29953551292419434
2024,2022,Lassa Fever,3,outbreak,0.14282041788101196,0.6296833753585815,0.2274962216615677
2024,2022,Measles,4,outbreak,0.14457690715789795,0.6259208917617798,0.22950218617916107
2024,2022,Mpox,5,outbreak,0.18288609385490417,0.5363125801086426,0.28080135583877563
2024,2022,Yellow Fever,6,outbreak,0.21123085916042328,0.46091195940971375,0.32785719633102417
2024,2022,AFP,0,outbreak,0.17877013981342316,0.5736014246940613,0.2476283460855484
2024,2022,CSM,1,outbreak,0.19864137470722198,0.5840967297554016,0.2172618806362152
2024,2022,Cholera,2,outbreak,0.19176511466503143,0.5588849186897278,0.249349907040596
2024,2022,Lassa Fever,3,outbreak,0.11341048777103424,0.7315873503684998,0.1550021469593048
2024,2022,Measles,4,outbreak,0.11988294124603271,0.725050687789917,0.1550663560628891
2024,2022,Mpox,5,outbreak,0.1859479397535324,0.5956323146820068,0.21841977536678314
2024,2022,Yellow Fever,6,outbreak,0.2160554826259613,0.4989054501056671,0.2850390374660492
2024,2022,AFP,0,outbreak,0.133086696267128,0.6650754809379578,0.20183783769607544
2024,2022,CSM,1,outbreak,0.13852468132972717,0.7012518644332886,0.16022352874279022
2024,2022,Cholera,2,outbreak,0.1421605348587036,0.6572399139404297,0.2005995213985443
2024,2022,Lassa Fever,3,quiet,0.04657088220119476,0.8522722125053406,0.10115694999694824
2024,2022,Measles,4,outbreak,0.05148550495505333,0.8488561511039734,0.0996582880616188
2024,2022,Mpox,5,outbreak,0.13050700724124908,0.7094187140464783,0.16007432341575623
2024,2022,Yellow Fever,6,quiet,0.19679777324199677,0.5565905570983887,0.24661166965961456
2024,2022,AFP,0,outbreak,0.23786407709121704,0.48566943407058716,0.2764664888381958
2024,2022,CSM,1,outbreak,0.2751908302307129,0.4983389973640442,0.2264702171087265
2024,2022,Cholera,2,outbreak,0.28377223014831543,0.44788607954978943,0.26834169030189514
2024,2022,Lassa Fever,3,outbreak,0.07952279597520828,0.772395670413971,0.1480814665555954
2024,2022,Measles,4,outbreak,0.09108971059322357,0.7567113041877747,0.15219900012016296
2024,2022,Mpox,5,outbreak,0.257901132106781,0.5173929333686829,0.22470591962337494
2024,2022,Yellow Fever,6,quiet,0.3854021728038788,0.3286210596561432,0.2859767973423004
2024,2022,AFP,0,outbreak,0.13865803182125092,0.6895491480827332,0.17179284989833832
2024,2022,CSM,1,quiet,0.15699540078639984,0.6905072927474976,0.15249726176261902
2024,2022,Cholera,2,outbreak,0.17465373873710632,0.6555562019348145,0.16979002952575684
2024,2022,Lassa Fever,3,outbreak,0.03517518565058708,0.8903273940086365,0.07449740916490555
2024,2022,Measles,4,outbreak,0.040484052151441574,0.8811677694320679,0.07834822684526443
2024,2022,Mpox,5,outbreak,0.1353078931570053,0.7168883085250854,0.1478038728237152
2024,2022,Yellow Fever,6,quiet,0.2605036199092865,0.527790904045105,0.21170547604560852
2024,2022,AFP,0,outbreak,0.25313419103622437,0.4648181200027466,0.2820476293563843
2024,2022,CSM,1,quiet,0.2926105856895447,0.4765419661998749,0.2308475375175476
2024,2022,Cholera,2,outbreak,0.29646191000938416,0.432499498128891,0.27103859186172485
2024,2022,Lassa Fever,3,outbreak,0.08246950805187225,0.7640830278396606,0.15344743430614471
2024,2022,Measles,4,quiet,0.0956336185336113,0.7468990087509155,0.157467320561409
2024,2022,Mpox,5,outbreak,0.2723619341850281,0.4978964328765869,0.229741632938385
2024,2022,Yellow Fever,6,quiet,0.3976294994354248,0.3162940442562103,0.28607651591300964
2024,2022,AFP,0,outbreak,0.09436564892530441,0.7331273555755615,0.17250701785087585
2024,2022,CSM,1,quiet,0.10895334929227829,0.7471051812171936,0.14394153654575348
2024,2022,Cholera,2,outbreak,0.11044929921627045,0.7205376625061035,0.1690130978822708
2024,2022,Lassa Fever,3,outbreak,0.026664530858397484,0.8971614241600037,0.07617402076721191
2024,2022,Measles,4,quiet,0.029598135501146317,0.8952679634094238,0.07513385266065598
2024,2022,Mpox,5,outbreak,0.10216084122657776,0.7561664581298828,0.14167268574237823
2024,2022,Yellow Fever,6,quiet,0.1800910234451294,0.60382080078125,0.21608813107013702
2024,2022,AFP,0,quiet,0.17640066146850586,0.6587201356887817,0.1648791879415512
2024,2022,CSM,1,quiet,0.17337317764759064,0.7024128437042236,0.12421400845050812
2024,2022,Cholera,2,outbreak,0.1948106735944748,0.6436967253684998,0.16149261593818665
2024,2022,Lassa Fever,3,outbreak,0.05442631617188454,0.8915395736694336,0.054034192115068436
2024,2022,Measles,4,outbreak,0.059058088809251785,0.8838648796081543,0.057077012956142426
2024,2022,Mpox,5,outbreak,0.1719817817211151,0.6977213621139526,0.13029693067073822
2024,2022,Yellow Fever,6,quiet,0.295543372631073,0.49128448963165283,0.21317216753959656
2024,2022,AFP,0,quiet,0.15416790544986725,0.689420223236084,0.15641184151172638
2024,2022,CSM,1,quiet,0.1794370859861374,0.6816132068634033,0.1389496922492981
2024,2022,Cholera,2,outbreak,0.20589414238929749,0.6392199397087097,0.1548859030008316
2024,2022,Lassa Fever,3,outbreak,0.03512730449438095,0.909650444984436,0.05522225424647331
2024,2022,Measles,4,outbreak,0.040348734706640244,0.8993383646011353,0.0603129081428051
2024,2022,Mpox,5,outbreak,0.1517416536808014,0.7144096493721008,0.1338486671447754
2024,2022,Yellow Fever,6,quiet,0.2974456250667572,0.4860170781612396,0.21653731167316437
2024,2022,AFP,0,outbreak,0.05911841243505478,0.8545364141464233,0.08634524792432785
2024,2022,CSM,1,quiet,0.07084082812070847,0.8533415794372559,0.07581761479377747
2024,2022,Cholera,2,outbreak,0.08467374742031097,0.8244870901107788,0.0908391997218132
2024,2022,Lassa Fever,3,outbreak,0.010862689465284348,0.9620258808135986,0.027111388742923737
2024,2022,Measles,4,outbreak,0.012446297332644463,0.9580065608024597,0.02954714372754097
2024,2022,Mpox,5,outbreak,0.05926018953323364,0.8683863878250122,0.07235343754291534
2024,2022,Yellow Fever,6,quiet,0.17994225025177002,0.6767721772193909,0.1432855874300003
2024,2022,AFP,0,quiet,0.0599491260945797,0.8466847538948059,0.09336607158184052
2024,2022,CSM,1,quiet,0.07004326581954956,0.8449918627738953,0.08496487140655518
2024,2022,Cholera,2,outbreak,0.07598760724067688,0.8274206519126892,0.09659180790185928
2024,2022,Lassa Fever,3,outbreak,0.017359651625156403,0.9342221617698669,0.04841814562678337
2024,2022,Measles,4,outbreak,0.020319508388638496,0.9287369847297668,0.050943564623594284
2024,2022,Mpox,5,outbreak,0.06318455189466476,0.8516298532485962,0.08518552780151367
2024,2022,Yellow Fever,6,quiet,0.15558448433876038,0.7083993554115295,0.13601617515087128
2024,2022,AFP,0,outbreak,0.06796503812074661,0.8335907459259033,0.09844424575567245
2024,2022,CSM,1,quiet,0.07360618561506271,0.838603675365448,0.08779004216194153
2024,2022,Cholera,2,outbreak,0.08477555215358734,0.8128296136856079,0.10239484906196594
2024,2022,Lassa Fever,3,outbreak,0.018564963713288307,0.9322518110275269,0.049183137714862823
2024,2022,Measles,4,outbreak,0.021403145045042038,0.926554262638092,0.05204268544912338
2024,2022,Mpox,5,outbreak,0.0672919973731041,0.844268262386322,0.08843972533941269
2024,2022,Yellow Fever,6,quiet,0.18064168095588684,0.6712313294410706,0.14812703430652618
2024,2023,AFP,0,quiet,0.3202557861804962,0.4846155643463135,0.1951286792755127
2024,2023,CSM,1,quiet,0.31465035676956177,0.48854348063468933,0.19680623710155487
2024,2023,Cholera,2,outbreak,0.3158365488052368,0.48930683732032776,0.19485652446746826
2024,2023,Lassa Fever,3,outbreak,0.3123122751712799,0.4893058240413666,0.1983819305896759
2024,2023,Measles,4,quiet,0.3158676326274872,0.48572424054145813,0.19840815663337708
2024,2023,Mpox,5,quiet,0.31149354577064514,0.48383474349975586,0.2046716958284378
2024,2023,Yellow Fever,6,quiet,0.3182363510131836,0.4848994314670563,0.19686417281627655
2024,2023,AFP,0,outbreak,0.2923293113708496,0.4220719337463379,0.2855987250804901
2024,2023,CSM,1,outbreak,0.2988241910934448,0.41677239537239075,0.28440335392951965
2024,2023,Cholera,2,outbreak,0.29342594742774963,0.42534348368644714,0.2812305688858032
2024,2023,Lassa Fever,3,outbreak,0.28809791803359985,0.42220696806907654,0.2896951138973236
2024,2023,Measles,4,quiet,0.2917475402355194,0.4171696603298187,0.2910827100276947
2024,2023,Mpox,5,outbreak,0.29119351506233215,0.4092117249965668,0.2995947003364563
2024,2023,Yellow Fever,6,outbreak,0.2937922477722168,0.4221210777759552,0.284086674451828
2024,2023,AFP,0,outbreak,0.21792130172252655,0.5807898640632629,0.20128878951072693
2024,2023,CSM,1,outbreak,0.213727205991745,0.5859583020210266,0.200314462184906
2024,2023,Cholera,2,quiet,0.21543025970458984,0.5814593434333801,0.2031104415655136
2024,2023,Lassa Fever,3,outbreak,0.21183618903160095,0.5778412818908691,0.21032248437404633
2024,2023,Measles,4,quiet,0.21440570056438446,0.5807676315307617,0.2048266977071762
2024,2023,Mpox,5,outbreak,0.20975011587142944,0.5813213586807251,0.20892851054668427
2024,2023,Yellow Fever,6,quiet,0.21675823628902435,0.5828168988227844,0.20042487978935242
2024,2023,AFP,0,quiet,0.15346939861774445,0.6655903458595276,0.18094022572040558
2024,2023,CSM,1,outbreak,0.15263596177101135,0.6681573987007141,0.17920665442943573
2024,2023,Cholera,2,quiet,0.15040120482444763,0.6689410209655762,0.1806577891111374
2024,2023,Lassa Fever,3,outbreak,0.1512102335691452,0.6642285585403442,0.18456125259399414
2024,2023,Measles,4,quiet,0.15418627858161926,0.6661139130592346,0.17969980835914612
2024,2023,Mpox,5,outbreak,0.15391461551189423,0.6644694805145264,0.1816159188747406
2024,2023,Yellow Fever,6,quiet,0.1518869400024414,0.6667582392692566,0.1813548058271408
2024,2023,AFP,0,outbreak,0.2428411990404129,0.5977727174758911,0.15938609838485718
2024,2023,CSM,1,outbreak,0.24631613492965698,0.5945743322372437,0.15910954773426056
2024,2023,Cholera,2,quiet,0.24442563951015472,0.5911893248558044,0.16438491642475128
2024,2023,Lassa Fever,3,quiet,0.24290448427200317,0.5930082201957703,0.1640871912240982
2024,2023,Measles,4,quiet,0.24797062575817108,0.5945993065834045,0.15743005275726318
2024,2023,Mpox,5,quiet,0.25048068165779114,0.5892577767372131,0.16026151180267334
2024,2023,Yellow Fever,6,quiet,0.24463659524917603,0.5920328497886658,0.16333052515983582
2024,2023,AFP,0,outbreak,0.24926269054412842,0.6277939081192017,0.12294340878725052
2024,2023,CSM,1,quiet,0.24872605502605438,0.6298877596855164,0.12138614058494568
2024,2023,Cholera,2,quiet,0.24874885380268097,0.6264014840126038,0.1248496025800705
2024,2023,Lassa Fever,3,outbreak,0.24964937567710876,0.6244052648544312,0.12594535946846008
2024,2023,Measles,4,quiet,0.2524661421775818,0.6263237595558167,0.12121012061834335
2024,2023,Mpox,5,outbreak,0.2548096776008606,0.6215261816978455,0.12366416305303574
2024,2023,Yellow Fever,6,outbreak,0.24895012378692627,0.6256512999534607,0.12539856135845184
2024,2023,AFP,0,quiet,0.2447212189435959,0.6247527003288269,0.13052605092525482
2024,2023,CSM,1,quiet,0.24395255744457245,0.6267678737640381,0.12927959859371185
2024,2023,Cholera,2,quiet,0.24230743944644928,0.6241677403450012,0.13352477550506592
2024,2023,Lassa Fever,3,quiet,0.24277926981449127,0.6233232021331787,0.1338975578546524
2024,2023,Measles,4,quiet,0.24777916073799133,0.6236312985420227,0.12858961522579193
2024,2023,Mpox,5,outbreak,0.249911367893219,0.6182547807693481,0.13183379173278809
2024,2023,Yellow Fever,6,quiet,0.24536800384521484,0.6211846470832825,0.13344737887382507
2024,2023,AFP,0,quiet,0.21931903064250946,0.673028290271759,0.10765266418457031
2024,2023,CSM,1,quiet,0.21831096708774567,0.6752156615257263,0.10647337138652802
2024,2023,Cholera,2,outbreak,0.21662335097789764,0.672881543636322,0.11049507558345795
2024,2023,Lassa Fever,3,outbreak,0.21721714735031128,0.6716349720954895,0.11114782840013504
2024,2023,Measles,4,quiet,0.2206227034330368,0.6737401485443115,0.10563719272613525
2024,2023,Mpox,5,outbreak,0.2234538048505783,0.6674399375915527,0.10910625755786896
2024,2023,Yellow Fever,6,outbreak,0.21937137842178345,0.670915961265564,0.10971267521381378
2024,2023,AFP,0,outbreak,0.2527684271335602,0.6100778579711914,0.1371537446975708
2024,2023,CSM,1,quiet,0.25840887427330017,0.6037360429763794,0.13785509765148163
2024,2023,Cholera,2,outbreak,0.2516804337501526,0.6101535558700562,0.13816599547863007
2024,2023,Lassa Fever,3,quiet,0.2503778338432312,0.6085277199745178,0.14109446108341217
2024,2023,Measles,4,quiet,0.2515479326248169,0.6099604368209839,0.13849160075187683
2024,2023,Mpox,5,quiet,0.25562483072280884,0.6001902222633362,0.1441849172115326
2024,2023,Yellow Fever,6,outbreak,0.2548903226852417,0.6082454919815063,0.13686415553092957
2024,2023,AFP,0,outbreak,0.22438004612922668,0.639859139919281,0.13576079905033112
2024,2023,CSM,1,quiet,0.22364158928394318,0.6425580382347107,0.13380032777786255
2024,2023,Cholera,2,outbreak,0.22276253998279572,0.6397666335105896,0.13747084140777588
2024,2023,Lassa Fever,3,quiet,0.22275349497795105,0.6391535401344299,0.13809293508529663
2024,2023,Measles,4,quiet,0.22479979693889618,0.6412472724914551,0.13395290076732635
2024,2023,Mpox,5,quiet,0.22603483498096466,0.6370216012001038,0.13694354891777039
2024,2023,Yellow Fever,6,outbreak,0.2241894006729126,0.6381745934486389,0.13763602077960968
2024,2023,AFP,0,outbreak,0.22680962085723877,0.6602140069007874,0.11297638714313507
2024,2023,CSM,1,quiet,0.22055818140506744,0.6682308316230774,0.11121096462011337
2024,2023,Cholera,2,outbreak,0.22098372876644135,0.6623244881629944,0.11669178307056427
2024,2023,Lassa Fever,3,outbreak,0.2207316756248474,0.6635627150535583,0.11570559442043304
2024,2023,Measles,4,quiet,0.21908394992351532,0.6709045171737671,0.1100115105509758
2024,2023,Mpox,5,quiet,0.21872171759605408,0.6690012812614441,0.11227697134017944
2024,2023,Yellow Fever,6,quiet,0.22837617993354797,0.6560741066932678,0.11554977297782898
2024,2023,AFP,0,outbreak,0.27601197361946106,0.5868790745735168,0.1371089369058609
2024,2023,CSM,1,quiet,0.2686483860015869,0.5961400270462036,0.13521158695220947
2024,2023,Cholera,2,quiet,0.26875317096710205,0.5896122455596924,0.14163456857204437
2024,2023,Lassa Fever,3,outbreak,0.26848217844963074,0.5908647775650024,0.1406530886888504
2024,2023,Measles,4,quiet,0.2675434648990631,0.5988234877586365,0.13363303244113922
2024,2023,Mpox,5,quiet,0.2666712999343872,0.597289502620697,0.13603919744491577
2024,2023,Yellow Fever,6,quiet,0.2780195474624634,0.5822643637657166,0.13971605896949768
2024,2023,AFP,0,outbreak,0.236786350607872,0.6796907186508179,0.0835229754447937
2024,2023,CSM,1,quiet,0.22882626950740814,0.6877820491790771,0.08339172601699829
2024,2023,Cholera,2,quiet,0.2320333868265152,0.6840453147888184,0.08392127603292465
2024,2023,Lassa Fever,3,quiet,0.23278675973415375,0.6831898093223572,0.08402346074581146
2024,2023,Measles,4,quiet,0.22993113100528717,0.6878751516342163,0.08219372481107712
2024,2023,Mpox,5,quiet,0.2293108105659485,0.6874735355377197,0.08321564644575119
2024,2023,Yellow Fever,6,outbreak,0.23587550222873688,0.6804396510124207,0.08368495106697083
2024,2023,AFP,0,outbreak,0.2717548608779907,0.6211137771606445,0.10713134706020355
2024,2023,CSM,1,quiet,0.26781347393989563,0.6253462433815002,0.10684029012918472
2024,2023,Cholera,2,quiet,0.26939675211906433,0.6251703500747681,0.10543292760848999
2024,2023,Lassa Fever,3,outbreak,0.2701245844364166,0.6223848462104797,0.10749055445194244
2024,2023,Measles,4,quiet,0.26868098974227905,0.6264234781265259,0.10489548742771149
2024,2023,Mpox,5,outbreak,0.2685861587524414,0.6259676218032837,0.10544627904891968
2024,2023,Yellow Fever,6,outbreak,0.27435484528541565,0.6208676099777222,0.10477753728628159
2024,2023,AFP,0,outbreak,0.2707425355911255,0.6173285245895386,0.11192899197340012
2024,2023,CSM,1,quiet,0.2646460235118866,0.6226374506950378,0.11271663010120392
2024,2023,Cholera,2,quiet,0.26649489998817444,0.6215847134590149,0.1119203045964241
2024,2023,Lassa Fever,3,outbreak,0.2651134729385376,0.6204398274421692,0.1144467368721962
2024,2023,Measles,4,quiet,0.26541683077812195,0.623928964138031,0.11065414547920227
2024,2023,Mpox,5,outbreak,0.265564888715744,0.6222472190856934,0.11218787729740143
2024,2023,Yellow Fever,6,outbreak,0.2725915312767029,0.6182028651237488,0.10920556634664536
2024,2023,AFP,0,outbreak,0.2809600234031677,0.5713942646980286,0.1476457267999649
2024,2023,CSM,1,quiet,0.28052741289138794,0.5708270072937012,0.1486455351114273
2024,2023,Cholera,2,quiet,0.27941229939460754,0.5738276243209839,0.14676004648208618
2024,2023,Lassa Fever,3,outbreak,0.2778654992580414,0.568321943283081,0.15381258726119995
2024,2023,Measles,4,quiet,0.280041366815567,0.5748597979545593,0.14509892463684082
2024,2023,Mpox,5,outbreak,0.2803856134414673,0.5692868232727051,0.15032751858234406
2024,2023,Yellow Fever,6,outbreak,0.280263215303421,0.5755561590194702,0.14418064057826996
2024,2023,AFP,0,quiet,0.2409641146659851,0.5719717144966125,0.18706414103507996
2024,2023,CSM,1,quiet,0.23753021657466888,0.5749030113220215,0.18756677210330963
2024,2023,Cholera,2,quiet,0.23799850046634674,0.573454737663269,0.1885467916727066
2024,2023,Lassa Fever,3,outbreak,0.2360825389623642,0.5701918005943298,0.19372566044330597
2024,2023,Measles,4,quiet,0.23702044785022736,0.5794253349304199,0.1835542768239975
2024,2023,Mpox,5,outbreak,0.23595492541790009,0.5758852362632751,0.18815985321998596
2024,2023,Yellow Fever,6,outbreak,0.24064978957176208,0.5751138925552368,0.1842363178730011
2024,2023,AFP,0,quiet,0.36297592520713806,0.48989859223365784,0.1471254974603653
2024,2023,CSM,1,quiet,0.3599716126918793,0.49419066309928894,0.14583761990070343
2024,2023,Cholera,2,quiet,0.35955777764320374,0.49344196915626526,0.14700022339820862
2024,2023,Lassa Fever,3,outbreak,0.3550865948200226,0.4942682981491089,0.15064513683319092
2024,2023,Measles,4,quiet,0.3593083918094635,0.4972304105758667,0.1434611678123474
2024,2023,Mpox,5,outbreak,0.355159193277359,0.4997609257698059,0.1450798660516739
2024,2023,Yellow Fever,6,quiet,0.3639877736568451,0.49038073420524597,0.14563141763210297
2024,2023,AFP,0,quiet,0.16421733796596527,0.706615149974823,0.12916748225688934
2024,2023,CSM,1,quiet,0.163083016872406,0.7092636227607727,0.1276533305644989
2024,2023,Cholera,2,outbreak,0.16042599081993103,0.7146086692810059,0.12496528774499893
2024,2023,Lassa Fever,3,outbreak,0.1606200486421585,0.7119181752204895,0.1274617612361908
2024,2023,Measles,4,quiet,0.16380532085895538,0.7090003490447998,0.12719428539276123
2024,2023,Mpox,5,outbreak,0.16542524099349976,0.7075085043907166,0.12706628441810608
2024,2023,Yellow Fever,6,outbreak,0.16502998769283295,0.7076302170753479,0.12733982503414154
2024,2023,AFP,0,quiet,0.20885586738586426,0.5362523794174194,0.2548918128013611
2024,2023,CSM,1,quiet,0.20165856182575226,0.5441130995750427,0.2542283236980438
2024,2023,Cholera,2,outbreak,0.20807312428951263,0.5388860106468201,0.2530409097671509
2024,2023,Lassa Fever,3,outbreak,0.20276738703250885,0.542663037776947,0.25456956028938293
2024,2023,Measles,4,quiet,0.20293675363063812,0.5466348528862,0.25042831897735596
2024,2023,Mpox,5,outbreak,0.20349083840847015,0.5463917851448059,0.25011736154556274
2024,2023,Yellow Fever,6,outbreak,0.21641221642494202,0.5333245992660522,0.25026315450668335
2024,2023,AFP,0,quiet,0.17636647820472717,0.6003391742706299,0.22329434752464294
2024,2023,CSM,1,quiet,0.17658601701259613,0.5986047983169556,0.22480909526348114
2024,2023,Cholera,2,quiet,0.17862172424793243,0.5970198512077332,0.2243584841489792
2024,2023,Lassa Fever,3,outbreak,0.17673498392105103,0.5946380496025085,0.22862692177295685
2024,2023,Measles,4,quiet,0.17701001465320587,0.6031460762023926,0.21984390914440155
2024,2023,Mpox,5,outbreak,0.1767355054616928,0.5975227952003479,0.2257416546344757
2024,2023,Yellow Fever,6,outbreak,0.17661435902118683,0.6019272804260254,0.2214583456516266
2024,2023,AFP,0,quiet,0.18213245272636414,0.6070605516433716,0.2108069807291031
2024,2023,CSM,1,outbreak,0.18167449533939362,0.6058823466300964,0.21244306862354279
2024,2023,Cholera,2,quiet,0.18404752016067505,0.6036019921302795,0.2123504877090454
2024,2023,Lassa Fever,3,outbreak,0.1820606291294098,0.6004194021224976,0.21752004325389862
2024,2023,Measles,4,quiet,0.18276657164096832,0.6097567081451416,0.20747676491737366
2024,2023,Mpox,5,outbreak,0.18234595656394958,0.6052452325820923,0.21240881085395813
2024,2023,Yellow Fever,6,outbreak,0.1823664903640747,0.6089122891426086,0.20872125029563904
2024,2024,AFP,0,outbreak,0.3371814787387848,0.22318273782730103,0.439635694026947
2024,2024,CSM,1,outbreak,0.3479837477207184,0.20997661352157593,0.4420396685600281
2024,2024,Cholera,2,outbreak,0.3472559154033661,0.21196557581424713,0.44077855348587036
2024,2024,Lassa Fever,3,outbreak,0.35728752613067627,0.20595858991146088,0.43675389885902405
2024,2024,Measles,4,outbreak,0.3495810031890869,0.21501433849334717,0.4354046881198883
2024,2024,Mpox,5,outbreak,0.3423604667186737,0.21749451756477356,0.44014498591423035
2024,2024,Yellow Fever,6,outbreak,0.3449658155441284,0.21188844740390778,0.4431457817554474
2024,2024,AFP,0,outbreak,0.36301422119140625,0.18987953662872314,0.4471062421798706
2024,2024,CSM,1,outbreak,0.37713301181793213,0.178439199924469,0.44442787766456604
2024,2024,Cholera,2,outbreak,0.3766616880893707,0.1806013286113739,0.44273701310157776
2024,2024,Lassa Fever,3,outbreak,0.39086851477622986,0.1747433990240097,0.434388130903244
2024,2024,Measles,4,outbreak,0.3780277371406555,0.1840665191411972,0.4379057288169861
2024,2024,Mpox,5,outbreak,0.36961761116981506,0.1856677532196045,0.44471460580825806
2024,2024,Yellow Fever,6,outbreak,0.37231671810150146,0.17950162291526794,0.4481815993785858
2024,2024,AFP,0,outbreak,0.33912205696105957,0.19858518242835999,0.46229276061058044
2024,2024,CSM,1,outbreak,0.35541194677352905,0.18559585511684418,0.45899221301078796
2024,2024,Cholera,2,outbreak,0.3548178970813751,0.18902060389518738,0.4561614394187927
2024,2024,Lassa Fever,3,outbreak,0.372207373380661,0.1807970553636551,0.4469955861568451
2024,2024,Measles,4,outbreak,0.3589005768299103,0.19075128436088562,0.4503481388092041
2024,2024,Mpox,5,outbreak,0.3491974174976349,0.1930236518383026,0.4577789008617401
2024,2024,Yellow Fever,6,outbreak,0.3495992422103882,0.18785735964775085,0.46254342794418335
2024,2024,AFP,0,outbreak,0.23975887894630432,0.2936401665210724,0.4666008949279785
2024,2024,CSM,1,outbreak,0.2462085783481598,0.2857630252838135,0.46802839636802673
2024,2024,Cholera,2,outbreak,0.25003108382225037,0.2886396050453186,0.46132928133010864
2024,2024,Lassa Fever,3,outbreak,0.262529194355011,0.28191298246383667,0.45555782318115234
2024,2024,Measles,4,outbreak,0.25912484526634216,0.29863959550857544,0.4422356188297272
2024,2024,Mpox,5,outbreak,0.2474878430366516,0.2965535819530487,0.45595860481262207
2024,2024,Yellow Fever,6,outbreak,0.2421020120382309,0.2862454056739807,0.4716525077819824
2024,2024,AFP,0,outbreak,0.21601082384586334,0.2918301224708557,0.4921591281890869
2024,2024,CSM,1,outbreak,0.22376535832881927,0.28229954838752747,0.4939351975917816
2024,2024,Cholera,2,outbreak,0.22888188064098358,0.2829170823097229,0.48820096254348755
2024,2024,Lassa Fever,3,outbreak,0.24048209190368652,0.27506139874458313,0.4844565987586975
2024,2024,Measles,4,outbreak,0.239295095205307,0.2915300130844116,0.46917489171028137
2024,2024,Mpox,5,outbreak,0.23200339078903198,0.28780779242515564,0.48018878698349
2024,2024,Yellow Fever,6,outbreak,0.2196873426437378,0.28435295820236206,0.49595963954925537
2024,2024,AFP,0,outbreak,0.2561868727207184,0.3525066077709198,0.39130648970603943
2024,2024,CSM,1,outbreak,0.2690129280090332,0.33410486578941345,0.39688217639923096
2024,2024,Cholera,2,outbreak,0.265749990940094,0.33681705594062805,0.39743292331695557
2024,2024,Lassa Fever,3,outbreak,0.2767072916030884,0.33712533116340637,0.38616737723350525
2024,2024,Measles,4,outbreak,0.27596452832221985,0.33700159192085266,0.38703396916389465
2024,2024,Mpox,5,outbreak,0.2706822156906128,0.33464735746383667,0.39467042684555054
2024,2024,Yellow Fever,6,outbreak,0.2632739841938019,0.33402225375175476,0.40270376205444336
2024,2024,AFP,0,outbreak,0.2793421149253845,0.16755953431129456,0.5530984401702881
2024,2024,CSM,1,outbreak,0.28718888759613037,0.1592119336128235,0.5535991191864014
2024,2024,Cholera,2,outbreak,0.2864464819431305,0.16346506774425507,0.5500884652137756
2024,2024,Lassa Fever,3,outbreak,0.2962493896484375,0.15921437740325928,0.5445362329483032
2024,2024,Measles,4,outbreak,0.2923816442489624,0.16683429479599,0.5407840609550476
2024,2024,Mpox,5,outbreak,0.28440213203430176,0.16688404977321625,0.5487138032913208
2024,2024,Yellow Fever,6,outbreak,0.2830439507961273,0.1599230170249939,0.5570330619812012
2024,2024,AFP,0,outbreak,0.1992637813091278,0.27466458082199097,0.5260716676712036
2024,2024,CSM,1,outbreak,0.21686889231204987,0.2610965967178345,0.5220345258712769
2024,2024,Cholera,2,outbreak,0.22221800684928894,0.27166229486465454,0.5061196088790894
2024,2024,Lassa Fever,3,outbreak,0.2387995421886444,0.27583661675453186,0.4853638708591461
2024,2024,Measles,4,outbreak,0.23176653683185577,0.2888471186161041,0.4793863892555237
2024,2024,Mpox,5,outbreak,0.2298855483531952,0.2783569097518921,0.49175751209259033
2024,2024,Yellow Fever,6,outbreak,0.2105206549167633,0.2597793638706207,0.529699981212616
2024,2024,AFP,0,outbreak,0.31839996576309204,0.13527829945087433,0.54632169008255
2024,2024,CSM,1,outbreak,0.33184385299682617,0.13061359524726868,0.5375425815582275
2024,2024,Cholera,2,outbreak,0.3381582796573639,0.13146589696407318,0.5303758382797241
2024,2024,Lassa Fever,3,outbreak,0.347545325756073,0.12754172086715698,0.52491295337677
2024,2024,Measles,4,outbreak,0.3425855040550232,0.13377220928668976,0.5236423015594482
2024,2024,Mpox,5,outbreak,0.3369009494781494,0.13487975299358368,0.5282192826271057
2024,2024,Yellow Fever,6,outbreak,0.324783056974411,0.1313864290714264,0.5438305139541626
2024,2024,AFP,0,outbreak,0.45769593119621277,0.18539589643478394,0.3569082021713257
2024,2024,CSM,1,outbreak,0.46435046195983887,0.177002415060997,0.35864710807800293
2024,2024,Cholera,2,outbreak,0.47653728723526,0.18063455820083618,0.3428281247615814
2024,2024,Lassa Fever,3,outbreak,0.4819943904876709,0.17558585107326508,0.34241974353790283
2024,2024,Measles,4,outbreak,0.48053574562072754,0.1827993392944336,0.3366648852825165
2024,2024,Mpox,5,outbreak,0.47085481882095337,0.18731924891471863,0.341825932264328
2024,2024,Yellow Fever,6,outbreak,0.45681166648864746,0.17526283860206604,0.3679254651069641
2024,2024,AFP,0,outbreak,0.2362254112958908,0.2909544110298157,0.4728201627731323
2024,2024,CSM,1,outbreak,0.24859967827796936,0.2762008011341095,0.47519952058792114
2024,2024,Cholera,2,outbreak,0.24701076745986938,0.2817613482475281,0.47122785449028015
2024,2024,Lassa Fever,3,outbreak,0.25897544622421265,0.27588027715682983,0.4651442766189575
2024,2024,Measles,4,outbreak,0.25333648920059204,0.29459020495414734,0.45207324624061584
2024,2024,Mpox,5,outbreak,0.24544431269168854,0.29057398438453674,0.4639817476272583
2024,2024,Yellow Fever,6,outbreak,0.24311624467372894,0.2797774076461792,0.47710636258125305
2024,2024,AFP,0,outbreak,0.34111288189888,0.419408917427063,0.2394782155752182
2024,2024,CSM,1,outbreak,0.3510216772556305,0.38270294666290283,0.26627546548843384
2024,2024,Cholera,2,outbreak,0.3574618995189667,0.3886963427066803,0.2538418173789978
2024,2024,Lassa Fever,3,outbreak,0.36239534616470337,0.38665246963500977,0.2509521245956421
2024,2024,Measles,4,outbreak,0.34907445311546326,0.4036436975002289,0.24728187918663025
2024,2024,Mpox,5,outbreak,0.3493014872074127,0.4029368758201599,0.24776168167591095
2024,2024,Yellow Fever,6,outbreak,0.3498169779777527,0.38208141922950745,0.2681015729904175
2024,2024,AFP,0,outbreak,0.10793955624103546,0.8438729643821716,0.048187483102083206
2024,2024,CSM,1,outbreak,0.12176419049501419,0.8246814012527466,0.053554415702819824
2024,2024,Cholera,2,outbreak,0.12344913929700851,0.8244869709014893,0.05206397920846939
2024,2024,Lassa Fever,3,outbreak,0.123043492436409,0.8276903629302979,0.04926610738039017
2024,2024,Measles,4,outbreak,0.11703532934188843,0.8335475921630859,0.049417153000831604
2024,2024,Mpox,5,outbreak,0.12079586833715439,0.827859103679657,0.05134497955441475
2024,2024,Yellow Fever,6,quiet,0.12127400189638138,0.8236397504806519,0.05508618801832199
2024,2024,AFP,0,outbreak,0.08993018418550491,0.8749925494194031,0.03507727384567261
2024,2024,CSM,1,outbreak,0.11006074398756027,0.8484357595443726,0.041503503918647766
2024,2024,Cholera,2,quiet,0.10597465187311172,0.8545464277267456,0.039478953927755356
2024,2024,Lassa Fever,3,outbreak,0.11168789863586426,0.8493518233299255,0.03896019235253334
2024,2024,Measles,4,outbreak,0.10410517454147339,0.8579406142234802,0.037954181432724
2024,2024,Mpox,5,outbreak,0.10817296802997589,0.852387011051178,0.03944003954529762
2024,2024,Yellow Fever,6,outbreak,0.10801347345113754,0.8499414920806885,0.04204504191875458
2024,2024,AFP,0,outbreak,0.08887722343206406,0.8805484175682068,0.03057442232966423
2024,2024,CSM,1,outbreak,0.10816747695207596,0.8558835387229919,0.035948969423770905
2024,2024,Cholera,2,outbreak,0.10478775203227997,0.8607848286628723,0.03442743420600891
2024,2024,Lassa Fever,3,outbreak,0.10873118788003922,0.8578730821609497,0.033395737409591675
2024,2024,Measles,4,outbreak,0.10229665786027908,0.8648326992988586,0.032870642840862274
2024,2024,Mpox,5,outbreak,0.10612135380506516,0.8597834706306458,0.034095197916030884
2024,2024,Yellow Fever,6,outbreak,0.10662954300642014,0.8567728400230408,0.03659765422344208
2024,2024,AFP,0,outbreak,0.08224570751190186,0.8929443955421448,0.02480991929769516
2024,2024,CSM,1,outbreak,0.1003776416182518,0.8703693151473999,0.02925306186079979
2024,2024,Cholera,2,outbreak,0.09718212485313416,0.8748199939727783,0.02799786813557148
2024,2024,Lassa Fever,3,outbreak,0.10078068822622299,0.8724936246871948,0.02672569453716278
2024,2024,Measles,4,outbreak,0.09476566314697266,0.8788567781448364,0.02637750469148159
2024,2024,Mpox,5,outbreak,0.09837827831506729,0.8741825819015503,0.027439070865511894
2024,2024,Yellow Fever,6,outbreak,0.09894999861717224,0.8712692260742188,0.02978077158331871
2024,2024,AFP,0,outbreak,0.08939214050769806,0.883946418762207,0.026661423966288567
2024,2024,CSM,1,outbreak,0.1094050332903862,0.8592362403869629,0.03135872259736061
2024,2024,Cholera,2,outbreak,0.10550094395875931,0.8644633293151855,0.03003569506108761
2024,2024,Lassa Fever,3,outbreak,0.10939760506153107,0.8614709377288818,0.02913137525320053
2024,2024,Measles,4,outbreak,0.10291778296232224,0.8684104681015015,0.028671717271208763
2024,2024,Mpox,5,outbreak,0.10678215324878693,0.8634734153747559,0.029744425788521767
2024,2024,Yellow Fever,6,outbreak,0.10782507807016373,0.8602465987205505,0.031928349286317825
2024,2024,AFP,0,outbreak,0.09630686044692993,0.8760046362876892,0.027688533067703247
2024,2024,CSM,1,outbreak,0.11705829948186874,0.851298451423645,0.03164331614971161
2024,2024,Cholera,2,outbreak,0.11284473538398743,0.8571767210960388,0.029978571459650993
2024,2024,Lassa Fever,3,outbreak,0.11572249978780746,0.8550331592559814,0.029244374483823776
2024,2024,Measles,4,outbreak,0.11004387587308884,0.860491156578064,0.029464971274137497
2024,2024,Mpox,5,outbreak,0.11315711587667465,0.8568614721298218,0.029981350526213646
2024,2024,Yellow Fever,6,outbreak,0.11404581367969513,0.8538126945495605,0.0321415439248085
2024,2024,AFP,0,outbreak,0.09365396946668625,0.8812926411628723,0.025053316727280617
2024,2024,CSM,1,outbreak,0.11067671328783035,0.8609282970428467,0.02839498594403267
2024,2024,Cholera,2,quiet,0.10713408142328262,0.8658995628356934,0.026966316625475883
2024,2024,Lassa Fever,3,outbreak,0.11039808392524719,0.8632153868675232,0.02638661116361618
2024,2024,Measles,4,outbreak,0.1051614060997963,0.8682202100753784,0.026618409901857376
2024,2024,Mpox,5,outbreak,0.10705303400754929,0.8660374879837036,0.026909396052360535
2024,2024,Yellow Fever,6,outbreak,0.10670309513807297,0.8646456599235535,0.028651220723986626
2024,2024,AFP,0,outbreak,0.086546391248703,0.891933262348175,0.021520450711250305
2024,2024,CSM,1,outbreak,0.10316548496484756,0.8721480965614319,0.0246864166110754
2024,2024,Cholera,2,outbreak,0.09887886792421341,0.8776882290840149,0.023432940244674683
2024,2024,Lassa Fever,3,outbreak,0.1018572524189949,0.8748040199279785,0.023338675498962402
2024,2024,Measles,4,outbreak,0.09716779738664627,0.8793925046920776,0.023439638316631317
2024,2024,Mpox,5,outbreak,0.09944155067205429,0.8771910667419434,0.023367395624518394
2024,2024,Yellow Fever,6,outbreak,0.10002963989973068,0.875283420085907,0.02468683011829853
2024,2024,AFP,0,outbreak,0.07492440938949585,0.9039492011070251,0.02112642303109169
2024,2024,CSM,1,outbreak,0.09331439435482025,0.8814908266067505,0.02519477717578411
2024,2024,Cholera,2,outbreak,0.09153764694929123,0.8842564225196838,0.024206019937992096
2024,2024,Lassa Fever,3,outbreak,0.09338846057653427,0.8826659917831421,0.023945491760969162
2024,2024,Measles,4,outbreak,0.08509667217731476,0.8916054368019104,0.023297976702451706
2024,2024,Mpox,5,outbreak,0.09078062325716019,0.8853912949562073,0.02382807992398739
2024,2024,Yellow Fever,6,outbreak,0.09018365293741226,0.8845353722572327,0.025280872359871864
2024,2024,AFP,0,quiet,0.07264984399080276,0.9066535234451294,0.020696645602583885
2024,2024,CSM,1,outbreak,0.09236413240432739,0.8825697898864746,0.025066077709197998
2024,2024,Cholera,2,outbreak,0.09064476937055588,0.8853282332420349,0.024027010425925255
2024,2024,Lassa Fever,3,outbreak,0.09222962707281113,0.8845033049583435,0.02326701581478119
2024,2024,Measles,4,quiet,0.08485552668571472,0.8922757506370544,0.022868717089295387
2024,2024,Mpox,5,outbreak,0.0913492739200592,0.8850627541542053,0.02358792908489704
2024,2024,Yellow Fever,6,outbreak,0.09095914661884308,0.8837610483169556,0.025279786437749863
2024,2024,AFP,0,outbreak,0.08832087367773056,0.8804755210876465,0.031203564256429672
2024,2024,CSM,1,outbreak,0.10784545540809631,0.8562042713165283,0.03595031797885895
2024,2024,Cholera,2,outbreak,0.10438661277294159,0.8617739677429199,0.033839453011751175
2024,2024,Lassa Fever,3,outbreak,0.10804484784603119,0.8591176867485046,0.03283745050430298
2024,2024,Measles,4,quiet,0.10367214679718018,0.8633244633674622,0.03300343081355095
2024,2024,Mpox,5,outbreak,0.10680866241455078,0.859535276889801,0.03365601599216461
2024,2024,Yellow Fever,6,outbreak,0.10494006425142288,0.8584146499633789,0.036645323038101196
2024,2024,AFP,0,outbreak,0.09903259575366974,0.8104363679885864,0.09053095430135727
2024,2024,CSM,1,quiet,0.11344584077596664,0.7824127078056335,0.10414152592420578
2024,2024,Cholera,2,outbreak,0.11019359529018402,0.7926421761512756,0.0971643254160881
2024,2024,Lassa Fever,3,outbreak,0.11727331578731537,0.7845140695571899,0.09821256250143051
2024,2024,Measles,4,quiet,0.11059340834617615,0.7925008535385132,0.09690574556589127
2024,2024,Mpox,5,outbreak,0.11297498643398285,0.7890363335609436,0.09798875451087952
2024,2024,Yellow Fever,6,outbreak,0.10872326791286469,0.7864528298377991,0.10482394695281982
2024,2024,AFP,0,outbreak,0.18470866978168488,0.326424777507782,0.48886656761169434
2024,2024,CSM,1,quiet,0.20434673130512238,0.3099605441093445,0.48569273948669434
2024,2024,Cholera,2,outbreak,0.205609530210495,0.3216201961040497,0.47277021408081055
2024,2024,Lassa Fever,3,quiet,0.22012175619602203,0.32705023884773254,0.4528280198574066
2024,2024,Measles,4,quiet,0.21279603242874146,0.3379749059677124,0.4492291212081909
2024,2024,Mpox,5,outbreak,0.21309982240200043,0.32604503631591797,0.4608551561832428
2024,2024,Yellow Fever,6,outbreak,0.19793212413787842,0.3080821633338928,0.49398568272590637
2024,2024,AFP,0,outbreak,0.14526548981666565,0.5242031812667847,0.3305312693119049
2024,2024,CSM,1,quiet,0.1654520183801651,0.4859066605567932,0.3486412763595581
2024,2024,Cholera,2,outbreak,0.1650896519422531,0.4996951222419739,0.33521518111228943
2024,2024,Lassa Fever,3,quiet,0.17452503740787506,0.4940410852432251,0.3314339220523834
2024,2024,Measles,4,quiet,0.1679755449295044,0.513464629650116,0.31855979561805725
2024,2024,Mpox,5,outbreak,0.170035257935524,0.5010570287704468,0.32890769839286804
2024,2024,Yellow Fever,6,outbreak,0.1602722406387329,0.4871983230113983,0.35252952575683594
2024,2024,AFP,0,outbreak,0.0807691216468811,0.7431726455688477,0.17605820298194885
2024,2024,CSM,1,quiet,0.09507127106189728,0.7120492458343506,0.19287948310375214
2024,2024,Cholera,2,outbreak,0.09087767452001572,0.7270662784576416,0.18205605447292328
2024,2024,Lassa Fever,3,outbreak,0.09684140980243683,0.7183293700218201,0.1848292499780655
2024,2024,Measles,4,quiet,0.089657723903656,0.7355411648750305,0.17480114102363586
2024,2024,Mpox,5,outbreak,0.09325477480888367,0.7277528643608093,0.17899233102798462
2024,2024,Yellow Fever,6,outbreak,0.09263186901807785,0.7155614495277405,0.1918066442012787
2024,2024,AFP,0,quiet,0.07956596463918686,0.7521112561225891,0.16832278668880463
2024,2024,CSM,1,quiet,0.09271892160177231,0.720527172088623,0.18675392866134644
2024,2024,Cholera,2,outbreak,0.08846393972635269,0.7345625162124634,0.17697346210479736
2024,2024,Lassa Fever,3,quiet,0.09531213343143463,0.7252633571624756,0.179424449801445
2024,2024,Measles,4,quiet,0.08786686509847641,0.7421423196792603,0.16999080777168274
2024,2024,Mpox,5,outbreak,0.09170910716056824,0.7352383136749268,0.17305265367031097
2024,2024,Yellow Fever,6,outbreak,0.09046028554439545,0.7244229912757874,0.1851167231798172
2024,2024,AFP,0,quiet,0.19994239509105682,0.28086361289024353,0.5191940069198608
2024,2024,CSM,1,quiet,0.21762089431285858,0.26685380935668945,0.5155252814292908
2024,2024,Cholera,2,outbreak,0.2228882908821106,0.2775276303291321,0.4995840787887573
2024,2024,Lassa Fever,3,quiet,0.24078087508678436,0.2818767726421356,0.4773423373699188
2024,2024,Measles,4,quiet,0.23147530853748322,0.29434892535209656,0.4741758108139038
2024,2024,Mpox,5,outbreak,0.22983689606189728,0.28385522961616516,0.486307829618454
2024,2024,Yellow Fever,6,quiet,0.2113105207681656,0.26573410630226135,0.5229553580284119
2024,2024,AFP,0,quiet,0.17779743671417236,0.4235422611236572,0.398660272359848
2024,2024,CSM,1,quiet,0.1982801854610443,0.4065120816230774,0.3952076733112335
2024,2024,Cholera,2,outbreak,0.19816794991493225,0.4190275967121124,0.3828044533729553
2024,2024,Lassa Fever,3,quiet,0.21061965823173523,0.42333918809890747,0.36604124307632446
2024,2024,Measles,4,quiet,0.20210044085979462,0.4364483952522278,0.36145108938217163
2024,2024,Mpox,5,outbreak,0.2046576738357544,0.4239155054092407,0.3714267611503601
2024,2024,Yellow Fever,6,outbreak,0.19243565201759338,0.4039348065853119,0.4036295711994171
2024,2024,AFP,0,quiet,0.19526737928390503,0.33799606561660767,0.46673646569252014
2024,2024,CSM,1,quiet,0.21637263894081116,0.3232448995113373,0.46038249135017395
2024,2024,Cholera,2,outbreak,0.2174462080001831,0.33486947417259216,0.44768428802490234
2024,2024,Lassa Fever,3,quiet,0.23224934935569763,0.3394922614097595,0.42825835943222046
2024,2024,Measles,4,quiet,0.22408847510814667,0.35242268443107605,0.4234887659549713
2024,2024,Mpox,5,outbreak,0.2248212695121765,0.3396197259426117,0.4355589747428894
2024,2024,Yellow Fever,6,outbreak,0.2097196727991104,0.3207632005214691,0.4695170819759369
2024,2024,AFP,0,quiet,0.16983050107955933,0.6258644461631775,0.20430506765842438
2024,2024,CSM,1,outbreak,0.20109139382839203,0.5757437944412231,0.22316478192806244
2024,2024,Cholera,2,outbreak,0.19543538987636566,0.5948417782783508,0.2097228318452835
2024,2024,Lassa Fever,3,outbreak,0.21206125617027283,0.5752131938934326,0.21272556483745575
2024,2024,Measles,4,quiet,0.19869491457939148,0.6028604507446289,0.19844457507133484
2024,2024,Mpox,5,outbreak,0.2032301127910614,0.5951548218727112,0.20161506533622742
2024,2024,Yellow Fever,6,quiet,0.19437000155448914,0.5852976441383362,0.22033235430717468
2024,2024,AFP,0,quiet,0.18661895394325256,0.7382582426071167,0.07512269169092178
2024,2024,CSM,1,quiet,0.22686448693275452,0.6907864809036255,0.08234896510839462
2024,2024,Cholera,2,outbreak,0.22334663569927216,0.6972677111625671,0.0793856680393219
2024,2024,Lassa Fever,3,outbreak,0.23871399462223053,0.6827582716941833,0.07852771878242493
2024,2024,Measles,4,quiet,0.2150852531194687,0.7080717086791992,0.07684299349784851
2024,2024,Mpox,5,outbreak,0.22051246464252472,0.7014967799186707,0.0779908150434494
2024,2024,Yellow Fever,6,quiet,0.21776485443115234,0.7000596523284912,0.08217553049325943
2024,2024,AFP,0,quiet,0.11189819872379303,0.857379138469696,0.03072265535593033
2024,2024,CSM,1,quiet,0.13877543807029724,0.8239365220069885,0.037288058549165726
2024,2024,Cholera,2,outbreak,0.13487675786018372,0.8309652805328369,0.034157902002334595
2024,2024,Lassa Fever,3,quiet,0.14159469306468964,0.8245654702186584,0.03383979946374893
2024,2024,Measles,4,quiet,0.1255214512348175,0.8432613611221313,0.03121725097298622
2024,2024,Mpox,5,outbreak,0.13115011155605316,0.8365048766136169,0.03234497457742691
2024,2024,Yellow Fever,6,outbreak,0.13348080217838287,0.8291940689086914,0.03732519969344139
2024,2024,AFP,0,outbreak,0.20687556266784668,0.7585620284080505,0.03456242009997368
2024,2024,CSM,1,quiet,0.25229597091674805,0.705903947353363,0.04180018603801727
2024,2024,Cholera,2,outbreak,0.2430022805929184,0.7185221910476685,0.038475487381219864
2024,2024,Lassa Fever,3,outbreak,0.2500740587711334,0.7113420963287354,0.038583818823099136
2024,2024,Measles,4,quiet,0.22521033883094788,0.7391726970672607,0.0356169268488884
2024,2024,Mpox,5,outbreak,0.23690083622932434,0.7267246842384338,0.03637445718050003
2024,2024,Yellow Fever,6,outbreak,0.24742910265922546,0.7107990384101868,0.04177180305123329
2024,2024,AFP,0,quiet,0.2578470706939697,0.7001270651817322,0.04202589392662048
2024,2024,CSM,1,quiet,0.3000212609767914,0.6508343815803528,0.049144353717565536
2024,2024,Cholera,2,outbreak,0.29005444049835205,0.6644920706748962,0.04545341804623604
2024,2024,Lassa Fever,3,outbreak,0.30334189534187317,0.6511589288711548,0.04549913853406906
2024,2024,Measles,4,quiet,0.2782747149467468,0.6792384386062622,0.042486872524023056
2024,2024,Mpox,5,outbreak,0.2843638062477112,0.6727203130722046,0.042915888130664825
2024,2024,Yellow Fever,6,outbreak,0.2977612614631653,0.6526956558227539,0.049543071538209915
2024,2024,AFP,0,outbreak,0.3913670778274536,0.3254070580005646,0.2832258939743042
2024,2024,CSM,1,quiet,0.40837782621383667,0.30122730135917664,0.29039493203163147
2024,2024,Cholera,2,outbreak,0.4048400819301605,0.3084145188331604,0.2867453694343567
2024,2024,Lassa Fever,3,outbreak,0.420517235994339,0.2941787540912628,0.2853040099143982
2024,2024,Measles,4,quiet,0.41128450632095337,0.30837178230285645,0.2803437113761902
2024,2024,Mpox,5,outbreak,0.40392181277275085,0.31398293375968933,0.2820952534675598
2024,2024,Yellow Fever,6,outbreak,0.403970330953598,0.3080475628376007,0.28798210620880127
2024,2024,AFP,0,outbreak,0.34761807322502136,0.245118647813797,0.40726327896118164
2024,2024,CSM,1,outbreak,0.35674574971199036,0.23720675706863403,0.406047523021698
2024,2024,Cholera,2,outbreak,0.3581344187259674,0.239156112074852,0.4027094841003418
2024,2024,Lassa Fever,3,outbreak,0.3712852895259857,0.23167143762111664,0.39704328775405884
2024,2024,Measles,4,quiet,0.3628202974796295,0.24092702567577362,0.3962526321411133
2024,2024,Mpox,5,outbreak,0.35341933369636536,0.24472445249557495,0.4018562138080597
2024,2024,Yellow Fever,6,outbreak,0.3534475266933441,0.23896166682243347,0.4075908362865448
2024,2024,AFP,0,quiet,0.33923229575157166,0.2595330774784088,0.40123459696769714
2024,2024,CSM,1,outbreak,0.34873008728027344,0.25092482566833496,0.400345116853714
2024,2024,Cholera,2,outbreak,0.34909555315971375,0.2527100443840027,0.39819440245628357
2024,2024,Lassa Fever,3,outbreak,0.3618321716785431,0.24567197263240814,0.3924958407878876
2024,2024,Measles,4,quiet,0.35416465997695923,0.2552942633628845,0.39054110646247864
2024,2024,Mpox,5,outbreak,0.34429770708084106,0.2588711082935333,0.396831214427948
2024,2024,Yellow Fever,6,quiet,0.34545284509658813,0.2527422606945038,0.4018048644065857
2024,2024,AFP,0,quiet,0.3017328679561615,0.35771602392196655,0.3405511677265167
2024,2024,CSM,1,outbreak,0.31199911236763,0.33974310755729675,0.34825778007507324
2024,2024,Cholera,2,quiet,0.3117741346359253,0.33933308720588684,0.34889277815818787
2024,2024,Lassa Fever,3,outbreak,0.3260648250579834,0.3253768980503082,0.34855830669403076
2024,2024,Measles,4,quiet,0.319690465927124,0.34299105405807495,0.33731845021247864
2024,2024,Mpox,5,outbreak,0.31043511629104614,0.346090167760849,0.34347468614578247
2024,2024,Yellow Fever,6,quiet,0.3068477213382721,0.3466264009475708,0.34652581810951233
2024,2024,AFP,0,quiet,0.3385750949382782,0.2908152639865875,0.3706096112728119
2024,2024,CSM,1,quiet,0.3512929677963257,0.2788171172142029,0.36988985538482666
2024,2024,Cholera,2,outbreak,0.3512333631515503,0.2798576354980469,0.36890900135040283
2024,2024,Lassa Fever,3,outbreak,0.36685970425605774,0.26849275827407837,0.3646475076675415
2024,2024,Measles,4,quiet,0.360784649848938,0.27566272020339966,0.36355268955230713
2024,2024,Mpox,5,outbreak,0.34870445728302,0.28293752670288086,0.3683580160140991
2024,2024,Yellow Fever,6,quiet,0.35005512833595276,0.2804396152496338,0.36950528621673584
2024,2024,AFP,0,quiet,0.38095006346702576,0.2290540486574173,0.38999590277671814
2024,2024,CSM,1,outbreak,0.39119431376457214,0.2200368493795395,0.38876891136169434
2024,2024,Cholera,2,outbreak,0.3929491639137268,0.22225576639175415,0.38479509949684143
2024,2024,Lassa Fever,3,outbreak,0.41263529658317566,0.2132321298122406,0.37413260340690613
2024,2024,Measles,4,quiet,0.4026017189025879,0.2264842689037323,0.37091395258903503
2024,2024,Mpox,5,outbreak,0.3909440040588379,0.22951625287532806,0.37953981757164
2024,2024,Yellow Fever,6,quiet,0.386905312538147,0.22211407124996185,0.39098066091537476
2024,2025,AFP,0,quiet,0.17441503703594208,0.4508308172225952,0.3747541904449463
2024,2025,CSM,1,outbreak,0.17781177163124084,0.4371582567691803,0.38503000140190125
2024,2025,Cholera,2,quiet,0.1731283962726593,0.43810784816741943,0.3887636959552765
2024,2025,Lassa Fever,3,outbreak,0.18807324767112732,0.41063567996025085,0.40129098296165466
2024,2025,Measles,4,quiet,0.17474879324436188,0.43731987476348877,0.38793134689331055
2024,2025,Mpox,5,outbreak,0.17873738706111908,0.4367622137069702,0.3845004141330719
2024,2025,Yellow Fever,6,outbreak,0.17831861972808838,0.44162869453430176,0.38005274534225464
2024,2025,AFP,0,quiet,0.1647661179304123,0.458758682012558,0.3764752447605133
2024,2025,CSM,1,outbreak,0.1683427393436432,0.45371806621551514,0.3779391646385193
2024,2025,Cholera,2,quiet,0.1634046584367752,0.45391151309013367,0.3826838433742523
2024,2025,Lassa Fever,3,outbreak,0.17167693376541138,0.44724395871162415,0.3810790777206421
2024,2025,Measles,4,quiet,0.16219843924045563,0.4543142318725586,0.3834872841835022
2024,2025,Mpox,5,outbreak,0.16922084987163544,0.4548463821411133,0.3759327828884125
2024,2025,Yellow Fever,6,outbreak,0.17261265218257904,0.45619451999664307,0.3711928725242615
2024,2025,AFP,0,quiet,0.16197127103805542,0.4668373465538025,0.3711913526058197
2024,2025,CSM,1,outbreak,0.1660420447587967,0.45980632305145264,0.3741516172885895
2024,2025,Cholera,2,outbreak,0.16035503149032593,0.4612680673599243,0.37837696075439453
2024,2025,Lassa Fever,3,outbreak,0.17073312401771545,0.44968223571777344,0.3795846104621887
2024,2025,Measles,4,quiet,0.1611320972442627,0.45969298481941223,0.3791748881340027
2024,2025,Mpox,5,outbreak,0.16721010208129883,0.46070054173469543,0.37208932638168335
2024,2025,Yellow Fever,6,outbreak,0.17248880863189697,0.4582482874393463,0.3692629337310791
2024,2025,AFP,0,quiet,0.18616780638694763,0.45297497510910034,0.360857218503952
2024,2025,CSM,1,outbreak,0.1903328001499176,0.43950334191322327,0.37016382813453674
2024,2025,Cholera,2,quiet,0.18352341651916504,0.44568726420402527,0.3707892894744873
2024,2025,Lassa Fever,3,outbreak,0.19953122735023499,0.4217189848423004,0.378749817609787
2024,2025,Measles,4,quiet,0.18797777593135834,0.44314271211624146,0.3688795864582062
2024,2025,Mpox,5,outbreak,0.1914249211549759,0.44080850481987,0.3677665889263153
2024,2025,Yellow Fever,6,outbreak,0.19366572797298431,0.43880799412727356,0.3675263822078705
2024,2025,AFP,0,outbreak,0.11445166915655136,0.3691033720970154,0.516444981098175
2024,2025,CSM,1,outbreak,0.12187184393405914,0.36411455273628235,0.5140135884284973
2024,2025,Cholera,2,outbreak,0.11081580817699432,0.36231669783592224,0.5268675684928894
2024,2025,Lassa Fever,3,outbreak,0.1258745938539505,0.3483003079891205,0.5258251428604126
2024,2025,Measles,4,outbreak,0.11296694725751877,0.35686635971069336,0.5301666855812073
2024,2025,Mpox,5,outbreak,0.1220880076289177,0.3626508116722107,0.5152612328529358
2024,2025,Yellow Fever,6,outbreak,0.12610992789268494,0.3591718375682831,0.514718234539032
2024,2025,AFP,0,outbreak,0.0918751209974289,0.32475024461746216,0.583374559879303
2024,2025,CSM,1,outbreak,0.0971587747335434,0.3185758590698242,0.584265410900116
2024,2025,Cholera,2,outbreak,0.08807379752397537,0.31564077734947205,0.5962854623794556
2024,2025,Lassa Fever,3,outbreak,0.09617898613214493,0.2948009967803955,0.6090199947357178
2024,2025,Measles,4,outbreak,0.08615892380475998,0.30381327867507935,0.6100277900695801
2024,2025,Mpox,5,outbreak,0.09841274470090866,0.31783321499824524,0.5837540626525879
2024,2025,Yellow Fever,6,outbreak,0.10418633371591568,0.3303593695163727,0.5654542446136475
2024,2025,AFP,0,outbreak,0.05060388147830963,0.21941189467906952,0.7299842238426208
2024,2025,CSM,1,outbreak,0.050081685185432434,0.21298043429851532,0.7369378805160522
2024,2025,Cholera,2,outbreak,0.04657920077443123,0.20828205347061157,0.7451387643814087
2024,2025,Lassa Fever,3,outbreak,0.047122277319431305,0.19463518261909485,0.7582424879074097
2024,2025,Measles,4,quiet,0.045940544456243515,0.2066342681646347,0.7474251389503479
2024,2025,Mpox,5,outbreak,0.05108269304037094,0.21603810787200928,0.7328792214393616
2024,2025,Yellow Fever,6,quiet,0.05360439792275429,0.214566171169281,0.7318294048309326
2024,2025,AFP,0,quiet,0.14137506484985352,0.46259254217147827,0.3960323631763458
2024,2025,CSM,1,quiet,0.13875354826450348,0.4646912217140198,0.39655521512031555
2024,2025,Cholera,2,quiet,0.13528063893318176,0.4581449329853058,0.4065743684768677
2024,2025,Lassa Fever,3,outbreak,0.13331128656864166,0.4563252925872803,0.41036343574523926
2024,2025,Measles,4,quiet,0.12948091328144073,0.4632696509361267,0.40724942088127136
2024,2025,Mpox,5,outbreak,0.1404029279947281,0.46746641397476196,0.39213070273399353
2024,2025,Yellow Fever,6,quiet,0.14647409319877625,0.4624367952346802,0.3910891115665436
2024,2025,AFP,0,outbreak,0.10069237649440765,0.512222170829773,0.38708552718162537
2024,2025,CSM,1,outbreak,0.09964354336261749,0.5138277411460876,0.38652873039245605
2024,2025,Cholera,2,quiet,0.09616855531930923,0.5051259994506836,0.39870545268058777
2024,2025,Lassa Fever,3,outbreak,0.09723898023366928,0.5072767734527588,0.39548423886299133
2024,2025,Measles,4,outbreak,0.09339173138141632,0.5098413228988647,0.3967669904232025
2024,2025,Mpox,5,outbreak,0.10108738392591476,0.51609867811203,0.3828139305114746
2024,2025,Yellow Fever,6,outbreak,0.10505147278308868,0.5207440853118896,0.37420448660850525
2024,2025,AFP,0,outbreak,0.07045812904834747,0.4805484712123871,0.44899335503578186
2024,2025,CSM,1,outbreak,0.06658221036195755,0.48374831676483154,0.4496694505214691
2024,2025,Cholera,2,quiet,0.06313685327768326,0.4740288555622101,0.4628342390060425
2024,2025,Lassa Fever,3,outbreak,0.06262771040201187,0.4789823889732361,0.45838987827301025
2024,2025,Measles,4,outbreak,0.06030373275279999,0.480074018239975,0.45962226390838623
2024,2025,Mpox,5,outbreak,0.06769102066755295,0.4861633777618408,0.44614559412002563
2024,2025,Yellow Fever,6,quiet,0.0770147293806076,0.4859238862991333,0.4370613992214203
2024,2025,AFP,0,outbreak,0.053722333163022995,0.4372193217277527,0.5090582966804504
2024,2025,CSM,1,outbreak,0.05165215954184532,0.4302605986595154,0.5180872082710266
2024,2025,Cholera,2,quiet,0.047844529151916504,0.4365657866001129,0.5155896544456482
2024,2025,Lassa Fever,3,outbreak,0.04778598994016647,0.4272937476634979,0.5249202847480774
2024,2025,Measles,4,quiet,0.04634018987417221,0.43478062748908997,0.5188791155815125
2024,2025,Mpox,5,outbreak,0.05252913013100624,0.4345916509628296,0.5128791928291321
2024,2025,Yellow Fever,6,quiet,0.05694941058754921,0.4457871913909912,0.4972633421421051
2024,2025,AFP,0,outbreak,0.05493554100394249,0.42366090416908264,0.5214035511016846
2024,2025,CSM,1,outbreak,0.05337987840175629,0.41294506192207336,0.5336750149726868
2024,2025,Cholera,2,quiet,0.05084443837404251,0.41862571239471436,0.530529797077179
2024,2025,Lassa Fever,3,outbreak,0.051014650613069534,0.407406210899353,0.5415791869163513
2024,2025,Measles,4,quiet,0.04967229440808296,0.4184306561946869,0.5318970680236816
2024,2025,Mpox,5,outbreak,0.054506365209817886,0.4181682765483856,0.5273253321647644
2024,2025,Yellow Fever,6,outbreak,0.05702333152294159,0.42978718876838684,0.513189435005188
2024,2025,AFP,0,quiet,0.08522740751504898,0.4181317687034607,0.4966408610343933
2024,2025,CSM,1,outbreak,0.08324964344501495,0.4137614667415619,0.5029889345169067
2024,2025,Cholera,2,quiet,0.07837609201669693,0.4142909646034241,0.507332980632782
2024,2025,Lassa Fever,3,outbreak,0.07748096436262131,0.41260868310928345,0.5099104046821594
2024,2025,Measles,4,quiet,0.07621733099222183,0.4129214584827423,0.5108612775802612
2024,2025,Mpox,5,outbreak,0.08453691750764847,0.4174562394618988,0.4980068802833557
2024,2025,Yellow Fever,6,quiet,0.08821815252304077,0.42674919962882996,0.4850326180458069
2024,2025,AFP,0,quiet,0.10036814957857132,0.4470202624797821,0.4526115953922272
2024,2025,CSM,1,outbreak,0.09270668029785156,0.43916183710098267,0.46813151240348816
2024,2025,Cholera,2,outbreak,0.08342680335044861,0.4407341480255127,0.4758390784263611
2024,2025,Lassa Fever,3,outbreak,0.08253606408834457,0.43173304200172424,0.4857307970523834
2024,2025,Measles,4,quiet,0.0864647626876831,0.4328038990497589,0.480731338262558
2024,2025,Mpox,5,outbreak,0.09215227514505386,0.4402731955051422,0.46757447719573975
2024,2025,Yellow Fever,6,outbreak,0.10592322051525116,0.44357097148895264,0.450505793094635
2024,2025,AFP,0,outbreak,0.036569468677043915,0.483429491519928,0.48000094294548035
2024,2025,CSM,1,outbreak,0.03422754630446434,0.47213414311408997,0.4936383068561554
2024,2025,Cholera,2,outbreak,0.03211843594908714,0.4724399149417877,0.49544164538383484
2024,2025,Lassa Fever,3,outbreak,0.03179468959569931,0.45800960063934326,0.5101956725120544
2024,2025,Measles,4,quiet,0.030637729912996292,0.47254678606987,0.49681559205055237
2024,2025,Mpox,5,outbreak,0.03475426882505417,0.4749394357204437,0.4903063476085663
2024,2025,Yellow Fever,6,outbreak,0.03985102102160454,0.47578030824661255,0.4843686521053314
2024,2025,AFP,0,outbreak,0.06383012235164642,0.3361852467060089,0.5999845862388611
2024,2025,CSM,1,outbreak,0.060402169823646545,0.32633060216903687,0.6132672429084778
2024,2025,Cholera,2,outbreak,0.05709909275174141,0.31749439239501953,0.6254065036773682
2024,2025,Lassa Fever,3,outbreak,0.05464453995227814,0.30002012848854065,0.64533531665802
2024,2025,Measles,4,quiet,0.05512896925210953,0.31593888998031616,0.6289321780204773
2024,2025,Mpox,5,outbreak,0.06174417957663536,0.3278096914291382,0.6104461550712585
2024,2025,Yellow Fever,6,outbreak,0.06778790056705475,0.34153538942337036,0.5906766653060913
2024,2025,AFP,0,outbreak,0.06725630164146423,0.21654288470745087,0.7162008285522461
2024,2025,CSM,1,outbreak,0.06871290504932404,0.21294169127941132,0.7183454036712646
2024,2025,Cholera,2,quiet,0.06158144026994705,0.20836348831653595,0.7300550937652588
2024,2025,Lassa Fever,3,outbreak,0.0647859051823616,0.20258836448192596,0.7326256632804871
2024,2025,Measles,4,quiet,0.060607388615608215,0.20697975158691406,0.7324128746986389
2024,2025,Mpox,5,outbreak,0.06995965540409088,0.21387530863285065,0.7161651253700256
2024,2025,Yellow Fever,6,quiet,0.07585959881544113,0.21381741762161255,0.7103229761123657
2024,2025,AFP,0,outbreak,0.040908731520175934,0.46112754940986633,0.49796369671821594
2024,2025,CSM,1,outbreak,0.038596417754888535,0.45075082778930664,0.5106527805328369
2024,2025,Cholera,2,outbreak,0.03605113551020622,0.453723669052124,0.5102251768112183
2024,2025,Lassa Fever,3,outbreak,0.0360322967171669,0.4418242275714874,0.5221434831619263
2024,2025,Measles,4,quiet,0.03561953082680702,0.4554196000099182,0.5089608430862427
2024,2025,Mpox,5,outbreak,0.03946128115057945,0.4537217319011688,0.5068169832229614
2024,2025,Yellow Fever,6,quiet,0.04241759330034256,0.46663931012153625,0.4909430742263794
2024,2025,AFP,0,outbreak,0.07716549187898636,0.35779261589050293,0.5650418996810913
2024,2025,CSM,1,outbreak,0.07713998854160309,0.35812613368034363,0.5647338628768921
2024,2025,Cholera,2,outbreak,0.06976199150085449,0.35011014342308044,0.5801278948783875
2024,2025,Lassa Fever,3,quiet,0.07635604590177536,0.3392404615879059,0.5844034552574158
2024,2025,Measles,4,quiet,0.07032924145460129,0.3494916558265686,0.5801790952682495
2024,2025,Mpox,5,outbreak,0.0789840817451477,0.3608875870704651,0.5601282715797424
2024,2025,Yellow Fever,6,quiet,0.08425398170948029,0.36036521196365356,0.5553808212280273
2024,2025,AFP,0,quiet,0.1951826810836792,0.37871140241622925,0.4261058568954468
2024,2025,CSM,1,outbreak,0.19543255865573883,0.3661710023880005,0.4383964240550995
2024,2025,Cholera,2,outbreak,0.18237771093845367,0.3697516620159149,0.44787052273750305
2024,2025,Lassa Fever,3,outbreak,0.1884259432554245,0.3496846854686737,0.4618893563747406
2024,2025,Measles,4,quiet,0.1844450980424881,0.36483582854270935,0.45071905851364136
2024,2025,Mpox,5,outbreak,0.19711539149284363,0.36852020025253296,0.4343644678592682
2024,2025,Yellow Fever,6,quiet,0.20735718309879303,0.36478397250175476,0.427858829498291
2024,2025,AFP,0,quiet,0.24637719988822937,0.34682556986808777,0.4067971408367157
2024,2025,CSM,1,outbreak,0.26001331210136414,0.334992378950119,0.40499424934387207
2024,2025,Cholera,2,outbreak,0.24521595239639282,0.33429017663002014,0.42049387097358704
2024,2025,Lassa Fever,3,outbreak,0.2585454285144806,0.31676918268203735,0.42468541860580444
2024,2025,Measles,4,outbreak,0.2494712769985199,0.32841867208480835,0.42211005091667175
2024,2025,Mpox,5,outbreak,0.2572300434112549,0.33246177434921265,0.41030818223953247
2024,2025,Yellow Fever,6,outbreak,0.2613495886325836,0.32637038826942444,0.41227999329566956
2024,2025,AFP,0,quiet,0.26607489585876465,0.3105727732181549,0.42335233092308044
2024,2025,CSM,1,outbreak,0.26372939348220825,0.304384708404541,0.43188586831092834
2024,2025,Cholera,2,quiet,0.2625933289527893,0.30308353900909424,0.4343230724334717
2024,2025,Lassa Fever,3,outbreak,0.26087114214897156,0.28627264499664307,0.45285627245903015
2024,2025,Measles,4,quiet,0.26451995968818665,0.29538241028785706,0.4400976002216339
2024,2025,Mpox,5,outbreak,0.26368382573127747,0.3048708736896515,0.43144524097442627
2024,2025,Yellow Fever,6,quiet,0.26322850584983826,0.31046661734580994,0.4263049066066742
2024,2025,AFP,0,quiet,0.24887529015541077,0.3449704051017761,0.4061542749404907
2024,2025,CSM,1,quiet,0.24591012299060822,0.34400230646133423,0.410087525844574
2024,2025,Cholera,2,quiet,0.24385106563568115,0.33802786469459534,0.4181210398674011
2024,2025,Lassa Fever,3,outbreak,0.24236972630023956,0.32689228653907776,0.4307379722595215
2024,2025,Measles,4,outbreak,0.24309414625167847,0.33038291335105896,0.42652297019958496
2024,2025,Mpox,5,outbreak,0.24586601555347443,0.3489070236682892,0.4052269458770752
2024,2025,Yellow Fever,6,quiet,0.24621623754501343,0.3505546748638153,0.40322914719581604
2024,2025,AFP,0,quiet,0.24506066739559174,0.4171171486377716,0.3378221392631531
2024,2025,CSM,1,quiet,0.24958951771259308,0.410861998796463,0.3395485281944275
2024,2025,Cholera,2,quiet,0.24819615483283997,0.40902623534202576,0.3427775502204895
2024,2025,Lassa Fever,3,outbreak,0.2550460696220398,0.3995208442211151,0.34543317556381226
2024,2025,Measles,4,outbreak,0.25121280550956726,0.4025312662124634,0.34625598788261414
2024,2025,Mpox,5,outbreak,0.24879895150661469,0.41305437684059143,0.3381466865539551
2024,2025,Yellow Fever,6,outbreak,0.24429777264595032,0.4246738851070404,0.33102837204933167
2024,2025,AFP,0,quiet,0.19105201959609985,0.27928557991981506,0.5296624302864075
2024,2025,CSM,1,quiet,0.19595424830913544,0.2788737714290619,0.5251719951629639
2024,2025,Cholera,2,outbreak,0.19301187992095947,0.2795827090740204,0.5274054408073425
2024,2025,Lassa Fever,3,outbreak,0.19806158542633057,0.2719445526599884,0.5299938321113586
2024,2025,Measles,4,quiet,0.1899651139974594,0.2719322144985199,0.5381026268005371
2024,2025,Mpox,5,outbreak,0.19808000326156616,0.2840222418308258,0.5178977251052856
2024,2025,Yellow Fever,6,quiet,0.19803571701049805,0.2942340672016144,0.50773024559021
2024,2025,AFP,0,outbreak,0.17226308584213257,0.3440881669521332,0.48364874720573425
2024,2025,CSM,1,quiet,0.1720370054244995,0.3443722128868103,0.4835908114910126
2024,2025,Cholera,2,outbreak,0.16140107810497284,0.34707337617874146,0.4915255606174469
2024,2025,Lassa Fever,3,outbreak,0.16096635162830353,0.3329532742500305,0.5060803890228271
2024,2025,Measles,4,quiet,0.1603587120771408,0.3343111574649811,0.5053301453590393
2024,2025,Mpox,5,outbreak,0.17364999651908875,0.3489455580711365,0.47740450501441956
2024,2025,Yellow Fever,6,outbreak,0.18360909819602966,0.3628056049346924,0.45358532667160034
2024,2025,AFP,0,outbreak,0.09402848780155182,0.22447456419467926,0.6814969778060913
2024,2025,CSM,1,quiet,0.10009461641311646,0.22424927353858948,0.6756561398506165
2024,2025,Cholera,2,outbreak,0.09224341064691544,0.21880431473255157,0.6889522075653076
2024,2025,Lassa Fever,3,outbreak,0.09810550510883331,0.20643775165081024,0.6954568028450012
2024,2025,Measles,4,quiet,0.08932825922966003,0.21115487813949585,0.6995168924331665
2024,2025,Mpox,5,outbreak,0.10095911473035812,0.22562983632087708,0.6734110713005066
2024,2025,Yellow Fever,6,outbreak,0.10363981127738953,0.22130176424980164,0.6750584244728088
2024,2025,AFP,0,outbreak,0.1789693683385849,0.2742372453212738,0.5467934608459473
2024,2025,CSM,1,quiet,0.1920187920331955,0.2649482488632202,0.5430329442024231
2024,2025,Cholera,2,outbreak,0.18138256669044495,0.2610841691493988,0.5575332641601562
2024,2025,Lassa Fever,3,outbreak,0.19505201280117035,0.24192336201667786,0.5630245804786682
2024,2025,Measles,4,quiet,0.1782427579164505,0.2593787610530853,0.5623785257339478
2024,2025,Mpox,5,outbreak,0.1930025815963745,0.26498734951019287,0.5420100092887878
2024,2025,Yellow Fever,6,outbreak,0.19646866619586945,0.26086732745170593,0.5426639318466187
2024,2025,AFP,0,quiet,0.17520204186439514,0.31968629360198975,0.5051116347312927
2024,2025,CSM,1,quiet,0.18931004405021667,0.3196992576122284,0.4909907281398773
2024,2025,Cholera,2,outbreak,0.17823581397533417,0.31687015295028687,0.5048940181732178
2024,2025,Lassa Fever,3,outbreak,0.19788819551467896,0.3087691068649292,0.49334269762039185
2024,2025,Measles,4,quiet,0.17791418731212616,0.3124796450138092,0.509606122970581
2024,2025,Mpox,5,outbreak,0.19029246270656586,0.32161927223205566,0.4880882501602173
2024,2025,Yellow Fever,6,quiet,0.1886325180530548,0.3131537139415741,0.4982137382030487
2024,2025,AFP,0,outbreak,0.18643556535243988,0.4651935398578644,0.34837082028388977
2024,2025,CSM,1,quiet,0.186727836728096,0.4663849174976349,0.3468872606754303
2024,2025,Cholera,2,outbreak,0.1788489669561386,0.4677554965019226,0.3533955216407776
2024,2025,Lassa Fever,3,quiet,0.19232113659381866,0.46763744950294495,0.3400413990020752
2024,2025,Measles,4,quiet,0.18487313389778137,0.46330827474594116,0.3518185615539551
2024,2025,Mpox,5,outbreak,0.18613147735595703,0.46932998299598694,0.3445385694503784
2024,2025,Yellow Fever,6,quiet,0.18345585465431213,0.4689921736717224,0.34755194187164307
2024,2025,AFP,0,outbreak,0.21599671244621277,0.36987224221229553,0.4141310453414917
2024,2025,CSM,1,quiet,0.2221626192331314,0.36654332280158997,0.4112941026687622
2024,2025,Cholera,2,outbreak,0.20387449860572815,0.36710894107818604,0.4290165901184082
2024,2025,Lassa Fever,3,quiet,0.22020360827445984,0.34549835324287415,0.43429797887802124
2024,2025,Measles,4,quiet,0.21480892598628998,0.3515641391277313,0.4336269497871399
2024,2025,Mpox,5,outbreak,0.21767354011535645,0.36494311690330505,0.4173833429813385
2024,2025,Yellow Fever,6,quiet,0.21952210366725922,0.35742247104644775,0.4230554401874542
2024,2025,AFP,0,outbreak,0.1605512797832489,0.41416576504707336,0.42528292536735535
2024,2025,CSM,1,quiet,0.1650366336107254,0.41039586067199707,0.4245675504207611
2024,2025,Cholera,2,outbreak,0.1537720412015915,0.41258758306503296,0.43364036083221436
2024,2025,Lassa Fever,3,quiet,0.16886982321739197,0.39699897170066833,0.4341312050819397
2024,2025,Measles,4,quiet,0.15802648663520813,0.40726935863494873,0.43470415472984314
2024,2025,Mpox,5,outbreak,0.1631450355052948,0.41229626536369324,0.4245586395263672
2024,2025,Yellow Fever,6,quiet,0.16287948191165924,0.41189515590667725,0.42522531747817993
2024,2025,AFP,0,outbreak,0.1514710932970047,0.40691179037094116,0.4416171610355377
2024,2025,CSM,1,quiet,0.1590564101934433,0.40560537576675415,0.43533816933631897
2024,2025,Cholera,2,outbreak,0.15760916471481323,0.40273317694664,0.43965762853622437
2024,2025,Lassa Fever,3,quiet,0.16630221903324127,0.4013102054595947,0.4323875308036804
2024,2025,Measles,4,quiet,0.15413424372673035,0.40314051508903503,0.44272518157958984
2024,2025,Mpox,5,outbreak,0.1598803997039795,0.40527695417404175,0.43484261631965637
2024,2025,Yellow Fever,6,quiet,0.16306649148464203,0.4108256995677948,0.426107794046402
2024,2025,AFP,0,quiet,0.1572401374578476,0.47794386744499207,0.36481600999832153
2024,2025,CSM,1,quiet,0.16074788570404053,0.4783356189727783,0.3609164357185364
2024,2025,Cholera,2,outbreak,0.1500021517276764,0.47565025091171265,0.37434765696525574
2024,2025,Lassa Fever,3,outbreak,0.15970836579799652,0.45398059487342834,0.38631099462509155
2024,2025,Measles,4,quiet,0.15591324865818024,0.466156005859375,0.37793076038360596
2024,2025,Mpox,5,outbreak,0.15709273517131805,0.47561413049697876,0.36729317903518677
2024,2025,Yellow Fever,6,quiet,0.15888087451457977,0.47616440057754517,0.36495473980903625
2024,2025,AFP,0,quiet,0.18337136507034302,0.48191773891448975,0.33471089601516724
2024,2025,CSM,1,quiet,0.18730637431144714,0.47660064697265625,0.33609288930892944
2024,2025,Cholera,2,outbreak,0.17359773814678192,0.47612881660461426,0.350273460149765
2024,2025,Lassa Fever,3,outbreak,0.18661873042583466,0.4551515579223633,0.3582296669483185
2024,2025,Measles,4,quiet,0.18243202567100525,0.46500054001808167,0.3525674641132355
2024,2025,Mpox,5,outbreak,0.1838524043560028,0.47383007407188416,0.34231752157211304
2024,2025,Yellow Fever,6,quiet,0.18776442110538483,0.4688829183578491,0.34335264563560486
2024,2025,AFP,0,quiet,0.13503094017505646,0.46440646052360535,0.400562584400177
2024,2025,CSM,1,quiet,0.13847441971302032,0.46338096261024475,0.39814457297325134
2024,2025,Cholera,2,outbreak,0.1270582377910614,0.4646824896335602,0.4082592725753784
2024,2025,Lassa Fever,3,outbreak,0.13266627490520477,0.46013519167900085,0.4071984887123108
2024,2025,Measles,4,quiet,0.12812894582748413,0.46639010310173035,0.40548092126846313
2024,2025,Mpox,5,outbreak,0.13500946760177612,0.4631105065345764,0.4018799960613251
2024,2025,Yellow Fever,6,quiet,0.13843536376953125,0.4586070477962494,0.402957558631897
2024,2025,AFP,0,quiet,0.14882168173789978,0.4653399586677551,0.3858383893966675
2024,2025,CSM,1,quiet,0.14887754619121552,0.4645822048187256,0.3865402042865753
2024,2025,Cholera,2,outbreak,0.14631099998950958,0.46723759174346924,0.3864513337612152
2024,2025,Lassa Fever,3,outbreak,0.1444328874349594,0.4677233099937439,0.3878438472747803
2024,2025,Measles,4,quiet,0.14279036223888397,0.4693455994129181,0.38786402344703674
2024,2025,Mpox,5,outbreak,0.14808931946754456,0.46598511934280396,0.38592562079429626
2024,2025,Yellow Fever,6,quiet,0.15383395552635193,0.4620162844657898,0.3841497600078583
2024,2025,AFP,0,quiet,0.1548449993133545,0.4669858515262604,0.37816911935806274
2024,2025,CSM,1,quiet,0.15480661392211914,0.4661869406700134,0.37900638580322266
2024,2025,Cholera,2,quiet,0.15357321500778198,0.46757084131240845,0.3788559138774872
2024,2025,Lassa Fever,3,outbreak,0.153661847114563,0.46644648909568787,0.37989166378974915
2024,2025,Measles,4,quiet,0.15095651149749756,0.46889734268188477,0.3801461458206177
2024,2025,Mpox,5,outbreak,0.15491490066051483,0.46689000725746155,0.3781951069831848
2024,2025,Yellow Fever,6,quiet,0.15856805443763733,0.4646527171134949,0.3767792880535126
2024,2025,AFP,0,outbreak,0.17458979785442352,0.4682151973247528,0.35719501972198486
2024,2025,CSM,1,quiet,0.1753624528646469,0.4594074785709381,0.3652300536632538
2024,2025,Cholera,2,outbreak,0.1646951586008072,0.46480050683021545,0.37050437927246094
2024,2025,Lassa Fever,3,outbreak,0.17080102860927582,0.44882455468177795,0.3803745210170746
2024,2025,Measles,4,quiet,0.1651451587677002,0.4636758267879486,0.3711789548397064
2024,2025,Mpox,5,outbreak,0.17429539561271667,0.46102282404899597,0.36468178033828735
2024,2025,Yellow Fever,6,quiet,0.17259037494659424,0.4737809896469116,0.35362857580184937
2024,2025,AFP,0,outbreak,0.15541972219944,0.3781985938549042,0.466381698846817
2024,2025,CSM,1,outbreak,0.16164354979991913,0.3621364235877991,0.4762200117111206
2024,2025,Cholera,2,outbreak,0.15297263860702515,0.36282289028167725,0.4842045307159424
2024,2025,Lassa Fever,3,outbreak,0.1654655635356903,0.3352600932121277,0.49927428364753723
2024,2025,Measles,4,quiet,0.151693195104599,0.35886961221694946,0.48943719267845154
2024,2025,Mpox,5,outbreak,0.162689670920372,0.36044731736183167,0.4768630266189575
2024,2025,Yellow Fever,6,outbreak,0.16858065128326416,0.3677460849285126,0.4636732041835785
2024,2025,AFP,0,outbreak,0.12316616624593735,0.5568350553512573,0.31999868154525757
2024,2025,CSM,1,quiet,0.12924988567829132,0.5428139567375183,0.3279361426830292
2024,2025,Cholera,2,outbreak,0.12362722307443619,0.5369946360588074,0.3393782079219818
2024,2025,Lassa Fever,3,outbreak,0.13584004342556,0.5164138078689575,0.34774619340896606
2024,2025,Measles,4,quiet,0.1234414130449295,0.5381808280944824,0.3383777439594269
2024,2025,Mpox,5,outbreak,0.13057848811149597,0.5399404764175415,0.32948100566864014
2024,2025,Yellow Fever,6,outbreak,0.12982314825057983,0.5456418991088867,0.32453489303588867
2024,2025,AFP,0,outbreak,0.07345122843980789,0.4475764036178589,0.47897231578826904
2024,2025,CSM,1,quiet,0.07556292414665222,0.44383102655410767,0.4806060194969177
2024,2025,Cholera,2,outbreak,0.07281683385372162,0.4393448531627655,0.4878382980823517
2024,2025,Lassa Fever,3,outbreak,0.07552804797887802,0.4385940432548523,0.48587802052497864
2024,2025,Measles,4,quiet,0.0712602362036705,0.4408951997756958,0.4878445565700531
2024,2025,Mpox,5,outbreak,0.0762423723936081,0.44623422622680664,0.4775232970714569
2024,2025,Yellow Fever,6,outbreak,0.07880914211273193,0.4404008090496063,0.4807899594306946
2024,2025,AFP,0,outbreak,0.07778935134410858,0.42053723335266113,0.5016734004020691
2024,2025,CSM,1,quiet,0.07856614142656326,0.42329642176628113,0.49813753366470337
2024,2025,Cholera,2,outbreak,0.07653240114450455,0.41531291604042053,0.5081547498703003
2024,2025,Lassa Fever,3,quiet,0.07962092757225037,0.41328421235084534,0.5070948600769043
2024,2025,Measles,4,quiet,0.07503179460763931,0.41612377762794495,0.5088444352149963
2024,2025,Mpox,5,outbreak,0.07924720644950867,0.4260387718677521,0.49471405148506165
2024,2025,Yellow Fever,6,outbreak,0.08141816407442093,0.4227515161037445,0.49583032727241516
2024,2025,AFP,0,outbreak,0.10243197530508041,0.44652777910232544,0.4510402977466583
2024,2025,CSM,1,quiet,0.1033276915550232,0.44769489765167236,0.44897738099098206
2024,2025,Cholera,2,outbreak,0.09936896711587906,0.43839800357818604,0.4622330367565155
2024,2025,Lassa Fever,3,quiet,0.10464823991060257,0.43969830870628357,0.45565348863601685
2024,2025,Measles,4,quiet,0.09844797104597092,0.4433092176914215,0.45824283361434937
2024,2025,Mpox,5,outbreak,0.10402316600084305,0.4514411389827728,0.4445357024669647
2024,2025,Yellow Fever,6,quiet,0.10586924850940704,0.44395411014556885,0.4501765966415405
2024,2025,AFP,0,outbreak,0.08449534326791763,0.4326830208301544,0.48282164335250854
2024,2025,CSM,1,quiet,0.08588118851184845,0.42933356761932373,0.484785258769989
2024,2025,Cholera,2,outbreak,0.08359301835298538,0.42582380771636963,0.4905830919742584
2024,2025,Lassa Fever,3,quiet,0.08387315273284912,0.4275995194911957,0.4885272979736328
2024,2025,Measles,4,quiet,0.08139374107122421,0.4278380274772644,0.49076828360557556
2024,2025,Mpox,5,outbreak,0.08638764172792435,0.4303226172924042,0.4832897484302521
2024,2025,Yellow Fever,6,quiet,0.08807970583438873,0.42312732338905334,0.4887930154800415
2024,2025,AFP,0,outbreak,0.08492056280374527,0.4453356862068176,0.4697436988353729
2024,2025,CSM,1,quiet,0.08635227382183075,0.4426318407058716,0.4710158705711365
2024,2025,Cholera,2,outbreak,0.08413510024547577,0.44065698981285095,0.4752078652381897
2024,2025,Lassa Fever,3,outbreak,0.08436943590641022,0.4414813816547394,0.4741491973400116
2024,2025,Measles,4,quiet,0.0818416178226471,0.44064414501190186,0.4775142967700958
2024,2025,Mpox,5,outbreak,0.08686983585357666,0.4440065026283264,0.46912363171577454
2024,2025,Yellow Fever,6,quiet,0.08857079595327377,0.43593108654022217,0.4754980802536011
2024,2025,AFP,0,outbreak,0.08863221853971481,0.4528781473636627,0.45848968625068665
2024,2025,CSM,1,quiet,0.09012773633003235,0.45013463497161865,0.459737628698349
2024,2025,Cholera,2,outbreak,0.08707065135240555,0.4472751021385193,0.4656542241573334
2024,2025,Lassa Fever,3,outbreak,0.0869085043668747,0.4475886821746826,0.4655027985572815
2024,2025,Measles,4,quiet,0.08426987379789352,0.44751492142677307,0.46821513772010803
2024,2025,Mpox,5,outbreak,0.09065964818000793,0.4514913558959961,0.4578489661216736
2024,2025,Yellow Fever,6,outbreak,0.0924547091126442,0.44337525963783264,0.464169979095459
2024,2025,AFP,0,outbreak,0.07689464092254639,0.4667072892189026,0.456398069858551
2024,2025,CSM,1,quiet,0.07912687957286835,0.46436959505081177,0.4565035402774811
2024,2025,Cholera,2,outbreak,0.0760982483625412,0.46189936995506287,0.4620024561882019
2024,2025,Lassa Fever,3,quiet,0.07900209724903107,0.4638291597366333,0.4571687579154968
2024,2025,Measles,4,quiet,0.07514825463294983,0.4631251394748688,0.461726576089859
2024,2025,Mpox,5,outbreak,0.07954113185405731,0.46575313806533813,0.45470577478408813
2024,2025,Yellow Fever,6,quiet,0.08069472759962082,0.45744699239730835,0.46185827255249023
2024,2025,AFP,0,quiet,0.07521315664052963,0.468452125787735,0.4563347101211548
2024,2025,CSM,1,quiet,0.07740101218223572,0.46613261103630066,0.4564664363861084
2024,2025,Cholera,2,outbreak,0.07443425059318542,0.46362683176994324,0.46193888783454895
2024,2025,Lassa Fever,3,outbreak,0.07727891951799393,0.46558982133865356,0.4571312963962555
2024,2025,Measles,4,quiet,0.07350317388772964,0.4648454189300537,0.46165135502815247
2024,2025,Mpox,5,outbreak,0.0778065174818039,0.4675230085849762,0.4546705186367035
2024,2025,Yellow Fever,6,quiet,0.07893949747085571,0.4592116177082062,0.4618488550186157
2024,2025,AFP,0,quiet,0.08536171168088913,0.49108725786209106,0.4235509932041168
2024,2025,CSM,1,outbreak,0.08790163695812225,0.4885473847389221,0.42355093359947205
2024,2025,Cholera,2,outbreak,0.08574812114238739,0.4860110580921173,0.4282408356666565
2024,2025,Lassa Fever,3,outbreak,0.08857513964176178,0.4877619445323944,0.423662930727005
2024,2025,Measles,4,quiet,0.08436745405197144,0.48741647601127625,0.4282160997390747
2024,2025,Mpox,5,outbreak,0.08902145177125931,0.4896579682826996,0.4213205873966217
2024,2025,Yellow Fever,6,quiet,0.09050249308347702,0.48127976059913635,0.42821773886680603
2024,2025,AFP,0,quiet,0.187521830201149,0.45126157999038696,0.36121663451194763
2024,2025,CSM,1,outbreak,0.18721723556518555,0.45107463002204895,0.3617081046104431
2024,2025,Cholera,2,quiet,0.18481115996837616,0.45216259360313416,0.36302629113197327
2024,2025,Lassa Fever,3,outbreak,0.18812330067157745,0.44645142555236816,0.3654252886772156
2024,2025,Measles,4,quiet,0.18465454876422882,0.4498264789581299,0.3655189871788025
2024,2025,Mpox,5,outbreak,0.18749640882015228,0.4513966739177704,0.36110690236091614
2024,2025,Yellow Fever,6,quiet,0.18470264971256256,0.4630175232887268,0.35227978229522705
2024,2025,AFP,0,quiet,0.1900765299797058,0.4551650881767273,0.3547583520412445
2024,2025,CSM,1,quiet,0.18977059423923492,0.4549831449985504,0.3552462160587311
2024,2025,Cholera,2,quiet,0.18734045326709747,0.4561018943786621,0.35655757784843445
2024,2025,Lassa Fever,3,outbreak,0.19020415842533112,0.45151135325431824,0.35828444361686707
2024,2025,Measles,4,quiet,0.18719424307346344,0.4537758231163025,0.3590299189090729
2024,2025,Mpox,5,outbreak,0.19005025923252106,0.45530009269714355,0.3546496629714966
2024,2025,Yellow Fever,6,quiet,0.18717721104621887,0.4669185280799866,0.3459041714668274
2024,2026,AFP,0,quiet,0.2870188057422638,0.4034166932106018,0.3095644414424896
2024,2026,CSM,1,outbreak,0.11337628215551376,0.29747626185417175,0.5891474485397339
2024,2026,Cholera,2,quiet,0.11608591675758362,0.08229290693998337,0.80162113904953
2024,2026,Lassa Fever,3,quiet,0.06358835101127625,0.35386380553245544,0.5825478434562683
2024,2026,Measles,4,quiet,0.2702886164188385,0.5521832704544067,0.17752806842327118
2024,2026,Mpox,5,quiet,0.007555126212537289,0.04307885468006134,0.94936603307724
2024,2026,Yellow Fever,6,quiet,0.4489264190196991,0.08458017557859421,0.4664934277534485
2024,2026,AFP,0,quiet,0.27380698919296265,0.4155935049057007,0.3105994164943695
2024,2026,CSM,1,outbreak,0.10724880546331406,0.29458850622177124,0.5981627702713013
2024,2026,Cholera,2,outbreak,0.11055594682693481,0.07268992066383362,0.8167541027069092
2024,2026,Lassa Fever,3,outbreak,0.06258829683065414,0.3832443356513977,0.5541673302650452
2024,2026,Measles,4,quiet,0.2562268078327179,0.5661827921867371,0.17759037017822266
2024,2026,Mpox,5,outbreak,0.00717137660831213,0.05169060453772545,0.9411380290985107
2024,2026,Yellow Fever,6,quiet,0.4645734131336212,0.07898236066102982,0.4564442038536072
2024,2026,AFP,0,quiet,0.19930733740329742,0.33813950419425964,0.46255311369895935
2024,2026,CSM,1,outbreak,0.09997624158859253,0.35357198119163513,0.5464518070220947
2024,2026,Cholera,2,outbreak,0.06978130340576172,0.12254659086465836,0.8076721429824829
2024,2026,Lassa Fever,3,outbreak,0.05462924763560295,0.38262802362442017,0.5627427697181702
2024,2026,Measles,4,quiet,0.21146905422210693,0.5125527381896973,0.2759781777858734
2024,2026,Mpox,5,outbreak,0.006490067113190889,0.07330561429262161,0.9202042818069458
2024,2026,Yellow Fever,6,quiet,0.35902366042137146,0.0859740599989891,0.5550022125244141
2024,2026,AFP,0,quiet,0.15853825211524963,0.37006768584251404,0.47139406204223633
2024,2026,CSM,1,outbreak,0.0924077033996582,0.36611491441726685,0.541477382183075
2024,2026,Cholera,2,quiet,0.09163391590118408,0.23725903034210205,0.6711070537567139
2024,2026,Lassa Fever,3,outbreak,0.02609746903181076,0.14100103080272675,0.8329014778137207
2024,2026,Measles,4,quiet,0.1561129093170166,0.43907639384269714,0.40481069684028625
2024,2026,Mpox,5,outbreak,0.00910351425409317,0.07196715474128723,0.9189293384552002
2024,2026,Yellow Fever,6,quiet,0.2909819781780243,0.18555517494678497,0.5234628915786743
2024,2026,AFP,0,quiet,0.2969542145729065,0.39681410789489746,0.30623170733451843
2024,2026,CSM,1,outbreak,0.16918136179447174,0.3516971170902252,0.47912150621414185
2024,2026,Cholera,2,quiet,0.15549445152282715,0.1795717030763626,0.6649338603019714
2024,2026,Lassa Fever,3,outbreak,0.09336325526237488,0.20386844873428345,0.7027683258056641
2024,2026,Measles,4,quiet,0.30479568243026733,0.502244234085083,0.19296008348464966
2024,2026,Mpox,5,outbreak,0.013841341249644756,0.027253320440649986,0.9589052796363831
2024,2026,Yellow Fever,6,quiet,0.3018106520175934,0.19548003375530243,0.5027092695236206
2024,2026,AFP,0,quiet,0.3365707993507385,0.47345492243766785,0.18997429311275482
2024,2026,CSM,1,outbreak,0.30318304896354675,0.33671313524246216,0.3601038157939911
2024,2026,Cholera,2,quiet,0.16533951461315155,0.3367028832435608,0.49795761704444885
2024,2026,Lassa Fever,3,outbreak,0.2714149057865143,0.17895424365997314,0.549630880355835
2024,2026,Measles,4,quiet,0.3109564781188965,0.547630786895752,0.14141280949115753
2024,2026,Mpox,5,outbreak,0.0296225156635046,0.029952136799693108,0.9404253363609314
2024,2026,Yellow Fever,6,quiet,0.17357298731803894,0.5023223757743835,0.3241046369075775
2024,2026,AFP,0,quiet,0.27976274490356445,0.4411660432815552,0.27907121181488037
2024,2026,CSM,1,outbreak,0.19647757709026337,0.4001622200012207,0.4033602178096771
2024,2026,Cholera,2,quiet,0.18697106838226318,0.2055303007364273,0.6074987053871155
2024,2026,Lassa Fever,3,outbreak,0.1284414678812027,0.3479255139827728,0.5236330628395081
2024,2026,Measles,4,outbreak,0.2644386887550354,0.5813630819320679,0.15419819951057434
2024,2026,Mpox,5,outbreak,0.018850432708859444,0.048285629600286484,0.9328638911247253
2024,2026,Yellow Fever,6,quiet,0.29660531878471375,0.22567911446094513,0.4777155816555023
2024,2026,AFP,0,quiet,0.2761790454387665,0.4342883229255676,0.2895326316356659
2024,2026,CSM,1,outbreak,0.19743198156356812,0.3511759340763092,0.4513920247554779
2024,2026,Cholera,2,quiet,0.2023872286081314,0.28589192032814026,0.5117208361625671
2024,2026,Lassa Fever,3,outbreak,0.10167768597602844,0.16518601775169373,0.7331362962722778
2024,2026,Measles,4,quiet,0.2739434242248535,0.5097782015800476,0.21627844870090485
2024,2026,Mpox,5,outbreak,0.022848937660455704,0.040628813207149506,0.9365223050117493
2024,2026,Yellow Fever,6,quiet,0.3664540648460388,0.24314142763614655,0.39040452241897583
2024,2026,AFP,0,quiet,0.3714269995689392,0.39685773849487305,0.23171529173851013
2024,2026,CSM,1,outbreak,0.1952923983335495,0.22813646495342255,0.5765711665153503
2024,2026,Cholera,2,quiet,0.20364364981651306,0.3354909121990204,0.46086543798446655
2024,2026,Lassa Fever,3,outbreak,0.10042203217744827,0.11812838912010193,0.781449556350708
2024,2026,Measles,4,quiet,0.39352643489837646,0.3843575417995453,0.2221159189939499
2024,2026,Mpox,5,quiet,0.021610237658023834,0.0481766015291214,0.9302131533622742
2024,2026,Yellow Fever,6,quiet,0.48174968361854553,0.28542518615722656,0.23282508552074432
